experiment_id,image_id,transformation,transformation_type,parameters,watermark_detected,watermark_confidence,bit_accuracy,recovered_code,code_correct,false_attribution,embed_psnr,embed_ssim,psnr_after_transform,env_deepshield_version,env_git_commit,env_python,env_platform,env_numpy,env_random_seed,env_device,env_face_detector,env_face_aligner,env_face_embedder,env_deepfake_detector,env_watermark_backend,env_watermark_strength,env_recorded_at
watermark_robustness,angela_bassett_0.png,jpeg_q90,jpeg_compression,{'quality': 90},True,1.0,1.0,e5d9a535,True,False,35.9686,0.923166,43.5112,0.1.0,not-a-git-repository,3.12.10,macOS-26.6.2-arm64-arm-64bit,2.5.2,42,cpu,opencv_yunet,landmark,insightface,spectral,dct,0.16,2026-09-02T04:14:05.967125+00:00
watermark_robustness,angela_bassett_0.png,jpeg_q70,jpeg_compression,{'quality': 70},True,0.996094,1.0,e5d9a535,True,False,35.9686,0.923166,37.2549,0.1.0,not-a-git-repository,3.12.10,macOS-26.6.2-arm64-arm-64bit,2.5.2,42,cpu,opencv_yunet,landmark,insightface,spectral,dct,0.16,2026-09-02T04:14:05.967125+00:00
watermark_robustness,angela_bassett_0.png,jpeg_q50,jpeg_compression,{'quality': 50},False,0.570312,0.453125,,False,False,35.9686,0.923166,33.9911,0.1.0,not-a-git-repository,3.12.10,macOS-26.6.2-arm64-arm-64bit,2.5.2,42,cpu,opencv_yunet,landmark,insightface,spectral,dct,0.16,2026-09-02T04:14:05.967125+00:00
watermark_robustness,angela_bassett_0.png,resize_75,resize,{'scale': 0.75},True,0.998047,1.0,e5d9a535,True,False,35.9686,0.923166,36.5095,0.1.0,not-a-git-repository,3.12.10,macOS-26.6.2-arm64-arm-64bit,2.5.2,42,cpu,opencv_yunet,landmark,insightface,spectral,dct,0.16,2026-09-02T04:14:05.967125+00:00
watermark_robustness,angela_bassett_0.png,resize_50,resize,{'scale': 0.5},True,0.187174,0.953125,e5d9a535,True,False,35.9686,0.923166,32.043,0.1.0,not-a-git-repository,3.12.10,macOS-26.6.2-arm64-arm-64bit,2.5.2,42,cpu,opencv_yunet,landmark,insightface,spectral,dct,0.16,2026-09-02T04:14:05.967125+00:00
watermark_robustness,angela_bassett_0.png,resize_25,resize,{'scale': 0.25},False,0.601562,0.53125,,False,False,35.9686,0.923166,27.4503,0.1.0,not-a-git-repository,3.12.10,macOS-26.6.2-arm64-arm-64bit,2.5.2,42,cpu,opencv_yunet,landmark,insightface,spectral,dct,0.16,2026-09-02T04:14:05.967125+00:00
watermark_robustness,angela_bassett_0.png,crop_10,crop,{'ratio': 0.1},True,1.0,0.46875,e5d9a535,True,False,35.9686,0.923166,10.7965,0.1.0,not-a-git-repository,3.12.10,macOS-26.6.2-arm64-arm-64bit,2.5.2,42,cpu,opencv_yunet,landmark,insightface,spectral,dct,0.16,2026-09-02T04:14:05.967125+00:00
watermark_robustness,angela_bassett_0.png,crop_30,crop,{'ratio': 0.3},False,0.554688,0.359375,,False,False,35.9686,0.923166,8.7783,0.1.0,not-a-git-repository,3.12.10,macOS-26.6.2-arm64-arm-64bit,2.5.2,42,cpu,opencv_yunet,landmark,insightface,spectral,dct,0.16,2026-09-02T04:14:05.967125+00:00
watermark_robustness,angela_bassett_0.png,rotate_5,rotation,{'degrees': 5},False,0.546875,0.515625,,False,False,35.9686,0.923166,13.9926,0.1.0,not-a-git-repository,3.12.10,macOS-26.6.2-arm64-arm-64bit,2.5.2,42,cpu,opencv_yunet,landmark,insightface,spectral,dct,0.16,2026-09-02T04:14:05.967125+00:00
watermark_robustness,angela_bassett_0.png,blur_1,blur,{'sigma': 1.0},True,1.0,1.0,e5d9a535,True,False,35.9686,0.923166,31.4616,0.1.0,not-a-git-repository,3.12.10,macOS-26.6.2-arm64-arm-64bit,2.5.2,42,cpu,opencv_yunet,landmark,insightface,spectral,dct,0.16,2026-09-02T04:14:05.967125+00:00
watermark_robustness,angela_bassett_0.png,noise_5,noise,{'sigma': 5.0},True,1.0,1.0,e5d9a535,True,False,35.9686,0.923166,34.2188,0.1.0,not-a-git-repository,3.12.10,macOS-26.6.2-arm64-arm-64bit,2.5.2,42,cpu,opencv_yunet,landmark,insightface,spectral,dct,0.16,2026-09-02T04:14:05.967125+00:00
watermark_robustness,angela_bassett_0.png,brightness_up,brightness,{'factor': 1.2},True,0.996094,1.0,e5d9a535,True,False,35.9686,0.923166,19.9381,0.1.0,not-a-git-repository,3.12.10,macOS-26.6.2-arm64-arm-64bit,2.5.2,42,cpu,opencv_yunet,landmark,insightface,spectral,dct,0.16,2026-09-02T04:14:05.967125+00:00
watermark_robustness,angela_bassett_0.png,contrast_down,contrast,{'factor': 0.8},True,1.0,1.0,e5d9a535,True,False,35.9686,0.923166,25.0788,0.1.0,not-a-git-repository,3.12.10,macOS-26.6.2-arm64-arm-64bit,2.5.2,42,cpu,opencv_yunet,landmark,insightface,spectral,dct,0.16,2026-09-02T04:14:05.967125+00:00
watermark_robustness,angela_bassett_0.png,webp_q80,webp,{'quality': 80},True,0.998047,1.0,e5d9a535,True,False,35.9686,0.923166,37.1818,0.1.0,not-a-git-repository,3.12.10,macOS-26.6.2-arm64-arm-64bit,2.5.2,42,cpu,opencv_yunet,landmark,insightface,spectral,dct,0.16,2026-09-02T04:14:05.967125+00:00
watermark_robustness,angela_bassett_0.png,screenshot,screenshot_simulation,"{'scale': 0.9, 'quality': 85}",True,0.998047,1.0,e5d9a535,True,False,35.9686,0.923166,37.489,0.1.0,not-a-git-repository,3.12.10,macOS-26.6.2-arm64-arm-64bit,2.5.2,42,cpu,opencv_yunet,landmark,insightface,spectral,dct,0.16,2026-09-02T04:14:05.967125+00:00
watermark_robustness,angela_bassett_1.png,jpeg_q90,jpeg_compression,{'quality': 90},True,1.0,1.0,481157ba,True,False,35.8915,0.900467,42.4603,0.1.0,not-a-git-repository,3.12.10,macOS-26.6.2-arm64-arm-64bit,2.5.2,42,cpu,opencv_yunet,landmark,insightface,spectral,dct,0.16,2026-09-02T04:14:05.967125+00:00
watermark_robustness,angela_bassett_1.png,jpeg_q70,jpeg_compression,{'quality': 70},True,0.994141,1.0,481157ba,True,False,35.8915,0.900467,36.7224,0.1.0,not-a-git-repository,3.12.10,macOS-26.6.2-arm64-arm-64bit,2.5.2,42,cpu,opencv_yunet,landmark,insightface,spectral,dct,0.16,2026-09-02T04:14:05.967125+00:00
watermark_robustness,angela_bassett_1.png,jpeg_q50,jpeg_compression,{'quality': 50},False,0.546875,0.640625,,False,False,35.8915,0.900467,33.664,0.1.0,not-a-git-repository,3.12.10,macOS-26.6.2-arm64-arm-64bit,2.5.2,42,cpu,opencv_yunet,landmark,insightface,spectral,dct,0.16,2026-09-02T04:14:05.967125+00:00
watermark_robustness,angela_bassett_1.png,resize_75,resize,{'scale': 0.75},True,1.0,1.0,481157ba,True,False,35.8915,0.900467,37.7032,0.1.0,not-a-git-repository,3.12.10,macOS-26.6.2-arm64-arm-64bit,2.5.2,42,cpu,opencv_yunet,landmark,insightface,spectral,dct,0.16,2026-09-02T04:14:05.967125+00:00
watermark_robustness,angela_bassett_1.png,resize_50,resize,{'scale': 0.5},True,0.246745,0.96875,481157ba,True,False,35.8915,0.900467,32.8369,0.1.0,not-a-git-repository,3.12.10,macOS-26.6.2-arm64-arm-64bit,2.5.2,42,cpu,opencv_yunet,landmark,insightface,spectral,dct,0.16,2026-09-02T04:14:05.967125+00:00
watermark_robustness,angela_bassett_1.png,resize_25,resize,{'scale': 0.25},False,0.570312,0.515625,,False,False,35.8915,0.900467,28.3788,0.1.0,not-a-git-repository,3.12.10,macOS-26.6.2-arm64-arm-64bit,2.5.2,42,cpu,opencv_yunet,landmark,insightface,spectral,dct,0.16,2026-09-02T04:14:05.967125+00:00
watermark_robustness,angela_bassett_1.png,crop_10,crop,{'ratio': 0.1},True,1.0,0.515625,481157ba,True,False,35.8915,0.900467,13.5917,0.1.0,not-a-git-repository,3.12.10,macOS-26.6.2-arm64-arm-64bit,2.5.2,42,cpu,opencv_yunet,landmark,insightface,spectral,dct,0.16,2026-09-02T04:14:05.967125+00:00
watermark_robustness,angela_bassett_1.png,crop_30,crop,{'ratio': 0.3},False,0.601562,0.5,,False,False,35.8915,0.900467,11.8835,0.1.0,not-a-git-repository,3.12.10,macOS-26.6.2-arm64-arm-64bit,2.5.2,42,cpu,opencv_yunet,landmark,insightface,spectral,dct,0.16,2026-09-02T04:14:05.967125+00:00
watermark_robustness,angela_bassett_1.png,rotate_5,rotation,{'degrees': 5},False,0.523438,0.515625,,False,False,35.8915,0.900467,16.3817,0.1.0,not-a-git-repository,3.12.10,macOS-26.6.2-arm64-arm-64bit,2.5.2,42,cpu,opencv_yunet,landmark,insightface,spectral,dct,0.16,2026-09-02T04:14:05.967125+00:00
watermark_robustness,angela_bassett_1.png,blur_1,blur,{'sigma': 1.0},True,1.0,1.0,481157ba,True,False,35.8915,0.900467,32.3929,0.1.0,not-a-git-repository,3.12.10,macOS-26.6.2-arm64-arm-64bit,2.5.2,42,cpu,opencv_yunet,landmark,insightface,spectral,dct,0.16,2026-09-02T04:14:05.967125+00:00
watermark_robustness,angela_bassett_1.png,noise_5,noise,{'sigma': 5.0},True,1.0,1.0,481157ba,True,False,35.8915,0.900467,34.1677,0.1.0,not-a-git-repository,3.12.10,macOS-26.6.2-arm64-arm-64bit,2.5.2,42,cpu,opencv_yunet,landmark,insightface,spectral,dct,0.16,2026-09-02T04:14:05.967125+00:00
watermark_robustness,angela_bassett_1.png,brightness_up,brightness,{'factor': 1.2},True,1.0,1.0,481157ba,True,False,35.8915,0.900467,22.0938,0.1.0,not-a-git-repository,3.12.10,macOS-26.6.2-arm64-arm-64bit,2.5.2,42,cpu,opencv_yunet,landmark,insightface,spectral,dct,0.16,2026-09-02T04:14:05.967125+00:00
watermark_robustness,angela_bassett_1.png,contrast_down,contrast,{'factor': 0.8},True,1.0,1.0,481157ba,True,False,35.8915,0.900467,25.7656,0.1.0,not-a-git-repository,3.12.10,macOS-26.6.2-arm64-arm-64bit,2.5.2,42,cpu,opencv_yunet,landmark,insightface,spectral,dct,0.16,2026-09-02T04:14:05.967125+00:00
watermark_robustness,angela_bassett_1.png,webp_q80,webp,{'quality': 80},True,1.0,1.0,481157ba,True,False,35.8915,0.900467,36.7396,0.1.0,not-a-git-repository,3.12.10,macOS-26.6.2-arm64-arm-64bit,2.5.2,42,cpu,opencv_yunet,landmark,insightface,spectral,dct,0.16,2026-09-02T04:14:05.967125+00:00
watermark_robustness,angela_bassett_1.png,screenshot,screenshot_simulation,"{'scale': 0.9, 'quality': 85}",True,1.0,1.0,481157ba,True,False,35.8915,0.900467,38.2269,0.1.0,not-a-git-repository,3.12.10,macOS-26.6.2-arm64-arm-64bit,2.5.2,42,cpu,opencv_yunet,landmark,insightface,spectral,dct,0.16,2026-09-02T04:14:05.967125+00:00
watermark_robustness,angela_bassett_2.png,jpeg_q90,jpeg_compression,{'quality': 90},True,1.0,1.0,4a893712,True,False,36.6988,0.916142,41.5368,0.1.0,not-a-git-repository,3.12.10,macOS-26.6.2-arm64-arm-64bit,2.5.2,42,cpu,opencv_yunet,landmark,insightface,spectral,dct,0.16,2026-09-02T04:14:05.967125+00:00
watermark_robustness,angela_bassett_2.png,jpeg_q70,jpeg_compression,{'quality': 70},True,0.901693,1.0,4a893712,True,False,36.6988,0.916142,36.1917,0.1.0,not-a-git-repository,3.12.10,macOS-26.6.2-arm64-arm-64bit,2.5.2,42,cpu,opencv_yunet,landmark,insightface,spectral,dct,0.16,2026-09-02T04:14:05.967125+00:00
watermark_robustness,angela_bassett_2.png,jpeg_q50,jpeg_compression,{'quality': 50},False,0.53125,0.6875,,False,False,36.6988,0.916142,33.6522,0.1.0,not-a-git-repository,3.12.10,macOS-26.6.2-arm64-arm-64bit,2.5.2,42,cpu,opencv_yunet,landmark,insightface,spectral,dct,0.16,2026-09-02T04:14:05.967125+00:00
watermark_robustness,angela_bassett_2.png,resize_75,resize,{'scale': 0.75},True,0.996094,1.0,4a893712,True,False,36.6988,0.916142,37.1509,0.1.0,not-a-git-repository,3.12.10,macOS-26.6.2-arm64-arm-64bit,2.5.2,42,cpu,opencv_yunet,landmark,insightface,spectral,dct,0.16,2026-09-02T04:14:05.967125+00:00
watermark_robustness,angela_bassett_2.png,resize_50,resize,{'scale': 0.5},True,0.729818,1.0,4a893712,True,False,36.6988,0.916142,32.7074,0.1.0,not-a-git-repository,3.12.10,macOS-26.6.2-arm64-arm-64bit,2.5.2,42,cpu,opencv_yunet,landmark,insightface,spectral,dct,0.16,2026-09-02T04:14:05.967125+00:00
watermark_robustness,angela_bassett_2.png,resize_25,resize,{'scale': 0.25},False,0.53125,0.484375,,False,False,36.6988,0.916142,28.3183,0.1.0,not-a-git-repository,3.12.10,macOS-26.6.2-arm64-arm-64bit,2.5.2,42,cpu,opencv_yunet,landmark,insightface,spectral,dct,0.16,2026-09-02T04:14:05.967125+00:00
watermark_robustness,angela_bassett_2.png,crop_10,crop,{'ratio': 0.1},True,1.0,0.515625,4a893712,True,False,36.6988,0.916142,12.9695,0.1.0,not-a-git-repository,3.12.10,macOS-26.6.2-arm64-arm-64bit,2.5.2,42,cpu,opencv_yunet,landmark,insightface,spectral,dct,0.16,2026-09-02T04:14:05.967125+00:00
watermark_robustness,angela_bassett_2.png,crop_30,crop,{'ratio': 0.3},False,0.46875,0.515625,,False,False,36.6988,0.916142,10.0859,0.1.0,not-a-git-repository,3.12.10,macOS-26.6.2-arm64-arm-64bit,2.5.2,42,cpu,opencv_yunet,landmark,insightface,spectral,dct,0.16,2026-09-02T04:14:05.967125+00:00
watermark_robustness,angela_bassett_2.png,rotate_5,rotation,{'degrees': 5},False,0.539062,0.484375,,False,False,36.6988,0.916142,15.8801,0.1.0,not-a-git-repository,3.12.10,macOS-26.6.2-arm64-arm-64bit,2.5.2,42,cpu,opencv_yunet,landmark,insightface,spectral,dct,0.16,2026-09-02T04:14:05.967125+00:00
watermark_robustness,angela_bassett_2.png,blur_1,blur,{'sigma': 1.0},True,1.0,1.0,4a893712,True,False,36.6988,0.916142,32.0665,0.1.0,not-a-git-repository,3.12.10,macOS-26.6.2-arm64-arm-64bit,2.5.2,42,cpu,opencv_yunet,landmark,insightface,spectral,dct,0.16,2026-09-02T04:14:05.967125+00:00
watermark_robustness,angela_bassett_2.png,noise_5,noise,{'sigma': 5.0},True,1.0,1.0,4a893712,True,False,36.6988,0.916142,34.7288,0.1.0,not-a-git-repository,3.12.10,macOS-26.6.2-arm64-arm-64bit,2.5.2,42,cpu,opencv_yunet,landmark,insightface,spectral,dct,0.16,2026-09-02T04:14:05.967125+00:00
watermark_robustness,angela_bassett_2.png,brightness_up,brightness,{'factor': 1.2},True,0.996094,1.0,4a893712,True,False,36.6988,0.916142,25.5844,0.1.0,not-a-git-repository,3.12.10,macOS-26.6.2-arm64-arm-64bit,2.5.2,42,cpu,opencv_yunet,landmark,insightface,spectral,dct,0.16,2026-09-02T04:14:05.967125+00:00
watermark_robustness,angela_bassett_2.png,contrast_down,contrast,{'factor': 0.8},True,1.0,1.0,4a893712,True,False,36.6988,0.916142,26.9772,0.1.0,not-a-git-repository,3.12.10,macOS-26.6.2-arm64-arm-64bit,2.5.2,42,cpu,opencv_yunet,landmark,insightface,spectral,dct,0.16,2026-09-02T04:14:05.967125+00:00
watermark_robustness,angela_bassett_2.png,webp_q80,webp,{'quality': 80},True,0.94401,1.0,4a893712,True,False,36.6988,0.916142,36.6026,0.1.0,not-a-git-repository,3.12.10,macOS-26.6.2-arm64-arm-64bit,2.5.2,42,cpu,opencv_yunet,landmark,insightface,spectral,dct,0.16,2026-09-02T04:14:05.967125+00:00
watermark_robustness,angela_bassett_2.png,screenshot,screenshot_simulation,"{'scale': 0.9, 'quality': 85}",True,0.94401,1.0,4a893712,True,False,36.6988,0.916142,37.307,0.1.0,not-a-git-repository,3.12.10,macOS-26.6.2-arm64-arm-64bit,2.5.2,42,cpu,opencv_yunet,landmark,insightface,spectral,dct,0.16,2026-09-02T04:14:05.967125+00:00
watermark_robustness,angela_bassett_3.png,jpeg_q90,jpeg_compression,{'quality': 90},True,1.0,1.0,5152581f,True,False,36.5102,0.902379,43.4269,0.1.0,not-a-git-repository,3.12.10,macOS-26.6.2-arm64-arm-64bit,2.5.2,42,cpu,opencv_yunet,landmark,insightface,spectral,dct,0.16,2026-09-02T04:14:05.967125+00:00
watermark_robustness,angela_bassett_3.png,jpeg_q70,jpeg_compression,{'quality': 70},True,0.919271,1.0,5152581f,True,False,36.5102,0.902379,37.5543,0.1.0,not-a-git-repository,3.12.10,macOS-26.6.2-arm64-arm-64bit,2.5.2,42,cpu,opencv_yunet,landmark,insightface,spectral,dct,0.16,2026-09-02T04:14:05.967125+00:00
watermark_robustness,angela_bassett_3.png,jpeg_q50,jpeg_compression,{'quality': 50},False,0.492188,0.390625,,False,False,36.5102,0.902379,34.651,0.1.0,not-a-git-repository,3.12.10,macOS-26.6.2-arm64-arm-64bit,2.5.2,42,cpu,opencv_yunet,landmark,insightface,spectral,dct,0.16,2026-09-02T04:14:05.967125+00:00
watermark_robustness,angela_bassett_3.png,resize_75,resize,{'scale': 0.75},True,1.0,1.0,5152581f,True,False,36.5102,0.902379,43.054,0.1.0,not-a-git-repository,3.12.10,macOS-26.6.2-arm64-arm-64bit,2.5.2,42,cpu,opencv_yunet,landmark,insightface,spectral,dct,0.16,2026-09-02T04:14:05.967125+00:00
watermark_robustness,angela_bassett_3.png,resize_50,resize,{'scale': 0.5},True,0.414062,0.984375,5152581f,True,False,36.5102,0.902379,36.8542,0.1.0,not-a-git-repository,3.12.10,macOS-26.6.2-arm64-arm-64bit,2.5.2,42,cpu,opencv_yunet,landmark,insightface,spectral,dct,0.16,2026-09-02T04:14:05.967125+00:00
watermark_robustness,angela_bassett_3.png,resize_25,resize,{'scale': 0.25},False,0.578125,0.46875,,False,False,36.5102,0.902379,32.1273,0.1.0,not-a-git-repository,3.12.10,macOS-26.6.2-arm64-arm-64bit,2.5.2,42,cpu,opencv_yunet,landmark,insightface,spectral,dct,0.16,2026-09-02T04:14:05.967125+00:00
watermark_robustness,angela_bassett_3.png,crop_10,crop,{'ratio': 0.1},True,1.0,0.4375,5152581f,True,False,36.5102,0.902379,13.1374,0.1.0,not-a-git-repository,3.12.10,macOS-26.6.2-arm64-arm-64bit,2.5.2,42,cpu,opencv_yunet,landmark,insightface,spectral,dct,0.16,2026-09-02T04:14:05.967125+00:00
watermark_robustness,angela_bassett_3.png,crop_30,crop,{'ratio': 0.3},False,0.539062,0.484375,,False,False,36.5102,0.902379,11.6876,0.1.0,not-a-git-repository,3.12.10,macOS-26.6.2-arm64-arm-64bit,2.5.2,42,cpu,opencv_yunet,landmark,insightface,spectral,dct,0.16,2026-09-02T04:14:05.967125+00:00
watermark_robustness,angela_bassett_3.png,rotate_5,rotation,{'degrees': 5},False,0.601562,0.578125,,False,False,36.5102,0.902379,17.6209,0.1.0,not-a-git-repository,3.12.10,macOS-26.6.2-arm64-arm-64bit,2.5.2,42,cpu,opencv_yunet,landmark,insightface,spectral,dct,0.16,2026-09-02T04:14:05.967125+00:00
watermark_robustness,angela_bassett_3.png,blur_1,blur,{'sigma': 1.0},True,0.998047,1.0,5152581f,True,False,36.5102,0.902379,35.9834,0.1.0,not-a-git-repository,3.12.10,macOS-26.6.2-arm64-arm-64bit,2.5.2,42,cpu,opencv_yunet,landmark,insightface,spectral,dct,0.16,2026-09-02T04:14:05.967125+00:00
watermark_robustness,angela_bassett_3.png,noise_5,noise,{'sigma': 5.0},True,1.0,1.0,5152581f,True,False,36.5102,0.902379,34.5855,0.1.0,not-a-git-repository,3.12.10,macOS-26.6.2-arm64-arm-64bit,2.5.2,42,cpu,opencv_yunet,landmark,insightface,spectral,dct,0.16,2026-09-02T04:14:05.967125+00:00
watermark_robustness,angela_bassett_3.png,brightness_up,brightness,{'factor': 1.2},True,1.0,1.0,5152581f,True,False,36.5102,0.902379,24.0673,0.1.0,not-a-git-repository,3.12.10,macOS-26.6.2-arm64-arm-64bit,2.5.2,42,cpu,opencv_yunet,landmark,insightface,spectral,dct,0.16,2026-09-02T04:14:05.967125+00:00
watermark_robustness,angela_bassett_3.png,contrast_down,contrast,{'factor': 0.8},True,1.0,1.0,5152581f,True,False,36.5102,0.902379,26.4552,0.1.0,not-a-git-repository,3.12.10,macOS-26.6.2-arm64-arm-64bit,2.5.2,42,cpu,opencv_yunet,landmark,insightface,spectral,dct,0.16,2026-09-02T04:14:05.967125+00:00
watermark_robustness,angela_bassett_3.png,webp_q80,webp,{'quality': 80},True,0.945964,1.0,5152581f,True,False,36.5102,0.902379,37.1328,0.1.0,not-a-git-repository,3.12.10,macOS-26.6.2-arm64-arm-64bit,2.5.2,42,cpu,opencv_yunet,landmark,insightface,spectral,dct,0.16,2026-09-02T04:14:05.967125+00:00
watermark_robustness,angela_bassett_3.png,screenshot,screenshot_simulation,"{'scale': 0.9, 'quality': 85}",True,0.942708,1.0,5152581f,True,False,36.5102,0.902379,41.4303,0.1.0,not-a-git-repository,3.12.10,macOS-26.6.2-arm64-arm-64bit,2.5.2,42,cpu,opencv_yunet,landmark,insightface,spectral,dct,0.16,2026-09-02T04:14:05.967125+00:00
watermark_robustness,angela_bassett_4.png,jpeg_q90,jpeg_compression,{'quality': 90},True,1.0,1.0,728f3508,True,False,36.4638,0.92621,42.7688,0.1.0,not-a-git-repository,3.12.10,macOS-26.6.2-arm64-arm-64bit,2.5.2,42,cpu,opencv_yunet,landmark,insightface,spectral,dct,0.16,2026-09-02T04:14:05.967125+00:00
watermark_robustness,angela_bassett_4.png,jpeg_q70,jpeg_compression,{'quality': 70},True,0.905599,1.0,728f3508,True,False,36.4638,0.92621,37.2424,0.1.0,not-a-git-repository,3.12.10,macOS-26.6.2-arm64-arm-64bit,2.5.2,42,cpu,opencv_yunet,landmark,insightface,spectral,dct,0.16,2026-09-02T04:14:05.967125+00:00
watermark_robustness,angela_bassett_4.png,jpeg_q50,jpeg_compression,{'quality': 50},False,0.539062,0.59375,,False,False,36.4638,0.92621,34.2432,0.1.0,not-a-git-repository,3.12.10,macOS-26.6.2-arm64-arm-64bit,2.5.2,42,cpu,opencv_yunet,landmark,insightface,spectral,dct,0.16,2026-09-02T04:14:05.967125+00:00
watermark_robustness,angela_bassett_4.png,resize_75,resize,{'scale': 0.75},True,1.0,1.0,728f3508,True,False,36.4638,0.92621,40.1393,0.1.0,not-a-git-repository,3.12.10,macOS-26.6.2-arm64-arm-64bit,2.5.2,42,cpu,opencv_yunet,landmark,insightface,spectral,dct,0.16,2026-09-02T04:14:05.967125+00:00
watermark_robustness,angela_bassett_4.png,resize_50,resize,{'scale': 0.5},False,0.799696,0.9375,,False,False,36.4638,0.92621,34.5986,0.1.0,not-a-git-repository,3.12.10,macOS-26.6.2-arm64-arm-64bit,2.5.2,42,cpu,opencv_yunet,landmark,insightface,spectral,dct,0.16,2026-09-02T04:14:05.967125+00:00
watermark_robustness,angela_bassett_4.png,resize_25,resize,{'scale': 0.25},False,0.523438,0.484375,,False,False,36.4638,0.92621,30.158,0.1.0,not-a-git-repository,3.12.10,macOS-26.6.2-arm64-arm-64bit,2.5.2,42,cpu,opencv_yunet,landmark,insightface,spectral,dct,0.16,2026-09-02T04:14:05.967125+00:00
watermark_robustness,angela_bassett_4.png,crop_10,crop,{'ratio': 0.1},True,1.0,0.5,728f3508,True,False,36.4638,0.92621,13.4129,0.1.0,not-a-git-repository,3.12.10,macOS-26.6.2-arm64-arm-64bit,2.5.2,42,cpu,opencv_yunet,landmark,insightface,spectral,dct,0.16,2026-09-02T04:14:05.967125+00:00
watermark_robustness,angela_bassett_4.png,crop_30,crop,{'ratio': 0.3},False,0.546875,0.453125,,False,False,36.4638,0.92621,8.9241,0.1.0,not-a-git-repository,3.12.10,macOS-26.6.2-arm64-arm-64bit,2.5.2,42,cpu,opencv_yunet,landmark,insightface,spectral,dct,0.16,2026-09-02T04:14:05.967125+00:00
watermark_robustness,angela_bassett_4.png,rotate_5,rotation,{'degrees': 5},False,0.523438,0.484375,,False,False,36.4638,0.92621,17.7333,0.1.0,not-a-git-repository,3.12.10,macOS-26.6.2-arm64-arm-64bit,2.5.2,42,cpu,opencv_yunet,landmark,insightface,spectral,dct,0.16,2026-09-02T04:14:05.967125+00:00
watermark_robustness,angela_bassett_4.png,blur_1,blur,{'sigma': 1.0},True,0.998047,1.0,728f3508,True,False,36.4638,0.92621,33.9317,0.1.0,not-a-git-repository,3.12.10,macOS-26.6.2-arm64-arm-64bit,2.5.2,42,cpu,opencv_yunet,landmark,insightface,spectral,dct,0.16,2026-09-02T04:14:05.967125+00:00
watermark_robustness,angela_bassett_4.png,noise_5,noise,{'sigma': 5.0},True,1.0,1.0,728f3508,True,False,36.4638,0.92621,34.5951,0.1.0,not-a-git-repository,3.12.10,macOS-26.6.2-arm64-arm-64bit,2.5.2,42,cpu,opencv_yunet,landmark,insightface,spectral,dct,0.16,2026-09-02T04:14:05.967125+00:00
watermark_robustness,angela_bassett_4.png,brightness_up,brightness,{'factor': 1.2},True,1.0,1.0,728f3508,True,False,36.4638,0.92621,24.526,0.1.0,not-a-git-repository,3.12.10,macOS-26.6.2-arm64-arm-64bit,2.5.2,42,cpu,opencv_yunet,landmark,insightface,spectral,dct,0.16,2026-09-02T04:14:05.967125+00:00
watermark_robustness,angela_bassett_4.png,contrast_down,contrast,{'factor': 0.8},True,1.0,1.0,728f3508,True,False,36.4638,0.92621,27.2062,0.1.0,not-a-git-repository,3.12.10,macOS-26.6.2-arm64-arm-64bit,2.5.2,42,cpu,opencv_yunet,landmark,insightface,spectral,dct,0.16,2026-09-02T04:14:05.967125+00:00
watermark_robustness,angela_bassett_4.png,webp_q80,webp,{'quality': 80},True,0.970703,1.0,728f3508,True,False,36.4638,0.92621,36.8103,0.1.0,not-a-git-repository,3.12.10,macOS-26.6.2-arm64-arm-64bit,2.5.2,42,cpu,opencv_yunet,landmark,insightface,spectral,dct,0.16,2026-09-02T04:14:05.967125+00:00
watermark_robustness,angela_bassett_4.png,screenshot,screenshot_simulation,"{'scale': 0.9, 'quality': 85}",True,0.983724,1.0,728f3508,True,False,36.4638,0.92621,39.1332,0.1.0,not-a-git-repository,3.12.10,macOS-26.6.2-arm64-arm-64bit,2.5.2,42,cpu,opencv_yunet,landmark,insightface,spectral,dct,0.16,2026-09-02T04:14:05.967125+00:00
watermark_robustness,ben_howland_0.png,jpeg_q90,jpeg_compression,{'quality': 90},True,1.0,1.0,837f3a16,True,False,35.8673,0.919683,42.1479,0.1.0,not-a-git-repository,3.12.10,macOS-26.6.2-arm64-arm-64bit,2.5.2,42,cpu,opencv_yunet,landmark,insightface,spectral,dct,0.16,2026-09-02T04:14:05.967125+00:00
watermark_robustness,ben_howland_0.png,jpeg_q70,jpeg_compression,{'quality': 70},True,0.998047,1.0,837f3a16,True,False,35.8673,0.919683,36.5234,0.1.0,not-a-git-repository,3.12.10,macOS-26.6.2-arm64-arm-64bit,2.5.2,42,cpu,opencv_yunet,landmark,insightface,spectral,dct,0.16,2026-09-02T04:14:05.967125+00:00
watermark_robustness,ben_howland_0.png,jpeg_q50,jpeg_compression,{'quality': 50},False,0.570312,0.609375,,False,False,35.8673,0.919683,33.5741,0.1.0,not-a-git-repository,3.12.10,macOS-26.6.2-arm64-arm-64bit,2.5.2,42,cpu,opencv_yunet,landmark,insightface,spectral,dct,0.16,2026-09-02T04:14:05.967125+00:00
watermark_robustness,ben_howland_0.png,resize_75,resize,{'scale': 0.75},True,1.0,1.0,837f3a16,True,False,35.8673,0.919683,40.1315,0.1.0,not-a-git-repository,3.12.10,macOS-26.6.2-arm64-arm-64bit,2.5.2,42,cpu,opencv_yunet,landmark,insightface,spectral,dct,0.16,2026-09-02T04:14:05.967125+00:00
watermark_robustness,ben_howland_0.png,resize_50,resize,{'scale': 0.5},False,0.722222,0.9375,,False,False,35.8673,0.919683,34.0107,0.1.0,not-a-git-repository,3.12.10,macOS-26.6.2-arm64-arm-64bit,2.5.2,42,cpu,opencv_yunet,landmark,insightface,spectral,dct,0.16,2026-09-02T04:14:05.967125+00:00
watermark_robustness,ben_howland_0.png,resize_25,resize,{'scale': 0.25},False,0.554688,0.546875,,False,False,35.8673,0.919683,28.5526,0.1.0,not-a-git-repository,3.12.10,macOS-26.6.2-arm64-arm-64bit,2.5.2,42,cpu,opencv_yunet,landmark,insightface,spectral,dct,0.16,2026-09-02T04:14:05.967125+00:00
watermark_robustness,ben_howland_0.png,crop_10,crop,{'ratio': 0.1},True,1.0,0.46875,837f3a16,True,False,35.8673,0.919683,12.473,0.1.0,not-a-git-repository,3.12.10,macOS-26.6.2-arm64-arm-64bit,2.5.2,42,cpu,opencv_yunet,landmark,insightface,spectral,dct,0.16,2026-09-02T04:14:05.967125+00:00
watermark_robustness,ben_howland_0.png,crop_30,crop,{'ratio': 0.3},False,0.523438,0.46875,,False,False,35.8673,0.919683,10.1465,0.1.0,not-a-git-repository,3.12.10,macOS-26.6.2-arm64-arm-64bit,2.5.2,42,cpu,opencv_yunet,landmark,insightface,spectral,dct,0.16,2026-09-02T04:14:05.967125+00:00
watermark_robustness,ben_howland_0.png,rotate_5,rotation,{'degrees': 5},False,0.53125,0.5625,,False,False,35.8673,0.919683,15.1956,0.1.0,not-a-git-repository,3.12.10,macOS-26.6.2-arm64-arm-64bit,2.5.2,42,cpu,opencv_yunet,landmark,insightface,spectral,dct,0.16,2026-09-02T04:14:05.967125+00:00
watermark_robustness,ben_howland_0.png,blur_1,blur,{'sigma': 1.0},True,0.996094,1.0,837f3a16,True,False,35.8673,0.919683,32.6919,0.1.0,not-a-git-repository,3.12.10,macOS-26.6.2-arm64-arm-64bit,2.5.2,42,cpu,opencv_yunet,landmark,insightface,spectral,dct,0.16,2026-09-02T04:14:05.967125+00:00
watermark_robustness,ben_howland_0.png,noise_5,noise,{'sigma': 5.0},True,1.0,1.0,837f3a16,True,False,35.8673,0.919683,34.1756,0.1.0,not-a-git-repository,3.12.10,macOS-26.6.2-arm64-arm-64bit,2.5.2,42,cpu,opencv_yunet,landmark,insightface,spectral,dct,0.16,2026-09-02T04:14:05.967125+00:00
watermark_robustness,ben_howland_0.png,brightness_up,brightness,{'factor': 1.2},True,0.998047,1.0,837f3a16,True,False,35.8673,0.919683,20.9105,0.1.0,not-a-git-repository,3.12.10,macOS-26.6.2-arm64-arm-64bit,2.5.2,42,cpu,opencv_yunet,landmark,insightface,spectral,dct,0.16,2026-09-02T04:14:05.967125+00:00
watermark_robustness,ben_howland_0.png,contrast_down,contrast,{'factor': 0.8},True,1.0,1.0,837f3a16,True,False,35.8673,0.919683,26.3272,0.1.0,not-a-git-repository,3.12.10,macOS-26.6.2-arm64-arm-64bit,2.5.2,42,cpu,opencv_yunet,landmark,insightface,spectral,dct,0.16,2026-09-02T04:14:05.967125+00:00
watermark_robustness,ben_howland_0.png,webp_q80,webp,{'quality': 80},True,1.0,1.0,837f3a16,True,False,35.8673,0.919683,36.6119,0.1.0,not-a-git-repository,3.12.10,macOS-26.6.2-arm64-arm-64bit,2.5.2,42,cpu,opencv_yunet,landmark,insightface,spectral,dct,0.16,2026-09-02T04:14:05.967125+00:00
watermark_robustness,ben_howland_0.png,screenshot,screenshot_simulation,"{'scale': 0.9, 'quality': 85}",True,1.0,1.0,837f3a16,True,False,35.8673,0.919683,39.6079,0.1.0,not-a-git-repository,3.12.10,macOS-26.6.2-arm64-arm-64bit,2.5.2,42,cpu,opencv_yunet,landmark,insightface,spectral,dct,0.16,2026-09-02T04:14:05.967125+00:00
watermark_robustness,ben_howland_1.png,jpeg_q90,jpeg_compression,{'quality': 90},True,1.0,1.0,8ee3b4dd,True,False,36.4315,0.898009,41.7401,0.1.0,not-a-git-repository,3.12.10,macOS-26.6.2-arm64-arm-64bit,2.5.2,42,cpu,opencv_yunet,landmark,insightface,spectral,dct,0.16,2026-09-02T04:14:05.967125+00:00
watermark_robustness,ben_howland_1.png,jpeg_q70,jpeg_compression,{'quality': 70},True,0.855469,1.0,8ee3b4dd,True,False,36.4315,0.898009,36.6343,0.1.0,not-a-git-repository,3.12.10,macOS-26.6.2-arm64-arm-64bit,2.5.2,42,cpu,opencv_yunet,landmark,insightface,spectral,dct,0.16,2026-09-02T04:14:05.967125+00:00
watermark_robustness,ben_howland_1.png,jpeg_q50,jpeg_compression,{'quality': 50},False,0.539062,0.515625,,False,False,36.4315,0.898009,33.9297,0.1.0,not-a-git-repository,3.12.10,macOS-26.6.2-arm64-arm-64bit,2.5.2,42,cpu,opencv_yunet,landmark,insightface,spectral,dct,0.16,2026-09-02T04:14:05.967125+00:00
watermark_robustness,ben_howland_1.png,resize_75,resize,{'scale': 0.75},True,1.0,1.0,8ee3b4dd,True,False,36.4315,0.898009,41.5777,0.1.0,not-a-git-repository,3.12.10,macOS-26.6.2-arm64-arm-64bit,2.5.2,42,cpu,opencv_yunet,landmark,insightface,spectral,dct,0.16,2026-09-02T04:14:05.967125+00:00
watermark_robustness,ben_howland_1.png,resize_50,resize,{'scale': 0.5},False,0.75803,0.890625,,False,False,36.4315,0.898009,35.47,0.1.0,not-a-git-repository,3.12.10,macOS-26.6.2-arm64-arm-64bit,2.5.2,42,cpu,opencv_yunet,landmark,insightface,spectral,dct,0.16,2026-09-02T04:14:05.967125+00:00
watermark_robustness,ben_howland_1.png,resize_25,resize,{'scale': 0.25},False,0.53125,0.546875,,False,False,36.4315,0.898009,30.6614,0.1.0,not-a-git-repository,3.12.10,macOS-26.6.2-arm64-arm-64bit,2.5.2,42,cpu,opencv_yunet,landmark,insightface,spectral,dct,0.16,2026-09-02T04:14:05.967125+00:00
watermark_robustness,ben_howland_1.png,crop_10,crop,{'ratio': 0.1},True,1.0,0.5625,8ee3b4dd,True,False,36.4315,0.898009,13.5375,0.1.0,not-a-git-repository,3.12.10,macOS-26.6.2-arm64-arm-64bit,2.5.2,42,cpu,opencv_yunet,landmark,insightface,spectral,dct,0.16,2026-09-02T04:14:05.967125+00:00
watermark_robustness,ben_howland_1.png,crop_30,crop,{'ratio': 0.3},False,0.53125,0.53125,,False,False,36.4315,0.898009,8.9684,0.1.0,not-a-git-repository,3.12.10,macOS-26.6.2-arm64-arm-64bit,2.5.2,42,cpu,opencv_yunet,landmark,insightface,spectral,dct,0.16,2026-09-02T04:14:05.967125+00:00
watermark_robustness,ben_howland_1.png,rotate_5,rotation,{'degrees': 5},False,0.53125,0.5,,False,False,36.4315,0.898009,16.8105,0.1.0,not-a-git-repository,3.12.10,macOS-26.6.2-arm64-arm-64bit,2.5.2,42,cpu,opencv_yunet,landmark,insightface,spectral,dct,0.16,2026-09-02T04:14:05.967125+00:00
watermark_robustness,ben_howland_1.png,blur_1,blur,{'sigma': 1.0},True,1.0,1.0,8ee3b4dd,True,False,36.4315,0.898009,34.3789,0.1.0,not-a-git-repository,3.12.10,macOS-26.6.2-arm64-arm-64bit,2.5.2,42,cpu,opencv_yunet,landmark,insightface,spectral,dct,0.16,2026-09-02T04:14:05.967125+00:00
watermark_robustness,ben_howland_1.png,noise_5,noise,{'sigma': 5.0},True,1.0,1.0,8ee3b4dd,True,False,36.4315,0.898009,34.5903,0.1.0,not-a-git-repository,3.12.10,macOS-26.6.2-arm64-arm-64bit,2.5.2,42,cpu,opencv_yunet,landmark,insightface,spectral,dct,0.16,2026-09-02T04:14:05.967125+00:00
watermark_robustness,ben_howland_1.png,brightness_up,brightness,{'factor': 1.2},True,1.0,1.0,8ee3b4dd,True,False,36.4315,0.898009,24.6313,0.1.0,not-a-git-repository,3.12.10,macOS-26.6.2-arm64-arm-64bit,2.5.2,42,cpu,opencv_yunet,landmark,insightface,spectral,dct,0.16,2026-09-02T04:14:05.967125+00:00
watermark_robustness,ben_howland_1.png,contrast_down,contrast,{'factor': 0.8},True,1.0,1.0,8ee3b4dd,True,False,36.4315,0.898009,27.1576,0.1.0,not-a-git-repository,3.12.10,macOS-26.6.2-arm64-arm-64bit,2.5.2,42,cpu,opencv_yunet,landmark,insightface,spectral,dct,0.16,2026-09-02T04:14:05.967125+00:00
watermark_robustness,ben_howland_1.png,webp_q80,webp,{'quality': 80},True,0.914714,1.0,8ee3b4dd,True,False,36.4315,0.898009,36.9655,0.1.0,not-a-git-repository,3.12.10,macOS-26.6.2-arm64-arm-64bit,2.5.2,42,cpu,opencv_yunet,landmark,insightface,spectral,dct,0.16,2026-09-02T04:14:05.967125+00:00
watermark_robustness,ben_howland_1.png,screenshot,screenshot_simulation,"{'scale': 0.9, 'quality': 85}",True,0.923177,1.0,8ee3b4dd,True,False,36.4315,0.898009,39.61,0.1.0,not-a-git-repository,3.12.10,macOS-26.6.2-arm64-arm-64bit,2.5.2,42,cpu,opencv_yunet,landmark,insightface,spectral,dct,0.16,2026-09-02T04:14:05.967125+00:00
watermark_robustness,ben_howland_2.png,jpeg_q90,jpeg_compression,{'quality': 90},True,1.0,1.0,7056b456,True,False,36.2931,0.873237,43.4761,0.1.0,not-a-git-repository,3.12.10,macOS-26.6.2-arm64-arm-64bit,2.5.2,42,cpu,opencv_yunet,landmark,insightface,spectral,dct,0.16,2026-09-02T04:14:05.967125+00:00
watermark_robustness,ben_howland_2.png,jpeg_q70,jpeg_compression,{'quality': 70},True,0.895833,1.0,7056b456,True,False,36.2931,0.873237,37.6039,0.1.0,not-a-git-repository,3.12.10,macOS-26.6.2-arm64-arm-64bit,2.5.2,42,cpu,opencv_yunet,landmark,insightface,spectral,dct,0.16,2026-09-02T04:14:05.967125+00:00
watermark_robustness,ben_howland_2.png,jpeg_q50,jpeg_compression,{'quality': 50},False,0.578125,0.46875,,False,False,36.2931,0.873237,34.5399,0.1.0,not-a-git-repository,3.12.10,macOS-26.6.2-arm64-arm-64bit,2.5.2,42,cpu,opencv_yunet,landmark,insightface,spectral,dct,0.16,2026-09-02T04:14:05.967125+00:00
watermark_robustness,ben_howland_2.png,resize_75,resize,{'scale': 0.75},True,1.0,1.0,7056b456,True,False,36.2931,0.873237,42.1051,0.1.0,not-a-git-repository,3.12.10,macOS-26.6.2-arm64-arm-64bit,2.5.2,42,cpu,opencv_yunet,landmark,insightface,spectral,dct,0.16,2026-09-02T04:14:05.967125+00:00
watermark_robustness,ben_howland_2.png,resize_50,resize,{'scale': 0.5},True,0.365126,0.984375,7056b456,True,False,36.2931,0.873237,35.9748,0.1.0,not-a-git-repository,3.12.10,macOS-26.6.2-arm64-arm-64bit,2.5.2,42,cpu,opencv_yunet,landmark,insightface,spectral,dct,0.16,2026-09-02T04:14:05.967125+00:00
watermark_robustness,ben_howland_2.png,resize_25,resize,{'scale': 0.25},False,0.554688,0.546875,,False,False,36.2931,0.873237,31.4671,0.1.0,not-a-git-repository,3.12.10,macOS-26.6.2-arm64-arm-64bit,2.5.2,42,cpu,opencv_yunet,landmark,insightface,spectral,dct,0.16,2026-09-02T04:14:05.967125+00:00
watermark_robustness,ben_howland_2.png,crop_10,crop,{'ratio': 0.1},True,1.0,0.453125,7056b456,True,False,36.2931,0.873237,15.9213,0.1.0,not-a-git-repository,3.12.10,macOS-26.6.2-arm64-arm-64bit,2.5.2,42,cpu,opencv_yunet,landmark,insightface,spectral,dct,0.16,2026-09-02T04:14:05.967125+00:00
watermark_robustness,ben_howland_2.png,crop_30,crop,{'ratio': 0.3},False,0.53125,0.53125,,False,False,36.2931,0.873237,8.9449,0.1.0,not-a-git-repository,3.12.10,macOS-26.6.2-arm64-arm-64bit,2.5.2,42,cpu,opencv_yunet,landmark,insightface,spectral,dct,0.16,2026-09-02T04:14:05.967125+00:00
watermark_robustness,ben_howland_2.png,rotate_5,rotation,{'degrees': 5},False,0.515625,0.4375,,False,False,36.2931,0.873237,19.4634,0.1.0,not-a-git-repository,3.12.10,macOS-26.6.2-arm64-arm-64bit,2.5.2,42,cpu,opencv_yunet,landmark,insightface,spectral,dct,0.16,2026-09-02T04:14:05.967125+00:00
watermark_robustness,ben_howland_2.png,blur_1,blur,{'sigma': 1.0},True,0.998047,1.0,7056b456,True,False,36.2931,0.873237,35.1996,0.1.0,not-a-git-repository,3.12.10,macOS-26.6.2-arm64-arm-64bit,2.5.2,42,cpu,opencv_yunet,landmark,insightface,spectral,dct,0.16,2026-09-02T04:14:05.967125+00:00
watermark_robustness,ben_howland_2.png,noise_5,noise,{'sigma': 5.0},True,1.0,1.0,7056b456,True,False,36.2931,0.873237,34.3592,0.1.0,not-a-git-repository,3.12.10,macOS-26.6.2-arm64-arm-64bit,2.5.2,42,cpu,opencv_yunet,landmark,insightface,spectral,dct,0.16,2026-09-02T04:14:05.967125+00:00
watermark_robustness,ben_howland_2.png,brightness_up,brightness,{'factor': 1.2},True,1.0,1.0,7056b456,True,False,36.2931,0.873237,24.4566,0.1.0,not-a-git-repository,3.12.10,macOS-26.6.2-arm64-arm-64bit,2.5.2,42,cpu,opencv_yunet,landmark,insightface,spectral,dct,0.16,2026-09-02T04:14:05.967125+00:00
watermark_robustness,ben_howland_2.png,contrast_down,contrast,{'factor': 0.8},True,1.0,1.0,7056b456,True,False,36.2931,0.873237,28.485,0.1.0,not-a-git-repository,3.12.10,macOS-26.6.2-arm64-arm-64bit,2.5.2,42,cpu,opencv_yunet,landmark,insightface,spectral,dct,0.16,2026-09-02T04:14:05.967125+00:00
watermark_robustness,ben_howland_2.png,webp_q80,webp,{'quality': 80},True,0.900391,1.0,7056b456,True,False,36.2931,0.873237,37.5327,0.1.0,not-a-git-repository,3.12.10,macOS-26.6.2-arm64-arm-64bit,2.5.2,42,cpu,opencv_yunet,landmark,insightface,spectral,dct,0.16,2026-09-02T04:14:05.967125+00:00
watermark_robustness,ben_howland_2.png,screenshot,screenshot_simulation,"{'scale': 0.9, 'quality': 85}",True,0.930339,1.0,7056b456,True,False,36.2931,0.873237,41.0028,0.1.0,not-a-git-repository,3.12.10,macOS-26.6.2-arm64-arm-64bit,2.5.2,42,cpu,opencv_yunet,landmark,insightface,spectral,dct,0.16,2026-09-02T04:14:05.967125+00:00
watermark_robustness,ben_howland_3.png,jpeg_q90,jpeg_compression,{'quality': 90},True,0.997396,1.0,7e24606d,True,False,36.446,0.916796,41.8886,0.1.0,not-a-git-repository,3.12.10,macOS-26.6.2-arm64-arm-64bit,2.5.2,42,cpu,opencv_yunet,landmark,insightface,spectral,dct,0.16,2026-09-02T04:14:05.967125+00:00
watermark_robustness,ben_howland_3.png,jpeg_q70,jpeg_compression,{'quality': 70},True,0.8125,1.0,7e24606d,True,False,36.446,0.916796,36.4149,0.1.0,not-a-git-repository,3.12.10,macOS-26.6.2-arm64-arm-64bit,2.5.2,42,cpu,opencv_yunet,landmark,insightface,spectral,dct,0.16,2026-09-02T04:14:05.967125+00:00
watermark_robustness,ben_howland_3.png,jpeg_q50,jpeg_compression,{'quality': 50},False,0.546875,0.59375,,False,False,36.446,0.916796,33.5992,0.1.0,not-a-git-repository,3.12.10,macOS-26.6.2-arm64-arm-64bit,2.5.2,42,cpu,opencv_yunet,landmark,insightface,spectral,dct,0.16,2026-09-02T04:14:05.967125+00:00
watermark_robustness,ben_howland_3.png,resize_75,resize,{'scale': 0.75},True,0.997396,1.0,7e24606d,True,False,36.446,0.916796,33.6548,0.1.0,not-a-git-repository,3.12.10,macOS-26.6.2-arm64-arm-64bit,2.5.2,42,cpu,opencv_yunet,landmark,insightface,spectral,dct,0.16,2026-09-02T04:14:05.967125+00:00
watermark_robustness,ben_howland_3.png,resize_50,resize,{'scale': 0.5},False,0.664714,0.90625,,False,False,36.446,0.916796,30.2395,0.1.0,not-a-git-repository,3.12.10,macOS-26.6.2-arm64-arm-64bit,2.5.2,42,cpu,opencv_yunet,landmark,insightface,spectral,dct,0.16,2026-09-02T04:14:05.967125+00:00
watermark_robustness,ben_howland_3.png,resize_25,resize,{'scale': 0.25},False,0.578125,0.609375,,False,False,36.446,0.916796,24.3144,0.1.0,not-a-git-repository,3.12.10,macOS-26.6.2-arm64-arm-64bit,2.5.2,42,cpu,opencv_yunet,landmark,insightface,spectral,dct,0.16,2026-09-02T04:14:05.967125+00:00
watermark_robustness,ben_howland_3.png,crop_10,crop,{'ratio': 0.1},True,1.0,0.4375,7e24606d,True,False,36.446,0.916796,8.797,0.1.0,not-a-git-repository,3.12.10,macOS-26.6.2-arm64-arm-64bit,2.5.2,42,cpu,opencv_yunet,landmark,insightface,spectral,dct,0.16,2026-09-02T04:14:05.967125+00:00
watermark_robustness,ben_howland_3.png,crop_30,crop,{'ratio': 0.3},False,0.53125,0.484375,,False,False,36.446,0.916796,8.6848,0.1.0,not-a-git-repository,3.12.10,macOS-26.6.2-arm64-arm-64bit,2.5.2,42,cpu,opencv_yunet,landmark,insightface,spectral,dct,0.16,2026-09-02T04:14:05.967125+00:00
watermark_robustness,ben_howland_3.png,rotate_5,rotation,{'degrees': 5},False,0.523438,0.546875,,False,False,36.446,0.916796,12.8422,0.1.0,not-a-git-repository,3.12.10,macOS-26.6.2-arm64-arm-64bit,2.5.2,42,cpu,opencv_yunet,landmark,insightface,spectral,dct,0.16,2026-09-02T04:14:05.967125+00:00
watermark_robustness,ben_howland_3.png,blur_1,blur,{'sigma': 1.0},True,0.996094,1.0,7e24606d,True,False,36.446,0.916796,28.8187,0.1.0,not-a-git-repository,3.12.10,macOS-26.6.2-arm64-arm-64bit,2.5.2,42,cpu,opencv_yunet,landmark,insightface,spectral,dct,0.16,2026-09-02T04:14:05.967125+00:00
watermark_robustness,ben_howland_3.png,noise_5,noise,{'sigma': 5.0},True,1.0,1.0,7e24606d,True,False,36.446,0.916796,34.5791,0.1.0,not-a-git-repository,3.12.10,macOS-26.6.2-arm64-arm-64bit,2.5.2,42,cpu,opencv_yunet,landmark,insightface,spectral,dct,0.16,2026-09-02T04:14:05.967125+00:00
watermark_robustness,ben_howland_3.png,brightness_up,brightness,{'factor': 1.2},True,0.978516,1.0,7e24606d,True,False,36.446,0.916796,20.8933,0.1.0,not-a-git-repository,3.12.10,macOS-26.6.2-arm64-arm-64bit,2.5.2,42,cpu,opencv_yunet,landmark,insightface,spectral,dct,0.16,2026-09-02T04:14:05.967125+00:00
watermark_robustness,ben_howland_3.png,contrast_down,contrast,{'factor': 0.8},True,1.0,1.0,7e24606d,True,False,36.446,0.916796,23.7455,0.1.0,not-a-git-repository,3.12.10,macOS-26.6.2-arm64-arm-64bit,2.5.2,42,cpu,opencv_yunet,landmark,insightface,spectral,dct,0.16,2026-09-02T04:14:05.967125+00:00
watermark_robustness,ben_howland_3.png,webp_q80,webp,{'quality': 80},True,0.817708,1.0,7e24606d,True,False,36.446,0.916796,37.2219,0.1.0,not-a-git-repository,3.12.10,macOS-26.6.2-arm64-arm-64bit,2.5.2,42,cpu,opencv_yunet,landmark,insightface,spectral,dct,0.16,2026-09-02T04:14:05.967125+00:00
watermark_robustness,ben_howland_3.png,screenshot,screenshot_simulation,"{'scale': 0.9, 'quality': 85}",True,0.825521,1.0,7e24606d,True,False,36.446,0.916796,37.5897,0.1.0,not-a-git-repository,3.12.10,macOS-26.6.2-arm64-arm-64bit,2.5.2,42,cpu,opencv_yunet,landmark,insightface,spectral,dct,0.16,2026-09-02T04:14:05.967125+00:00
watermark_robustness,bernard_law_0.png,jpeg_q90,jpeg_compression,{'quality': 90},True,1.0,1.0,bfce7194,True,False,36.0519,0.892463,42.8874,0.1.0,not-a-git-repository,3.12.10,macOS-26.6.2-arm64-arm-64bit,2.5.2,42,cpu,opencv_yunet,landmark,insightface,spectral,dct,0.16,2026-09-02T04:14:05.967125+00:00
watermark_robustness,bernard_law_0.png,jpeg_q70,jpeg_compression,{'quality': 70},True,0.946615,1.0,bfce7194,True,False,36.0519,0.892463,37.0458,0.1.0,not-a-git-repository,3.12.10,macOS-26.6.2-arm64-arm-64bit,2.5.2,42,cpu,opencv_yunet,landmark,insightface,spectral,dct,0.16,2026-09-02T04:14:05.967125+00:00
watermark_robustness,bernard_law_0.png,jpeg_q50,jpeg_compression,{'quality': 50},False,0.601562,0.59375,,False,False,36.0519,0.892463,34.0566,0.1.0,not-a-git-repository,3.12.10,macOS-26.6.2-arm64-arm-64bit,2.5.2,42,cpu,opencv_yunet,landmark,insightface,spectral,dct,0.16,2026-09-02T04:14:05.967125+00:00
watermark_robustness,bernard_law_0.png,resize_75,resize,{'scale': 0.75},True,1.0,1.0,bfce7194,True,False,36.0519,0.892463,38.3774,0.1.0,not-a-git-repository,3.12.10,macOS-26.6.2-arm64-arm-64bit,2.5.2,42,cpu,opencv_yunet,landmark,insightface,spectral,dct,0.16,2026-09-02T04:14:05.967125+00:00
watermark_robustness,bernard_law_0.png,resize_50,resize,{'scale': 0.5},True,0.371311,0.984375,bfce7194,True,False,36.0519,0.892463,32.9098,0.1.0,not-a-git-repository,3.12.10,macOS-26.6.2-arm64-arm-64bit,2.5.2,42,cpu,opencv_yunet,landmark,insightface,spectral,dct,0.16,2026-09-02T04:14:05.967125+00:00
watermark_robustness,bernard_law_0.png,resize_25,resize,{'scale': 0.25},False,0.507812,0.46875,,False,False,36.0519,0.892463,28.4983,0.1.0,not-a-git-repository,3.12.10,macOS-26.6.2-arm64-arm-64bit,2.5.2,42,cpu,opencv_yunet,landmark,insightface,spectral,dct,0.16,2026-09-02T04:14:05.967125+00:00
watermark_robustness,bernard_law_0.png,crop_10,crop,{'ratio': 0.1},True,1.0,0.453125,bfce7194,True,False,36.0519,0.892463,12.206,0.1.0,not-a-git-repository,3.12.10,macOS-26.6.2-arm64-arm-64bit,2.5.2,42,cpu,opencv_yunet,landmark,insightface,spectral,dct,0.16,2026-09-02T04:14:05.967125+00:00
watermark_robustness,bernard_law_0.png,crop_30,crop,{'ratio': 0.3},False,0.554688,0.40625,,False,False,36.0519,0.892463,8.9102,0.1.0,not-a-git-repository,3.12.10,macOS-26.6.2-arm64-arm-64bit,2.5.2,42,cpu,opencv_yunet,landmark,insightface,spectral,dct,0.16,2026-09-02T04:14:05.967125+00:00
watermark_robustness,bernard_law_0.png,rotate_5,rotation,{'degrees': 5},False,0.515625,0.53125,,False,False,36.0519,0.892463,17.0272,0.1.0,not-a-git-repository,3.12.10,macOS-26.6.2-arm64-arm-64bit,2.5.2,42,cpu,opencv_yunet,landmark,insightface,spectral,dct,0.16,2026-09-02T04:14:05.967125+00:00
watermark_robustness,bernard_law_0.png,blur_1,blur,{'sigma': 1.0},True,1.0,1.0,bfce7194,True,False,36.0519,0.892463,32.6477,0.1.0,not-a-git-repository,3.12.10,macOS-26.6.2-arm64-arm-64bit,2.5.2,42,cpu,opencv_yunet,landmark,insightface,spectral,dct,0.16,2026-09-02T04:14:05.967125+00:00
watermark_robustness,bernard_law_0.png,noise_5,noise,{'sigma': 5.0},True,1.0,1.0,bfce7194,True,False,36.0519,0.892463,34.3184,0.1.0,not-a-git-repository,3.12.10,macOS-26.6.2-arm64-arm-64bit,2.5.2,42,cpu,opencv_yunet,landmark,insightface,spectral,dct,0.16,2026-09-02T04:14:05.967125+00:00
watermark_robustness,bernard_law_0.png,brightness_up,brightness,{'factor': 1.2},True,0.985677,1.0,bfce7194,True,False,36.0519,0.892463,23.4038,0.1.0,not-a-git-repository,3.12.10,macOS-26.6.2-arm64-arm-64bit,2.5.2,42,cpu,opencv_yunet,landmark,insightface,spectral,dct,0.16,2026-09-02T04:14:05.967125+00:00
watermark_robustness,bernard_law_0.png,contrast_down,contrast,{'factor': 0.8},True,1.0,1.0,bfce7194,True,False,36.0519,0.892463,25.6375,0.1.0,not-a-git-repository,3.12.10,macOS-26.6.2-arm64-arm-64bit,2.5.2,42,cpu,opencv_yunet,landmark,insightface,spectral,dct,0.16,2026-09-02T04:14:05.967125+00:00
watermark_robustness,bernard_law_0.png,webp_q80,webp,{'quality': 80},True,0.979167,1.0,bfce7194,True,False,36.0519,0.892463,37.1474,0.1.0,not-a-git-repository,3.12.10,macOS-26.6.2-arm64-arm-64bit,2.5.2,42,cpu,opencv_yunet,landmark,insightface,spectral,dct,0.16,2026-09-02T04:14:05.967125+00:00
watermark_robustness,bernard_law_0.png,screenshot,screenshot_simulation,"{'scale': 0.9, 'quality': 85}",True,0.965495,1.0,bfce7194,True,False,36.0519,0.892463,39.5785,0.1.0,not-a-git-repository,3.12.10,macOS-26.6.2-arm64-arm-64bit,2.5.2,42,cpu,opencv_yunet,landmark,insightface,spectral,dct,0.16,2026-09-02T04:14:05.967125+00:00
watermark_robustness,bernard_law_1.png,jpeg_q90,jpeg_compression,{'quality': 90},True,1.0,1.0,ac2be038,True,False,36.2966,0.889175,42.55,0.1.0,not-a-git-repository,3.12.10,macOS-26.6.2-arm64-arm-64bit,2.5.2,42,cpu,opencv_yunet,landmark,insightface,spectral,dct,0.16,2026-09-02T04:14:05.967125+00:00
watermark_robustness,bernard_law_1.png,jpeg_q70,jpeg_compression,{'quality': 70},True,0.919922,1.0,ac2be038,True,False,36.2966,0.889175,36.6454,0.1.0,not-a-git-repository,3.12.10,macOS-26.6.2-arm64-arm-64bit,2.5.2,42,cpu,opencv_yunet,landmark,insightface,spectral,dct,0.16,2026-09-02T04:14:05.967125+00:00
watermark_robustness,bernard_law_1.png,jpeg_q50,jpeg_compression,{'quality': 50},False,0.546875,0.53125,,False,False,36.2966,0.889175,33.7505,0.1.0,not-a-git-repository,3.12.10,macOS-26.6.2-arm64-arm-64bit,2.5.2,42,cpu,opencv_yunet,landmark,insightface,spectral,dct,0.16,2026-09-02T04:14:05.967125+00:00
watermark_robustness,bernard_law_1.png,resize_75,resize,{'scale': 0.75},True,0.998047,1.0,ac2be038,True,False,36.2966,0.889175,36.4983,0.1.0,not-a-git-repository,3.12.10,macOS-26.6.2-arm64-arm-64bit,2.5.2,42,cpu,opencv_yunet,landmark,insightface,spectral,dct,0.16,2026-09-02T04:14:05.967125+00:00
watermark_robustness,bernard_law_1.png,resize_50,resize,{'scale': 0.5},True,0.245877,0.96875,ac2be038,True,False,36.2966,0.889175,32.1654,0.1.0,not-a-git-repository,3.12.10,macOS-26.6.2-arm64-arm-64bit,2.5.2,42,cpu,opencv_yunet,landmark,insightface,spectral,dct,0.16,2026-09-02T04:14:05.967125+00:00
watermark_robustness,bernard_law_1.png,resize_25,resize,{'scale': 0.25},False,0.546875,0.46875,,False,False,36.2966,0.889175,28.2473,0.1.0,not-a-git-repository,3.12.10,macOS-26.6.2-arm64-arm-64bit,2.5.2,42,cpu,opencv_yunet,landmark,insightface,spectral,dct,0.16,2026-09-02T04:14:05.967125+00:00
watermark_robustness,bernard_law_1.png,crop_10,crop,{'ratio': 0.1},True,1.0,0.5,ac2be038,True,False,36.2966,0.889175,13.2593,0.1.0,not-a-git-repository,3.12.10,macOS-26.6.2-arm64-arm-64bit,2.5.2,42,cpu,opencv_yunet,landmark,insightface,spectral,dct,0.16,2026-09-02T04:14:05.967125+00:00
watermark_robustness,bernard_law_1.png,crop_30,crop,{'ratio': 0.3},False,0.53125,0.546875,,False,False,36.2966,0.889175,9.6384,0.1.0,not-a-git-repository,3.12.10,macOS-26.6.2-arm64-arm-64bit,2.5.2,42,cpu,opencv_yunet,landmark,insightface,spectral,dct,0.16,2026-09-02T04:14:05.967125+00:00
watermark_robustness,bernard_law_1.png,rotate_5,rotation,{'degrees': 5},False,0.507812,0.546875,,False,False,36.2966,0.889175,17.9488,0.1.0,not-a-git-repository,3.12.10,macOS-26.6.2-arm64-arm-64bit,2.5.2,42,cpu,opencv_yunet,landmark,insightface,spectral,dct,0.16,2026-09-02T04:14:05.967125+00:00
watermark_robustness,bernard_law_1.png,blur_1,blur,{'sigma': 1.0},True,0.998047,1.0,ac2be038,True,False,36.2966,0.889175,31.6782,0.1.0,not-a-git-repository,3.12.10,macOS-26.6.2-arm64-arm-64bit,2.5.2,42,cpu,opencv_yunet,landmark,insightface,spectral,dct,0.16,2026-09-02T04:14:05.967125+00:00
watermark_robustness,bernard_law_1.png,noise_5,noise,{'sigma': 5.0},True,0.998047,1.0,ac2be038,True,False,36.2966,0.889175,34.4452,0.1.0,not-a-git-repository,3.12.10,macOS-26.6.2-arm64-arm-64bit,2.5.2,42,cpu,opencv_yunet,landmark,insightface,spectral,dct,0.16,2026-09-02T04:14:05.967125+00:00
watermark_robustness,bernard_law_1.png,brightness_up,brightness,{'factor': 1.2},True,0.977214,1.0,ac2be038,True,False,36.2966,0.889175,23.3015,0.1.0,not-a-git-repository,3.12.10,macOS-26.6.2-arm64-arm-64bit,2.5.2,42,cpu,opencv_yunet,landmark,insightface,spectral,dct,0.16,2026-09-02T04:14:05.967125+00:00
watermark_robustness,bernard_law_1.png,contrast_down,contrast,{'factor': 0.8},True,1.0,1.0,ac2be038,True,False,36.2966,0.889175,25.4365,0.1.0,not-a-git-repository,3.12.10,macOS-26.6.2-arm64-arm-64bit,2.5.2,42,cpu,opencv_yunet,landmark,insightface,spectral,dct,0.16,2026-09-02T04:14:05.967125+00:00
watermark_robustness,bernard_law_1.png,webp_q80,webp,{'quality': 80},True,0.931641,1.0,ac2be038,True,False,36.2966,0.889175,37.3386,0.1.0,not-a-git-repository,3.12.10,macOS-26.6.2-arm64-arm-64bit,2.5.2,42,cpu,opencv_yunet,landmark,insightface,spectral,dct,0.16,2026-09-02T04:14:05.967125+00:00
watermark_robustness,bernard_law_1.png,screenshot,screenshot_simulation,"{'scale': 0.9, 'quality': 85}",True,0.951172,1.0,ac2be038,True,False,36.2966,0.889175,37.4261,0.1.0,not-a-git-repository,3.12.10,macOS-26.6.2-arm64-arm-64bit,2.5.2,42,cpu,opencv_yunet,landmark,insightface,spectral,dct,0.16,2026-09-02T04:14:05.967125+00:00
watermark_robustness,bernard_law_2.png,jpeg_q90,jpeg_compression,{'quality': 90},True,1.0,1.0,3efdb722,True,False,35.9552,0.880871,43.6285,0.1.0,not-a-git-repository,3.12.10,macOS-26.6.2-arm64-arm-64bit,2.5.2,42,cpu,opencv_yunet,landmark,insightface,spectral,dct,0.16,2026-09-02T04:14:05.967125+00:00
watermark_robustness,bernard_law_2.png,jpeg_q70,jpeg_compression,{'quality': 70},True,1.0,1.0,3efdb722,True,False,35.9552,0.880871,37.5518,0.1.0,not-a-git-repository,3.12.10,macOS-26.6.2-arm64-arm-64bit,2.5.2,42,cpu,opencv_yunet,landmark,insightface,spectral,dct,0.16,2026-09-02T04:14:05.967125+00:00
watermark_robustness,bernard_law_2.png,jpeg_q50,jpeg_compression,{'quality': 50},False,0.601562,0.59375,,False,False,35.9552,0.880871,34.3344,0.1.0,not-a-git-repository,3.12.10,macOS-26.6.2-arm64-arm-64bit,2.5.2,42,cpu,opencv_yunet,landmark,insightface,spectral,dct,0.16,2026-09-02T04:14:05.967125+00:00
watermark_robustness,bernard_law_2.png,resize_75,resize,{'scale': 0.75},True,1.0,1.0,3efdb722,True,False,35.9552,0.880871,38.4929,0.1.0,not-a-git-repository,3.12.10,macOS-26.6.2-arm64-arm-64bit,2.5.2,42,cpu,opencv_yunet,landmark,insightface,spectral,dct,0.16,2026-09-02T04:14:05.967125+00:00
watermark_robustness,bernard_law_2.png,resize_50,resize,{'scale': 0.5},True,0.130859,0.921875,3efdb722,True,False,35.9552,0.880871,33.0626,0.1.0,not-a-git-repository,3.12.10,macOS-26.6.2-arm64-arm-64bit,2.5.2,42,cpu,opencv_yunet,landmark,insightface,spectral,dct,0.16,2026-09-02T04:14:05.967125+00:00
watermark_robustness,bernard_law_2.png,resize_25,resize,{'scale': 0.25},False,0.53125,0.515625,,False,False,35.9552,0.880871,28.8759,0.1.0,not-a-git-repository,3.12.10,macOS-26.6.2-arm64-arm-64bit,2.5.2,42,cpu,opencv_yunet,landmark,insightface,spectral,dct,0.16,2026-09-02T04:14:05.967125+00:00
watermark_robustness,bernard_law_2.png,crop_10,crop,{'ratio': 0.1},True,1.0,0.53125,3efdb722,True,False,35.9552,0.880871,16.6744,0.1.0,not-a-git-repository,3.12.10,macOS-26.6.2-arm64-arm-64bit,2.5.2,42,cpu,opencv_yunet,landmark,insightface,spectral,dct,0.16,2026-09-02T04:14:05.967125+00:00
watermark_robustness,bernard_law_2.png,crop_30,crop,{'ratio': 0.3},False,0.5,0.46875,,False,False,35.9552,0.880871,11.3588,0.1.0,not-a-git-repository,3.12.10,macOS-26.6.2-arm64-arm-64bit,2.5.2,42,cpu,opencv_yunet,landmark,insightface,spectral,dct,0.16,2026-09-02T04:14:05.967125+00:00
watermark_robustness,bernard_law_2.png,rotate_5,rotation,{'degrees': 5},False,0.546875,0.484375,,False,False,35.9552,0.880871,17.4873,0.1.0,not-a-git-repository,3.12.10,macOS-26.6.2-arm64-arm-64bit,2.5.2,42,cpu,opencv_yunet,landmark,insightface,spectral,dct,0.16,2026-09-02T04:14:05.967125+00:00
watermark_robustness,bernard_law_2.png,blur_1,blur,{'sigma': 1.0},True,1.0,1.0,3efdb722,True,False,35.9552,0.880871,32.6779,0.1.0,not-a-git-repository,3.12.10,macOS-26.6.2-arm64-arm-64bit,2.5.2,42,cpu,opencv_yunet,landmark,insightface,spectral,dct,0.16,2026-09-02T04:14:05.967125+00:00
watermark_robustness,bernard_law_2.png,noise_5,noise,{'sigma': 5.0},True,1.0,1.0,3efdb722,True,False,35.9552,0.880871,34.1794,0.1.0,not-a-git-repository,3.12.10,macOS-26.6.2-arm64-arm-64bit,2.5.2,42,cpu,opencv_yunet,landmark,insightface,spectral,dct,0.16,2026-09-02T04:14:05.967125+00:00
watermark_robustness,bernard_law_2.png,brightness_up,brightness,{'factor': 1.2},True,0.998047,1.0,3efdb722,True,False,35.9552,0.880871,20.3493,0.1.0,not-a-git-repository,3.12.10,macOS-26.6.2-arm64-arm-64bit,2.5.2,42,cpu,opencv_yunet,landmark,insightface,spectral,dct,0.16,2026-09-02T04:14:05.967125+00:00
watermark_robustness,bernard_law_2.png,contrast_down,contrast,{'factor': 0.8},True,1.0,1.0,3efdb722,True,False,35.9552,0.880871,25.0117,0.1.0,not-a-git-repository,3.12.10,macOS-26.6.2-arm64-arm-64bit,2.5.2,42,cpu,opencv_yunet,landmark,insightface,spectral,dct,0.16,2026-09-02T04:14:05.967125+00:00
watermark_robustness,bernard_law_2.png,webp_q80,webp,{'quality': 80},True,1.0,1.0,3efdb722,True,False,35.9552,0.880871,37.8301,0.1.0,not-a-git-repository,3.12.10,macOS-26.6.2-arm64-arm-64bit,2.5.2,42,cpu,opencv_yunet,landmark,insightface,spectral,dct,0.16,2026-09-02T04:14:05.967125+00:00
watermark_robustness,bernard_law_2.png,screenshot,screenshot_simulation,"{'scale': 0.9, 'quality': 85}",True,1.0,1.0,3efdb722,True,False,35.9552,0.880871,38.8394,0.1.0,not-a-git-repository,3.12.10,macOS-26.6.2-arm64-arm-64bit,2.5.2,42,cpu,opencv_yunet,landmark,insightface,spectral,dct,0.16,2026-09-02T04:14:05.967125+00:00
watermark_robustness,bernard_law_3.png,jpeg_q90,jpeg_compression,{'quality': 90},True,1.0,1.0,cf96bfcf,True,False,36.6306,0.906272,42.685,0.1.0,not-a-git-repository,3.12.10,macOS-26.6.2-arm64-arm-64bit,2.5.2,42,cpu,opencv_yunet,landmark,insightface,spectral,dct,0.16,2026-09-02T04:14:05.967125+00:00
watermark_robustness,bernard_law_3.png,jpeg_q70,jpeg_compression,{'quality': 70},True,0.814887,1.0,cf96bfcf,True,False,36.6306,0.906272,37.04,0.1.0,not-a-git-repository,3.12.10,macOS-26.6.2-arm64-arm-64bit,2.5.2,42,cpu,opencv_yunet,landmark,insightface,spectral,dct,0.16,2026-09-02T04:14:05.967125+00:00
watermark_robustness,bernard_law_3.png,jpeg_q50,jpeg_compression,{'quality': 50},False,0.53125,0.625,,False,False,36.6306,0.906272,34.3654,0.1.0,not-a-git-repository,3.12.10,macOS-26.6.2-arm64-arm-64bit,2.5.2,42,cpu,opencv_yunet,landmark,insightface,spectral,dct,0.16,2026-09-02T04:14:05.967125+00:00
watermark_robustness,bernard_law_3.png,resize_75,resize,{'scale': 0.75},True,1.0,1.0,cf96bfcf,True,False,36.6306,0.906272,37.9319,0.1.0,not-a-git-repository,3.12.10,macOS-26.6.2-arm64-arm-64bit,2.5.2,42,cpu,opencv_yunet,landmark,insightface,spectral,dct,0.16,2026-09-02T04:14:05.967125+00:00
watermark_robustness,bernard_law_3.png,resize_50,resize,{'scale': 0.5},False,0.706163,0.90625,,False,False,36.6306,0.906272,32.416,0.1.0,not-a-git-repository,3.12.10,macOS-26.6.2-arm64-arm-64bit,2.5.2,42,cpu,opencv_yunet,landmark,insightface,spectral,dct,0.16,2026-09-02T04:14:05.967125+00:00
watermark_robustness,bernard_law_3.png,resize_25,resize,{'scale': 0.25},False,0.539062,0.546875,,False,False,36.6306,0.906272,27.7639,0.1.0,not-a-git-repository,3.12.10,macOS-26.6.2-arm64-arm-64bit,2.5.2,42,cpu,opencv_yunet,landmark,insightface,spectral,dct,0.16,2026-09-02T04:14:05.967125+00:00
watermark_robustness,bernard_law_3.png,crop_10,crop,{'ratio': 0.1},True,1.0,0.46875,cf96bfcf,True,False,36.6306,0.906272,12.467,0.1.0,not-a-git-repository,3.12.10,macOS-26.6.2-arm64-arm-64bit,2.5.2,42,cpu,opencv_yunet,landmark,insightface,spectral,dct,0.16,2026-09-02T04:14:05.967125+00:00
watermark_robustness,bernard_law_3.png,crop_30,crop,{'ratio': 0.3},False,0.578125,0.484375,,False,False,36.6306,0.906272,10.387,0.1.0,not-a-git-repository,3.12.10,macOS-26.6.2-arm64-arm-64bit,2.5.2,42,cpu,opencv_yunet,landmark,insightface,spectral,dct,0.16,2026-09-02T04:14:05.967125+00:00
watermark_robustness,bernard_law_3.png,rotate_5,rotation,{'degrees': 5},False,0.570312,0.5,,False,False,36.6306,0.906272,14.9135,0.1.0,not-a-git-repository,3.12.10,macOS-26.6.2-arm64-arm-64bit,2.5.2,42,cpu,opencv_yunet,landmark,insightface,spectral,dct,0.16,2026-09-02T04:14:05.967125+00:00
watermark_robustness,bernard_law_3.png,blur_1,blur,{'sigma': 1.0},True,0.996094,1.0,cf96bfcf,True,False,36.6306,0.906272,31.7263,0.1.0,not-a-git-repository,3.12.10,macOS-26.6.2-arm64-arm-64bit,2.5.2,42,cpu,opencv_yunet,landmark,insightface,spectral,dct,0.16,2026-09-02T04:14:05.967125+00:00
watermark_robustness,bernard_law_3.png,noise_5,noise,{'sigma': 5.0},True,1.0,1.0,cf96bfcf,True,False,36.6306,0.906272,34.6769,0.1.0,not-a-git-repository,3.12.10,macOS-26.6.2-arm64-arm-64bit,2.5.2,42,cpu,opencv_yunet,landmark,insightface,spectral,dct,0.16,2026-09-02T04:14:05.967125+00:00
watermark_robustness,bernard_law_3.png,brightness_up,brightness,{'factor': 1.2},True,0.905599,1.0,cf96bfcf,True,False,36.6306,0.906272,20.2932,0.1.0,not-a-git-repository,3.12.10,macOS-26.6.2-arm64-arm-64bit,2.5.2,42,cpu,opencv_yunet,landmark,insightface,spectral,dct,0.16,2026-09-02T04:14:05.967125+00:00
watermark_robustness,bernard_law_3.png,contrast_down,contrast,{'factor': 0.8},True,1.0,1.0,cf96bfcf,True,False,36.6306,0.906272,23.538,0.1.0,not-a-git-repository,3.12.10,macOS-26.6.2-arm64-arm-64bit,2.5.2,42,cpu,opencv_yunet,landmark,insightface,spectral,dct,0.16,2026-09-02T04:14:05.967125+00:00
watermark_robustness,bernard_law_3.png,webp_q80,webp,{'quality': 80},True,0.872179,1.0,cf96bfcf,True,False,36.6306,0.906272,37.5079,0.1.0,not-a-git-repository,3.12.10,macOS-26.6.2-arm64-arm-64bit,2.5.2,42,cpu,opencv_yunet,landmark,insightface,spectral,dct,0.16,2026-09-02T04:14:05.967125+00:00
watermark_robustness,bernard_law_3.png,screenshot,screenshot_simulation,"{'scale': 0.9, 'quality': 85}",True,0.866536,1.0,cf96bfcf,True,False,36.6306,0.906272,37.7022,0.1.0,not-a-git-repository,3.12.10,macOS-26.6.2-arm64-arm-64bit,2.5.2,42,cpu,opencv_yunet,landmark,insightface,spectral,dct,0.16,2026-09-02T04:14:05.967125+00:00
watermark_robustness,bernard_law_4.png,jpeg_q90,jpeg_compression,{'quality': 90},True,1.0,1.0,72821bc1,True,False,35.9604,0.926399,44.406,0.1.0,not-a-git-repository,3.12.10,macOS-26.6.2-arm64-arm-64bit,2.5.2,42,cpu,opencv_yunet,landmark,insightface,spectral,dct,0.16,2026-09-02T04:14:05.967125+00:00
watermark_robustness,bernard_law_4.png,jpeg_q70,jpeg_compression,{'quality': 70},True,1.0,1.0,72821bc1,True,False,35.9604,0.926399,37.9174,0.1.0,not-a-git-repository,3.12.10,macOS-26.6.2-arm64-arm-64bit,2.5.2,42,cpu,opencv_yunet,landmark,insightface,spectral,dct,0.16,2026-09-02T04:14:05.967125+00:00
watermark_robustness,bernard_law_4.png,jpeg_q50,jpeg_compression,{'quality': 50},False,0.546875,0.5625,,False,False,35.9604,0.926399,34.5461,0.1.0,not-a-git-repository,3.12.10,macOS-26.6.2-arm64-arm-64bit,2.5.2,42,cpu,opencv_yunet,landmark,insightface,spectral,dct,0.16,2026-09-02T04:14:05.967125+00:00
watermark_robustness,bernard_law_4.png,resize_75,resize,{'scale': 0.75},True,1.0,1.0,72821bc1,True,False,35.9604,0.926399,35.9915,0.1.0,not-a-git-repository,3.12.10,macOS-26.6.2-arm64-arm-64bit,2.5.2,42,cpu,opencv_yunet,landmark,insightface,spectral,dct,0.16,2026-09-02T04:14:05.967125+00:00
watermark_robustness,bernard_law_4.png,resize_50,resize,{'scale': 0.5},True,0.863932,1.0,72821bc1,True,False,35.9604,0.926399,32.7123,0.1.0,not-a-git-repository,3.12.10,macOS-26.6.2-arm64-arm-64bit,2.5.2,42,cpu,opencv_yunet,landmark,insightface,spectral,dct,0.16,2026-09-02T04:14:05.967125+00:00
watermark_robustness,bernard_law_4.png,resize_25,resize,{'scale': 0.25},False,0.515625,0.46875,,False,False,35.9604,0.926399,27.0043,0.1.0,not-a-git-repository,3.12.10,macOS-26.6.2-arm64-arm-64bit,2.5.2,42,cpu,opencv_yunet,landmark,insightface,spectral,dct,0.16,2026-09-02T04:14:05.967125+00:00
watermark_robustness,bernard_law_4.png,crop_10,crop,{'ratio': 0.1},True,1.0,0.5625,72821bc1,True,False,35.9604,0.926399,14.5034,0.1.0,not-a-git-repository,3.12.10,macOS-26.6.2-arm64-arm-64bit,2.5.2,42,cpu,opencv_yunet,landmark,insightface,spectral,dct,0.16,2026-09-02T04:14:05.967125+00:00
watermark_robustness,bernard_law_4.png,crop_30,crop,{'ratio': 0.3},False,0.578125,0.578125,,False,False,35.9604,0.926399,12.8549,0.1.0,not-a-git-repository,3.12.10,macOS-26.6.2-arm64-arm-64bit,2.5.2,42,cpu,opencv_yunet,landmark,insightface,spectral,dct,0.16,2026-09-02T04:14:05.967125+00:00
watermark_robustness,bernard_law_4.png,rotate_5,rotation,{'degrees': 5},False,0.539062,0.5625,,False,False,35.9604,0.926399,15.143,0.1.0,not-a-git-repository,3.12.10,macOS-26.6.2-arm64-arm-64bit,2.5.2,42,cpu,opencv_yunet,landmark,insightface,spectral,dct,0.16,2026-09-02T04:14:05.967125+00:00
watermark_robustness,bernard_law_4.png,blur_1,blur,{'sigma': 1.0},True,1.0,1.0,72821bc1,True,False,35.9604,0.926399,32.0139,0.1.0,not-a-git-repository,3.12.10,macOS-26.6.2-arm64-arm-64bit,2.5.2,42,cpu,opencv_yunet,landmark,insightface,spectral,dct,0.16,2026-09-02T04:14:05.967125+00:00
watermark_robustness,bernard_law_4.png,noise_5,noise,{'sigma': 5.0},True,1.0,1.0,72821bc1,True,False,35.9604,0.926399,34.1258,0.1.0,not-a-git-repository,3.12.10,macOS-26.6.2-arm64-arm-64bit,2.5.2,42,cpu,opencv_yunet,landmark,insightface,spectral,dct,0.16,2026-09-02T04:14:05.967125+00:00
watermark_robustness,bernard_law_4.png,brightness_up,brightness,{'factor': 1.2},True,1.0,1.0,72821bc1,True,False,35.9604,0.926399,19.3105,0.1.0,not-a-git-repository,3.12.10,macOS-26.6.2-arm64-arm-64bit,2.5.2,42,cpu,opencv_yunet,landmark,insightface,spectral,dct,0.16,2026-09-02T04:14:05.967125+00:00
watermark_robustness,bernard_law_4.png,contrast_down,contrast,{'factor': 0.8},True,1.0,1.0,72821bc1,True,False,35.9604,0.926399,27.319,0.1.0,not-a-git-repository,3.12.10,macOS-26.6.2-arm64-arm-64bit,2.5.2,42,cpu,opencv_yunet,landmark,insightface,spectral,dct,0.16,2026-09-02T04:14:05.967125+00:00
watermark_robustness,bernard_law_4.png,webp_q80,webp,{'quality': 80},True,1.0,1.0,72821bc1,True,False,35.9604,0.926399,37.3786,0.1.0,not-a-git-repository,3.12.10,macOS-26.6.2-arm64-arm-64bit,2.5.2,42,cpu,opencv_yunet,landmark,insightface,spectral,dct,0.16,2026-09-02T04:14:05.967125+00:00
watermark_robustness,bernard_law_4.png,screenshot,screenshot_simulation,"{'scale': 0.9, 'quality': 85}",True,1.0,1.0,72821bc1,True,False,35.9604,0.926399,39.3618,0.1.0,not-a-git-repository,3.12.10,macOS-26.6.2-arm64-arm-64bit,2.5.2,42,cpu,opencv_yunet,landmark,insightface,spectral,dct,0.16,2026-09-02T04:14:05.967125+00:00
watermark_robustness,binyamin_ben-eliezer_0.png,jpeg_q90,jpeg_compression,{'quality': 90},True,1.0,1.0,fbcdc120,True,False,35.8244,0.894293,44.8284,0.1.0,not-a-git-repository,3.12.10,macOS-26.6.2-arm64-arm-64bit,2.5.2,42,cpu,opencv_yunet,landmark,insightface,spectral,dct,0.16,2026-09-02T04:14:05.967125+00:00
watermark_robustness,binyamin_ben-eliezer_0.png,jpeg_q70,jpeg_compression,{'quality': 70},True,1.0,1.0,fbcdc120,True,False,35.8244,0.894293,38.145,0.1.0,not-a-git-repository,3.12.10,macOS-26.6.2-arm64-arm-64bit,2.5.2,42,cpu,opencv_yunet,landmark,insightface,spectral,dct,0.16,2026-09-02T04:14:05.967125+00:00
watermark_robustness,binyamin_ben-eliezer_0.png,jpeg_q50,jpeg_compression,{'quality': 50},False,0.546875,0.546875,,False,False,35.8244,0.894293,34.7821,0.1.0,not-a-git-repository,3.12.10,macOS-26.6.2-arm64-arm-64bit,2.5.2,42,cpu,opencv_yunet,landmark,insightface,spectral,dct,0.16,2026-09-02T04:14:05.967125+00:00
watermark_robustness,binyamin_ben-eliezer_0.png,resize_75,resize,{'scale': 0.75},True,1.0,1.0,fbcdc120,True,False,35.8244,0.894293,43.219,0.1.0,not-a-git-repository,3.12.10,macOS-26.6.2-arm64-arm-64bit,2.5.2,42,cpu,opencv_yunet,landmark,insightface,spectral,dct,0.16,2026-09-02T04:14:05.967125+00:00
watermark_robustness,binyamin_ben-eliezer_0.png,resize_50,resize,{'scale': 0.5},True,0.148438,0.9375,fbcdc120,True,False,35.8244,0.894293,36.5471,0.1.0,not-a-git-repository,3.12.10,macOS-26.6.2-arm64-arm-64bit,2.5.2,42,cpu,opencv_yunet,landmark,insightface,spectral,dct,0.16,2026-09-02T04:14:05.967125+00:00
watermark_robustness,binyamin_ben-eliezer_0.png,resize_25,resize,{'scale': 0.25},False,0.554688,0.484375,,False,False,35.8244,0.894293,33.1318,0.1.0,not-a-git-repository,3.12.10,macOS-26.6.2-arm64-arm-64bit,2.5.2,42,cpu,opencv_yunet,landmark,insightface,spectral,dct,0.16,2026-09-02T04:14:05.967125+00:00
watermark_robustness,binyamin_ben-eliezer_0.png,crop_10,crop,{'ratio': 0.1},True,1.0,0.5,fbcdc120,True,False,35.8244,0.894293,16.4851,0.1.0,not-a-git-repository,3.12.10,macOS-26.6.2-arm64-arm-64bit,2.5.2,42,cpu,opencv_yunet,landmark,insightface,spectral,dct,0.16,2026-09-02T04:14:05.967125+00:00
watermark_robustness,binyamin_ben-eliezer_0.png,crop_30,crop,{'ratio': 0.3},False,0.5625,0.46875,,False,False,35.8244,0.894293,10.9844,0.1.0,not-a-git-repository,3.12.10,macOS-26.6.2-arm64-arm-64bit,2.5.2,42,cpu,opencv_yunet,landmark,insightface,spectral,dct,0.16,2026-09-02T04:14:05.967125+00:00
watermark_robustness,binyamin_ben-eliezer_0.png,rotate_5,rotation,{'degrees': 5},False,0.5625,0.59375,,False,False,35.8244,0.894293,18.8333,0.1.0,not-a-git-repository,3.12.10,macOS-26.6.2-arm64-arm-64bit,2.5.2,42,cpu,opencv_yunet,landmark,insightface,spectral,dct,0.16,2026-09-02T04:14:05.967125+00:00
watermark_robustness,binyamin_ben-eliezer_0.png,blur_1,blur,{'sigma': 1.0},True,1.0,1.0,fbcdc120,True,False,35.8244,0.894293,36.3657,0.1.0,not-a-git-repository,3.12.10,macOS-26.6.2-arm64-arm-64bit,2.5.2,42,cpu,opencv_yunet,landmark,insightface,spectral,dct,0.16,2026-09-02T04:14:05.967125+00:00
watermark_robustness,binyamin_ben-eliezer_0.png,noise_5,noise,{'sigma': 5.0},True,1.0,1.0,fbcdc120,True,False,35.8244,0.894293,34.1065,0.1.0,not-a-git-repository,3.12.10,macOS-26.6.2-arm64-arm-64bit,2.5.2,42,cpu,opencv_yunet,landmark,insightface,spectral,dct,0.16,2026-09-02T04:14:05.967125+00:00
watermark_robustness,binyamin_ben-eliezer_0.png,brightness_up,brightness,{'factor': 1.2},True,1.0,1.0,fbcdc120,True,False,35.8244,0.894293,24.5186,0.1.0,not-a-git-repository,3.12.10,macOS-26.6.2-arm64-arm-64bit,2.5.2,42,cpu,opencv_yunet,landmark,insightface,spectral,dct,0.16,2026-09-02T04:14:05.967125+00:00
watermark_robustness,binyamin_ben-eliezer_0.png,contrast_down,contrast,{'factor': 0.8},True,1.0,1.0,fbcdc120,True,False,35.8244,0.894293,29.4438,0.1.0,not-a-git-repository,3.12.10,macOS-26.6.2-arm64-arm-64bit,2.5.2,42,cpu,opencv_yunet,landmark,insightface,spectral,dct,0.16,2026-09-02T04:14:05.967125+00:00
watermark_robustness,binyamin_ben-eliezer_0.png,webp_q80,webp,{'quality': 80},True,1.0,1.0,fbcdc120,True,False,35.8244,0.894293,37.4063,0.1.0,not-a-git-repository,3.12.10,macOS-26.6.2-arm64-arm-64bit,2.5.2,42,cpu,opencv_yunet,landmark,insightface,spectral,dct,0.16,2026-09-02T04:14:05.967125+00:00
watermark_robustness,binyamin_ben-eliezer_0.png,screenshot,screenshot_simulation,"{'scale': 0.9, 'quality': 85}",True,1.0,1.0,fbcdc120,True,False,35.8244,0.894293,42.5225,0.1.0,not-a-git-repository,3.12.10,macOS-26.6.2-arm64-arm-64bit,2.5.2,42,cpu,opencv_yunet,landmark,insightface,spectral,dct,0.16,2026-09-02T04:14:05.967125+00:00
watermark_robustness,binyamin_ben-eliezer_1.png,jpeg_q90,jpeg_compression,{'quality': 90},True,0.998047,1.0,53c98125,True,False,35.978,0.916804,44.0242,0.1.0,not-a-git-repository,3.12.10,macOS-26.6.2-arm64-arm-64bit,2.5.2,42,cpu,opencv_yunet,landmark,insightface,spectral,dct,0.16,2026-09-02T04:14:05.967125+00:00
watermark_robustness,binyamin_ben-eliezer_1.png,jpeg_q70,jpeg_compression,{'quality': 70},True,0.989583,1.0,53c98125,True,False,35.978,0.916804,37.658,0.1.0,not-a-git-repository,3.12.10,macOS-26.6.2-arm64-arm-64bit,2.5.2,42,cpu,opencv_yunet,landmark,insightface,spectral,dct,0.16,2026-09-02T04:14:05.967125+00:00
watermark_robustness,binyamin_ben-eliezer_1.png,jpeg_q50,jpeg_compression,{'quality': 50},False,0.523438,0.546875,,False,False,35.978,0.916804,34.3737,0.1.0,not-a-git-repository,3.12.10,macOS-26.6.2-arm64-arm-64bit,2.5.2,42,cpu,opencv_yunet,landmark,insightface,spectral,dct,0.16,2026-09-02T04:14:05.967125+00:00
watermark_robustness,binyamin_ben-eliezer_1.png,resize_75,resize,{'scale': 0.75},True,0.998047,1.0,53c98125,True,False,35.978,0.916804,39.1184,0.1.0,not-a-git-repository,3.12.10,macOS-26.6.2-arm64-arm-64bit,2.5.2,42,cpu,opencv_yunet,landmark,insightface,spectral,dct,0.16,2026-09-02T04:14:05.967125+00:00
watermark_robustness,binyamin_ben-eliezer_1.png,resize_50,resize,{'scale': 0.5},True,0.100342,0.890625,53c98125,True,False,35.978,0.916804,34.1899,0.1.0,not-a-git-repository,3.12.10,macOS-26.6.2-arm64-arm-64bit,2.5.2,42,cpu,opencv_yunet,landmark,insightface,spectral,dct,0.16,2026-09-02T04:14:05.967125+00:00
watermark_robustness,binyamin_ben-eliezer_1.png,resize_25,resize,{'scale': 0.25},False,0.554688,0.515625,,False,False,35.978,0.916804,30.0204,0.1.0,not-a-git-repository,3.12.10,macOS-26.6.2-arm64-arm-64bit,2.5.2,42,cpu,opencv_yunet,landmark,insightface,spectral,dct,0.16,2026-09-02T04:14:05.967125+00:00
watermark_robustness,binyamin_ben-eliezer_1.png,crop_10,crop,{'ratio': 0.1},True,1.0,0.5625,53c98125,True,False,35.978,0.916804,14.0386,0.1.0,not-a-git-repository,3.12.10,macOS-26.6.2-arm64-arm-64bit,2.5.2,42,cpu,opencv_yunet,landmark,insightface,spectral,dct,0.16,2026-09-02T04:14:05.967125+00:00
watermark_robustness,binyamin_ben-eliezer_1.png,crop_30,crop,{'ratio': 0.3},False,0.546875,0.5,,False,False,35.978,0.916804,11.1463,0.1.0,not-a-git-repository,3.12.10,macOS-26.6.2-arm64-arm-64bit,2.5.2,42,cpu,opencv_yunet,landmark,insightface,spectral,dct,0.16,2026-09-02T04:14:05.967125+00:00
watermark_robustness,binyamin_ben-eliezer_1.png,rotate_5,rotation,{'degrees': 5},False,0.515625,0.515625,,False,False,35.978,0.916804,16.2587,0.1.0,not-a-git-repository,3.12.10,macOS-26.6.2-arm64-arm-64bit,2.5.2,42,cpu,opencv_yunet,landmark,insightface,spectral,dct,0.16,2026-09-02T04:14:05.967125+00:00
watermark_robustness,binyamin_ben-eliezer_1.png,blur_1,blur,{'sigma': 1.0},True,0.998047,1.0,53c98125,True,False,35.978,0.916804,33.6264,0.1.0,not-a-git-repository,3.12.10,macOS-26.6.2-arm64-arm-64bit,2.5.2,42,cpu,opencv_yunet,landmark,insightface,spectral,dct,0.16,2026-09-02T04:14:05.967125+00:00
watermark_robustness,binyamin_ben-eliezer_1.png,noise_5,noise,{'sigma': 5.0},True,1.0,1.0,53c98125,True,False,35.978,0.916804,34.1438,0.1.0,not-a-git-repository,3.12.10,macOS-26.6.2-arm64-arm-64bit,2.5.2,42,cpu,opencv_yunet,landmark,insightface,spectral,dct,0.16,2026-09-02T04:14:05.967125+00:00
watermark_robustness,binyamin_ben-eliezer_1.png,brightness_up,brightness,{'factor': 1.2},True,0.997396,1.0,53c98125,True,False,35.978,0.916804,22.3081,0.1.0,not-a-git-repository,3.12.10,macOS-26.6.2-arm64-arm-64bit,2.5.2,42,cpu,opencv_yunet,landmark,insightface,spectral,dct,0.16,2026-09-02T04:14:05.967125+00:00
watermark_robustness,binyamin_ben-eliezer_1.png,contrast_down,contrast,{'factor': 0.8},True,1.0,1.0,53c98125,True,False,35.978,0.916804,27.2338,0.1.0,not-a-git-repository,3.12.10,macOS-26.6.2-arm64-arm-64bit,2.5.2,42,cpu,opencv_yunet,landmark,insightface,spectral,dct,0.16,2026-09-02T04:14:05.967125+00:00
watermark_robustness,binyamin_ben-eliezer_1.png,webp_q80,webp,{'quality': 80},True,0.994141,1.0,53c98125,True,False,35.978,0.916804,37.2555,0.1.0,not-a-git-repository,3.12.10,macOS-26.6.2-arm64-arm-64bit,2.5.2,42,cpu,opencv_yunet,landmark,insightface,spectral,dct,0.16,2026-09-02T04:14:05.967125+00:00
watermark_robustness,binyamin_ben-eliezer_1.png,screenshot,screenshot_simulation,"{'scale': 0.9, 'quality': 85}",True,0.996094,1.0,53c98125,True,False,35.978,0.916804,39.607,0.1.0,not-a-git-repository,3.12.10,macOS-26.6.2-arm64-arm-64bit,2.5.2,42,cpu,opencv_yunet,landmark,insightface,spectral,dct,0.16,2026-09-02T04:14:05.967125+00:00
watermark_robustness,binyamin_ben-eliezer_2.png,jpeg_q90,jpeg_compression,{'quality': 90},True,0.998047,1.0,83cef772,True,False,36.3326,0.9212,42.2603,0.1.0,not-a-git-repository,3.12.10,macOS-26.6.2-arm64-arm-64bit,2.5.2,42,cpu,opencv_yunet,landmark,insightface,spectral,dct,0.16,2026-09-02T04:14:05.967125+00:00
watermark_robustness,binyamin_ben-eliezer_2.png,jpeg_q70,jpeg_compression,{'quality': 70},True,0.897135,1.0,83cef772,True,False,36.3326,0.9212,36.3993,0.1.0,not-a-git-repository,3.12.10,macOS-26.6.2-arm64-arm-64bit,2.5.2,42,cpu,opencv_yunet,landmark,insightface,spectral,dct,0.16,2026-09-02T04:14:05.967125+00:00
watermark_robustness,binyamin_ben-eliezer_2.png,jpeg_q50,jpeg_compression,{'quality': 50},False,0.546875,0.53125,,False,False,36.3326,0.9212,33.5203,0.1.0,not-a-git-repository,3.12.10,macOS-26.6.2-arm64-arm-64bit,2.5.2,42,cpu,opencv_yunet,landmark,insightface,spectral,dct,0.16,2026-09-02T04:14:05.967125+00:00
watermark_robustness,binyamin_ben-eliezer_2.png,resize_75,resize,{'scale': 0.75},True,1.0,1.0,83cef772,True,False,36.3326,0.9212,37.0217,0.1.0,not-a-git-repository,3.12.10,macOS-26.6.2-arm64-arm-64bit,2.5.2,42,cpu,opencv_yunet,landmark,insightface,spectral,dct,0.16,2026-09-02T04:14:05.967125+00:00
watermark_robustness,binyamin_ben-eliezer_2.png,resize_50,resize,{'scale': 0.5},False,0.755859,0.9375,,False,False,36.3326,0.9212,32.8956,0.1.0,not-a-git-repository,3.12.10,macOS-26.6.2-arm64-arm-64bit,2.5.2,42,cpu,opencv_yunet,landmark,insightface,spectral,dct,0.16,2026-09-02T04:14:05.967125+00:00
watermark_robustness,binyamin_ben-eliezer_2.png,resize_25,resize,{'scale': 0.25},False,0.539062,0.5625,,False,False,36.3326,0.9212,27.855,0.1.0,not-a-git-repository,3.12.10,macOS-26.6.2-arm64-arm-64bit,2.5.2,42,cpu,opencv_yunet,landmark,insightface,spectral,dct,0.16,2026-09-02T04:14:05.967125+00:00
watermark_robustness,binyamin_ben-eliezer_2.png,crop_10,crop,{'ratio': 0.1},True,1.0,0.578125,83cef772,True,False,36.3326,0.9212,13.6214,0.1.0,not-a-git-repository,3.12.10,macOS-26.6.2-arm64-arm-64bit,2.5.2,42,cpu,opencv_yunet,landmark,insightface,spectral,dct,0.16,2026-09-02T04:14:05.967125+00:00
watermark_robustness,binyamin_ben-eliezer_2.png,crop_30,crop,{'ratio': 0.3},False,0.515625,0.5,,False,False,36.3326,0.9212,11.3353,0.1.0,not-a-git-repository,3.12.10,macOS-26.6.2-arm64-arm-64bit,2.5.2,42,cpu,opencv_yunet,landmark,insightface,spectral,dct,0.16,2026-09-02T04:14:05.967125+00:00
watermark_robustness,binyamin_ben-eliezer_2.png,rotate_5,rotation,{'degrees': 5},False,0.523438,0.53125,,False,False,36.3326,0.9212,16.726,0.1.0,not-a-git-repository,3.12.10,macOS-26.6.2-arm64-arm-64bit,2.5.2,42,cpu,opencv_yunet,landmark,insightface,spectral,dct,0.16,2026-09-02T04:14:05.967125+00:00
watermark_robustness,binyamin_ben-eliezer_2.png,blur_1,blur,{'sigma': 1.0},True,0.99349,1.0,83cef772,True,False,36.3326,0.9212,31.9805,0.1.0,not-a-git-repository,3.12.10,macOS-26.6.2-arm64-arm-64bit,2.5.2,42,cpu,opencv_yunet,landmark,insightface,spectral,dct,0.16,2026-09-02T04:14:05.967125+00:00
watermark_robustness,binyamin_ben-eliezer_2.png,noise_5,noise,{'sigma': 5.0},True,1.0,1.0,83cef772,True,False,36.3326,0.9212,34.4346,0.1.0,not-a-git-repository,3.12.10,macOS-26.6.2-arm64-arm-64bit,2.5.2,42,cpu,opencv_yunet,landmark,insightface,spectral,dct,0.16,2026-09-02T04:14:05.967125+00:00
watermark_robustness,binyamin_ben-eliezer_2.png,brightness_up,brightness,{'factor': 1.2},True,1.0,1.0,83cef772,True,False,36.3326,0.9212,21.1995,0.1.0,not-a-git-repository,3.12.10,macOS-26.6.2-arm64-arm-64bit,2.5.2,42,cpu,opencv_yunet,landmark,insightface,spectral,dct,0.16,2026-09-02T04:14:05.967125+00:00
watermark_robustness,binyamin_ben-eliezer_2.png,contrast_down,contrast,{'factor': 0.8},True,1.0,1.0,83cef772,True,False,36.3326,0.9212,24.9646,0.1.0,not-a-git-repository,3.12.10,macOS-26.6.2-arm64-arm-64bit,2.5.2,42,cpu,opencv_yunet,landmark,insightface,spectral,dct,0.16,2026-09-02T04:14:05.967125+00:00
watermark_robustness,binyamin_ben-eliezer_2.png,webp_q80,webp,{'quality': 80},True,0.895833,1.0,83cef772,True,False,36.3326,0.9212,37.1201,0.1.0,not-a-git-repository,3.12.10,macOS-26.6.2-arm64-arm-64bit,2.5.2,42,cpu,opencv_yunet,landmark,insightface,spectral,dct,0.16,2026-09-02T04:14:05.967125+00:00
watermark_robustness,binyamin_ben-eliezer_2.png,screenshot,screenshot_simulation,"{'scale': 0.9, 'quality': 85}",True,0.919922,1.0,83cef772,True,False,36.3326,0.9212,37.4556,0.1.0,not-a-git-repository,3.12.10,macOS-26.6.2-arm64-arm-64bit,2.5.2,42,cpu,opencv_yunet,landmark,insightface,spectral,dct,0.16,2026-09-02T04:14:05.967125+00:00
watermark_robustness,binyamin_ben-eliezer_3.png,jpeg_q90,jpeg_compression,{'quality': 90},True,1.0,1.0,ba4b7c3c,True,False,36.0603,0.902531,43.7908,0.1.0,not-a-git-repository,3.12.10,macOS-26.6.2-arm64-arm-64bit,2.5.2,42,cpu,opencv_yunet,landmark,insightface,spectral,dct,0.16,2026-09-02T04:14:05.967125+00:00
watermark_robustness,binyamin_ben-eliezer_3.png,jpeg_q70,jpeg_compression,{'quality': 70},True,0.945964,1.0,ba4b7c3c,True,False,36.0603,0.902531,37.5423,0.1.0,not-a-git-repository,3.12.10,macOS-26.6.2-arm64-arm-64bit,2.5.2,42,cpu,opencv_yunet,landmark,insightface,spectral,dct,0.16,2026-09-02T04:14:05.967125+00:00
watermark_robustness,binyamin_ben-eliezer_3.png,jpeg_q50,jpeg_compression,{'quality': 50},False,0.570312,0.53125,,False,False,36.0603,0.902531,34.4066,0.1.0,not-a-git-repository,3.12.10,macOS-26.6.2-arm64-arm-64bit,2.5.2,42,cpu,opencv_yunet,landmark,insightface,spectral,dct,0.16,2026-09-02T04:14:05.967125+00:00
watermark_robustness,binyamin_ben-eliezer_3.png,resize_75,resize,{'scale': 0.75},True,1.0,1.0,ba4b7c3c,True,False,36.0603,0.902531,36.5211,0.1.0,not-a-git-repository,3.12.10,macOS-26.6.2-arm64-arm-64bit,2.5.2,42,cpu,opencv_yunet,landmark,insightface,spectral,dct,0.16,2026-09-02T04:14:05.967125+00:00
watermark_robustness,binyamin_ben-eliezer_3.png,resize_50,resize,{'scale': 0.5},True,0.156641,0.9375,ba4b7c3c,True,False,36.0603,0.902531,31.5825,0.1.0,not-a-git-repository,3.12.10,macOS-26.6.2-arm64-arm-64bit,2.5.2,42,cpu,opencv_yunet,landmark,insightface,spectral,dct,0.16,2026-09-02T04:14:05.967125+00:00
watermark_robustness,binyamin_ben-eliezer_3.png,resize_25,resize,{'scale': 0.25},False,0.546875,0.53125,,False,False,36.0603,0.902531,26.4763,0.1.0,not-a-git-repository,3.12.10,macOS-26.6.2-arm64-arm-64bit,2.5.2,42,cpu,opencv_yunet,landmark,insightface,spectral,dct,0.16,2026-09-02T04:14:05.967125+00:00
watermark_robustness,binyamin_ben-eliezer_3.png,crop_10,crop,{'ratio': 0.1},True,1.0,0.375,ba4b7c3c,True,False,36.0603,0.902531,11.6212,0.1.0,not-a-git-repository,3.12.10,macOS-26.6.2-arm64-arm-64bit,2.5.2,42,cpu,opencv_yunet,landmark,insightface,spectral,dct,0.16,2026-09-02T04:14:05.967125+00:00
watermark_robustness,binyamin_ben-eliezer_3.png,crop_30,crop,{'ratio': 0.3},False,0.578125,0.578125,,False,False,36.0603,0.902531,11.2187,0.1.0,not-a-git-repository,3.12.10,macOS-26.6.2-arm64-arm-64bit,2.5.2,42,cpu,opencv_yunet,landmark,insightface,spectral,dct,0.16,2026-09-02T04:14:05.967125+00:00
watermark_robustness,binyamin_ben-eliezer_3.png,rotate_5,rotation,{'degrees': 5},False,0.523438,0.5,,False,False,36.0603,0.902531,14.7191,0.1.0,not-a-git-repository,3.12.10,macOS-26.6.2-arm64-arm-64bit,2.5.2,42,cpu,opencv_yunet,landmark,insightface,spectral,dct,0.16,2026-09-02T04:14:05.967125+00:00
watermark_robustness,binyamin_ben-eliezer_3.png,blur_1,blur,{'sigma': 1.0},True,0.998047,1.0,ba4b7c3c,True,False,36.0603,0.902531,31.1625,0.1.0,not-a-git-repository,3.12.10,macOS-26.6.2-arm64-arm-64bit,2.5.2,42,cpu,opencv_yunet,landmark,insightface,spectral,dct,0.16,2026-09-02T04:14:05.967125+00:00
watermark_robustness,binyamin_ben-eliezer_3.png,noise_5,noise,{'sigma': 5.0},True,1.0,1.0,ba4b7c3c,True,False,36.0603,0.902531,34.2227,0.1.0,not-a-git-repository,3.12.10,macOS-26.6.2-arm64-arm-64bit,2.5.2,42,cpu,opencv_yunet,landmark,insightface,spectral,dct,0.16,2026-09-02T04:14:05.967125+00:00
watermark_robustness,binyamin_ben-eliezer_3.png,brightness_up,brightness,{'factor': 1.2},True,0.994141,1.0,ba4b7c3c,True,False,36.0603,0.902531,20.2115,0.1.0,not-a-git-repository,3.12.10,macOS-26.6.2-arm64-arm-64bit,2.5.2,42,cpu,opencv_yunet,landmark,insightface,spectral,dct,0.16,2026-09-02T04:14:05.967125+00:00
watermark_robustness,binyamin_ben-eliezer_3.png,contrast_down,contrast,{'factor': 0.8},True,1.0,1.0,ba4b7c3c,True,False,36.0603,0.902531,25.8195,0.1.0,not-a-git-repository,3.12.10,macOS-26.6.2-arm64-arm-64bit,2.5.2,42,cpu,opencv_yunet,landmark,insightface,spectral,dct,0.16,2026-09-02T04:14:05.967125+00:00
watermark_robustness,binyamin_ben-eliezer_3.png,webp_q80,webp,{'quality': 80},True,0.982422,1.0,ba4b7c3c,True,False,36.0603,0.902531,37.4336,0.1.0,not-a-git-repository,3.12.10,macOS-26.6.2-arm64-arm-64bit,2.5.2,42,cpu,opencv_yunet,landmark,insightface,spectral,dct,0.16,2026-09-02T04:14:05.967125+00:00
watermark_robustness,binyamin_ben-eliezer_3.png,screenshot,screenshot_simulation,"{'scale': 0.9, 'quality': 85}",True,0.982422,1.0,ba4b7c3c,True,False,36.0603,0.902531,38.3554,0.1.0,not-a-git-repository,3.12.10,macOS-26.6.2-arm64-arm-64bit,2.5.2,42,cpu,opencv_yunet,landmark,insightface,spectral,dct,0.16,2026-09-02T04:14:05.967125+00:00
watermark_robustness,binyamin_ben-eliezer_4.png,jpeg_q90,jpeg_compression,{'quality': 90},True,1.0,1.0,d9f593b1,True,False,36.1156,0.910296,41.8846,0.1.0,not-a-git-repository,3.12.10,macOS-26.6.2-arm64-arm-64bit,2.5.2,42,cpu,opencv_yunet,landmark,insightface,spectral,dct,0.16,2026-09-02T04:14:05.967125+00:00
watermark_robustness,binyamin_ben-eliezer_4.png,jpeg_q70,jpeg_compression,{'quality': 70},True,0.901693,1.0,d9f593b1,True,False,36.1156,0.910296,36.4435,0.1.0,not-a-git-repository,3.12.10,macOS-26.6.2-arm64-arm-64bit,2.5.2,42,cpu,opencv_yunet,landmark,insightface,spectral,dct,0.16,2026-09-02T04:14:05.967125+00:00
watermark_robustness,binyamin_ben-eliezer_4.png,jpeg_q50,jpeg_compression,{'quality': 50},False,0.546875,0.5625,,False,False,36.1156,0.910296,33.6086,0.1.0,not-a-git-repository,3.12.10,macOS-26.6.2-arm64-arm-64bit,2.5.2,42,cpu,opencv_yunet,landmark,insightface,spectral,dct,0.16,2026-09-02T04:14:05.967125+00:00
watermark_robustness,binyamin_ben-eliezer_4.png,resize_75,resize,{'scale': 0.75},True,0.997396,1.0,d9f593b1,True,False,36.1156,0.910296,38.6498,0.1.0,not-a-git-repository,3.12.10,macOS-26.6.2-arm64-arm-64bit,2.5.2,42,cpu,opencv_yunet,landmark,insightface,spectral,dct,0.16,2026-09-02T04:14:05.967125+00:00
watermark_robustness,binyamin_ben-eliezer_4.png,resize_50,resize,{'scale': 0.5},False,0.688368,0.9375,,False,False,36.1156,0.910296,33.0346,0.1.0,not-a-git-repository,3.12.10,macOS-26.6.2-arm64-arm-64bit,2.5.2,42,cpu,opencv_yunet,landmark,insightface,spectral,dct,0.16,2026-09-02T04:14:05.967125+00:00
watermark_robustness,binyamin_ben-eliezer_4.png,resize_25,resize,{'scale': 0.25},False,0.539062,0.390625,,False,False,36.1156,0.910296,27.0655,0.1.0,not-a-git-repository,3.12.10,macOS-26.6.2-arm64-arm-64bit,2.5.2,42,cpu,opencv_yunet,landmark,insightface,spectral,dct,0.16,2026-09-02T04:14:05.967125+00:00
watermark_robustness,binyamin_ben-eliezer_4.png,crop_10,crop,{'ratio': 0.1},True,1.0,0.59375,d9f593b1,True,False,36.1156,0.910296,9.4891,0.1.0,not-a-git-repository,3.12.10,macOS-26.6.2-arm64-arm-64bit,2.5.2,42,cpu,opencv_yunet,landmark,insightface,spectral,dct,0.16,2026-09-02T04:14:05.967125+00:00
watermark_robustness,binyamin_ben-eliezer_4.png,crop_30,crop,{'ratio': 0.3},False,0.585938,0.46875,,False,False,36.1156,0.910296,8.9416,0.1.0,not-a-git-repository,3.12.10,macOS-26.6.2-arm64-arm-64bit,2.5.2,42,cpu,opencv_yunet,landmark,insightface,spectral,dct,0.16,2026-09-02T04:14:05.967125+00:00
watermark_robustness,binyamin_ben-eliezer_4.png,rotate_5,rotation,{'degrees': 5},False,0.523438,0.546875,,False,False,36.1156,0.910296,14.5433,0.1.0,not-a-git-repository,3.12.10,macOS-26.6.2-arm64-arm-64bit,2.5.2,42,cpu,opencv_yunet,landmark,insightface,spectral,dct,0.16,2026-09-02T04:14:05.967125+00:00
watermark_robustness,binyamin_ben-eliezer_4.png,blur_1,blur,{'sigma': 1.0},True,0.989583,1.0,d9f593b1,True,False,36.1156,0.910296,31.5333,0.1.0,not-a-git-repository,3.12.10,macOS-26.6.2-arm64-arm-64bit,2.5.2,42,cpu,opencv_yunet,landmark,insightface,spectral,dct,0.16,2026-09-02T04:14:05.967125+00:00
watermark_robustness,binyamin_ben-eliezer_4.png,noise_5,noise,{'sigma': 5.0},True,1.0,1.0,d9f593b1,True,False,36.1156,0.910296,34.4197,0.1.0,not-a-git-repository,3.12.10,macOS-26.6.2-arm64-arm-64bit,2.5.2,42,cpu,opencv_yunet,landmark,insightface,spectral,dct,0.16,2026-09-02T04:14:05.967125+00:00
watermark_robustness,binyamin_ben-eliezer_4.png,brightness_up,brightness,{'factor': 1.2},True,0.966146,1.0,d9f593b1,True,False,36.1156,0.910296,21.9847,0.1.0,not-a-git-repository,3.12.10,macOS-26.6.2-arm64-arm-64bit,2.5.2,42,cpu,opencv_yunet,landmark,insightface,spectral,dct,0.16,2026-09-02T04:14:05.967125+00:00
watermark_robustness,binyamin_ben-eliezer_4.png,contrast_down,contrast,{'factor': 0.8},True,1.0,1.0,d9f593b1,True,False,36.1156,0.910296,24.7305,0.1.0,not-a-git-repository,3.12.10,macOS-26.6.2-arm64-arm-64bit,2.5.2,42,cpu,opencv_yunet,landmark,insightface,spectral,dct,0.16,2026-09-02T04:14:05.967125+00:00
watermark_robustness,binyamin_ben-eliezer_4.png,webp_q80,webp,{'quality': 80},True,0.933594,1.0,d9f593b1,True,False,36.1156,0.910296,37.1359,0.1.0,not-a-git-repository,3.12.10,macOS-26.6.2-arm64-arm-64bit,2.5.2,42,cpu,opencv_yunet,landmark,insightface,spectral,dct,0.16,2026-09-02T04:14:05.967125+00:00
watermark_robustness,binyamin_ben-eliezer_4.png,screenshot,screenshot_simulation,"{'scale': 0.9, 'quality': 85}",True,0.936849,1.0,d9f593b1,True,False,36.1156,0.910296,38.4578,0.1.0,not-a-git-repository,3.12.10,macOS-26.6.2-arm64-arm-64bit,2.5.2,42,cpu,opencv_yunet,landmark,insightface,spectral,dct,0.16,2026-09-02T04:14:05.967125+00:00
watermark_robustness,binyamin_ben-eliezer_5.png,jpeg_q90,jpeg_compression,{'quality': 90},True,1.0,1.0,f51ced80,True,False,36.0531,0.912744,43.032,0.1.0,not-a-git-repository,3.12.10,macOS-26.6.2-arm64-arm-64bit,2.5.2,42,cpu,opencv_yunet,landmark,insightface,spectral,dct,0.16,2026-09-02T04:14:05.967125+00:00
watermark_robustness,binyamin_ben-eliezer_5.png,jpeg_q70,jpeg_compression,{'quality': 70},True,0.976562,1.0,f51ced80,True,False,36.0531,0.912744,37.2148,0.1.0,not-a-git-repository,3.12.10,macOS-26.6.2-arm64-arm-64bit,2.5.2,42,cpu,opencv_yunet,landmark,insightface,spectral,dct,0.16,2026-09-02T04:14:05.967125+00:00
watermark_robustness,binyamin_ben-eliezer_5.png,jpeg_q50,jpeg_compression,{'quality': 50},False,0.5625,0.6875,,False,False,36.0531,0.912744,34.1905,0.1.0,not-a-git-repository,3.12.10,macOS-26.6.2-arm64-arm-64bit,2.5.2,42,cpu,opencv_yunet,landmark,insightface,spectral,dct,0.16,2026-09-02T04:14:05.967125+00:00
watermark_robustness,binyamin_ben-eliezer_5.png,resize_75,resize,{'scale': 0.75},True,1.0,1.0,f51ced80,True,False,36.0531,0.912744,40.9033,0.1.0,not-a-git-repository,3.12.10,macOS-26.6.2-arm64-arm-64bit,2.5.2,42,cpu,opencv_yunet,landmark,insightface,spectral,dct,0.16,2026-09-02T04:14:05.967125+00:00
watermark_robustness,binyamin_ben-eliezer_5.png,resize_50,resize,{'scale': 0.5},False,0.80599,0.96875,,False,False,36.0531,0.912744,34.9477,0.1.0,not-a-git-repository,3.12.10,macOS-26.6.2-arm64-arm-64bit,2.5.2,42,cpu,opencv_yunet,landmark,insightface,spectral,dct,0.16,2026-09-02T04:14:05.967125+00:00
watermark_robustness,binyamin_ben-eliezer_5.png,resize_25,resize,{'scale': 0.25},False,0.53125,0.578125,,False,False,36.0531,0.912744,30.5469,0.1.0,not-a-git-repository,3.12.10,macOS-26.6.2-arm64-arm-64bit,2.5.2,42,cpu,opencv_yunet,landmark,insightface,spectral,dct,0.16,2026-09-02T04:14:05.967125+00:00
watermark_robustness,binyamin_ben-eliezer_5.png,crop_10,crop,{'ratio': 0.1},True,1.0,0.4375,f51ced80,True,False,36.0531,0.912744,16.1027,0.1.0,not-a-git-repository,3.12.10,macOS-26.6.2-arm64-arm-64bit,2.5.2,42,cpu,opencv_yunet,landmark,insightface,spectral,dct,0.16,2026-09-02T04:14:05.967125+00:00
watermark_robustness,binyamin_ben-eliezer_5.png,crop_30,crop,{'ratio': 0.3},False,0.523438,0.515625,,False,False,36.0531,0.912744,10.524,0.1.0,not-a-git-repository,3.12.10,macOS-26.6.2-arm64-arm-64bit,2.5.2,42,cpu,opencv_yunet,landmark,insightface,spectral,dct,0.16,2026-09-02T04:14:05.967125+00:00
watermark_robustness,binyamin_ben-eliezer_5.png,rotate_5,rotation,{'degrees': 5},False,0.523438,0.46875,,False,False,36.0531,0.912744,19.0085,0.1.0,not-a-git-repository,3.12.10,macOS-26.6.2-arm64-arm-64bit,2.5.2,42,cpu,opencv_yunet,landmark,insightface,spectral,dct,0.16,2026-09-02T04:14:05.967125+00:00
watermark_robustness,binyamin_ben-eliezer_5.png,blur_1,blur,{'sigma': 1.0},True,0.998047,1.0,f51ced80,True,False,36.0531,0.912744,34.2849,0.1.0,not-a-git-repository,3.12.10,macOS-26.6.2-arm64-arm-64bit,2.5.2,42,cpu,opencv_yunet,landmark,insightface,spectral,dct,0.16,2026-09-02T04:14:05.967125+00:00
watermark_robustness,binyamin_ben-eliezer_5.png,noise_5,noise,{'sigma': 5.0},True,1.0,1.0,f51ced80,True,False,36.0531,0.912744,34.2964,0.1.0,not-a-git-repository,3.12.10,macOS-26.6.2-arm64-arm-64bit,2.5.2,42,cpu,opencv_yunet,landmark,insightface,spectral,dct,0.16,2026-09-02T04:14:05.967125+00:00
watermark_robustness,binyamin_ben-eliezer_5.png,brightness_up,brightness,{'factor': 1.2},True,1.0,1.0,f51ced80,True,False,36.0531,0.912744,24.7219,0.1.0,not-a-git-repository,3.12.10,macOS-26.6.2-arm64-arm-64bit,2.5.2,42,cpu,opencv_yunet,landmark,insightface,spectral,dct,0.16,2026-09-02T04:14:05.967125+00:00
watermark_robustness,binyamin_ben-eliezer_5.png,contrast_down,contrast,{'factor': 0.8},True,1.0,1.0,f51ced80,True,False,36.0531,0.912744,28.6567,0.1.0,not-a-git-repository,3.12.10,macOS-26.6.2-arm64-arm-64bit,2.5.2,42,cpu,opencv_yunet,landmark,insightface,spectral,dct,0.16,2026-09-02T04:14:05.967125+00:00
watermark_robustness,binyamin_ben-eliezer_5.png,webp_q80,webp,{'quality': 80},True,0.983073,1.0,f51ced80,True,False,36.0531,0.912744,36.946,0.1.0,not-a-git-repository,3.12.10,macOS-26.6.2-arm64-arm-64bit,2.5.2,42,cpu,opencv_yunet,landmark,insightface,spectral,dct,0.16,2026-09-02T04:14:05.967125+00:00
watermark_robustness,binyamin_ben-eliezer_5.png,screenshot,screenshot_simulation,"{'scale': 0.9, 'quality': 85}",True,0.979167,1.0,f51ced80,True,False,36.0531,0.912744,40.6221,0.1.0,not-a-git-repository,3.12.10,macOS-26.6.2-arm64-arm-64bit,2.5.2,42,cpu,opencv_yunet,landmark,insightface,spectral,dct,0.16,2026-09-02T04:14:05.967125+00:00
watermark_robustness,daisy_fuentes_0.png,jpeg_q90,jpeg_compression,{'quality': 90},True,1.0,1.0,9416e3b2,True,False,36.0013,0.933711,42.9529,0.1.0,not-a-git-repository,3.12.10,macOS-26.6.2-arm64-arm-64bit,2.5.2,42,cpu,opencv_yunet,landmark,insightface,spectral,dct,0.16,2026-09-02T04:14:05.967125+00:00
watermark_robustness,daisy_fuentes_0.png,jpeg_q70,jpeg_compression,{'quality': 70},True,0.971354,1.0,9416e3b2,True,False,36.0013,0.933711,37.0059,0.1.0,not-a-git-repository,3.12.10,macOS-26.6.2-arm64-arm-64bit,2.5.2,42,cpu,opencv_yunet,landmark,insightface,spectral,dct,0.16,2026-09-02T04:14:05.967125+00:00
watermark_robustness,daisy_fuentes_0.png,jpeg_q50,jpeg_compression,{'quality': 50},False,0.570312,0.5625,,False,False,36.0013,0.933711,33.7962,0.1.0,not-a-git-repository,3.12.10,macOS-26.6.2-arm64-arm-64bit,2.5.2,42,cpu,opencv_yunet,landmark,insightface,spectral,dct,0.16,2026-09-02T04:14:05.967125+00:00
watermark_robustness,daisy_fuentes_0.png,resize_75,resize,{'scale': 0.75},True,1.0,1.0,9416e3b2,True,False,36.0013,0.933711,40.8911,0.1.0,not-a-git-repository,3.12.10,macOS-26.6.2-arm64-arm-64bit,2.5.2,42,cpu,opencv_yunet,landmark,insightface,spectral,dct,0.16,2026-09-02T04:14:05.967125+00:00
watermark_robustness,daisy_fuentes_0.png,resize_50,resize,{'scale': 0.5},True,0.430556,0.984375,9416e3b2,True,False,36.0013,0.933711,34.7347,0.1.0,not-a-git-repository,3.12.10,macOS-26.6.2-arm64-arm-64bit,2.5.2,42,cpu,opencv_yunet,landmark,insightface,spectral,dct,0.16,2026-09-02T04:14:05.967125+00:00
watermark_robustness,daisy_fuentes_0.png,resize_25,resize,{'scale': 0.25},False,0.585938,0.515625,,False,False,36.0013,0.933711,29.0422,0.1.0,not-a-git-repository,3.12.10,macOS-26.6.2-arm64-arm-64bit,2.5.2,42,cpu,opencv_yunet,landmark,insightface,spectral,dct,0.16,2026-09-02T04:14:05.967125+00:00
watermark_robustness,daisy_fuentes_0.png,crop_10,crop,{'ratio': 0.1},True,1.0,0.59375,9416e3b2,True,False,36.0013,0.933711,12.8608,0.1.0,not-a-git-repository,3.12.10,macOS-26.6.2-arm64-arm-64bit,2.5.2,42,cpu,opencv_yunet,landmark,insightface,spectral,dct,0.16,2026-09-02T04:14:05.967125+00:00
watermark_robustness,daisy_fuentes_0.png,crop_30,crop,{'ratio': 0.3},False,0.546875,0.59375,,False,False,36.0013,0.933711,9.5955,0.1.0,not-a-git-repository,3.12.10,macOS-26.6.2-arm64-arm-64bit,2.5.2,42,cpu,opencv_yunet,landmark,insightface,spectral,dct,0.16,2026-09-02T04:14:05.967125+00:00
watermark_robustness,daisy_fuentes_0.png,rotate_5,rotation,{'degrees': 5},False,0.554688,0.484375,,False,False,36.0013,0.933711,15.4004,0.1.0,not-a-git-repository,3.12.10,macOS-26.6.2-arm64-arm-64bit,2.5.2,42,cpu,opencv_yunet,landmark,insightface,spectral,dct,0.16,2026-09-02T04:14:05.967125+00:00
watermark_robustness,daisy_fuentes_0.png,blur_1,blur,{'sigma': 1.0},True,1.0,1.0,9416e3b2,True,False,36.0013,0.933711,33.7133,0.1.0,not-a-git-repository,3.12.10,macOS-26.6.2-arm64-arm-64bit,2.5.2,42,cpu,opencv_yunet,landmark,insightface,spectral,dct,0.16,2026-09-02T04:14:05.967125+00:00
watermark_robustness,daisy_fuentes_0.png,noise_5,noise,{'sigma': 5.0},True,1.0,1.0,9416e3b2,True,False,36.0013,0.933711,34.1935,0.1.0,not-a-git-repository,3.12.10,macOS-26.6.2-arm64-arm-64bit,2.5.2,42,cpu,opencv_yunet,landmark,insightface,spectral,dct,0.16,2026-09-02T04:14:05.967125+00:00
watermark_robustness,daisy_fuentes_0.png,brightness_up,brightness,{'factor': 1.2},True,1.0,1.0,9416e3b2,True,False,36.0013,0.933711,20.5691,0.1.0,not-a-git-repository,3.12.10,macOS-26.6.2-arm64-arm-64bit,2.5.2,42,cpu,opencv_yunet,landmark,insightface,spectral,dct,0.16,2026-09-02T04:14:05.967125+00:00
watermark_robustness,daisy_fuentes_0.png,contrast_down,contrast,{'factor': 0.8},True,1.0,1.0,9416e3b2,True,False,36.0013,0.933711,27.0621,0.1.0,not-a-git-repository,3.12.10,macOS-26.6.2-arm64-arm-64bit,2.5.2,42,cpu,opencv_yunet,landmark,insightface,spectral,dct,0.16,2026-09-02T04:14:05.967125+00:00
watermark_robustness,daisy_fuentes_0.png,webp_q80,webp,{'quality': 80},True,0.998047,1.0,9416e3b2,True,False,36.0013,0.933711,36.69,0.1.0,not-a-git-repository,3.12.10,macOS-26.6.2-arm64-arm-64bit,2.5.2,42,cpu,opencv_yunet,landmark,insightface,spectral,dct,0.16,2026-09-02T04:14:05.967125+00:00
watermark_robustness,daisy_fuentes_0.png,screenshot,screenshot_simulation,"{'scale': 0.9, 'quality': 85}",True,0.997396,1.0,9416e3b2,True,False,36.0013,0.933711,40.4188,0.1.0,not-a-git-repository,3.12.10,macOS-26.6.2-arm64-arm-64bit,2.5.2,42,cpu,opencv_yunet,landmark,insightface,spectral,dct,0.16,2026-09-02T04:14:05.967125+00:00
watermark_robustness,daisy_fuentes_1.png,jpeg_q90,jpeg_compression,{'quality': 90},True,1.0,1.0,1ffbe7b1,True,False,35.9501,0.935069,41.1597,0.1.0,not-a-git-repository,3.12.10,macOS-26.6.2-arm64-arm-64bit,2.5.2,42,cpu,opencv_yunet,landmark,insightface,spectral,dct,0.16,2026-09-02T04:14:05.967125+00:00
watermark_robustness,daisy_fuentes_1.png,jpeg_q70,jpeg_compression,{'quality': 70},True,0.983724,1.0,1ffbe7b1,True,False,35.9501,0.935069,35.9026,0.1.0,not-a-git-repository,3.12.10,macOS-26.6.2-arm64-arm-64bit,2.5.2,42,cpu,opencv_yunet,landmark,insightface,spectral,dct,0.16,2026-09-02T04:14:05.967125+00:00
watermark_robustness,daisy_fuentes_1.png,jpeg_q50,jpeg_compression,{'quality': 50},False,0.523438,0.625,,False,False,35.9501,0.935069,33.0629,0.1.0,not-a-git-repository,3.12.10,macOS-26.6.2-arm64-arm-64bit,2.5.2,42,cpu,opencv_yunet,landmark,insightface,spectral,dct,0.16,2026-09-02T04:14:05.967125+00:00
watermark_robustness,daisy_fuentes_1.png,resize_75,resize,{'scale': 0.75},True,1.0,1.0,1ffbe7b1,True,False,35.9501,0.935069,39.7391,0.1.0,not-a-git-repository,3.12.10,macOS-26.6.2-arm64-arm-64bit,2.5.2,42,cpu,opencv_yunet,landmark,insightface,spectral,dct,0.16,2026-09-02T04:14:05.967125+00:00
watermark_robustness,daisy_fuentes_1.png,resize_50,resize,{'scale': 0.5},False,0.726562,0.890625,,False,False,35.9501,0.935069,34.0056,0.1.0,not-a-git-repository,3.12.10,macOS-26.6.2-arm64-arm-64bit,2.5.2,42,cpu,opencv_yunet,landmark,insightface,spectral,dct,0.16,2026-09-02T04:14:05.967125+00:00
watermark_robustness,daisy_fuentes_1.png,resize_25,resize,{'scale': 0.25},False,0.53125,0.5,,False,False,35.9501,0.935069,28.7095,0.1.0,not-a-git-repository,3.12.10,macOS-26.6.2-arm64-arm-64bit,2.5.2,42,cpu,opencv_yunet,landmark,insightface,spectral,dct,0.16,2026-09-02T04:14:05.967125+00:00
watermark_robustness,daisy_fuentes_1.png,crop_10,crop,{'ratio': 0.1},False,1.0,0.5,,False,False,35.9501,0.935069,12.4305,0.1.0,not-a-git-repository,3.12.10,macOS-26.6.2-arm64-arm-64bit,2.5.2,42,cpu,opencv_yunet,landmark,insightface,spectral,dct,0.16,2026-09-02T04:14:05.967125+00:00
watermark_robustness,daisy_fuentes_1.png,crop_30,crop,{'ratio': 0.3},False,0.539062,0.5,,False,False,35.9501,0.935069,9.1002,0.1.0,not-a-git-repository,3.12.10,macOS-26.6.2-arm64-arm-64bit,2.5.2,42,cpu,opencv_yunet,landmark,insightface,spectral,dct,0.16,2026-09-02T04:14:05.967125+00:00
watermark_robustness,daisy_fuentes_1.png,rotate_5,rotation,{'degrees': 5},False,0.5,0.421875,,False,False,35.9501,0.935069,15.1264,0.1.0,not-a-git-repository,3.12.10,macOS-26.6.2-arm64-arm-64bit,2.5.2,42,cpu,opencv_yunet,landmark,insightface,spectral,dct,0.16,2026-09-02T04:14:05.967125+00:00
watermark_robustness,daisy_fuentes_1.png,blur_1,blur,{'sigma': 1.0},True,1.0,1.0,1ffbe7b1,True,False,35.9501,0.935069,33.0092,0.1.0,not-a-git-repository,3.12.10,macOS-26.6.2-arm64-arm-64bit,2.5.2,42,cpu,opencv_yunet,landmark,insightface,spectral,dct,0.16,2026-09-02T04:14:05.967125+00:00
watermark_robustness,daisy_fuentes_1.png,noise_5,noise,{'sigma': 5.0},True,1.0,1.0,1ffbe7b1,True,False,35.9501,0.935069,34.2088,0.1.0,not-a-git-repository,3.12.10,macOS-26.6.2-arm64-arm-64bit,2.5.2,42,cpu,opencv_yunet,landmark,insightface,spectral,dct,0.16,2026-09-02T04:14:05.967125+00:00
watermark_robustness,daisy_fuentes_1.png,brightness_up,brightness,{'factor': 1.2},True,1.0,1.0,1ffbe7b1,True,False,35.9501,0.935069,22.1835,0.1.0,not-a-git-repository,3.12.10,macOS-26.6.2-arm64-arm-64bit,2.5.2,42,cpu,opencv_yunet,landmark,insightface,spectral,dct,0.16,2026-09-02T04:14:05.967125+00:00
watermark_robustness,daisy_fuentes_1.png,contrast_down,contrast,{'factor': 0.8},True,1.0,1.0,1ffbe7b1,True,False,35.9501,0.935069,26.7468,0.1.0,not-a-git-repository,3.12.10,macOS-26.6.2-arm64-arm-64bit,2.5.2,42,cpu,opencv_yunet,landmark,insightface,spectral,dct,0.16,2026-09-02T04:14:05.967125+00:00
watermark_robustness,daisy_fuentes_1.png,webp_q80,webp,{'quality': 80},True,0.98763,1.0,1ffbe7b1,True,False,35.9501,0.935069,36.3928,0.1.0,not-a-git-repository,3.12.10,macOS-26.6.2-arm64-arm-64bit,2.5.2,42,cpu,opencv_yunet,landmark,insightface,spectral,dct,0.16,2026-09-02T04:14:05.967125+00:00
watermark_robustness,daisy_fuentes_1.png,screenshot,screenshot_simulation,"{'scale': 0.9, 'quality': 85}",True,0.991536,1.0,1ffbe7b1,True,False,35.9501,0.935069,38.8366,0.1.0,not-a-git-repository,3.12.10,macOS-26.6.2-arm64-arm-64bit,2.5.2,42,cpu,opencv_yunet,landmark,insightface,spectral,dct,0.16,2026-09-02T04:14:05.967125+00:00
watermark_robustness,daisy_fuentes_2.png,jpeg_q90,jpeg_compression,{'quality': 90},True,1.0,1.0,5cf97ed0,True,False,36.0924,0.925291,42.4649,0.1.0,not-a-git-repository,3.12.10,macOS-26.6.2-arm64-arm-64bit,2.5.2,42,cpu,opencv_yunet,landmark,insightface,spectral,dct,0.16,2026-09-02T04:14:05.967125+00:00
watermark_robustness,daisy_fuentes_2.png,jpeg_q70,jpeg_compression,{'quality': 70},True,0.979167,1.0,5cf97ed0,True,False,36.0924,0.925291,36.8049,0.1.0,not-a-git-repository,3.12.10,macOS-26.6.2-arm64-arm-64bit,2.5.2,42,cpu,opencv_yunet,landmark,insightface,spectral,dct,0.16,2026-09-02T04:14:05.967125+00:00
watermark_robustness,daisy_fuentes_2.png,jpeg_q50,jpeg_compression,{'quality': 50},False,0.515625,0.609375,,False,False,36.0924,0.925291,33.7638,0.1.0,not-a-git-repository,3.12.10,macOS-26.6.2-arm64-arm-64bit,2.5.2,42,cpu,opencv_yunet,landmark,insightface,spectral,dct,0.16,2026-09-02T04:14:05.967125+00:00
watermark_robustness,daisy_fuentes_2.png,resize_75,resize,{'scale': 0.75},True,1.0,1.0,5cf97ed0,True,False,36.0924,0.925291,39.7172,0.1.0,not-a-git-repository,3.12.10,macOS-26.6.2-arm64-arm-64bit,2.5.2,42,cpu,opencv_yunet,landmark,insightface,spectral,dct,0.16,2026-09-02T04:14:05.967125+00:00
watermark_robustness,daisy_fuentes_2.png,resize_50,resize,{'scale': 0.5},True,0.181586,0.953125,5cf97ed0,True,False,36.0924,0.925291,34.1426,0.1.0,not-a-git-repository,3.12.10,macOS-26.6.2-arm64-arm-64bit,2.5.2,42,cpu,opencv_yunet,landmark,insightface,spectral,dct,0.16,2026-09-02T04:14:05.967125+00:00
watermark_robustness,daisy_fuentes_2.png,resize_25,resize,{'scale': 0.25},False,0.554688,0.5,,False,False,36.0924,0.925291,29.1024,0.1.0,not-a-git-repository,3.12.10,macOS-26.6.2-arm64-arm-64bit,2.5.2,42,cpu,opencv_yunet,landmark,insightface,spectral,dct,0.16,2026-09-02T04:14:05.967125+00:00
watermark_robustness,daisy_fuentes_2.png,crop_10,crop,{'ratio': 0.1},True,1.0,0.609375,5cf97ed0,True,False,36.0924,0.925291,12.8434,0.1.0,not-a-git-repository,3.12.10,macOS-26.6.2-arm64-arm-64bit,2.5.2,42,cpu,opencv_yunet,landmark,insightface,spectral,dct,0.16,2026-09-02T04:14:05.967125+00:00
watermark_robustness,daisy_fuentes_2.png,crop_30,crop,{'ratio': 0.3},False,0.546875,0.5625,,False,False,36.0924,0.925291,8.0991,0.1.0,not-a-git-repository,3.12.10,macOS-26.6.2-arm64-arm-64bit,2.5.2,42,cpu,opencv_yunet,landmark,insightface,spectral,dct,0.16,2026-09-02T04:14:05.967125+00:00
watermark_robustness,daisy_fuentes_2.png,rotate_5,rotation,{'degrees': 5},False,0.492188,0.453125,,False,False,36.0924,0.925291,14.6982,0.1.0,not-a-git-repository,3.12.10,macOS-26.6.2-arm64-arm-64bit,2.5.2,42,cpu,opencv_yunet,landmark,insightface,spectral,dct,0.16,2026-09-02T04:14:05.967125+00:00
watermark_robustness,daisy_fuentes_2.png,blur_1,blur,{'sigma': 1.0},True,0.998047,1.0,5cf97ed0,True,False,36.0924,0.925291,33.1466,0.1.0,not-a-git-repository,3.12.10,macOS-26.6.2-arm64-arm-64bit,2.5.2,42,cpu,opencv_yunet,landmark,insightface,spectral,dct,0.16,2026-09-02T04:14:05.967125+00:00
watermark_robustness,daisy_fuentes_2.png,noise_5,noise,{'sigma': 5.0},True,1.0,1.0,5cf97ed0,True,False,36.0924,0.925291,34.3295,0.1.0,not-a-git-repository,3.12.10,macOS-26.6.2-arm64-arm-64bit,2.5.2,42,cpu,opencv_yunet,landmark,insightface,spectral,dct,0.16,2026-09-02T04:14:05.967125+00:00
watermark_robustness,daisy_fuentes_2.png,brightness_up,brightness,{'factor': 1.2},True,0.994141,1.0,5cf97ed0,True,False,36.0924,0.925291,21.4171,0.1.0,not-a-git-repository,3.12.10,macOS-26.6.2-arm64-arm-64bit,2.5.2,42,cpu,opencv_yunet,landmark,insightface,spectral,dct,0.16,2026-09-02T04:14:05.967125+00:00
watermark_robustness,daisy_fuentes_2.png,contrast_down,contrast,{'factor': 0.8},True,1.0,1.0,5cf97ed0,True,False,36.0924,0.925291,25.079,0.1.0,not-a-git-repository,3.12.10,macOS-26.6.2-arm64-arm-64bit,2.5.2,42,cpu,opencv_yunet,landmark,insightface,spectral,dct,0.16,2026-09-02T04:14:05.967125+00:00
watermark_robustness,daisy_fuentes_2.png,webp_q80,webp,{'quality': 80},True,0.996094,1.0,5cf97ed0,True,False,36.0924,0.925291,36.6694,0.1.0,not-a-git-repository,3.12.10,macOS-26.6.2-arm64-arm-64bit,2.5.2,42,cpu,opencv_yunet,landmark,insightface,spectral,dct,0.16,2026-09-02T04:14:05.967125+00:00
watermark_robustness,daisy_fuentes_2.png,screenshot,screenshot_simulation,"{'scale': 0.9, 'quality': 85}",True,1.0,1.0,5cf97ed0,True,False,36.0924,0.925291,38.7842,0.1.0,not-a-git-repository,3.12.10,macOS-26.6.2-arm64-arm-64bit,2.5.2,42,cpu,opencv_yunet,landmark,insightface,spectral,dct,0.16,2026-09-02T04:14:05.967125+00:00
watermark_robustness,daisy_fuentes_3.png,jpeg_q90,jpeg_compression,{'quality': 90},True,1.0,1.0,03ea700e,True,False,36.1229,0.931043,42.1509,0.1.0,not-a-git-repository,3.12.10,macOS-26.6.2-arm64-arm-64bit,2.5.2,42,cpu,opencv_yunet,landmark,insightface,spectral,dct,0.16,2026-09-02T04:14:05.967125+00:00
watermark_robustness,daisy_fuentes_3.png,jpeg_q70,jpeg_compression,{'quality': 70},True,0.968099,1.0,03ea700e,True,False,36.1229,0.931043,36.5968,0.1.0,not-a-git-repository,3.12.10,macOS-26.6.2-arm64-arm-64bit,2.5.2,42,cpu,opencv_yunet,landmark,insightface,spectral,dct,0.16,2026-09-02T04:14:05.967125+00:00
watermark_robustness,daisy_fuentes_3.png,jpeg_q50,jpeg_compression,{'quality': 50},False,0.53125,0.515625,,False,False,36.1229,0.931043,33.6586,0.1.0,not-a-git-repository,3.12.10,macOS-26.6.2-arm64-arm-64bit,2.5.2,42,cpu,opencv_yunet,landmark,insightface,spectral,dct,0.16,2026-09-02T04:14:05.967125+00:00
watermark_robustness,daisy_fuentes_3.png,resize_75,resize,{'scale': 0.75},True,1.0,1.0,03ea700e,True,False,36.1229,0.931043,37.4602,0.1.0,not-a-git-repository,3.12.10,macOS-26.6.2-arm64-arm-64bit,2.5.2,42,cpu,opencv_yunet,landmark,insightface,spectral,dct,0.16,2026-09-02T04:14:05.967125+00:00
watermark_robustness,daisy_fuentes_3.png,resize_50,resize,{'scale': 0.5},True,0.157118,0.953125,03ea700e,True,False,36.1229,0.931043,33.5084,0.1.0,not-a-git-repository,3.12.10,macOS-26.6.2-arm64-arm-64bit,2.5.2,42,cpu,opencv_yunet,landmark,insightface,spectral,dct,0.16,2026-09-02T04:14:05.967125+00:00
watermark_robustness,daisy_fuentes_3.png,resize_25,resize,{'scale': 0.25},False,0.523438,0.625,,False,False,36.1229,0.931043,27.5276,0.1.0,not-a-git-repository,3.12.10,macOS-26.6.2-arm64-arm-64bit,2.5.2,42,cpu,opencv_yunet,landmark,insightface,spectral,dct,0.16,2026-09-02T04:14:05.967125+00:00
watermark_robustness,daisy_fuentes_3.png,crop_10,crop,{'ratio': 0.1},True,1.0,0.4375,03ea700e,True,False,36.1229,0.931043,14.8038,0.1.0,not-a-git-repository,3.12.10,macOS-26.6.2-arm64-arm-64bit,2.5.2,42,cpu,opencv_yunet,landmark,insightface,spectral,dct,0.16,2026-09-02T04:14:05.967125+00:00
watermark_robustness,daisy_fuentes_3.png,crop_30,crop,{'ratio': 0.3},False,0.523438,0.46875,,False,False,36.1229,0.931043,10.4626,0.1.0,not-a-git-repository,3.12.10,macOS-26.6.2-arm64-arm-64bit,2.5.2,42,cpu,opencv_yunet,landmark,insightface,spectral,dct,0.16,2026-09-02T04:14:05.967125+00:00
watermark_robustness,daisy_fuentes_3.png,rotate_5,rotation,{'degrees': 5},False,0.546875,0.484375,,False,False,36.1229,0.931043,18.0365,0.1.0,not-a-git-repository,3.12.10,macOS-26.6.2-arm64-arm-64bit,2.5.2,42,cpu,opencv_yunet,landmark,insightface,spectral,dct,0.16,2026-09-02T04:14:05.967125+00:00
watermark_robustness,daisy_fuentes_3.png,blur_1,blur,{'sigma': 1.0},True,1.0,1.0,03ea700e,True,False,36.1229,0.931043,32.2291,0.1.0,not-a-git-repository,3.12.10,macOS-26.6.2-arm64-arm-64bit,2.5.2,42,cpu,opencv_yunet,landmark,insightface,spectral,dct,0.16,2026-09-02T04:14:05.967125+00:00
watermark_robustness,daisy_fuentes_3.png,noise_5,noise,{'sigma': 5.0},True,1.0,1.0,03ea700e,True,False,36.1229,0.931043,34.3337,0.1.0,not-a-git-repository,3.12.10,macOS-26.6.2-arm64-arm-64bit,2.5.2,42,cpu,opencv_yunet,landmark,insightface,spectral,dct,0.16,2026-09-02T04:14:05.967125+00:00
watermark_robustness,daisy_fuentes_3.png,brightness_up,brightness,{'factor': 1.2},True,1.0,1.0,03ea700e,True,False,36.1229,0.931043,24.1816,0.1.0,not-a-git-repository,3.12.10,macOS-26.6.2-arm64-arm-64bit,2.5.2,42,cpu,opencv_yunet,landmark,insightface,spectral,dct,0.16,2026-09-02T04:14:05.967125+00:00
watermark_robustness,daisy_fuentes_3.png,contrast_down,contrast,{'factor': 0.8},True,1.0,1.0,03ea700e,True,False,36.1229,0.931043,28.7591,0.1.0,not-a-git-repository,3.12.10,macOS-26.6.2-arm64-arm-64bit,2.5.2,42,cpu,opencv_yunet,landmark,insightface,spectral,dct,0.16,2026-09-02T04:14:05.967125+00:00
watermark_robustness,daisy_fuentes_3.png,webp_q80,webp,{'quality': 80},True,0.998047,1.0,03ea700e,True,False,36.1229,0.931043,36.9301,0.1.0,not-a-git-repository,3.12.10,macOS-26.6.2-arm64-arm-64bit,2.5.2,42,cpu,opencv_yunet,landmark,insightface,spectral,dct,0.16,2026-09-02T04:14:05.967125+00:00
watermark_robustness,daisy_fuentes_3.png,screenshot,screenshot_simulation,"{'scale': 0.9, 'quality': 85}",True,1.0,1.0,03ea700e,True,False,36.1229,0.931043,38.8316,0.1.0,not-a-git-repository,3.12.10,macOS-26.6.2-arm64-arm-64bit,2.5.2,42,cpu,opencv_yunet,landmark,insightface,spectral,dct,0.16,2026-09-02T04:14:05.967125+00:00
watermark_robustness,edward_lu_0.png,jpeg_q90,jpeg_compression,{'quality': 90},True,1.0,1.0,42e599ab,True,False,36.0983,0.913593,44.7656,0.1.0,not-a-git-repository,3.12.10,macOS-26.6.2-arm64-arm-64bit,2.5.2,42,cpu,opencv_yunet,landmark,insightface,spectral,dct,0.16,2026-09-02T04:14:05.967125+00:00
watermark_robustness,edward_lu_0.png,jpeg_q70,jpeg_compression,{'quality': 70},True,0.967448,1.0,42e599ab,True,False,36.0983,0.913593,38.2245,0.1.0,not-a-git-repository,3.12.10,macOS-26.6.2-arm64-arm-64bit,2.5.2,42,cpu,opencv_yunet,landmark,insightface,spectral,dct,0.16,2026-09-02T04:14:05.967125+00:00
watermark_robustness,edward_lu_0.png,jpeg_q50,jpeg_compression,{'quality': 50},False,0.507812,0.46875,,False,False,36.0983,0.913593,34.7899,0.1.0,not-a-git-repository,3.12.10,macOS-26.6.2-arm64-arm-64bit,2.5.2,42,cpu,opencv_yunet,landmark,insightface,spectral,dct,0.16,2026-09-02T04:14:05.967125+00:00
watermark_robustness,edward_lu_0.png,resize_75,resize,{'scale': 0.75},True,1.0,1.0,42e599ab,True,False,36.0983,0.913593,41.2175,0.1.0,not-a-git-repository,3.12.10,macOS-26.6.2-arm64-arm-64bit,2.5.2,42,cpu,opencv_yunet,landmark,insightface,spectral,dct,0.16,2026-09-02T04:14:05.967125+00:00
watermark_robustness,edward_lu_0.png,resize_50,resize,{'scale': 0.5},True,0.28682,0.96875,42e599ab,True,False,36.0983,0.913593,34.5927,0.1.0,not-a-git-repository,3.12.10,macOS-26.6.2-arm64-arm-64bit,2.5.2,42,cpu,opencv_yunet,landmark,insightface,spectral,dct,0.16,2026-09-02T04:14:05.967125+00:00
watermark_robustness,edward_lu_0.png,resize_25,resize,{'scale': 0.25},False,0.539062,0.53125,,False,False,36.0983,0.913593,30.3468,0.1.0,not-a-git-repository,3.12.10,macOS-26.6.2-arm64-arm-64bit,2.5.2,42,cpu,opencv_yunet,landmark,insightface,spectral,dct,0.16,2026-09-02T04:14:05.967125+00:00
watermark_robustness,edward_lu_0.png,crop_10,crop,{'ratio': 0.1},True,1.0,0.5625,42e599ab,True,False,36.0983,0.913593,13.5409,0.1.0,not-a-git-repository,3.12.10,macOS-26.6.2-arm64-arm-64bit,2.5.2,42,cpu,opencv_yunet,landmark,insightface,spectral,dct,0.16,2026-09-02T04:14:05.967125+00:00
watermark_robustness,edward_lu_0.png,crop_30,crop,{'ratio': 0.3},False,0.5625,0.5,,False,False,36.0983,0.913593,10.1392,0.1.0,not-a-git-repository,3.12.10,macOS-26.6.2-arm64-arm-64bit,2.5.2,42,cpu,opencv_yunet,landmark,insightface,spectral,dct,0.16,2026-09-02T04:14:05.967125+00:00
watermark_robustness,edward_lu_0.png,rotate_5,rotation,{'degrees': 5},False,0.507812,0.578125,,False,False,36.0983,0.913593,17.8987,0.1.0,not-a-git-repository,3.12.10,macOS-26.6.2-arm64-arm-64bit,2.5.2,42,cpu,opencv_yunet,landmark,insightface,spectral,dct,0.16,2026-09-02T04:14:05.967125+00:00
watermark_robustness,edward_lu_0.png,blur_1,blur,{'sigma': 1.0},True,1.0,1.0,42e599ab,True,False,36.0983,0.913593,34.8772,0.1.0,not-a-git-repository,3.12.10,macOS-26.6.2-arm64-arm-64bit,2.5.2,42,cpu,opencv_yunet,landmark,insightface,spectral,dct,0.16,2026-09-02T04:14:05.967125+00:00
watermark_robustness,edward_lu_0.png,noise_5,noise,{'sigma': 5.0},True,1.0,1.0,42e599ab,True,False,36.0983,0.913593,34.2125,0.1.0,not-a-git-repository,3.12.10,macOS-26.6.2-arm64-arm-64bit,2.5.2,42,cpu,opencv_yunet,landmark,insightface,spectral,dct,0.16,2026-09-02T04:14:05.967125+00:00
watermark_robustness,edward_lu_0.png,brightness_up,brightness,{'factor': 1.2},True,1.0,1.0,42e599ab,True,False,36.0983,0.913593,21.4685,0.1.0,not-a-git-repository,3.12.10,macOS-26.6.2-arm64-arm-64bit,2.5.2,42,cpu,opencv_yunet,landmark,insightface,spectral,dct,0.16,2026-09-02T04:14:05.967125+00:00
watermark_robustness,edward_lu_0.png,contrast_down,contrast,{'factor': 0.8},True,1.0,1.0,42e599ab,True,False,36.0983,0.913593,27.1997,0.1.0,not-a-git-repository,3.12.10,macOS-26.6.2-arm64-arm-64bit,2.5.2,42,cpu,opencv_yunet,landmark,insightface,spectral,dct,0.16,2026-09-02T04:14:05.967125+00:00
watermark_robustness,edward_lu_0.png,webp_q80,webp,{'quality': 80},True,0.953125,1.0,42e599ab,True,False,36.0983,0.913593,37.5392,0.1.0,not-a-git-repository,3.12.10,macOS-26.6.2-arm64-arm-64bit,2.5.2,42,cpu,opencv_yunet,landmark,insightface,spectral,dct,0.16,2026-09-02T04:14:05.967125+00:00
watermark_robustness,edward_lu_0.png,screenshot,screenshot_simulation,"{'scale': 0.9, 'quality': 85}",True,0.977865,1.0,42e599ab,True,False,36.0983,0.913593,42.0704,0.1.0,not-a-git-repository,3.12.10,macOS-26.6.2-arm64-arm-64bit,2.5.2,42,cpu,opencv_yunet,landmark,insightface,spectral,dct,0.16,2026-09-02T04:14:05.967125+00:00
watermark_robustness,edward_lu_1.png,jpeg_q90,jpeg_compression,{'quality': 90},True,1.0,1.0,fa7635e0,True,False,36.1747,0.941144,41.9157,0.1.0,not-a-git-repository,3.12.10,macOS-26.6.2-arm64-arm-64bit,2.5.2,42,cpu,opencv_yunet,landmark,insightface,spectral,dct,0.16,2026-09-02T04:14:05.967125+00:00
watermark_robustness,edward_lu_1.png,jpeg_q70,jpeg_compression,{'quality': 70},True,0.954427,1.0,fa7635e0,True,False,36.1747,0.941144,36.1683,0.1.0,not-a-git-repository,3.12.10,macOS-26.6.2-arm64-arm-64bit,2.5.2,42,cpu,opencv_yunet,landmark,insightface,spectral,dct,0.16,2026-09-02T04:14:05.967125+00:00
watermark_robustness,edward_lu_1.png,jpeg_q50,jpeg_compression,{'quality': 50},False,0.53125,0.53125,,False,False,36.1747,0.941144,33.2081,0.1.0,not-a-git-repository,3.12.10,macOS-26.6.2-arm64-arm-64bit,2.5.2,42,cpu,opencv_yunet,landmark,insightface,spectral,dct,0.16,2026-09-02T04:14:05.967125+00:00
watermark_robustness,edward_lu_1.png,resize_75,resize,{'scale': 0.75},True,1.0,1.0,fa7635e0,True,False,36.1747,0.941144,34.3543,0.1.0,not-a-git-repository,3.12.10,macOS-26.6.2-arm64-arm-64bit,2.5.2,42,cpu,opencv_yunet,landmark,insightface,spectral,dct,0.16,2026-09-02T04:14:05.967125+00:00
watermark_robustness,edward_lu_1.png,resize_50,resize,{'scale': 0.5},False,0.727214,0.9375,,False,False,36.1747,0.941144,30.3697,0.1.0,not-a-git-repository,3.12.10,macOS-26.6.2-arm64-arm-64bit,2.5.2,42,cpu,opencv_yunet,landmark,insightface,spectral,dct,0.16,2026-09-02T04:14:05.967125+00:00
watermark_robustness,edward_lu_1.png,resize_25,resize,{'scale': 0.25},False,0.492188,0.515625,,False,False,36.1747,0.941144,24.9499,0.1.0,not-a-git-repository,3.12.10,macOS-26.6.2-arm64-arm-64bit,2.5.2,42,cpu,opencv_yunet,landmark,insightface,spectral,dct,0.16,2026-09-02T04:14:05.967125+00:00
watermark_robustness,edward_lu_1.png,crop_10,crop,{'ratio': 0.1},True,1.0,0.5,fa7635e0,True,False,36.1747,0.941144,10.2143,0.1.0,not-a-git-repository,3.12.10,macOS-26.6.2-arm64-arm-64bit,2.5.2,42,cpu,opencv_yunet,landmark,insightface,spectral,dct,0.16,2026-09-02T04:14:05.967125+00:00
watermark_robustness,edward_lu_1.png,crop_30,crop,{'ratio': 0.3},False,0.546875,0.390625,,False,False,36.1747,0.941144,9.0837,0.1.0,not-a-git-repository,3.12.10,macOS-26.6.2-arm64-arm-64bit,2.5.2,42,cpu,opencv_yunet,landmark,insightface,spectral,dct,0.16,2026-09-02T04:14:05.967125+00:00
watermark_robustness,edward_lu_1.png,rotate_5,rotation,{'degrees': 5},False,0.523438,0.359375,,False,False,36.1747,0.941144,12.5721,0.1.0,not-a-git-repository,3.12.10,macOS-26.6.2-arm64-arm-64bit,2.5.2,42,cpu,opencv_yunet,landmark,insightface,spectral,dct,0.16,2026-09-02T04:14:05.967125+00:00
watermark_robustness,edward_lu_1.png,blur_1,blur,{'sigma': 1.0},True,1.0,1.0,fa7635e0,True,False,36.1747,0.941144,29.5148,0.1.0,not-a-git-repository,3.12.10,macOS-26.6.2-arm64-arm-64bit,2.5.2,42,cpu,opencv_yunet,landmark,insightface,spectral,dct,0.16,2026-09-02T04:14:05.967125+00:00
watermark_robustness,edward_lu_1.png,noise_5,noise,{'sigma': 5.0},True,1.0,1.0,fa7635e0,True,False,36.1747,0.941144,34.3539,0.1.0,not-a-git-repository,3.12.10,macOS-26.6.2-arm64-arm-64bit,2.5.2,42,cpu,opencv_yunet,landmark,insightface,spectral,dct,0.16,2026-09-02T04:14:05.967125+00:00
watermark_robustness,edward_lu_1.png,brightness_up,brightness,{'factor': 1.2},True,0.996094,1.0,fa7635e0,True,False,36.1747,0.941144,21.6814,0.1.0,not-a-git-repository,3.12.10,macOS-26.6.2-arm64-arm-64bit,2.5.2,42,cpu,opencv_yunet,landmark,insightface,spectral,dct,0.16,2026-09-02T04:14:05.967125+00:00
watermark_robustness,edward_lu_1.png,contrast_down,contrast,{'factor': 0.8},True,1.0,1.0,fa7635e0,True,False,36.1747,0.941144,24.7688,0.1.0,not-a-git-repository,3.12.10,macOS-26.6.2-arm64-arm-64bit,2.5.2,42,cpu,opencv_yunet,landmark,insightface,spectral,dct,0.16,2026-09-02T04:14:05.967125+00:00
watermark_robustness,edward_lu_1.png,webp_q80,webp,{'quality': 80},True,0.986328,1.0,fa7635e0,True,False,36.1747,0.941144,36.5056,0.1.0,not-a-git-repository,3.12.10,macOS-26.6.2-arm64-arm-64bit,2.5.2,42,cpu,opencv_yunet,landmark,insightface,spectral,dct,0.16,2026-09-02T04:14:05.967125+00:00
watermark_robustness,edward_lu_1.png,screenshot,screenshot_simulation,"{'scale': 0.9, 'quality': 85}",True,0.994141,1.0,fa7635e0,True,False,36.1747,0.941144,36.6121,0.1.0,not-a-git-repository,3.12.10,macOS-26.6.2-arm64-arm-64bit,2.5.2,42,cpu,opencv_yunet,landmark,insightface,spectral,dct,0.16,2026-09-02T04:14:05.967125+00:00
watermark_robustness,edward_lu_2.png,jpeg_q90,jpeg_compression,{'quality': 90},True,1.0,1.0,73f565f0,True,False,36.2235,0.904524,44.3785,0.1.0,not-a-git-repository,3.12.10,macOS-26.6.2-arm64-arm-64bit,2.5.2,42,cpu,opencv_yunet,landmark,insightface,spectral,dct,0.16,2026-09-02T04:14:05.967125+00:00
watermark_robustness,edward_lu_2.png,jpeg_q70,jpeg_compression,{'quality': 70},True,0.953125,1.0,73f565f0,True,False,36.2235,0.904524,37.7928,0.1.0,not-a-git-repository,3.12.10,macOS-26.6.2-arm64-arm-64bit,2.5.2,42,cpu,opencv_yunet,landmark,insightface,spectral,dct,0.16,2026-09-02T04:14:05.967125+00:00
watermark_robustness,edward_lu_2.png,jpeg_q50,jpeg_compression,{'quality': 50},False,0.515625,0.484375,,False,False,36.2235,0.904524,34.6796,0.1.0,not-a-git-repository,3.12.10,macOS-26.6.2-arm64-arm-64bit,2.5.2,42,cpu,opencv_yunet,landmark,insightface,spectral,dct,0.16,2026-09-02T04:14:05.967125+00:00
watermark_robustness,edward_lu_2.png,resize_75,resize,{'scale': 0.75},True,1.0,1.0,73f565f0,True,False,36.2235,0.904524,40.0476,0.1.0,not-a-git-repository,3.12.10,macOS-26.6.2-arm64-arm-64bit,2.5.2,42,cpu,opencv_yunet,landmark,insightface,spectral,dct,0.16,2026-09-02T04:14:05.967125+00:00
watermark_robustness,edward_lu_2.png,resize_50,resize,{'scale': 0.5},False,0.838759,0.921875,,False,False,36.2235,0.904524,34.6686,0.1.0,not-a-git-repository,3.12.10,macOS-26.6.2-arm64-arm-64bit,2.5.2,42,cpu,opencv_yunet,landmark,insightface,spectral,dct,0.16,2026-09-02T04:14:05.967125+00:00
watermark_robustness,edward_lu_2.png,resize_25,resize,{'scale': 0.25},False,0.492188,0.484375,,False,False,36.2235,0.904524,30.9688,0.1.0,not-a-git-repository,3.12.10,macOS-26.6.2-arm64-arm-64bit,2.5.2,42,cpu,opencv_yunet,landmark,insightface,spectral,dct,0.16,2026-09-02T04:14:05.967125+00:00
watermark_robustness,edward_lu_2.png,crop_10,crop,{'ratio': 0.1},True,1.0,0.390625,73f565f0,True,False,36.2235,0.904524,15.7638,0.1.0,not-a-git-repository,3.12.10,macOS-26.6.2-arm64-arm-64bit,2.5.2,42,cpu,opencv_yunet,landmark,insightface,spectral,dct,0.16,2026-09-02T04:14:05.967125+00:00
watermark_robustness,edward_lu_2.png,crop_30,crop,{'ratio': 0.3},False,0.539062,0.46875,,False,False,36.2235,0.904524,11.0024,0.1.0,not-a-git-repository,3.12.10,macOS-26.6.2-arm64-arm-64bit,2.5.2,42,cpu,opencv_yunet,landmark,insightface,spectral,dct,0.16,2026-09-02T04:14:05.967125+00:00
watermark_robustness,edward_lu_2.png,rotate_5,rotation,{'degrees': 5},False,0.539062,0.4375,,False,False,36.2235,0.904524,19.4028,0.1.0,not-a-git-repository,3.12.10,macOS-26.6.2-arm64-arm-64bit,2.5.2,42,cpu,opencv_yunet,landmark,insightface,spectral,dct,0.16,2026-09-02T04:14:05.967125+00:00
watermark_robustness,edward_lu_2.png,blur_1,blur,{'sigma': 1.0},True,1.0,1.0,73f565f0,True,False,36.2235,0.904524,34.56,0.1.0,not-a-git-repository,3.12.10,macOS-26.6.2-arm64-arm-64bit,2.5.2,42,cpu,opencv_yunet,landmark,insightface,spectral,dct,0.16,2026-09-02T04:14:05.967125+00:00
watermark_robustness,edward_lu_2.png,noise_5,noise,{'sigma': 5.0},True,1.0,1.0,73f565f0,True,False,36.2235,0.904524,34.2372,0.1.0,not-a-git-repository,3.12.10,macOS-26.6.2-arm64-arm-64bit,2.5.2,42,cpu,opencv_yunet,landmark,insightface,spectral,dct,0.16,2026-09-02T04:14:05.967125+00:00
watermark_robustness,edward_lu_2.png,brightness_up,brightness,{'factor': 1.2},True,0.998047,1.0,73f565f0,True,False,36.2235,0.904524,22.7635,0.1.0,not-a-git-repository,3.12.10,macOS-26.6.2-arm64-arm-64bit,2.5.2,42,cpu,opencv_yunet,landmark,insightface,spectral,dct,0.16,2026-09-02T04:14:05.967125+00:00
watermark_robustness,edward_lu_2.png,contrast_down,contrast,{'factor': 0.8},True,1.0,1.0,73f565f0,True,False,36.2235,0.904524,29.1864,0.1.0,not-a-git-repository,3.12.10,macOS-26.6.2-arm64-arm-64bit,2.5.2,42,cpu,opencv_yunet,landmark,insightface,spectral,dct,0.16,2026-09-02T04:14:05.967125+00:00
watermark_robustness,edward_lu_2.png,webp_q80,webp,{'quality': 80},True,0.985677,1.0,73f565f0,True,False,36.2235,0.904524,37.5525,0.1.0,not-a-git-repository,3.12.10,macOS-26.6.2-arm64-arm-64bit,2.5.2,42,cpu,opencv_yunet,landmark,insightface,spectral,dct,0.16,2026-09-02T04:14:05.967125+00:00
watermark_robustness,edward_lu_2.png,screenshot,screenshot_simulation,"{'scale': 0.9, 'quality': 85}",True,0.998047,1.0,73f565f0,True,False,36.2235,0.904524,40.1119,0.1.0,not-a-git-repository,3.12.10,macOS-26.6.2-arm64-arm-64bit,2.5.2,42,cpu,opencv_yunet,landmark,insightface,spectral,dct,0.16,2026-09-02T04:14:05.967125+00:00
watermark_robustness,edward_lu_3.png,jpeg_q90,jpeg_compression,{'quality': 90},True,1.0,1.0,a669ece0,True,False,36.3613,0.915803,40.65,0.1.0,not-a-git-repository,3.12.10,macOS-26.6.2-arm64-arm-64bit,2.5.2,42,cpu,opencv_yunet,landmark,insightface,spectral,dct,0.16,2026-09-02T04:14:05.967125+00:00
watermark_robustness,edward_lu_3.png,jpeg_q70,jpeg_compression,{'quality': 70},True,0.82487,1.0,a669ece0,True,False,36.3613,0.915803,35.7542,0.1.0,not-a-git-repository,3.12.10,macOS-26.6.2-arm64-arm-64bit,2.5.2,42,cpu,opencv_yunet,landmark,insightface,spectral,dct,0.16,2026-09-02T04:14:05.967125+00:00
watermark_robustness,edward_lu_3.png,jpeg_q50,jpeg_compression,{'quality': 50},False,0.578125,0.609375,,False,False,36.3613,0.915803,33.0663,0.1.0,not-a-git-repository,3.12.10,macOS-26.6.2-arm64-arm-64bit,2.5.2,42,cpu,opencv_yunet,landmark,insightface,spectral,dct,0.16,2026-09-02T04:14:05.967125+00:00
watermark_robustness,edward_lu_3.png,resize_75,resize,{'scale': 0.75},True,1.0,1.0,a669ece0,True,False,36.3613,0.915803,37.3218,0.1.0,not-a-git-repository,3.12.10,macOS-26.6.2-arm64-arm-64bit,2.5.2,42,cpu,opencv_yunet,landmark,insightface,spectral,dct,0.16,2026-09-02T04:14:05.967125+00:00
watermark_robustness,edward_lu_3.png,resize_50,resize,{'scale': 0.5},True,0.134115,0.9375,a669ece0,True,False,36.3613,0.915803,32.2182,0.1.0,not-a-git-repository,3.12.10,macOS-26.6.2-arm64-arm-64bit,2.5.2,42,cpu,opencv_yunet,landmark,insightface,spectral,dct,0.16,2026-09-02T04:14:05.967125+00:00
watermark_robustness,edward_lu_3.png,resize_25,resize,{'scale': 0.25},False,0.53125,0.640625,,False,False,36.3613,0.915803,25.8863,0.1.0,not-a-git-repository,3.12.10,macOS-26.6.2-arm64-arm-64bit,2.5.2,42,cpu,opencv_yunet,landmark,insightface,spectral,dct,0.16,2026-09-02T04:14:05.967125+00:00
watermark_robustness,edward_lu_3.png,crop_10,crop,{'ratio': 0.1},True,1.0,0.4375,a669ece0,True,False,36.3613,0.915803,11.0453,0.1.0,not-a-git-repository,3.12.10,macOS-26.6.2-arm64-arm-64bit,2.5.2,42,cpu,opencv_yunet,landmark,insightface,spectral,dct,0.16,2026-09-02T04:14:05.967125+00:00
watermark_robustness,edward_lu_3.png,crop_30,crop,{'ratio': 0.3},False,0.507812,0.4375,,False,False,36.3613,0.915803,10.2833,0.1.0,not-a-git-repository,3.12.10,macOS-26.6.2-arm64-arm-64bit,2.5.2,42,cpu,opencv_yunet,landmark,insightface,spectral,dct,0.16,2026-09-02T04:14:05.967125+00:00
watermark_robustness,edward_lu_3.png,rotate_5,rotation,{'degrees': 5},False,0.601562,0.53125,,False,False,36.3613,0.915803,14.9037,0.1.0,not-a-git-repository,3.12.10,macOS-26.6.2-arm64-arm-64bit,2.5.2,42,cpu,opencv_yunet,landmark,insightface,spectral,dct,0.16,2026-09-02T04:14:05.967125+00:00
watermark_robustness,edward_lu_3.png,blur_1,blur,{'sigma': 1.0},True,0.990234,1.0,a669ece0,True,False,36.3613,0.915803,30.659,0.1.0,not-a-git-repository,3.12.10,macOS-26.6.2-arm64-arm-64bit,2.5.2,42,cpu,opencv_yunet,landmark,insightface,spectral,dct,0.16,2026-09-02T04:14:05.967125+00:00
watermark_robustness,edward_lu_3.png,noise_5,noise,{'sigma': 5.0},True,1.0,1.0,a669ece0,True,False,36.3613,0.915803,34.551,0.1.0,not-a-git-repository,3.12.10,macOS-26.6.2-arm64-arm-64bit,2.5.2,42,cpu,opencv_yunet,landmark,insightface,spectral,dct,0.16,2026-09-02T04:14:05.967125+00:00
watermark_robustness,edward_lu_3.png,brightness_up,brightness,{'factor': 1.2},True,0.998047,1.0,a669ece0,True,False,36.3613,0.915803,22.0974,0.1.0,not-a-git-repository,3.12.10,macOS-26.6.2-arm64-arm-64bit,2.5.2,42,cpu,opencv_yunet,landmark,insightface,spectral,dct,0.16,2026-09-02T04:14:05.967125+00:00
watermark_robustness,edward_lu_3.png,contrast_down,contrast,{'factor': 0.8},True,1.0,1.0,a669ece0,True,False,36.3613,0.915803,25.914,0.1.0,not-a-git-repository,3.12.10,macOS-26.6.2-arm64-arm-64bit,2.5.2,42,cpu,opencv_yunet,landmark,insightface,spectral,dct,0.16,2026-09-02T04:14:05.967125+00:00
watermark_robustness,edward_lu_3.png,webp_q80,webp,{'quality': 80},True,0.896484,1.0,a669ece0,True,False,36.3613,0.915803,36.2953,0.1.0,not-a-git-repository,3.12.10,macOS-26.6.2-arm64-arm-64bit,2.5.2,42,cpu,opencv_yunet,landmark,insightface,spectral,dct,0.16,2026-09-02T04:14:05.967125+00:00
watermark_robustness,edward_lu_3.png,screenshot,screenshot_simulation,"{'scale': 0.9, 'quality': 85}",True,0.890625,1.0,a669ece0,True,False,36.3613,0.915803,37.2862,0.1.0,not-a-git-repository,3.12.10,macOS-26.6.2-arm64-arm-64bit,2.5.2,42,cpu,opencv_yunet,landmark,insightface,spectral,dct,0.16,2026-09-02T04:14:05.967125+00:00
watermark_robustness,edward_lu_4.png,jpeg_q90,jpeg_compression,{'quality': 90},True,1.0,1.0,bd98aeca,True,False,36.1654,0.912958,44.2246,0.1.0,not-a-git-repository,3.12.10,macOS-26.6.2-arm64-arm-64bit,2.5.2,42,cpu,opencv_yunet,landmark,insightface,spectral,dct,0.16,2026-09-02T04:14:05.967125+00:00
watermark_robustness,edward_lu_4.png,jpeg_q70,jpeg_compression,{'quality': 70},True,0.940104,1.0,bd98aeca,True,False,36.1654,0.912958,37.8209,0.1.0,not-a-git-repository,3.12.10,macOS-26.6.2-arm64-arm-64bit,2.5.2,42,cpu,opencv_yunet,landmark,insightface,spectral,dct,0.16,2026-09-02T04:14:05.967125+00:00
watermark_robustness,edward_lu_4.png,jpeg_q50,jpeg_compression,{'quality': 50},False,0.554688,0.546875,,False,False,36.1654,0.912958,34.7095,0.1.0,not-a-git-repository,3.12.10,macOS-26.6.2-arm64-arm-64bit,2.5.2,42,cpu,opencv_yunet,landmark,insightface,spectral,dct,0.16,2026-09-02T04:14:05.967125+00:00
watermark_robustness,edward_lu_4.png,resize_75,resize,{'scale': 0.75},True,1.0,1.0,bd98aeca,True,False,36.1654,0.912958,42.5185,0.1.0,not-a-git-repository,3.12.10,macOS-26.6.2-arm64-arm-64bit,2.5.2,42,cpu,opencv_yunet,landmark,insightface,spectral,dct,0.16,2026-09-02T04:14:05.967125+00:00
watermark_robustness,edward_lu_4.png,resize_50,resize,{'scale': 0.5},True,0.284722,0.96875,bd98aeca,True,False,36.1654,0.912958,36.0105,0.1.0,not-a-git-repository,3.12.10,macOS-26.6.2-arm64-arm-64bit,2.5.2,42,cpu,opencv_yunet,landmark,insightface,spectral,dct,0.16,2026-09-02T04:14:05.967125+00:00
watermark_robustness,edward_lu_4.png,resize_25,resize,{'scale': 0.25},False,0.5,0.46875,,False,False,36.1654,0.912958,31.0693,0.1.0,not-a-git-repository,3.12.10,macOS-26.6.2-arm64-arm-64bit,2.5.2,42,cpu,opencv_yunet,landmark,insightface,spectral,dct,0.16,2026-09-02T04:14:05.967125+00:00
watermark_robustness,edward_lu_4.png,crop_10,crop,{'ratio': 0.1},True,1.0,0.421875,bd98aeca,True,False,36.1654,0.912958,14.2628,0.1.0,not-a-git-repository,3.12.10,macOS-26.6.2-arm64-arm-64bit,2.5.2,42,cpu,opencv_yunet,landmark,insightface,spectral,dct,0.16,2026-09-02T04:14:05.967125+00:00
watermark_robustness,edward_lu_4.png,crop_30,crop,{'ratio': 0.3},False,0.539062,0.5,,False,False,36.1654,0.912958,9.6696,0.1.0,not-a-git-repository,3.12.10,macOS-26.6.2-arm64-arm-64bit,2.5.2,42,cpu,opencv_yunet,landmark,insightface,spectral,dct,0.16,2026-09-02T04:14:05.967125+00:00
watermark_robustness,edward_lu_4.png,rotate_5,rotation,{'degrees': 5},False,0.5625,0.515625,,False,False,36.1654,0.912958,17.5765,0.1.0,not-a-git-repository,3.12.10,macOS-26.6.2-arm64-arm-64bit,2.5.2,42,cpu,opencv_yunet,landmark,insightface,spectral,dct,0.16,2026-09-02T04:14:05.967125+00:00
watermark_robustness,edward_lu_4.png,blur_1,blur,{'sigma': 1.0},True,1.0,1.0,bd98aeca,True,False,36.1654,0.912958,35.1229,0.1.0,not-a-git-repository,3.12.10,macOS-26.6.2-arm64-arm-64bit,2.5.2,42,cpu,opencv_yunet,landmark,insightface,spectral,dct,0.16,2026-09-02T04:14:05.967125+00:00
watermark_robustness,edward_lu_4.png,noise_5,noise,{'sigma': 5.0},True,1.0,1.0,bd98aeca,True,False,36.1654,0.912958,34.2995,0.1.0,not-a-git-repository,3.12.10,macOS-26.6.2-arm64-arm-64bit,2.5.2,42,cpu,opencv_yunet,landmark,insightface,spectral,dct,0.16,2026-09-02T04:14:05.967125+00:00
watermark_robustness,edward_lu_4.png,brightness_up,brightness,{'factor': 1.2},True,1.0,1.0,bd98aeca,True,False,36.1654,0.912958,22.4528,0.1.0,not-a-git-repository,3.12.10,macOS-26.6.2-arm64-arm-64bit,2.5.2,42,cpu,opencv_yunet,landmark,insightface,spectral,dct,0.16,2026-09-02T04:14:05.967125+00:00
watermark_robustness,edward_lu_4.png,contrast_down,contrast,{'factor': 0.8},True,1.0,1.0,bd98aeca,True,False,36.1654,0.912958,27.7761,0.1.0,not-a-git-repository,3.12.10,macOS-26.6.2-arm64-arm-64bit,2.5.2,42,cpu,opencv_yunet,landmark,insightface,spectral,dct,0.16,2026-09-02T04:14:05.967125+00:00
watermark_robustness,edward_lu_4.png,webp_q80,webp,{'quality': 80},True,0.969401,1.0,bd98aeca,True,False,36.1654,0.912958,37.5009,0.1.0,not-a-git-repository,3.12.10,macOS-26.6.2-arm64-arm-64bit,2.5.2,42,cpu,opencv_yunet,landmark,insightface,spectral,dct,0.16,2026-09-02T04:14:05.967125+00:00
watermark_robustness,edward_lu_4.png,screenshot,screenshot_simulation,"{'scale': 0.9, 'quality': 85}",True,0.973958,1.0,bd98aeca,True,False,36.1654,0.912958,41.7934,0.1.0,not-a-git-repository,3.12.10,macOS-26.6.2-arm64-arm-64bit,2.5.2,42,cpu,opencv_yunet,landmark,insightface,spectral,dct,0.16,2026-09-02T04:14:05.967125+00:00
watermark_robustness,felipe_perez_roque_0.png,jpeg_q90,jpeg_compression,{'quality': 90},True,1.0,1.0,00102762,True,False,35.9679,0.930847,42.8607,0.1.0,not-a-git-repository,3.12.10,macOS-26.6.2-arm64-arm-64bit,2.5.2,42,cpu,opencv_yunet,landmark,insightface,spectral,dct,0.16,2026-09-02T04:14:05.967125+00:00
watermark_robustness,felipe_perez_roque_0.png,jpeg_q70,jpeg_compression,{'quality': 70},True,0.968099,1.0,00102762,True,False,35.9679,0.930847,36.9521,0.1.0,not-a-git-repository,3.12.10,macOS-26.6.2-arm64-arm-64bit,2.5.2,42,cpu,opencv_yunet,landmark,insightface,spectral,dct,0.16,2026-09-02T04:14:05.967125+00:00
watermark_robustness,felipe_perez_roque_0.png,jpeg_q50,jpeg_compression,{'quality': 50},False,0.507812,0.5625,,False,False,35.9679,0.930847,33.867,0.1.0,not-a-git-repository,3.12.10,macOS-26.6.2-arm64-arm-64bit,2.5.2,42,cpu,opencv_yunet,landmark,insightface,spectral,dct,0.16,2026-09-02T04:14:05.967125+00:00
watermark_robustness,felipe_perez_roque_0.png,resize_75,resize,{'scale': 0.75},True,1.0,1.0,00102762,True,False,35.9679,0.930847,39.3482,0.1.0,not-a-git-repository,3.12.10,macOS-26.6.2-arm64-arm-64bit,2.5.2,42,cpu,opencv_yunet,landmark,insightface,spectral,dct,0.16,2026-09-02T04:14:05.967125+00:00
watermark_robustness,felipe_perez_roque_0.png,resize_50,resize,{'scale': 0.5},True,0.102679,0.90625,00102762,True,False,35.9679,0.930847,33.1724,0.1.0,not-a-git-repository,3.12.10,macOS-26.6.2-arm64-arm-64bit,2.5.2,42,cpu,opencv_yunet,landmark,insightface,spectral,dct,0.16,2026-09-02T04:14:05.967125+00:00
watermark_robustness,felipe_perez_roque_0.png,resize_25,resize,{'scale': 0.25},False,0.546875,0.53125,,False,False,35.9679,0.930847,27.4045,0.1.0,not-a-git-repository,3.12.10,macOS-26.6.2-arm64-arm-64bit,2.5.2,42,cpu,opencv_yunet,landmark,insightface,spectral,dct,0.16,2026-09-02T04:14:05.967125+00:00
watermark_robustness,felipe_perez_roque_0.png,crop_10,crop,{'ratio': 0.1},True,1.0,0.5,00102762,True,False,35.9679,0.930847,11.3335,0.1.0,not-a-git-repository,3.12.10,macOS-26.6.2-arm64-arm-64bit,2.5.2,42,cpu,opencv_yunet,landmark,insightface,spectral,dct,0.16,2026-09-02T04:14:05.967125+00:00
watermark_robustness,felipe_perez_roque_0.png,crop_30,crop,{'ratio': 0.3},False,0.578125,0.5625,,False,False,35.9679,0.930847,9.7789,0.1.0,not-a-git-repository,3.12.10,macOS-26.6.2-arm64-arm-64bit,2.5.2,42,cpu,opencv_yunet,landmark,insightface,spectral,dct,0.16,2026-09-02T04:14:05.967125+00:00
watermark_robustness,felipe_perez_roque_0.png,rotate_5,rotation,{'degrees': 5},False,0.570312,0.453125,,False,False,35.9679,0.930847,14.5571,0.1.0,not-a-git-repository,3.12.10,macOS-26.6.2-arm64-arm-64bit,2.5.2,42,cpu,opencv_yunet,landmark,insightface,spectral,dct,0.16,2026-09-02T04:14:05.967125+00:00
watermark_robustness,felipe_perez_roque_0.png,blur_1,blur,{'sigma': 1.0},True,0.994141,1.0,00102762,True,False,35.9679,0.930847,31.8021,0.1.0,not-a-git-repository,3.12.10,macOS-26.6.2-arm64-arm-64bit,2.5.2,42,cpu,opencv_yunet,landmark,insightface,spectral,dct,0.16,2026-09-02T04:14:05.967125+00:00
watermark_robustness,felipe_perez_roque_0.png,noise_5,noise,{'sigma': 5.0},True,1.0,1.0,00102762,True,False,35.9679,0.930847,34.2237,0.1.0,not-a-git-repository,3.12.10,macOS-26.6.2-arm64-arm-64bit,2.5.2,42,cpu,opencv_yunet,landmark,insightface,spectral,dct,0.16,2026-09-02T04:14:05.967125+00:00
watermark_robustness,felipe_perez_roque_0.png,brightness_up,brightness,{'factor': 1.2},True,0.970703,1.0,00102762,True,False,35.9679,0.930847,20.0963,0.1.0,not-a-git-repository,3.12.10,macOS-26.6.2-arm64-arm-64bit,2.5.2,42,cpu,opencv_yunet,landmark,insightface,spectral,dct,0.16,2026-09-02T04:14:05.967125+00:00
watermark_robustness,felipe_perez_roque_0.png,contrast_down,contrast,{'factor': 0.8},True,1.0,1.0,00102762,True,False,35.9679,0.930847,25.81,0.1.0,not-a-git-repository,3.12.10,macOS-26.6.2-arm64-arm-64bit,2.5.2,42,cpu,opencv_yunet,landmark,insightface,spectral,dct,0.16,2026-09-02T04:14:05.967125+00:00
watermark_robustness,felipe_perez_roque_0.png,webp_q80,webp,{'quality': 80},True,0.979818,1.0,00102762,True,False,35.9679,0.930847,37.301,0.1.0,not-a-git-repository,3.12.10,macOS-26.6.2-arm64-arm-64bit,2.5.2,42,cpu,opencv_yunet,landmark,insightface,spectral,dct,0.16,2026-09-02T04:14:05.967125+00:00
watermark_robustness,felipe_perez_roque_0.png,screenshot,screenshot_simulation,"{'scale': 0.9, 'quality': 85}",True,0.980469,1.0,00102762,True,False,35.9679,0.930847,39.8418,0.1.0,not-a-git-repository,3.12.10,macOS-26.6.2-arm64-arm-64bit,2.5.2,42,cpu,opencv_yunet,landmark,insightface,spectral,dct,0.16,2026-09-02T04:14:05.967125+00:00
watermark_robustness,felipe_perez_roque_1.png,jpeg_q90,jpeg_compression,{'quality': 90},True,1.0,1.0,c726312e,True,False,35.9977,0.920377,43.2822,0.1.0,not-a-git-repository,3.12.10,macOS-26.6.2-arm64-arm-64bit,2.5.2,42,cpu,opencv_yunet,landmark,insightface,spectral,dct,0.16,2026-09-02T04:14:05.967125+00:00
watermark_robustness,felipe_perez_roque_1.png,jpeg_q70,jpeg_compression,{'quality': 70},True,0.953125,1.0,c726312e,True,False,35.9977,0.920377,37.246,0.1.0,not-a-git-repository,3.12.10,macOS-26.6.2-arm64-arm-64bit,2.5.2,42,cpu,opencv_yunet,landmark,insightface,spectral,dct,0.16,2026-09-02T04:14:05.967125+00:00
watermark_robustness,felipe_perez_roque_1.png,jpeg_q50,jpeg_compression,{'quality': 50},False,0.515625,0.53125,,False,False,35.9977,0.920377,34.182,0.1.0,not-a-git-repository,3.12.10,macOS-26.6.2-arm64-arm-64bit,2.5.2,42,cpu,opencv_yunet,landmark,insightface,spectral,dct,0.16,2026-09-02T04:14:05.967125+00:00
watermark_robustness,felipe_perez_roque_1.png,resize_75,resize,{'scale': 0.75},True,1.0,1.0,c726312e,True,False,35.9977,0.920377,35.6763,0.1.0,not-a-git-repository,3.12.10,macOS-26.6.2-arm64-arm-64bit,2.5.2,42,cpu,opencv_yunet,landmark,insightface,spectral,dct,0.16,2026-09-02T04:14:05.967125+00:00
watermark_robustness,felipe_perez_roque_1.png,resize_50,resize,{'scale': 0.5},True,0.373155,0.984375,c726312e,True,False,35.9977,0.920377,30.9945,0.1.0,not-a-git-repository,3.12.10,macOS-26.6.2-arm64-arm-64bit,2.5.2,42,cpu,opencv_yunet,landmark,insightface,spectral,dct,0.16,2026-09-02T04:14:05.967125+00:00
watermark_robustness,felipe_perez_roque_1.png,resize_25,resize,{'scale': 0.25},False,0.5625,0.5,,False,False,35.9977,0.920377,25.6208,0.1.0,not-a-git-repository,3.12.10,macOS-26.6.2-arm64-arm-64bit,2.5.2,42,cpu,opencv_yunet,landmark,insightface,spectral,dct,0.16,2026-09-02T04:14:05.967125+00:00
watermark_robustness,felipe_perez_roque_1.png,crop_10,crop,{'ratio': 0.1},True,1.0,0.609375,c726312e,True,False,35.9977,0.920377,9.1964,0.1.0,not-a-git-repository,3.12.10,macOS-26.6.2-arm64-arm-64bit,2.5.2,42,cpu,opencv_yunet,landmark,insightface,spectral,dct,0.16,2026-09-02T04:14:05.967125+00:00
watermark_robustness,felipe_perez_roque_1.png,crop_30,crop,{'ratio': 0.3},False,0.517361,0.5,,False,False,35.9977,0.920377,8.8546,0.1.0,not-a-git-repository,3.12.10,macOS-26.6.2-arm64-arm-64bit,2.5.2,42,cpu,opencv_yunet,landmark,insightface,spectral,dct,0.16,2026-09-02T04:14:05.967125+00:00
watermark_robustness,felipe_perez_roque_1.png,rotate_5,rotation,{'degrees': 5},False,0.5,0.40625,,False,False,35.9977,0.920377,12.7677,0.1.0,not-a-git-repository,3.12.10,macOS-26.6.2-arm64-arm-64bit,2.5.2,42,cpu,opencv_yunet,landmark,insightface,spectral,dct,0.16,2026-09-02T04:14:05.967125+00:00
watermark_robustness,felipe_perez_roque_1.png,blur_1,blur,{'sigma': 1.0},True,0.992839,1.0,c726312e,True,False,35.9977,0.920377,30.235,0.1.0,not-a-git-repository,3.12.10,macOS-26.6.2-arm64-arm-64bit,2.5.2,42,cpu,opencv_yunet,landmark,insightface,spectral,dct,0.16,2026-09-02T04:14:05.967125+00:00
watermark_robustness,felipe_perez_roque_1.png,noise_5,noise,{'sigma': 5.0},True,1.0,1.0,c726312e,True,False,35.9977,0.920377,34.2514,0.1.0,not-a-git-repository,3.12.10,macOS-26.6.2-arm64-arm-64bit,2.5.2,42,cpu,opencv_yunet,landmark,insightface,spectral,dct,0.16,2026-09-02T04:14:05.967125+00:00
watermark_robustness,felipe_perez_roque_1.png,brightness_up,brightness,{'factor': 1.2},True,0.982422,1.0,c726312e,True,False,35.9977,0.920377,19.1269,0.1.0,not-a-git-repository,3.12.10,macOS-26.6.2-arm64-arm-64bit,2.5.2,42,cpu,opencv_yunet,landmark,insightface,spectral,dct,0.16,2026-09-02T04:14:05.967125+00:00
watermark_robustness,felipe_perez_roque_1.png,contrast_down,contrast,{'factor': 0.8},True,1.0,1.0,c726312e,True,False,35.9977,0.920377,23.9829,0.1.0,not-a-git-repository,3.12.10,macOS-26.6.2-arm64-arm-64bit,2.5.2,42,cpu,opencv_yunet,landmark,insightface,spectral,dct,0.16,2026-09-02T04:14:05.967125+00:00
watermark_robustness,felipe_perez_roque_1.png,webp_q80,webp,{'quality': 80},True,0.974609,1.0,c726312e,True,False,35.9977,0.920377,37.3518,0.1.0,not-a-git-repository,3.12.10,macOS-26.6.2-arm64-arm-64bit,2.5.2,42,cpu,opencv_yunet,landmark,insightface,spectral,dct,0.16,2026-09-02T04:14:05.967125+00:00
watermark_robustness,felipe_perez_roque_1.png,screenshot,screenshot_simulation,"{'scale': 0.9, 'quality': 85}",True,0.969401,1.0,c726312e,True,False,35.9977,0.920377,38.6144,0.1.0,not-a-git-repository,3.12.10,macOS-26.6.2-arm64-arm-64bit,2.5.2,42,cpu,opencv_yunet,landmark,insightface,spectral,dct,0.16,2026-09-02T04:14:05.967125+00:00
watermark_robustness,felipe_perez_roque_2.png,jpeg_q90,jpeg_compression,{'quality': 90},True,1.0,1.0,544b38ef,True,False,35.8433,0.943842,40.5423,0.1.0,not-a-git-repository,3.12.10,macOS-26.6.2-arm64-arm-64bit,2.5.2,42,cpu,opencv_yunet,landmark,insightface,spectral,dct,0.16,2026-09-02T04:14:05.967125+00:00
watermark_robustness,felipe_perez_roque_2.png,jpeg_q70,jpeg_compression,{'quality': 70},True,1.0,1.0,544b38ef,True,False,35.8433,0.943842,35.5641,0.1.0,not-a-git-repository,3.12.10,macOS-26.6.2-arm64-arm-64bit,2.5.2,42,cpu,opencv_yunet,landmark,insightface,spectral,dct,0.16,2026-09-02T04:14:05.967125+00:00
watermark_robustness,felipe_perez_roque_2.png,jpeg_q50,jpeg_compression,{'quality': 50},False,0.53125,0.515625,,False,False,35.8433,0.943842,32.7356,0.1.0,not-a-git-repository,3.12.10,macOS-26.6.2-arm64-arm-64bit,2.5.2,42,cpu,opencv_yunet,landmark,insightface,spectral,dct,0.16,2026-09-02T04:14:05.967125+00:00
watermark_robustness,felipe_perez_roque_2.png,resize_75,resize,{'scale': 0.75},True,1.0,1.0,544b38ef,True,False,35.8433,0.943842,40.9041,0.1.0,not-a-git-repository,3.12.10,macOS-26.6.2-arm64-arm-64bit,2.5.2,42,cpu,opencv_yunet,landmark,insightface,spectral,dct,0.16,2026-09-02T04:14:05.967125+00:00
watermark_robustness,felipe_perez_roque_2.png,resize_50,resize,{'scale': 0.5},True,0.253111,0.96875,544b38ef,True,False,35.8433,0.943842,34.7013,0.1.0,not-a-git-repository,3.12.10,macOS-26.6.2-arm64-arm-64bit,2.5.2,42,cpu,opencv_yunet,landmark,insightface,spectral,dct,0.16,2026-09-02T04:14:05.967125+00:00
watermark_robustness,felipe_perez_roque_2.png,resize_25,resize,{'scale': 0.25},False,0.53125,0.46875,,False,False,35.8433,0.943842,29.7741,0.1.0,not-a-git-repository,3.12.10,macOS-26.6.2-arm64-arm-64bit,2.5.2,42,cpu,opencv_yunet,landmark,insightface,spectral,dct,0.16,2026-09-02T04:14:05.967125+00:00
watermark_robustness,felipe_perez_roque_2.png,crop_10,crop,{'ratio': 0.1},False,1.0,0.4375,,False,False,35.8433,0.943842,12.8876,0.1.0,not-a-git-repository,3.12.10,macOS-26.6.2-arm64-arm-64bit,2.5.2,42,cpu,opencv_yunet,landmark,insightface,spectral,dct,0.16,2026-09-02T04:14:05.967125+00:00
watermark_robustness,felipe_perez_roque_2.png,crop_30,crop,{'ratio': 0.3},False,0.570312,0.484375,,False,False,35.8433,0.943842,11.5962,0.1.0,not-a-git-repository,3.12.10,macOS-26.6.2-arm64-arm-64bit,2.5.2,42,cpu,opencv_yunet,landmark,insightface,spectral,dct,0.16,2026-09-02T04:14:05.967125+00:00
watermark_robustness,felipe_perez_roque_2.png,rotate_5,rotation,{'degrees': 5},False,0.539062,0.578125,,False,False,35.8433,0.943842,15.4159,0.1.0,not-a-git-repository,3.12.10,macOS-26.6.2-arm64-arm-64bit,2.5.2,42,cpu,opencv_yunet,landmark,insightface,spectral,dct,0.16,2026-09-02T04:14:05.967125+00:00
watermark_robustness,felipe_perez_roque_2.png,blur_1,blur,{'sigma': 1.0},True,0.998047,1.0,544b38ef,True,False,35.8433,0.943842,33.3797,0.1.0,not-a-git-repository,3.12.10,macOS-26.6.2-arm64-arm-64bit,2.5.2,42,cpu,opencv_yunet,landmark,insightface,spectral,dct,0.16,2026-09-02T04:14:05.967125+00:00
watermark_robustness,felipe_perez_roque_2.png,noise_5,noise,{'sigma': 5.0},True,1.0,1.0,544b38ef,True,False,35.8433,0.943842,34.1061,0.1.0,not-a-git-repository,3.12.10,macOS-26.6.2-arm64-arm-64bit,2.5.2,42,cpu,opencv_yunet,landmark,insightface,spectral,dct,0.16,2026-09-02T04:14:05.967125+00:00
watermark_robustness,felipe_perez_roque_2.png,brightness_up,brightness,{'factor': 1.2},True,1.0,1.0,544b38ef,True,False,35.8433,0.943842,21.174,0.1.0,not-a-git-repository,3.12.10,macOS-26.6.2-arm64-arm-64bit,2.5.2,42,cpu,opencv_yunet,landmark,insightface,spectral,dct,0.16,2026-09-02T04:14:05.967125+00:00
watermark_robustness,felipe_perez_roque_2.png,contrast_down,contrast,{'factor': 0.8},True,1.0,1.0,544b38ef,True,False,35.8433,0.943842,28.1561,0.1.0,not-a-git-repository,3.12.10,macOS-26.6.2-arm64-arm-64bit,2.5.2,42,cpu,opencv_yunet,landmark,insightface,spectral,dct,0.16,2026-09-02T04:14:05.967125+00:00
watermark_robustness,felipe_perez_roque_2.png,webp_q80,webp,{'quality': 80},True,1.0,1.0,544b38ef,True,False,35.8433,0.943842,36.0392,0.1.0,not-a-git-repository,3.12.10,macOS-26.6.2-arm64-arm-64bit,2.5.2,42,cpu,opencv_yunet,landmark,insightface,spectral,dct,0.16,2026-09-02T04:14:05.967125+00:00
watermark_robustness,felipe_perez_roque_2.png,screenshot,screenshot_simulation,"{'scale': 0.9, 'quality': 85}",True,1.0,1.0,544b38ef,True,False,35.8433,0.943842,38.7338,0.1.0,not-a-git-repository,3.12.10,macOS-26.6.2-arm64-arm-64bit,2.5.2,42,cpu,opencv_yunet,landmark,insightface,spectral,dct,0.16,2026-09-02T04:14:05.967125+00:00
watermark_robustness,felipe_perez_roque_3.png,jpeg_q90,jpeg_compression,{'quality': 90},True,1.0,1.0,ed9ecdea,True,False,36.236,0.921273,43.0593,0.1.0,not-a-git-repository,3.12.10,macOS-26.6.2-arm64-arm-64bit,2.5.2,42,cpu,opencv_yunet,landmark,insightface,spectral,dct,0.16,2026-09-02T04:14:05.967125+00:00
watermark_robustness,felipe_perez_roque_3.png,jpeg_q70,jpeg_compression,{'quality': 70},True,0.921875,1.0,ed9ecdea,True,False,36.236,0.921273,37.0801,0.1.0,not-a-git-repository,3.12.10,macOS-26.6.2-arm64-arm-64bit,2.5.2,42,cpu,opencv_yunet,landmark,insightface,spectral,dct,0.16,2026-09-02T04:14:05.967125+00:00
watermark_robustness,felipe_perez_roque_3.png,jpeg_q50,jpeg_compression,{'quality': 50},False,0.53125,0.640625,,False,False,36.236,0.921273,34.0411,0.1.0,not-a-git-repository,3.12.10,macOS-26.6.2-arm64-arm-64bit,2.5.2,42,cpu,opencv_yunet,landmark,insightface,spectral,dct,0.16,2026-09-02T04:14:05.967125+00:00
watermark_robustness,felipe_perez_roque_3.png,resize_75,resize,{'scale': 0.75},True,1.0,1.0,ed9ecdea,True,False,36.236,0.921273,41.6353,0.1.0,not-a-git-repository,3.12.10,macOS-26.6.2-arm64-arm-64bit,2.5.2,42,cpu,opencv_yunet,landmark,insightface,spectral,dct,0.16,2026-09-02T04:14:05.967125+00:00
watermark_robustness,felipe_perez_roque_3.png,resize_50,resize,{'scale': 0.5},False,0.755425,0.890625,,False,False,36.236,0.921273,34.7268,0.1.0,not-a-git-repository,3.12.10,macOS-26.6.2-arm64-arm-64bit,2.5.2,42,cpu,opencv_yunet,landmark,insightface,spectral,dct,0.16,2026-09-02T04:14:05.967125+00:00
watermark_robustness,felipe_perez_roque_3.png,resize_25,resize,{'scale': 0.25},False,0.5625,0.609375,,False,False,36.236,0.921273,28.284,0.1.0,not-a-git-repository,3.12.10,macOS-26.6.2-arm64-arm-64bit,2.5.2,42,cpu,opencv_yunet,landmark,insightface,spectral,dct,0.16,2026-09-02T04:14:05.967125+00:00
watermark_robustness,felipe_perez_roque_3.png,crop_10,crop,{'ratio': 0.1},True,1.0,0.484375,ed9ecdea,True,False,36.236,0.921273,13.141,0.1.0,not-a-git-repository,3.12.10,macOS-26.6.2-arm64-arm-64bit,2.5.2,42,cpu,opencv_yunet,landmark,insightface,spectral,dct,0.16,2026-09-02T04:14:05.967125+00:00
watermark_robustness,felipe_perez_roque_3.png,crop_30,crop,{'ratio': 0.3},False,0.5625,0.484375,,False,False,36.236,0.921273,8.2728,0.1.0,not-a-git-repository,3.12.10,macOS-26.6.2-arm64-arm-64bit,2.5.2,42,cpu,opencv_yunet,landmark,insightface,spectral,dct,0.16,2026-09-02T04:14:05.967125+00:00
watermark_robustness,felipe_perez_roque_3.png,rotate_5,rotation,{'degrees': 5},False,0.507812,0.34375,,False,False,36.236,0.921273,14.7767,0.1.0,not-a-git-repository,3.12.10,macOS-26.6.2-arm64-arm-64bit,2.5.2,42,cpu,opencv_yunet,landmark,insightface,spectral,dct,0.16,2026-09-02T04:14:05.967125+00:00
watermark_robustness,felipe_perez_roque_3.png,blur_1,blur,{'sigma': 1.0},True,0.998047,1.0,ed9ecdea,True,False,36.236,0.921273,32.855,0.1.0,not-a-git-repository,3.12.10,macOS-26.6.2-arm64-arm-64bit,2.5.2,42,cpu,opencv_yunet,landmark,insightface,spectral,dct,0.16,2026-09-02T04:14:05.967125+00:00
watermark_robustness,felipe_perez_roque_3.png,noise_5,noise,{'sigma': 5.0},True,1.0,1.0,ed9ecdea,True,False,36.236,0.921273,34.4124,0.1.0,not-a-git-repository,3.12.10,macOS-26.6.2-arm64-arm-64bit,2.5.2,42,cpu,opencv_yunet,landmark,insightface,spectral,dct,0.16,2026-09-02T04:14:05.967125+00:00
watermark_robustness,felipe_perez_roque_3.png,brightness_up,brightness,{'factor': 1.2},True,0.909505,1.0,ed9ecdea,True,False,36.236,0.921273,22.1675,0.1.0,not-a-git-repository,3.12.10,macOS-26.6.2-arm64-arm-64bit,2.5.2,42,cpu,opencv_yunet,landmark,insightface,spectral,dct,0.16,2026-09-02T04:14:05.967125+00:00
watermark_robustness,felipe_perez_roque_3.png,contrast_down,contrast,{'factor': 0.8},True,1.0,1.0,ed9ecdea,True,False,36.236,0.921273,24.0581,0.1.0,not-a-git-repository,3.12.10,macOS-26.6.2-arm64-arm-64bit,2.5.2,42,cpu,opencv_yunet,landmark,insightface,spectral,dct,0.16,2026-09-02T04:14:05.967125+00:00
watermark_robustness,felipe_perez_roque_3.png,webp_q80,webp,{'quality': 80},True,0.953125,1.0,ed9ecdea,True,False,36.236,0.921273,36.9485,0.1.0,not-a-git-repository,3.12.10,macOS-26.6.2-arm64-arm-64bit,2.5.2,42,cpu,opencv_yunet,landmark,insightface,spectral,dct,0.16,2026-09-02T04:14:05.967125+00:00
watermark_robustness,felipe_perez_roque_3.png,screenshot,screenshot_simulation,"{'scale': 0.9, 'quality': 85}",True,0.962891,1.0,ed9ecdea,True,False,36.236,0.921273,40.6776,0.1.0,not-a-git-repository,3.12.10,macOS-26.6.2-arm64-arm-64bit,2.5.2,42,cpu,opencv_yunet,landmark,insightface,spectral,dct,0.16,2026-09-02T04:14:05.967125+00:00
watermark_robustness,hugo_chavez_0.png,jpeg_q90,jpeg_compression,{'quality': 90},True,1.0,1.0,5ffa75fa,True,False,36.4281,0.894457,42.2066,0.1.0,not-a-git-repository,3.12.10,macOS-26.6.2-arm64-arm-64bit,2.5.2,42,cpu,opencv_yunet,landmark,insightface,spectral,dct,0.16,2026-09-02T04:14:05.967125+00:00
watermark_robustness,hugo_chavez_0.png,jpeg_q70,jpeg_compression,{'quality': 70},True,0.821615,1.0,5ffa75fa,True,False,36.4281,0.894457,36.6485,0.1.0,not-a-git-repository,3.12.10,macOS-26.6.2-arm64-arm-64bit,2.5.2,42,cpu,opencv_yunet,landmark,insightface,spectral,dct,0.16,2026-09-02T04:14:05.967125+00:00
watermark_robustness,hugo_chavez_0.png,jpeg_q50,jpeg_compression,{'quality': 50},False,0.53125,0.6875,,False,False,36.4281,0.894457,33.9187,0.1.0,not-a-git-repository,3.12.10,macOS-26.6.2-arm64-arm-64bit,2.5.2,42,cpu,opencv_yunet,landmark,insightface,spectral,dct,0.16,2026-09-02T04:14:05.967125+00:00
watermark_robustness,hugo_chavez_0.png,resize_75,resize,{'scale': 0.75},True,1.0,1.0,5ffa75fa,True,False,36.4281,0.894457,34.6998,0.1.0,not-a-git-repository,3.12.10,macOS-26.6.2-arm64-arm-64bit,2.5.2,42,cpu,opencv_yunet,landmark,insightface,spectral,dct,0.16,2026-09-02T04:14:05.967125+00:00
watermark_robustness,hugo_chavez_0.png,resize_50,resize,{'scale': 0.5},False,0.756076,0.9375,,False,False,36.4281,0.894457,30.9201,0.1.0,not-a-git-repository,3.12.10,macOS-26.6.2-arm64-arm-64bit,2.5.2,42,cpu,opencv_yunet,landmark,insightface,spectral,dct,0.16,2026-09-02T04:14:05.967125+00:00
watermark_robustness,hugo_chavez_0.png,resize_25,resize,{'scale': 0.25},False,0.515625,0.453125,,False,False,36.4281,0.894457,24.3605,0.1.0,not-a-git-repository,3.12.10,macOS-26.6.2-arm64-arm-64bit,2.5.2,42,cpu,opencv_yunet,landmark,insightface,spectral,dct,0.16,2026-09-02T04:14:05.967125+00:00
watermark_robustness,hugo_chavez_0.png,crop_10,crop,{'ratio': 0.1},True,1.0,0.46875,5ffa75fa,True,False,36.4281,0.894457,6.4827,0.1.0,not-a-git-repository,3.12.10,macOS-26.6.2-arm64-arm-64bit,2.5.2,42,cpu,opencv_yunet,landmark,insightface,spectral,dct,0.16,2026-09-02T04:14:05.967125+00:00
watermark_robustness,hugo_chavez_0.png,crop_30,crop,{'ratio': 0.3},False,0.546875,0.546875,,False,False,36.4281,0.894457,7.7684,0.1.0,not-a-git-repository,3.12.10,macOS-26.6.2-arm64-arm-64bit,2.5.2,42,cpu,opencv_yunet,landmark,insightface,spectral,dct,0.16,2026-09-02T04:14:05.967125+00:00
watermark_robustness,hugo_chavez_0.png,rotate_5,rotation,{'degrees': 5},False,0.53125,0.484375,,False,False,36.4281,0.894457,12.427,0.1.0,not-a-git-repository,3.12.10,macOS-26.6.2-arm64-arm-64bit,2.5.2,42,cpu,opencv_yunet,landmark,insightface,spectral,dct,0.16,2026-09-02T04:14:05.967125+00:00
watermark_robustness,hugo_chavez_0.png,blur_1,blur,{'sigma': 1.0},True,0.986979,1.0,5ffa75fa,True,False,36.4281,0.894457,28.9091,0.1.0,not-a-git-repository,3.12.10,macOS-26.6.2-arm64-arm-64bit,2.5.2,42,cpu,opencv_yunet,landmark,insightface,spectral,dct,0.16,2026-09-02T04:14:05.967125+00:00
watermark_robustness,hugo_chavez_0.png,noise_5,noise,{'sigma': 5.0},True,1.0,1.0,5ffa75fa,True,False,36.4281,0.894457,34.7181,0.1.0,not-a-git-repository,3.12.10,macOS-26.6.2-arm64-arm-64bit,2.5.2,42,cpu,opencv_yunet,landmark,insightface,spectral,dct,0.16,2026-09-02T04:14:05.967125+00:00
watermark_robustness,hugo_chavez_0.png,brightness_up,brightness,{'factor': 1.2},True,0.168945,0.953125,5ffa75fa,True,False,36.4281,0.894457,23.7381,0.1.0,not-a-git-repository,3.12.10,macOS-26.6.2-arm64-arm-64bit,2.5.2,42,cpu,opencv_yunet,landmark,insightface,spectral,dct,0.16,2026-09-02T04:14:05.967125+00:00
watermark_robustness,hugo_chavez_0.png,contrast_down,contrast,{'factor': 0.8},True,1.0,1.0,5ffa75fa,True,False,36.4281,0.894457,22.0681,0.1.0,not-a-git-repository,3.12.10,macOS-26.6.2-arm64-arm-64bit,2.5.2,42,cpu,opencv_yunet,landmark,insightface,spectral,dct,0.16,2026-09-02T04:14:05.967125+00:00
watermark_robustness,hugo_chavez_0.png,webp_q80,webp,{'quality': 80},True,0.893229,1.0,5ffa75fa,True,False,36.4281,0.894457,37.3214,0.1.0,not-a-git-repository,3.12.10,macOS-26.6.2-arm64-arm-64bit,2.5.2,42,cpu,opencv_yunet,landmark,insightface,spectral,dct,0.16,2026-09-02T04:14:05.967125+00:00
watermark_robustness,hugo_chavez_0.png,screenshot,screenshot_simulation,"{'scale': 0.9, 'quality': 85}",True,0.917969,1.0,5ffa75fa,True,False,36.4281,0.894457,38.1518,0.1.0,not-a-git-repository,3.12.10,macOS-26.6.2-arm64-arm-64bit,2.5.2,42,cpu,opencv_yunet,landmark,insightface,spectral,dct,0.16,2026-09-02T04:14:05.967125+00:00
watermark_robustness,hugo_chavez_1.png,jpeg_q90,jpeg_compression,{'quality': 90},True,1.0,1.0,cae85dd4,True,False,36.515,0.909249,41.943,0.1.0,not-a-git-repository,3.12.10,macOS-26.6.2-arm64-arm-64bit,2.5.2,42,cpu,opencv_yunet,landmark,insightface,spectral,dct,0.16,2026-09-02T04:14:05.967125+00:00
watermark_robustness,hugo_chavez_1.png,jpeg_q70,jpeg_compression,{'quality': 70},True,0.864583,1.0,cae85dd4,True,False,36.515,0.909249,36.5548,0.1.0,not-a-git-repository,3.12.10,macOS-26.6.2-arm64-arm-64bit,2.5.2,42,cpu,opencv_yunet,landmark,insightface,spectral,dct,0.16,2026-09-02T04:14:05.967125+00:00
watermark_robustness,hugo_chavez_1.png,jpeg_q50,jpeg_compression,{'quality': 50},False,0.5625,0.671875,,False,False,36.515,0.909249,33.6997,0.1.0,not-a-git-repository,3.12.10,macOS-26.6.2-arm64-arm-64bit,2.5.2,42,cpu,opencv_yunet,landmark,insightface,spectral,dct,0.16,2026-09-02T04:14:05.967125+00:00
watermark_robustness,hugo_chavez_1.png,resize_75,resize,{'scale': 0.75},True,1.0,1.0,cae85dd4,True,False,36.515,0.909249,37.5266,0.1.0,not-a-git-repository,3.12.10,macOS-26.6.2-arm64-arm-64bit,2.5.2,42,cpu,opencv_yunet,landmark,insightface,spectral,dct,0.16,2026-09-02T04:14:05.967125+00:00
watermark_robustness,hugo_chavez_1.png,resize_50,resize,{'scale': 0.5},True,0.261502,0.96875,cae85dd4,True,False,36.515,0.909249,32.7656,0.1.0,not-a-git-repository,3.12.10,macOS-26.6.2-arm64-arm-64bit,2.5.2,42,cpu,opencv_yunet,landmark,insightface,spectral,dct,0.16,2026-09-02T04:14:05.967125+00:00
watermark_robustness,hugo_chavez_1.png,resize_25,resize,{'scale': 0.25},False,0.515625,0.640625,,False,False,36.515,0.909249,26.6631,0.1.0,not-a-git-repository,3.12.10,macOS-26.6.2-arm64-arm-64bit,2.5.2,42,cpu,opencv_yunet,landmark,insightface,spectral,dct,0.16,2026-09-02T04:14:05.967125+00:00
watermark_robustness,hugo_chavez_1.png,crop_10,crop,{'ratio': 0.1},True,1.0,0.421875,cae85dd4,True,False,36.515,0.909249,11.1657,0.1.0,not-a-git-repository,3.12.10,macOS-26.6.2-arm64-arm-64bit,2.5.2,42,cpu,opencv_yunet,landmark,insightface,spectral,dct,0.16,2026-09-02T04:14:05.967125+00:00
watermark_robustness,hugo_chavez_1.png,crop_30,crop,{'ratio': 0.3},False,0.570312,0.546875,,False,False,36.515,0.909249,8.3283,0.1.0,not-a-git-repository,3.12.10,macOS-26.6.2-arm64-arm-64bit,2.5.2,42,cpu,opencv_yunet,landmark,insightface,spectral,dct,0.16,2026-09-02T04:14:05.967125+00:00
watermark_robustness,hugo_chavez_1.png,rotate_5,rotation,{'degrees': 5},False,0.507812,0.484375,,False,False,36.515,0.909249,14.4469,0.1.0,not-a-git-repository,3.12.10,macOS-26.6.2-arm64-arm-64bit,2.5.2,42,cpu,opencv_yunet,landmark,insightface,spectral,dct,0.16,2026-09-02T04:14:05.967125+00:00
watermark_robustness,hugo_chavez_1.png,blur_1,blur,{'sigma': 1.0},True,0.997396,1.0,cae85dd4,True,False,36.515,0.909249,31.3923,0.1.0,not-a-git-repository,3.12.10,macOS-26.6.2-arm64-arm-64bit,2.5.2,42,cpu,opencv_yunet,landmark,insightface,spectral,dct,0.16,2026-09-02T04:14:05.967125+00:00
watermark_robustness,hugo_chavez_1.png,noise_5,noise,{'sigma': 5.0},True,1.0,1.0,cae85dd4,True,False,36.515,0.909249,34.6596,0.1.0,not-a-git-repository,3.12.10,macOS-26.6.2-arm64-arm-64bit,2.5.2,42,cpu,opencv_yunet,landmark,insightface,spectral,dct,0.16,2026-09-02T04:14:05.967125+00:00
watermark_robustness,hugo_chavez_1.png,brightness_up,brightness,{'factor': 1.2},True,1.0,1.0,cae85dd4,True,False,36.515,0.909249,22.6679,0.1.0,not-a-git-repository,3.12.10,macOS-26.6.2-arm64-arm-64bit,2.5.2,42,cpu,opencv_yunet,landmark,insightface,spectral,dct,0.16,2026-09-02T04:14:05.967125+00:00
watermark_robustness,hugo_chavez_1.png,contrast_down,contrast,{'factor': 0.8},True,1.0,1.0,cae85dd4,True,False,36.515,0.909249,25.2006,0.1.0,not-a-git-repository,3.12.10,macOS-26.6.2-arm64-arm-64bit,2.5.2,42,cpu,opencv_yunet,landmark,insightface,spectral,dct,0.16,2026-09-02T04:14:05.967125+00:00
watermark_robustness,hugo_chavez_1.png,webp_q80,webp,{'quality': 80},True,0.923828,1.0,cae85dd4,True,False,36.515,0.909249,36.9486,0.1.0,not-a-git-repository,3.12.10,macOS-26.6.2-arm64-arm-64bit,2.5.2,42,cpu,opencv_yunet,landmark,insightface,spectral,dct,0.16,2026-09-02T04:14:05.967125+00:00
watermark_robustness,hugo_chavez_1.png,screenshot,screenshot_simulation,"{'scale': 0.9, 'quality': 85}",True,0.943359,1.0,cae85dd4,True,False,36.515,0.909249,38.5799,0.1.0,not-a-git-repository,3.12.10,macOS-26.6.2-arm64-arm-64bit,2.5.2,42,cpu,opencv_yunet,landmark,insightface,spectral,dct,0.16,2026-09-02T04:14:05.967125+00:00
watermark_robustness,hugo_chavez_2.png,jpeg_q90,jpeg_compression,{'quality': 90},True,1.0,1.0,f861cee6,True,False,35.9548,0.920901,42.2848,0.1.0,not-a-git-repository,3.12.10,macOS-26.6.2-arm64-arm-64bit,2.5.2,42,cpu,opencv_yunet,landmark,insightface,spectral,dct,0.16,2026-09-02T04:14:05.967125+00:00
watermark_robustness,hugo_chavez_2.png,jpeg_q70,jpeg_compression,{'quality': 70},True,0.973958,1.0,f861cee6,True,False,35.9548,0.920901,36.0606,0.1.0,not-a-git-repository,3.12.10,macOS-26.6.2-arm64-arm-64bit,2.5.2,42,cpu,opencv_yunet,landmark,insightface,spectral,dct,0.16,2026-09-02T04:14:05.967125+00:00
watermark_robustness,hugo_chavez_2.png,jpeg_q50,jpeg_compression,{'quality': 50},False,0.523438,0.46875,,False,False,35.9548,0.920901,33.0614,0.1.0,not-a-git-repository,3.12.10,macOS-26.6.2-arm64-arm-64bit,2.5.2,42,cpu,opencv_yunet,landmark,insightface,spectral,dct,0.16,2026-09-02T04:14:05.967125+00:00
watermark_robustness,hugo_chavez_2.png,resize_75,resize,{'scale': 0.75},True,1.0,1.0,f861cee6,True,False,35.9548,0.920901,34.54,0.1.0,not-a-git-repository,3.12.10,macOS-26.6.2-arm64-arm-64bit,2.5.2,42,cpu,opencv_yunet,landmark,insightface,spectral,dct,0.16,2026-09-02T04:14:05.967125+00:00
watermark_robustness,hugo_chavez_2.png,resize_50,resize,{'scale': 0.5},True,0.194661,0.953125,f861cee6,True,False,35.9548,0.920901,30.6466,0.1.0,not-a-git-repository,3.12.10,macOS-26.6.2-arm64-arm-64bit,2.5.2,42,cpu,opencv_yunet,landmark,insightface,spectral,dct,0.16,2026-09-02T04:14:05.967125+00:00
watermark_robustness,hugo_chavez_2.png,resize_25,resize,{'scale': 0.25},False,0.53125,0.46875,,False,False,35.9548,0.920901,26.6936,0.1.0,not-a-git-repository,3.12.10,macOS-26.6.2-arm64-arm-64bit,2.5.2,42,cpu,opencv_yunet,landmark,insightface,spectral,dct,0.16,2026-09-02T04:14:05.967125+00:00
watermark_robustness,hugo_chavez_2.png,crop_10,crop,{'ratio': 0.1},True,1.0,0.5,f861cee6,True,False,35.9548,0.920901,9.568,0.1.0,not-a-git-repository,3.12.10,macOS-26.6.2-arm64-arm-64bit,2.5.2,42,cpu,opencv_yunet,landmark,insightface,spectral,dct,0.16,2026-09-02T04:14:05.967125+00:00
watermark_robustness,hugo_chavez_2.png,crop_30,crop,{'ratio': 0.3},False,0.570312,0.5625,,False,False,35.9548,0.920901,8.9872,0.1.0,not-a-git-repository,3.12.10,macOS-26.6.2-arm64-arm-64bit,2.5.2,42,cpu,opencv_yunet,landmark,insightface,spectral,dct,0.16,2026-09-02T04:14:05.967125+00:00
watermark_robustness,hugo_chavez_2.png,rotate_5,rotation,{'degrees': 5},False,0.546875,0.46875,,False,False,35.9548,0.920901,12.6737,0.1.0,not-a-git-repository,3.12.10,macOS-26.6.2-arm64-arm-64bit,2.5.2,42,cpu,opencv_yunet,landmark,insightface,spectral,dct,0.16,2026-09-02T04:14:05.967125+00:00
watermark_robustness,hugo_chavez_2.png,blur_1,blur,{'sigma': 1.0},True,0.98763,1.0,f861cee6,True,False,35.9548,0.920901,30.1996,0.1.0,not-a-git-repository,3.12.10,macOS-26.6.2-arm64-arm-64bit,2.5.2,42,cpu,opencv_yunet,landmark,insightface,spectral,dct,0.16,2026-09-02T04:14:05.967125+00:00
watermark_robustness,hugo_chavez_2.png,noise_5,noise,{'sigma': 5.0},True,1.0,1.0,f861cee6,True,False,35.9548,0.920901,34.2185,0.1.0,not-a-git-repository,3.12.10,macOS-26.6.2-arm64-arm-64bit,2.5.2,42,cpu,opencv_yunet,landmark,insightface,spectral,dct,0.16,2026-09-02T04:14:05.967125+00:00
watermark_robustness,hugo_chavez_2.png,brightness_up,brightness,{'factor': 1.2},True,0.973958,1.0,f861cee6,True,False,35.9548,0.920901,19.6119,0.1.0,not-a-git-repository,3.12.10,macOS-26.6.2-arm64-arm-64bit,2.5.2,42,cpu,opencv_yunet,landmark,insightface,spectral,dct,0.16,2026-09-02T04:14:05.967125+00:00
watermark_robustness,hugo_chavez_2.png,contrast_down,contrast,{'factor': 0.8},True,1.0,1.0,f861cee6,True,False,35.9548,0.920901,24.6755,0.1.0,not-a-git-repository,3.12.10,macOS-26.6.2-arm64-arm-64bit,2.5.2,42,cpu,opencv_yunet,landmark,insightface,spectral,dct,0.16,2026-09-02T04:14:05.967125+00:00
watermark_robustness,hugo_chavez_2.png,webp_q80,webp,{'quality': 80},True,0.984375,1.0,f861cee6,True,False,35.9548,0.920901,36.722,0.1.0,not-a-git-repository,3.12.10,macOS-26.6.2-arm64-arm-64bit,2.5.2,42,cpu,opencv_yunet,landmark,insightface,spectral,dct,0.16,2026-09-02T04:14:05.967125+00:00
watermark_robustness,hugo_chavez_2.png,screenshot,screenshot_simulation,"{'scale': 0.9, 'quality': 85}",True,0.988281,1.0,f861cee6,True,False,35.9548,0.920901,35.6339,0.1.0,not-a-git-repository,3.12.10,macOS-26.6.2-arm64-arm-64bit,2.5.2,42,cpu,opencv_yunet,landmark,insightface,spectral,dct,0.16,2026-09-02T04:14:05.967125+00:00
watermark_robustness,hugo_chavez_3.png,jpeg_q90,jpeg_compression,{'quality': 90},True,0.995443,1.0,56f01b46,True,False,36.6334,0.923744,41.6804,0.1.0,not-a-git-repository,3.12.10,macOS-26.6.2-arm64-arm-64bit,2.5.2,42,cpu,opencv_yunet,landmark,insightface,spectral,dct,0.16,2026-09-02T04:14:05.967125+00:00
watermark_robustness,hugo_chavez_3.png,jpeg_q70,jpeg_compression,{'quality': 70},True,0.841797,1.0,56f01b46,True,False,36.6334,0.923744,36.0203,0.1.0,not-a-git-repository,3.12.10,macOS-26.6.2-arm64-arm-64bit,2.5.2,42,cpu,opencv_yunet,landmark,insightface,spectral,dct,0.16,2026-09-02T04:14:05.967125+00:00
watermark_robustness,hugo_chavez_3.png,jpeg_q50,jpeg_compression,{'quality': 50},False,0.539062,0.6875,,False,False,36.6334,0.923744,33.3678,0.1.0,not-a-git-repository,3.12.10,macOS-26.6.2-arm64-arm-64bit,2.5.2,42,cpu,opencv_yunet,landmark,insightface,spectral,dct,0.16,2026-09-02T04:14:05.967125+00:00
watermark_robustness,hugo_chavez_3.png,resize_75,resize,{'scale': 0.75},True,0.989583,1.0,56f01b46,True,False,36.6334,0.923744,37.6051,0.1.0,not-a-git-repository,3.12.10,macOS-26.6.2-arm64-arm-64bit,2.5.2,42,cpu,opencv_yunet,landmark,insightface,spectral,dct,0.16,2026-09-02T04:14:05.967125+00:00
watermark_robustness,hugo_chavez_3.png,resize_50,resize,{'scale': 0.5},True,0.37793,0.984375,56f01b46,True,False,36.6334,0.923744,33.4875,0.1.0,not-a-git-repository,3.12.10,macOS-26.6.2-arm64-arm-64bit,2.5.2,42,cpu,opencv_yunet,landmark,insightface,spectral,dct,0.16,2026-09-02T04:14:05.967125+00:00
watermark_robustness,hugo_chavez_3.png,resize_25,resize,{'scale': 0.25},False,0.578125,0.5625,,False,False,36.6334,0.923744,29.2819,0.1.0,not-a-git-repository,3.12.10,macOS-26.6.2-arm64-arm-64bit,2.5.2,42,cpu,opencv_yunet,landmark,insightface,spectral,dct,0.16,2026-09-02T04:14:05.967125+00:00
watermark_robustness,hugo_chavez_3.png,crop_10,crop,{'ratio': 0.1},True,1.0,0.515625,56f01b46,True,False,36.6334,0.923744,11.5601,0.1.0,not-a-git-repository,3.12.10,macOS-26.6.2-arm64-arm-64bit,2.5.2,42,cpu,opencv_yunet,landmark,insightface,spectral,dct,0.16,2026-09-02T04:14:05.967125+00:00
watermark_robustness,hugo_chavez_3.png,crop_30,crop,{'ratio': 0.3},False,0.554688,0.515625,,False,False,36.6334,0.923744,9.7588,0.1.0,not-a-git-repository,3.12.10,macOS-26.6.2-arm64-arm-64bit,2.5.2,42,cpu,opencv_yunet,landmark,insightface,spectral,dct,0.16,2026-09-02T04:14:05.967125+00:00
watermark_robustness,hugo_chavez_3.png,rotate_5,rotation,{'degrees': 5},False,0.601562,0.546875,,False,False,36.6334,0.923744,17.8751,0.1.0,not-a-git-repository,3.12.10,macOS-26.6.2-arm64-arm-64bit,2.5.2,42,cpu,opencv_yunet,landmark,insightface,spectral,dct,0.16,2026-09-02T04:14:05.967125+00:00
watermark_robustness,hugo_chavez_3.png,blur_1,blur,{'sigma': 1.0},True,0.991536,1.0,56f01b46,True,False,36.6334,0.923744,32.7979,0.1.0,not-a-git-repository,3.12.10,macOS-26.6.2-arm64-arm-64bit,2.5.2,42,cpu,opencv_yunet,landmark,insightface,spectral,dct,0.16,2026-09-02T04:14:05.967125+00:00
watermark_robustness,hugo_chavez_3.png,noise_5,noise,{'sigma': 5.0},True,0.995443,1.0,56f01b46,True,False,36.6334,0.923744,34.7183,0.1.0,not-a-git-repository,3.12.10,macOS-26.6.2-arm64-arm-64bit,2.5.2,42,cpu,opencv_yunet,landmark,insightface,spectral,dct,0.16,2026-09-02T04:14:05.967125+00:00
watermark_robustness,hugo_chavez_3.png,brightness_up,brightness,{'factor': 1.2},True,0.997396,1.0,56f01b46,True,False,36.6334,0.923744,21.9015,0.1.0,not-a-git-repository,3.12.10,macOS-26.6.2-arm64-arm-64bit,2.5.2,42,cpu,opencv_yunet,landmark,insightface,spectral,dct,0.16,2026-09-02T04:14:05.967125+00:00
watermark_robustness,hugo_chavez_3.png,contrast_down,contrast,{'factor': 0.8},True,0.997396,1.0,56f01b46,True,False,36.6334,0.923744,24.8875,0.1.0,not-a-git-repository,3.12.10,macOS-26.6.2-arm64-arm-64bit,2.5.2,42,cpu,opencv_yunet,landmark,insightface,spectral,dct,0.16,2026-09-02T04:14:05.967125+00:00
watermark_robustness,hugo_chavez_3.png,webp_q80,webp,{'quality': 80},True,0.891276,1.0,56f01b46,True,False,36.6334,0.923744,36.7655,0.1.0,not-a-git-repository,3.12.10,macOS-26.6.2-arm64-arm-64bit,2.5.2,42,cpu,opencv_yunet,landmark,insightface,spectral,dct,0.16,2026-09-02T04:14:05.967125+00:00
watermark_robustness,hugo_chavez_3.png,screenshot,screenshot_simulation,"{'scale': 0.9, 'quality': 85}",True,0.917318,1.0,56f01b46,True,False,36.6334,0.923744,37.4736,0.1.0,not-a-git-repository,3.12.10,macOS-26.6.2-arm64-arm-64bit,2.5.2,42,cpu,opencv_yunet,landmark,insightface,spectral,dct,0.16,2026-09-02T04:14:05.967125+00:00
watermark_robustness,hugo_chavez_4.png,jpeg_q90,jpeg_compression,{'quality': 90},True,1.0,1.0,6a651813,True,False,36.1367,0.914231,42.9241,0.1.0,not-a-git-repository,3.12.10,macOS-26.6.2-arm64-arm-64bit,2.5.2,42,cpu,opencv_yunet,landmark,insightface,spectral,dct,0.16,2026-09-02T04:14:05.967125+00:00
watermark_robustness,hugo_chavez_4.png,jpeg_q70,jpeg_compression,{'quality': 70},True,0.951823,1.0,6a651813,True,False,36.1367,0.914231,37.0508,0.1.0,not-a-git-repository,3.12.10,macOS-26.6.2-arm64-arm-64bit,2.5.2,42,cpu,opencv_yunet,landmark,insightface,spectral,dct,0.16,2026-09-02T04:14:05.967125+00:00
watermark_robustness,hugo_chavez_4.png,jpeg_q50,jpeg_compression,{'quality': 50},False,0.570312,0.609375,,False,False,36.1367,0.914231,33.9664,0.1.0,not-a-git-repository,3.12.10,macOS-26.6.2-arm64-arm-64bit,2.5.2,42,cpu,opencv_yunet,landmark,insightface,spectral,dct,0.16,2026-09-02T04:14:05.967125+00:00
watermark_robustness,hugo_chavez_4.png,resize_75,resize,{'scale': 0.75},True,1.0,1.0,6a651813,True,False,36.1367,0.914231,38.8037,0.1.0,not-a-git-repository,3.12.10,macOS-26.6.2-arm64-arm-64bit,2.5.2,42,cpu,opencv_yunet,landmark,insightface,spectral,dct,0.16,2026-09-02T04:14:05.967125+00:00
watermark_robustness,hugo_chavez_4.png,resize_50,resize,{'scale': 0.5},True,0.204753,0.953125,6a651813,True,False,36.1367,0.914231,33.5946,0.1.0,not-a-git-repository,3.12.10,macOS-26.6.2-arm64-arm-64bit,2.5.2,42,cpu,opencv_yunet,landmark,insightface,spectral,dct,0.16,2026-09-02T04:14:05.967125+00:00
watermark_robustness,hugo_chavez_4.png,resize_25,resize,{'scale': 0.25},False,0.546875,0.5,,False,False,36.1367,0.914231,28.6086,0.1.0,not-a-git-repository,3.12.10,macOS-26.6.2-arm64-arm-64bit,2.5.2,42,cpu,opencv_yunet,landmark,insightface,spectral,dct,0.16,2026-09-02T04:14:05.967125+00:00
watermark_robustness,hugo_chavez_4.png,crop_10,crop,{'ratio': 0.1},True,1.0,0.515625,6a651813,True,False,36.1367,0.914231,12.854,0.1.0,not-a-git-repository,3.12.10,macOS-26.6.2-arm64-arm-64bit,2.5.2,42,cpu,opencv_yunet,landmark,insightface,spectral,dct,0.16,2026-09-02T04:14:05.967125+00:00
watermark_robustness,hugo_chavez_4.png,crop_30,crop,{'ratio': 0.3},False,0.569444,0.546875,,False,False,36.1367,0.914231,11.5016,0.1.0,not-a-git-repository,3.12.10,macOS-26.6.2-arm64-arm-64bit,2.5.2,42,cpu,opencv_yunet,landmark,insightface,spectral,dct,0.16,2026-09-02T04:14:05.967125+00:00
watermark_robustness,hugo_chavez_4.png,rotate_5,rotation,{'degrees': 5},False,0.515625,0.515625,,False,False,36.1367,0.914231,15.9276,0.1.0,not-a-git-repository,3.12.10,macOS-26.6.2-arm64-arm-64bit,2.5.2,42,cpu,opencv_yunet,landmark,insightface,spectral,dct,0.16,2026-09-02T04:14:05.967125+00:00
watermark_robustness,hugo_chavez_4.png,blur_1,blur,{'sigma': 1.0},True,0.997396,1.0,6a651813,True,False,36.1367,0.914231,32.7166,0.1.0,not-a-git-repository,3.12.10,macOS-26.6.2-arm64-arm-64bit,2.5.2,42,cpu,opencv_yunet,landmark,insightface,spectral,dct,0.16,2026-09-02T04:14:05.967125+00:00
watermark_robustness,hugo_chavez_4.png,noise_5,noise,{'sigma': 5.0},True,1.0,1.0,6a651813,True,False,36.1367,0.914231,34.3129,0.1.0,not-a-git-repository,3.12.10,macOS-26.6.2-arm64-arm-64bit,2.5.2,42,cpu,opencv_yunet,landmark,insightface,spectral,dct,0.16,2026-09-02T04:14:05.967125+00:00
watermark_robustness,hugo_chavez_4.png,brightness_up,brightness,{'factor': 1.2},True,0.984375,1.0,6a651813,True,False,36.1367,0.914231,22.5638,0.1.0,not-a-git-repository,3.12.10,macOS-26.6.2-arm64-arm-64bit,2.5.2,42,cpu,opencv_yunet,landmark,insightface,spectral,dct,0.16,2026-09-02T04:14:05.967125+00:00
watermark_robustness,hugo_chavez_4.png,contrast_down,contrast,{'factor': 0.8},True,1.0,1.0,6a651813,True,False,36.1367,0.914231,26.3055,0.1.0,not-a-git-repository,3.12.10,macOS-26.6.2-arm64-arm-64bit,2.5.2,42,cpu,opencv_yunet,landmark,insightface,spectral,dct,0.16,2026-09-02T04:14:05.967125+00:00
watermark_robustness,hugo_chavez_4.png,webp_q80,webp,{'quality': 80},True,0.964193,1.0,6a651813,True,False,36.1367,0.914231,37.2776,0.1.0,not-a-git-repository,3.12.10,macOS-26.6.2-arm64-arm-64bit,2.5.2,42,cpu,opencv_yunet,landmark,insightface,spectral,dct,0.16,2026-09-02T04:14:05.967125+00:00
watermark_robustness,hugo_chavez_4.png,screenshot,screenshot_simulation,"{'scale': 0.9, 'quality': 85}",True,0.975911,1.0,6a651813,True,False,36.1367,0.914231,38.3003,0.1.0,not-a-git-repository,3.12.10,macOS-26.6.2-arm64-arm-64bit,2.5.2,42,cpu,opencv_yunet,landmark,insightface,spectral,dct,0.16,2026-09-02T04:14:05.967125+00:00
watermark_robustness,hugo_chavez_5.png,jpeg_q90,jpeg_compression,{'quality': 90},True,1.0,1.0,f918217e,True,False,36.5343,0.922381,41.7696,0.1.0,not-a-git-repository,3.12.10,macOS-26.6.2-arm64-arm-64bit,2.5.2,42,cpu,opencv_yunet,landmark,insightface,spectral,dct,0.16,2026-09-02T04:14:05.967125+00:00
watermark_robustness,hugo_chavez_5.png,jpeg_q70,jpeg_compression,{'quality': 70},True,0.899089,1.0,f918217e,True,False,36.5343,0.922381,36.3543,0.1.0,not-a-git-repository,3.12.10,macOS-26.6.2-arm64-arm-64bit,2.5.2,42,cpu,opencv_yunet,landmark,insightface,spectral,dct,0.16,2026-09-02T04:14:05.967125+00:00
watermark_robustness,hugo_chavez_5.png,jpeg_q50,jpeg_compression,{'quality': 50},False,0.554688,0.53125,,False,False,36.5343,0.922381,33.6787,0.1.0,not-a-git-repository,3.12.10,macOS-26.6.2-arm64-arm-64bit,2.5.2,42,cpu,opencv_yunet,landmark,insightface,spectral,dct,0.16,2026-09-02T04:14:05.967125+00:00
watermark_robustness,hugo_chavez_5.png,resize_75,resize,{'scale': 0.75},True,0.998047,1.0,f918217e,True,False,36.5343,0.922381,38.6438,0.1.0,not-a-git-repository,3.12.10,macOS-26.6.2-arm64-arm-64bit,2.5.2,42,cpu,opencv_yunet,landmark,insightface,spectral,dct,0.16,2026-09-02T04:14:05.967125+00:00
watermark_robustness,hugo_chavez_5.png,resize_50,resize,{'scale': 0.5},False,0.709418,0.890625,,False,False,36.5343,0.922381,33.2493,0.1.0,not-a-git-repository,3.12.10,macOS-26.6.2-arm64-arm-64bit,2.5.2,42,cpu,opencv_yunet,landmark,insightface,spectral,dct,0.16,2026-09-02T04:14:05.967125+00:00
watermark_robustness,hugo_chavez_5.png,resize_25,resize,{'scale': 0.25},False,0.546875,0.53125,,False,False,36.5343,0.922381,27.9727,0.1.0,not-a-git-repository,3.12.10,macOS-26.6.2-arm64-arm-64bit,2.5.2,42,cpu,opencv_yunet,landmark,insightface,spectral,dct,0.16,2026-09-02T04:14:05.967125+00:00
watermark_robustness,hugo_chavez_5.png,crop_10,crop,{'ratio': 0.1},True,1.0,0.421875,f918217e,True,False,36.5343,0.922381,12.5664,0.1.0,not-a-git-repository,3.12.10,macOS-26.6.2-arm64-arm-64bit,2.5.2,42,cpu,opencv_yunet,landmark,insightface,spectral,dct,0.16,2026-09-02T04:14:05.967125+00:00
watermark_robustness,hugo_chavez_5.png,crop_30,crop,{'ratio': 0.3},False,0.632812,0.484375,,False,False,36.5343,0.922381,6.4325,0.1.0,not-a-git-repository,3.12.10,macOS-26.6.2-arm64-arm-64bit,2.5.2,42,cpu,opencv_yunet,landmark,insightface,spectral,dct,0.16,2026-09-02T04:14:05.967125+00:00
watermark_robustness,hugo_chavez_5.png,rotate_5,rotation,{'degrees': 5},False,0.546875,0.359375,,False,False,36.5343,0.922381,15.882,0.1.0,not-a-git-repository,3.12.10,macOS-26.6.2-arm64-arm-64bit,2.5.2,42,cpu,opencv_yunet,landmark,insightface,spectral,dct,0.16,2026-09-02T04:14:05.967125+00:00
watermark_robustness,hugo_chavez_5.png,blur_1,blur,{'sigma': 1.0},True,0.992188,1.0,f918217e,True,False,36.5343,0.922381,31.9036,0.1.0,not-a-git-repository,3.12.10,macOS-26.6.2-arm64-arm-64bit,2.5.2,42,cpu,opencv_yunet,landmark,insightface,spectral,dct,0.16,2026-09-02T04:14:05.967125+00:00
watermark_robustness,hugo_chavez_5.png,noise_5,noise,{'sigma': 5.0},True,1.0,1.0,f918217e,True,False,36.5343,0.922381,34.7328,0.1.0,not-a-git-repository,3.12.10,macOS-26.6.2-arm64-arm-64bit,2.5.2,42,cpu,opencv_yunet,landmark,insightface,spectral,dct,0.16,2026-09-02T04:14:05.967125+00:00
watermark_robustness,hugo_chavez_5.png,brightness_up,brightness,{'factor': 1.2},True,1.0,1.0,f918217e,True,False,36.5343,0.922381,24.9738,0.1.0,not-a-git-repository,3.12.10,macOS-26.6.2-arm64-arm-64bit,2.5.2,42,cpu,opencv_yunet,landmark,insightface,spectral,dct,0.16,2026-09-02T04:14:05.967125+00:00
watermark_robustness,hugo_chavez_5.png,contrast_down,contrast,{'factor': 0.8},True,1.0,1.0,f918217e,True,False,36.5343,0.922381,25.4533,0.1.0,not-a-git-repository,3.12.10,macOS-26.6.2-arm64-arm-64bit,2.5.2,42,cpu,opencv_yunet,landmark,insightface,spectral,dct,0.16,2026-09-02T04:14:05.967125+00:00
watermark_robustness,hugo_chavez_5.png,webp_q80,webp,{'quality': 80},True,0.929036,1.0,f918217e,True,False,36.5343,0.922381,36.5489,0.1.0,not-a-git-repository,3.12.10,macOS-26.6.2-arm64-arm-64bit,2.5.2,42,cpu,opencv_yunet,landmark,insightface,spectral,dct,0.16,2026-09-02T04:14:05.967125+00:00
watermark_robustness,hugo_chavez_5.png,screenshot,screenshot_simulation,"{'scale': 0.9, 'quality': 85}",True,0.931641,1.0,f918217e,True,False,36.5343,0.922381,38.5513,0.1.0,not-a-git-repository,3.12.10,macOS-26.6.2-arm64-arm-64bit,2.5.2,42,cpu,opencv_yunet,landmark,insightface,spectral,dct,0.16,2026-09-02T04:14:05.967125+00:00
watermark_robustness,hugo_chavez_6.png,jpeg_q90,jpeg_compression,{'quality': 90},True,0.998047,1.0,9a597346,True,False,36.0769,0.908008,43.1833,0.1.0,not-a-git-repository,3.12.10,macOS-26.6.2-arm64-arm-64bit,2.5.2,42,cpu,opencv_yunet,landmark,insightface,spectral,dct,0.16,2026-09-02T04:14:05.967125+00:00
watermark_robustness,hugo_chavez_6.png,jpeg_q70,jpeg_compression,{'quality': 70},True,0.939453,1.0,9a597346,True,False,36.0769,0.908008,37.0525,0.1.0,not-a-git-repository,3.12.10,macOS-26.6.2-arm64-arm-64bit,2.5.2,42,cpu,opencv_yunet,landmark,insightface,spectral,dct,0.16,2026-09-02T04:14:05.967125+00:00
watermark_robustness,hugo_chavez_6.png,jpeg_q50,jpeg_compression,{'quality': 50},False,0.554688,0.515625,,False,False,36.0769,0.908008,33.9913,0.1.0,not-a-git-repository,3.12.10,macOS-26.6.2-arm64-arm-64bit,2.5.2,42,cpu,opencv_yunet,landmark,insightface,spectral,dct,0.16,2026-09-02T04:14:05.967125+00:00
watermark_robustness,hugo_chavez_6.png,resize_75,resize,{'scale': 0.75},True,1.0,1.0,9a597346,True,False,36.0769,0.908008,37.6128,0.1.0,not-a-git-repository,3.12.10,macOS-26.6.2-arm64-arm-64bit,2.5.2,42,cpu,opencv_yunet,landmark,insightface,spectral,dct,0.16,2026-09-02T04:14:05.967125+00:00
watermark_robustness,hugo_chavez_6.png,resize_50,resize,{'scale': 0.5},True,0.77474,1.0,9a597346,True,False,36.0769,0.908008,33.1322,0.1.0,not-a-git-repository,3.12.10,macOS-26.6.2-arm64-arm-64bit,2.5.2,42,cpu,opencv_yunet,landmark,insightface,spectral,dct,0.16,2026-09-02T04:14:05.967125+00:00
watermark_robustness,hugo_chavez_6.png,resize_25,resize,{'scale': 0.25},False,0.515625,0.40625,,False,False,36.0769,0.908008,28.13,0.1.0,not-a-git-repository,3.12.10,macOS-26.6.2-arm64-arm-64bit,2.5.2,42,cpu,opencv_yunet,landmark,insightface,spectral,dct,0.16,2026-09-02T04:14:05.967125+00:00
watermark_robustness,hugo_chavez_6.png,crop_10,crop,{'ratio': 0.1},True,1.0,0.5625,9a597346,True,False,36.0769,0.908008,12.0272,0.1.0,not-a-git-repository,3.12.10,macOS-26.6.2-arm64-arm-64bit,2.5.2,42,cpu,opencv_yunet,landmark,insightface,spectral,dct,0.16,2026-09-02T04:14:05.967125+00:00
watermark_robustness,hugo_chavez_6.png,crop_30,crop,{'ratio': 0.3},False,0.520833,0.4375,,False,False,36.0769,0.908008,10.3816,0.1.0,not-a-git-repository,3.12.10,macOS-26.6.2-arm64-arm-64bit,2.5.2,42,cpu,opencv_yunet,landmark,insightface,spectral,dct,0.16,2026-09-02T04:14:05.967125+00:00
watermark_robustness,hugo_chavez_6.png,rotate_5,rotation,{'degrees': 5},False,0.507812,0.484375,,False,False,36.0769,0.908008,16.6611,0.1.0,not-a-git-repository,3.12.10,macOS-26.6.2-arm64-arm-64bit,2.5.2,42,cpu,opencv_yunet,landmark,insightface,spectral,dct,0.16,2026-09-02T04:14:05.967125+00:00
watermark_robustness,hugo_chavez_6.png,blur_1,blur,{'sigma': 1.0},True,0.994141,1.0,9a597346,True,False,36.0769,0.908008,32.206,0.1.0,not-a-git-repository,3.12.10,macOS-26.6.2-arm64-arm-64bit,2.5.2,42,cpu,opencv_yunet,landmark,insightface,spectral,dct,0.16,2026-09-02T04:14:05.967125+00:00
watermark_robustness,hugo_chavez_6.png,noise_5,noise,{'sigma': 5.0},True,1.0,1.0,9a597346,True,False,36.0769,0.908008,34.254,0.1.0,not-a-git-repository,3.12.10,macOS-26.6.2-arm64-arm-64bit,2.5.2,42,cpu,opencv_yunet,landmark,insightface,spectral,dct,0.16,2026-09-02T04:14:05.967125+00:00
watermark_robustness,hugo_chavez_6.png,brightness_up,brightness,{'factor': 1.2},True,0.998047,1.0,9a597346,True,False,36.0769,0.908008,21.4405,0.1.0,not-a-git-repository,3.12.10,macOS-26.6.2-arm64-arm-64bit,2.5.2,42,cpu,opencv_yunet,landmark,insightface,spectral,dct,0.16,2026-09-02T04:14:05.967125+00:00
watermark_robustness,hugo_chavez_6.png,contrast_down,contrast,{'factor': 0.8},True,1.0,1.0,9a597346,True,False,36.0769,0.908008,26.7559,0.1.0,not-a-git-repository,3.12.10,macOS-26.6.2-arm64-arm-64bit,2.5.2,42,cpu,opencv_yunet,landmark,insightface,spectral,dct,0.16,2026-09-02T04:14:05.967125+00:00
watermark_robustness,hugo_chavez_6.png,webp_q80,webp,{'quality': 80},True,0.959635,1.0,9a597346,True,False,36.0769,0.908008,37.291,0.1.0,not-a-git-repository,3.12.10,macOS-26.6.2-arm64-arm-64bit,2.5.2,42,cpu,opencv_yunet,landmark,insightface,spectral,dct,0.16,2026-09-02T04:14:05.967125+00:00
watermark_robustness,hugo_chavez_6.png,screenshot,screenshot_simulation,"{'scale': 0.9, 'quality': 85}",True,0.973958,1.0,9a597346,True,False,36.0769,0.908008,38.4159,0.1.0,not-a-git-repository,3.12.10,macOS-26.6.2-arm64-arm-64bit,2.5.2,42,cpu,opencv_yunet,landmark,insightface,spectral,dct,0.16,2026-09-02T04:14:05.967125+00:00
watermark_robustness,hugo_chavez_7.png,jpeg_q90,jpeg_compression,{'quality': 90},True,1.0,1.0,c5193e3f,True,False,36.0075,0.91721,44.0205,0.1.0,not-a-git-repository,3.12.10,macOS-26.6.2-arm64-arm-64bit,2.5.2,42,cpu,opencv_yunet,landmark,insightface,spectral,dct,0.16,2026-09-02T04:14:05.967125+00:00
watermark_robustness,hugo_chavez_7.png,jpeg_q70,jpeg_compression,{'quality': 70},True,0.992188,1.0,c5193e3f,True,False,36.0075,0.91721,37.5327,0.1.0,not-a-git-repository,3.12.10,macOS-26.6.2-arm64-arm-64bit,2.5.2,42,cpu,opencv_yunet,landmark,insightface,spectral,dct,0.16,2026-09-02T04:14:05.967125+00:00
watermark_robustness,hugo_chavez_7.png,jpeg_q50,jpeg_compression,{'quality': 50},False,0.554688,0.453125,,False,False,36.0075,0.91721,34.2729,0.1.0,not-a-git-repository,3.12.10,macOS-26.6.2-arm64-arm-64bit,2.5.2,42,cpu,opencv_yunet,landmark,insightface,spectral,dct,0.16,2026-09-02T04:14:05.967125+00:00
watermark_robustness,hugo_chavez_7.png,resize_75,resize,{'scale': 0.75},True,1.0,1.0,c5193e3f,True,False,36.0075,0.91721,39.1756,0.1.0,not-a-git-repository,3.12.10,macOS-26.6.2-arm64-arm-64bit,2.5.2,42,cpu,opencv_yunet,landmark,insightface,spectral,dct,0.16,2026-09-02T04:14:05.967125+00:00
watermark_robustness,hugo_chavez_7.png,resize_50,resize,{'scale': 0.5},False,0.747396,0.921875,,False,False,36.0075,0.91721,34.134,0.1.0,not-a-git-repository,3.12.10,macOS-26.6.2-arm64-arm-64bit,2.5.2,42,cpu,opencv_yunet,landmark,insightface,spectral,dct,0.16,2026-09-02T04:14:05.967125+00:00
watermark_robustness,hugo_chavez_7.png,resize_25,resize,{'scale': 0.25},False,0.539062,0.515625,,False,False,36.0075,0.91721,29.6491,0.1.0,not-a-git-repository,3.12.10,macOS-26.6.2-arm64-arm-64bit,2.5.2,42,cpu,opencv_yunet,landmark,insightface,spectral,dct,0.16,2026-09-02T04:14:05.967125+00:00
watermark_robustness,hugo_chavez_7.png,crop_10,crop,{'ratio': 0.1},True,1.0,0.5,c5193e3f,True,False,36.0075,0.91721,14.329,0.1.0,not-a-git-repository,3.12.10,macOS-26.6.2-arm64-arm-64bit,2.5.2,42,cpu,opencv_yunet,landmark,insightface,spectral,dct,0.16,2026-09-02T04:14:05.967125+00:00
watermark_robustness,hugo_chavez_7.png,crop_30,crop,{'ratio': 0.3},False,0.554688,0.515625,,False,False,36.0075,0.91721,10.2456,0.1.0,not-a-git-repository,3.12.10,macOS-26.6.2-arm64-arm-64bit,2.5.2,42,cpu,opencv_yunet,landmark,insightface,spectral,dct,0.16,2026-09-02T04:14:05.967125+00:00
watermark_robustness,hugo_chavez_7.png,rotate_5,rotation,{'degrees': 5},False,0.546875,0.421875,,False,False,36.0075,0.91721,15.8262,0.1.0,not-a-git-repository,3.12.10,macOS-26.6.2-arm64-arm-64bit,2.5.2,42,cpu,opencv_yunet,landmark,insightface,spectral,dct,0.16,2026-09-02T04:14:05.967125+00:00
watermark_robustness,hugo_chavez_7.png,blur_1,blur,{'sigma': 1.0},True,1.0,1.0,c5193e3f,True,False,36.0075,0.91721,33.4358,0.1.0,not-a-git-repository,3.12.10,macOS-26.6.2-arm64-arm-64bit,2.5.2,42,cpu,opencv_yunet,landmark,insightface,spectral,dct,0.16,2026-09-02T04:14:05.967125+00:00
watermark_robustness,hugo_chavez_7.png,noise_5,noise,{'sigma': 5.0},True,1.0,1.0,c5193e3f,True,False,36.0075,0.91721,34.1753,0.1.0,not-a-git-repository,3.12.10,macOS-26.6.2-arm64-arm-64bit,2.5.2,42,cpu,opencv_yunet,landmark,insightface,spectral,dct,0.16,2026-09-02T04:14:05.967125+00:00
watermark_robustness,hugo_chavez_7.png,brightness_up,brightness,{'factor': 1.2},True,1.0,1.0,c5193e3f,True,False,36.0075,0.91721,20.6485,0.1.0,not-a-git-repository,3.12.10,macOS-26.6.2-arm64-arm-64bit,2.5.2,42,cpu,opencv_yunet,landmark,insightface,spectral,dct,0.16,2026-09-02T04:14:05.967125+00:00
watermark_robustness,hugo_chavez_7.png,contrast_down,contrast,{'factor': 0.8},True,1.0,1.0,c5193e3f,True,False,36.0075,0.91721,26.3505,0.1.0,not-a-git-repository,3.12.10,macOS-26.6.2-arm64-arm-64bit,2.5.2,42,cpu,opencv_yunet,landmark,insightface,spectral,dct,0.16,2026-09-02T04:14:05.967125+00:00
watermark_robustness,hugo_chavez_7.png,webp_q80,webp,{'quality': 80},True,0.992188,1.0,c5193e3f,True,False,36.0075,0.91721,37.2184,0.1.0,not-a-git-repository,3.12.10,macOS-26.6.2-arm64-arm-64bit,2.5.2,42,cpu,opencv_yunet,landmark,insightface,spectral,dct,0.16,2026-09-02T04:14:05.967125+00:00
watermark_robustness,hugo_chavez_7.png,screenshot,screenshot_simulation,"{'scale': 0.9, 'quality': 85}",True,1.0,1.0,c5193e3f,True,False,36.0075,0.91721,39.5278,0.1.0,not-a-git-repository,3.12.10,macOS-26.6.2-arm64-arm-64bit,2.5.2,42,cpu,opencv_yunet,landmark,insightface,spectral,dct,0.16,2026-09-02T04:14:05.967125+00:00
watermark_robustness,igor_ivanov_0.png,jpeg_q90,jpeg_compression,{'quality': 90},True,1.0,1.0,d9bcc53c,True,False,36.5971,0.903203,44.1382,0.1.0,not-a-git-repository,3.12.10,macOS-26.6.2-arm64-arm-64bit,2.5.2,42,cpu,opencv_yunet,landmark,insightface,spectral,dct,0.16,2026-09-02T04:14:05.967125+00:00
watermark_robustness,igor_ivanov_0.png,jpeg_q70,jpeg_compression,{'quality': 70},True,0.843099,1.0,d9bcc53c,True,False,36.5971,0.903203,37.8826,0.1.0,not-a-git-repository,3.12.10,macOS-26.6.2-arm64-arm-64bit,2.5.2,42,cpu,opencv_yunet,landmark,insightface,spectral,dct,0.16,2026-09-02T04:14:05.967125+00:00
watermark_robustness,igor_ivanov_0.png,jpeg_q50,jpeg_compression,{'quality': 50},False,0.539062,0.53125,,False,False,36.5971,0.903203,34.9042,0.1.0,not-a-git-repository,3.12.10,macOS-26.6.2-arm64-arm-64bit,2.5.2,42,cpu,opencv_yunet,landmark,insightface,spectral,dct,0.16,2026-09-02T04:14:05.967125+00:00
watermark_robustness,igor_ivanov_0.png,resize_75,resize,{'scale': 0.75},True,1.0,1.0,d9bcc53c,True,False,36.5971,0.903203,42.0141,0.1.0,not-a-git-repository,3.12.10,macOS-26.6.2-arm64-arm-64bit,2.5.2,42,cpu,opencv_yunet,landmark,insightface,spectral,dct,0.16,2026-09-02T04:14:05.967125+00:00
watermark_robustness,igor_ivanov_0.png,resize_50,resize,{'scale': 0.5},False,0.758464,0.9375,,False,False,36.5971,0.903203,35.6766,0.1.0,not-a-git-repository,3.12.10,macOS-26.6.2-arm64-arm-64bit,2.5.2,42,cpu,opencv_yunet,landmark,insightface,spectral,dct,0.16,2026-09-02T04:14:05.967125+00:00
watermark_robustness,igor_ivanov_0.png,resize_25,resize,{'scale': 0.25},False,0.5625,0.515625,,False,False,36.5971,0.903203,28.9587,0.1.0,not-a-git-repository,3.12.10,macOS-26.6.2-arm64-arm-64bit,2.5.2,42,cpu,opencv_yunet,landmark,insightface,spectral,dct,0.16,2026-09-02T04:14:05.967125+00:00
watermark_robustness,igor_ivanov_0.png,crop_10,crop,{'ratio': 0.1},True,1.0,0.546875,d9bcc53c,True,False,36.5971,0.903203,12.4944,0.1.0,not-a-git-repository,3.12.10,macOS-26.6.2-arm64-arm-64bit,2.5.2,42,cpu,opencv_yunet,landmark,insightface,spectral,dct,0.16,2026-09-02T04:14:05.967125+00:00
watermark_robustness,igor_ivanov_0.png,crop_30,crop,{'ratio': 0.3},False,0.585938,0.390625,,False,False,36.5971,0.903203,6.529,0.1.0,not-a-git-repository,3.12.10,macOS-26.6.2-arm64-arm-64bit,2.5.2,42,cpu,opencv_yunet,landmark,insightface,spectral,dct,0.16,2026-09-02T04:14:05.967125+00:00
watermark_robustness,igor_ivanov_0.png,rotate_5,rotation,{'degrees': 5},False,0.515625,0.484375,,False,False,36.5971,0.903203,15.9275,0.1.0,not-a-git-repository,3.12.10,macOS-26.6.2-arm64-arm-64bit,2.5.2,42,cpu,opencv_yunet,landmark,insightface,spectral,dct,0.16,2026-09-02T04:14:05.967125+00:00
watermark_robustness,igor_ivanov_0.png,blur_1,blur,{'sigma': 1.0},True,1.0,1.0,d9bcc53c,True,False,36.5971,0.903203,33.8908,0.1.0,not-a-git-repository,3.12.10,macOS-26.6.2-arm64-arm-64bit,2.5.2,42,cpu,opencv_yunet,landmark,insightface,spectral,dct,0.16,2026-09-02T04:14:05.967125+00:00
watermark_robustness,igor_ivanov_0.png,noise_5,noise,{'sigma': 5.0},True,1.0,1.0,d9bcc53c,True,False,36.5971,0.903203,34.6608,0.1.0,not-a-git-repository,3.12.10,macOS-26.6.2-arm64-arm-64bit,2.5.2,42,cpu,opencv_yunet,landmark,insightface,spectral,dct,0.16,2026-09-02T04:14:05.967125+00:00
watermark_robustness,igor_ivanov_0.png,brightness_up,brightness,{'factor': 1.2},True,0.985026,1.0,d9bcc53c,True,False,36.5971,0.903203,23.7653,0.1.0,not-a-git-repository,3.12.10,macOS-26.6.2-arm64-arm-64bit,2.5.2,42,cpu,opencv_yunet,landmark,insightface,spectral,dct,0.16,2026-09-02T04:14:05.967125+00:00
watermark_robustness,igor_ivanov_0.png,contrast_down,contrast,{'factor': 0.8},True,1.0,1.0,d9bcc53c,True,False,36.5971,0.903203,25.2078,0.1.0,not-a-git-repository,3.12.10,macOS-26.6.2-arm64-arm-64bit,2.5.2,42,cpu,opencv_yunet,landmark,insightface,spectral,dct,0.16,2026-09-02T04:14:05.967125+00:00
watermark_robustness,igor_ivanov_0.png,webp_q80,webp,{'quality': 80},True,0.890625,1.0,d9bcc53c,True,False,36.5971,0.903203,37.4704,0.1.0,not-a-git-repository,3.12.10,macOS-26.6.2-arm64-arm-64bit,2.5.2,42,cpu,opencv_yunet,landmark,insightface,spectral,dct,0.16,2026-09-02T04:14:05.967125+00:00
watermark_robustness,igor_ivanov_0.png,screenshot,screenshot_simulation,"{'scale': 0.9, 'quality': 85}",True,0.921875,1.0,d9bcc53c,True,False,36.5971,0.903203,41.3436,0.1.0,not-a-git-repository,3.12.10,macOS-26.6.2-arm64-arm-64bit,2.5.2,42,cpu,opencv_yunet,landmark,insightface,spectral,dct,0.16,2026-09-02T04:14:05.967125+00:00
watermark_robustness,igor_ivanov_1.png,jpeg_q90,jpeg_compression,{'quality': 90},True,1.0,1.0,b91873e8,True,False,35.9511,0.892539,44.1159,0.1.0,not-a-git-repository,3.12.10,macOS-26.6.2-arm64-arm-64bit,2.5.2,42,cpu,opencv_yunet,landmark,insightface,spectral,dct,0.16,2026-09-02T04:14:05.967125+00:00
watermark_robustness,igor_ivanov_1.png,jpeg_q70,jpeg_compression,{'quality': 70},True,0.986328,1.0,b91873e8,True,False,35.9511,0.892539,37.595,0.1.0,not-a-git-repository,3.12.10,macOS-26.6.2-arm64-arm-64bit,2.5.2,42,cpu,opencv_yunet,landmark,insightface,spectral,dct,0.16,2026-09-02T04:14:05.967125+00:00
watermark_robustness,igor_ivanov_1.png,jpeg_q50,jpeg_compression,{'quality': 50},False,0.570312,0.515625,,False,False,35.9511,0.892539,34.3945,0.1.0,not-a-git-repository,3.12.10,macOS-26.6.2-arm64-arm-64bit,2.5.2,42,cpu,opencv_yunet,landmark,insightface,spectral,dct,0.16,2026-09-02T04:14:05.967125+00:00
watermark_robustness,igor_ivanov_1.png,resize_75,resize,{'scale': 0.75},True,1.0,1.0,b91873e8,True,False,35.9511,0.892539,38.4655,0.1.0,not-a-git-repository,3.12.10,macOS-26.6.2-arm64-arm-64bit,2.5.2,42,cpu,opencv_yunet,landmark,insightface,spectral,dct,0.16,2026-09-02T04:14:05.967125+00:00
watermark_robustness,igor_ivanov_1.png,resize_50,resize,{'scale': 0.5},False,0.763672,0.921875,,False,False,35.9511,0.892539,33.3073,0.1.0,not-a-git-repository,3.12.10,macOS-26.6.2-arm64-arm-64bit,2.5.2,42,cpu,opencv_yunet,landmark,insightface,spectral,dct,0.16,2026-09-02T04:14:05.967125+00:00
watermark_robustness,igor_ivanov_1.png,resize_25,resize,{'scale': 0.25},False,0.523438,0.53125,,False,False,35.9511,0.892539,28.6314,0.1.0,not-a-git-repository,3.12.10,macOS-26.6.2-arm64-arm-64bit,2.5.2,42,cpu,opencv_yunet,landmark,insightface,spectral,dct,0.16,2026-09-02T04:14:05.967125+00:00
watermark_robustness,igor_ivanov_1.png,crop_10,crop,{'ratio': 0.1},True,1.0,0.4375,b91873e8,True,False,35.9511,0.892539,12.6917,0.1.0,not-a-git-repository,3.12.10,macOS-26.6.2-arm64-arm-64bit,2.5.2,42,cpu,opencv_yunet,landmark,insightface,spectral,dct,0.16,2026-09-02T04:14:05.967125+00:00
watermark_robustness,igor_ivanov_1.png,crop_30,crop,{'ratio': 0.3},False,0.576389,0.453125,,False,False,35.9511,0.892539,10.5627,0.1.0,not-a-git-repository,3.12.10,macOS-26.6.2-arm64-arm-64bit,2.5.2,42,cpu,opencv_yunet,landmark,insightface,spectral,dct,0.16,2026-09-02T04:14:05.967125+00:00
watermark_robustness,igor_ivanov_1.png,rotate_5,rotation,{'degrees': 5},False,0.554688,0.390625,,False,False,35.9511,0.892539,15.8385,0.1.0,not-a-git-repository,3.12.10,macOS-26.6.2-arm64-arm-64bit,2.5.2,42,cpu,opencv_yunet,landmark,insightface,spectral,dct,0.16,2026-09-02T04:14:05.967125+00:00
watermark_robustness,igor_ivanov_1.png,blur_1,blur,{'sigma': 1.0},True,0.99349,1.0,b91873e8,True,False,35.9511,0.892539,32.7291,0.1.0,not-a-git-repository,3.12.10,macOS-26.6.2-arm64-arm-64bit,2.5.2,42,cpu,opencv_yunet,landmark,insightface,spectral,dct,0.16,2026-09-02T04:14:05.967125+00:00
watermark_robustness,igor_ivanov_1.png,noise_5,noise,{'sigma': 5.0},True,1.0,1.0,b91873e8,True,False,35.9511,0.892539,34.1833,0.1.0,not-a-git-repository,3.12.10,macOS-26.6.2-arm64-arm-64bit,2.5.2,42,cpu,opencv_yunet,landmark,insightface,spectral,dct,0.16,2026-09-02T04:14:05.967125+00:00
watermark_robustness,igor_ivanov_1.png,brightness_up,brightness,{'factor': 1.2},True,1.0,1.0,b91873e8,True,False,35.9511,0.892539,20.6107,0.1.0,not-a-git-repository,3.12.10,macOS-26.6.2-arm64-arm-64bit,2.5.2,42,cpu,opencv_yunet,landmark,insightface,spectral,dct,0.16,2026-09-02T04:14:05.967125+00:00
watermark_robustness,igor_ivanov_1.png,contrast_down,contrast,{'factor': 0.8},True,1.0,1.0,b91873e8,True,False,35.9511,0.892539,25.4752,0.1.0,not-a-git-repository,3.12.10,macOS-26.6.2-arm64-arm-64bit,2.5.2,42,cpu,opencv_yunet,landmark,insightface,spectral,dct,0.16,2026-09-02T04:14:05.967125+00:00
watermark_robustness,igor_ivanov_1.png,webp_q80,webp,{'quality': 80},True,0.992188,1.0,b91873e8,True,False,35.9511,0.892539,37.6215,0.1.0,not-a-git-repository,3.12.10,macOS-26.6.2-arm64-arm-64bit,2.5.2,42,cpu,opencv_yunet,landmark,insightface,spectral,dct,0.16,2026-09-02T04:14:05.967125+00:00
watermark_robustness,igor_ivanov_1.png,screenshot,screenshot_simulation,"{'scale': 0.9, 'quality': 85}",True,0.992188,1.0,b91873e8,True,False,35.9511,0.892539,39.2261,0.1.0,not-a-git-repository,3.12.10,macOS-26.6.2-arm64-arm-64bit,2.5.2,42,cpu,opencv_yunet,landmark,insightface,spectral,dct,0.16,2026-09-02T04:14:05.967125+00:00
watermark_robustness,igor_ivanov_2.png,jpeg_q90,jpeg_compression,{'quality': 90},True,1.0,1.0,3c8e6400,True,False,36.2358,0.911028,44.7908,0.1.0,not-a-git-repository,3.12.10,macOS-26.6.2-arm64-arm-64bit,2.5.2,42,cpu,opencv_yunet,landmark,insightface,spectral,dct,0.16,2026-09-02T04:14:05.967125+00:00
watermark_robustness,igor_ivanov_2.png,jpeg_q70,jpeg_compression,{'quality': 70},True,0.9375,1.0,3c8e6400,True,False,36.2358,0.911028,38.0895,0.1.0,not-a-git-repository,3.12.10,macOS-26.6.2-arm64-arm-64bit,2.5.2,42,cpu,opencv_yunet,landmark,insightface,spectral,dct,0.16,2026-09-02T04:14:05.967125+00:00
watermark_robustness,igor_ivanov_2.png,jpeg_q50,jpeg_compression,{'quality': 50},False,0.523438,0.453125,,False,False,36.2358,0.911028,34.7998,0.1.0,not-a-git-repository,3.12.10,macOS-26.6.2-arm64-arm-64bit,2.5.2,42,cpu,opencv_yunet,landmark,insightface,spectral,dct,0.16,2026-09-02T04:14:05.967125+00:00
watermark_robustness,igor_ivanov_2.png,resize_75,resize,{'scale': 0.75},True,1.0,1.0,3c8e6400,True,False,36.2358,0.911028,42.7843,0.1.0,not-a-git-repository,3.12.10,macOS-26.6.2-arm64-arm-64bit,2.5.2,42,cpu,opencv_yunet,landmark,insightface,spectral,dct,0.16,2026-09-02T04:14:05.967125+00:00
watermark_robustness,igor_ivanov_2.png,resize_50,resize,{'scale': 0.5},False,0.742188,0.84375,,False,False,36.2358,0.911028,36.2456,0.1.0,not-a-git-repository,3.12.10,macOS-26.6.2-arm64-arm-64bit,2.5.2,42,cpu,opencv_yunet,landmark,insightface,spectral,dct,0.16,2026-09-02T04:14:05.967125+00:00
watermark_robustness,igor_ivanov_2.png,resize_25,resize,{'scale': 0.25},False,0.5,0.609375,,False,False,36.2358,0.911028,31.5055,0.1.0,not-a-git-repository,3.12.10,macOS-26.6.2-arm64-arm-64bit,2.5.2,42,cpu,opencv_yunet,landmark,insightface,spectral,dct,0.16,2026-09-02T04:14:05.967125+00:00
watermark_robustness,igor_ivanov_2.png,crop_10,crop,{'ratio': 0.1},True,1.0,0.59375,3c8e6400,True,False,36.2358,0.911028,14.5177,0.1.0,not-a-git-repository,3.12.10,macOS-26.6.2-arm64-arm-64bit,2.5.2,42,cpu,opencv_yunet,landmark,insightface,spectral,dct,0.16,2026-09-02T04:14:05.967125+00:00
watermark_robustness,igor_ivanov_2.png,crop_30,crop,{'ratio': 0.3},False,0.617188,0.484375,,False,False,36.2358,0.911028,10.0837,0.1.0,not-a-git-repository,3.12.10,macOS-26.6.2-arm64-arm-64bit,2.5.2,42,cpu,opencv_yunet,landmark,insightface,spectral,dct,0.16,2026-09-02T04:14:05.967125+00:00
watermark_robustness,igor_ivanov_2.png,rotate_5,rotation,{'degrees': 5},False,0.5,0.515625,,False,False,36.2358,0.911028,17.5266,0.1.0,not-a-git-repository,3.12.10,macOS-26.6.2-arm64-arm-64bit,2.5.2,42,cpu,opencv_yunet,landmark,insightface,spectral,dct,0.16,2026-09-02T04:14:05.967125+00:00
watermark_robustness,igor_ivanov_2.png,blur_1,blur,{'sigma': 1.0},True,1.0,1.0,3c8e6400,True,False,36.2358,0.911028,35.3506,0.1.0,not-a-git-repository,3.12.10,macOS-26.6.2-arm64-arm-64bit,2.5.2,42,cpu,opencv_yunet,landmark,insightface,spectral,dct,0.16,2026-09-02T04:14:05.967125+00:00
watermark_robustness,igor_ivanov_2.png,noise_5,noise,{'sigma': 5.0},True,1.0,1.0,3c8e6400,True,False,36.2358,0.911028,34.2543,0.1.0,not-a-git-repository,3.12.10,macOS-26.6.2-arm64-arm-64bit,2.5.2,42,cpu,opencv_yunet,landmark,insightface,spectral,dct,0.16,2026-09-02T04:14:05.967125+00:00
watermark_robustness,igor_ivanov_2.png,brightness_up,brightness,{'factor': 1.2},True,1.0,1.0,3c8e6400,True,False,36.2358,0.911028,20.972,0.1.0,not-a-git-repository,3.12.10,macOS-26.6.2-arm64-arm-64bit,2.5.2,42,cpu,opencv_yunet,landmark,insightface,spectral,dct,0.16,2026-09-02T04:14:05.967125+00:00
watermark_robustness,igor_ivanov_2.png,contrast_down,contrast,{'factor': 0.8},True,1.0,1.0,3c8e6400,True,False,36.2358,0.911028,28.2976,0.1.0,not-a-git-repository,3.12.10,macOS-26.6.2-arm64-arm-64bit,2.5.2,42,cpu,opencv_yunet,landmark,insightface,spectral,dct,0.16,2026-09-02T04:14:05.967125+00:00
watermark_robustness,igor_ivanov_2.png,webp_q80,webp,{'quality': 80},True,0.979167,1.0,3c8e6400,True,False,36.2358,0.911028,37.3296,0.1.0,not-a-git-repository,3.12.10,macOS-26.6.2-arm64-arm-64bit,2.5.2,42,cpu,opencv_yunet,landmark,insightface,spectral,dct,0.16,2026-09-02T04:14:05.967125+00:00
watermark_robustness,igor_ivanov_2.png,screenshot,screenshot_simulation,"{'scale': 0.9, 'quality': 85}",True,0.953776,1.0,3c8e6400,True,False,36.2358,0.911028,42.0604,0.1.0,not-a-git-repository,3.12.10,macOS-26.6.2-arm64-arm-64bit,2.5.2,42,cpu,opencv_yunet,landmark,insightface,spectral,dct,0.16,2026-09-02T04:14:05.967125+00:00
watermark_robustness,igor_ivanov_3.png,jpeg_q90,jpeg_compression,{'quality': 90},True,1.0,1.0,3a413783,True,False,36.8403,0.895337,42.2602,0.1.0,not-a-git-repository,3.12.10,macOS-26.6.2-arm64-arm-64bit,2.5.2,42,cpu,opencv_yunet,landmark,insightface,spectral,dct,0.16,2026-09-02T04:14:05.967125+00:00
watermark_robustness,igor_ivanov_3.png,jpeg_q70,jpeg_compression,{'quality': 70},True,0.700521,1.0,3a413783,True,False,36.8403,0.895337,36.729,0.1.0,not-a-git-repository,3.12.10,macOS-26.6.2-arm64-arm-64bit,2.5.2,42,cpu,opencv_yunet,landmark,insightface,spectral,dct,0.16,2026-09-02T04:14:05.967125+00:00
watermark_robustness,igor_ivanov_3.png,jpeg_q50,jpeg_compression,{'quality': 50},False,0.578125,0.515625,,False,False,36.8403,0.895337,34.0442,0.1.0,not-a-git-repository,3.12.10,macOS-26.6.2-arm64-arm-64bit,2.5.2,42,cpu,opencv_yunet,landmark,insightface,spectral,dct,0.16,2026-09-02T04:14:05.967125+00:00
watermark_robustness,igor_ivanov_3.png,resize_75,resize,{'scale': 0.75},True,1.0,1.0,3a413783,True,False,36.8403,0.895337,38.2723,0.1.0,not-a-git-repository,3.12.10,macOS-26.6.2-arm64-arm-64bit,2.5.2,42,cpu,opencv_yunet,landmark,insightface,spectral,dct,0.16,2026-09-02T04:14:05.967125+00:00
watermark_robustness,igor_ivanov_3.png,resize_50,resize,{'scale': 0.5},False,0.722005,0.921875,,False,False,36.8403,0.895337,32.8886,0.1.0,not-a-git-repository,3.12.10,macOS-26.6.2-arm64-arm-64bit,2.5.2,42,cpu,opencv_yunet,landmark,insightface,spectral,dct,0.16,2026-09-02T04:14:05.967125+00:00
watermark_robustness,igor_ivanov_3.png,resize_25,resize,{'scale': 0.25},False,0.578125,0.390625,,False,False,36.8403,0.895337,27.5159,0.1.0,not-a-git-repository,3.12.10,macOS-26.6.2-arm64-arm-64bit,2.5.2,42,cpu,opencv_yunet,landmark,insightface,spectral,dct,0.16,2026-09-02T04:14:05.967125+00:00
watermark_robustness,igor_ivanov_3.png,crop_10,crop,{'ratio': 0.1},True,1.0,0.53125,3a413783,True,False,36.8403,0.895337,10.212,0.1.0,not-a-git-repository,3.12.10,macOS-26.6.2-arm64-arm-64bit,2.5.2,42,cpu,opencv_yunet,landmark,insightface,spectral,dct,0.16,2026-09-02T04:14:05.967125+00:00
watermark_robustness,igor_ivanov_3.png,crop_30,crop,{'ratio': 0.3},False,0.515625,0.453125,,False,False,36.8403,0.895337,8.9956,0.1.0,not-a-git-repository,3.12.10,macOS-26.6.2-arm64-arm-64bit,2.5.2,42,cpu,opencv_yunet,landmark,insightface,spectral,dct,0.16,2026-09-02T04:14:05.967125+00:00
watermark_robustness,igor_ivanov_3.png,rotate_5,rotation,{'degrees': 5},False,0.554688,0.546875,,False,False,36.8403,0.895337,15.5185,0.1.0,not-a-git-repository,3.12.10,macOS-26.6.2-arm64-arm-64bit,2.5.2,42,cpu,opencv_yunet,landmark,insightface,spectral,dct,0.16,2026-09-02T04:14:05.967125+00:00
watermark_robustness,igor_ivanov_3.png,blur_1,blur,{'sigma': 1.0},True,0.998047,1.0,3a413783,True,False,36.8403,0.895337,31.7256,0.1.0,not-a-git-repository,3.12.10,macOS-26.6.2-arm64-arm-64bit,2.5.2,42,cpu,opencv_yunet,landmark,insightface,spectral,dct,0.16,2026-09-02T04:14:05.967125+00:00
watermark_robustness,igor_ivanov_3.png,noise_5,noise,{'sigma': 5.0},True,1.0,1.0,3a413783,True,False,36.8403,0.895337,34.8148,0.1.0,not-a-git-repository,3.12.10,macOS-26.6.2-arm64-arm-64bit,2.5.2,42,cpu,opencv_yunet,landmark,insightface,spectral,dct,0.16,2026-09-02T04:14:05.967125+00:00
watermark_robustness,igor_ivanov_3.png,brightness_up,brightness,{'factor': 1.2},True,0.98763,1.0,3a413783,True,False,36.8403,0.895337,21.732,0.1.0,not-a-git-repository,3.12.10,macOS-26.6.2-arm64-arm-64bit,2.5.2,42,cpu,opencv_yunet,landmark,insightface,spectral,dct,0.16,2026-09-02T04:14:05.967125+00:00
watermark_robustness,igor_ivanov_3.png,contrast_down,contrast,{'factor': 0.8},True,1.0,1.0,3a413783,True,False,36.8403,0.895337,24.989,0.1.0,not-a-git-repository,3.12.10,macOS-26.6.2-arm64-arm-64bit,2.5.2,42,cpu,opencv_yunet,landmark,insightface,spectral,dct,0.16,2026-09-02T04:14:05.967125+00:00
watermark_robustness,igor_ivanov_3.png,webp_q80,webp,{'quality': 80},True,0.732422,1.0,3a413783,True,False,36.8403,0.895337,37.081,0.1.0,not-a-git-repository,3.12.10,macOS-26.6.2-arm64-arm-64bit,2.5.2,42,cpu,opencv_yunet,landmark,insightface,spectral,dct,0.16,2026-09-02T04:14:05.967125+00:00
watermark_robustness,igor_ivanov_3.png,screenshot,screenshot_simulation,"{'scale': 0.9, 'quality': 85}",True,0.771484,1.0,3a413783,True,False,36.8403,0.895337,38.2415,0.1.0,not-a-git-repository,3.12.10,macOS-26.6.2-arm64-arm-64bit,2.5.2,42,cpu,opencv_yunet,landmark,insightface,spectral,dct,0.16,2026-09-02T04:14:05.967125+00:00
watermark_robustness,igor_ivanov_4.png,jpeg_q90,jpeg_compression,{'quality': 90},True,1.0,1.0,c126443b,True,False,36.2301,0.893144,44.6893,0.1.0,not-a-git-repository,3.12.10,macOS-26.6.2-arm64-arm-64bit,2.5.2,42,cpu,opencv_yunet,landmark,insightface,spectral,dct,0.16,2026-09-02T04:14:05.967125+00:00
watermark_robustness,igor_ivanov_4.png,jpeg_q70,jpeg_compression,{'quality': 70},True,0.963542,1.0,c126443b,True,False,36.2301,0.893144,38.2951,0.1.0,not-a-git-repository,3.12.10,macOS-26.6.2-arm64-arm-64bit,2.5.2,42,cpu,opencv_yunet,landmark,insightface,spectral,dct,0.16,2026-09-02T04:14:05.967125+00:00
watermark_robustness,igor_ivanov_4.png,jpeg_q50,jpeg_compression,{'quality': 50},False,0.546875,0.5625,,False,False,36.2301,0.893144,35.1134,0.1.0,not-a-git-repository,3.12.10,macOS-26.6.2-arm64-arm-64bit,2.5.2,42,cpu,opencv_yunet,landmark,insightface,spectral,dct,0.16,2026-09-02T04:14:05.967125+00:00
watermark_robustness,igor_ivanov_4.png,resize_75,resize,{'scale': 0.75},True,1.0,1.0,c126443b,True,False,36.2301,0.893144,43.1163,0.1.0,not-a-git-repository,3.12.10,macOS-26.6.2-arm64-arm-64bit,2.5.2,42,cpu,opencv_yunet,landmark,insightface,spectral,dct,0.16,2026-09-02T04:14:05.967125+00:00
watermark_robustness,igor_ivanov_4.png,resize_50,resize,{'scale': 0.5},True,0.210775,0.953125,c126443b,True,False,36.2301,0.893144,36.8958,0.1.0,not-a-git-repository,3.12.10,macOS-26.6.2-arm64-arm-64bit,2.5.2,42,cpu,opencv_yunet,landmark,insightface,spectral,dct,0.16,2026-09-02T04:14:05.967125+00:00
watermark_robustness,igor_ivanov_4.png,resize_25,resize,{'scale': 0.25},False,0.578125,0.5625,,False,False,36.2301,0.893144,33.4969,0.1.0,not-a-git-repository,3.12.10,macOS-26.6.2-arm64-arm-64bit,2.5.2,42,cpu,opencv_yunet,landmark,insightface,spectral,dct,0.16,2026-09-02T04:14:05.967125+00:00
watermark_robustness,igor_ivanov_4.png,crop_10,crop,{'ratio': 0.1},True,1.0,0.5,c126443b,True,False,36.2301,0.893144,13.8302,0.1.0,not-a-git-repository,3.12.10,macOS-26.6.2-arm64-arm-64bit,2.5.2,42,cpu,opencv_yunet,landmark,insightface,spectral,dct,0.16,2026-09-02T04:14:05.967125+00:00
watermark_robustness,igor_ivanov_4.png,crop_30,crop,{'ratio': 0.3},False,0.507812,0.4375,,False,False,36.2301,0.893144,9.4354,0.1.0,not-a-git-repository,3.12.10,macOS-26.6.2-arm64-arm-64bit,2.5.2,42,cpu,opencv_yunet,landmark,insightface,spectral,dct,0.16,2026-09-02T04:14:05.967125+00:00
watermark_robustness,igor_ivanov_4.png,rotate_5,rotation,{'degrees': 5},False,0.53125,0.453125,,False,False,36.2301,0.893144,17.2527,0.1.0,not-a-git-repository,3.12.10,macOS-26.6.2-arm64-arm-64bit,2.5.2,42,cpu,opencv_yunet,landmark,insightface,spectral,dct,0.16,2026-09-02T04:14:05.967125+00:00
watermark_robustness,igor_ivanov_4.png,blur_1,blur,{'sigma': 1.0},True,1.0,1.0,c126443b,True,False,36.2301,0.893144,36.8032,0.1.0,not-a-git-repository,3.12.10,macOS-26.6.2-arm64-arm-64bit,2.5.2,42,cpu,opencv_yunet,landmark,insightface,spectral,dct,0.16,2026-09-02T04:14:05.967125+00:00
watermark_robustness,igor_ivanov_4.png,noise_5,noise,{'sigma': 5.0},True,1.0,1.0,c126443b,True,False,36.2301,0.893144,34.3674,0.1.0,not-a-git-repository,3.12.10,macOS-26.6.2-arm64-arm-64bit,2.5.2,42,cpu,opencv_yunet,landmark,insightface,spectral,dct,0.16,2026-09-02T04:14:05.967125+00:00
watermark_robustness,igor_ivanov_4.png,brightness_up,brightness,{'factor': 1.2},True,1.0,1.0,c126443b,True,False,36.2301,0.893144,21.0985,0.1.0,not-a-git-repository,3.12.10,macOS-26.6.2-arm64-arm-64bit,2.5.2,42,cpu,opencv_yunet,landmark,insightface,spectral,dct,0.16,2026-09-02T04:14:05.967125+00:00
watermark_robustness,igor_ivanov_4.png,contrast_down,contrast,{'factor': 0.8},True,1.0,1.0,c126443b,True,False,36.2301,0.893144,25.3201,0.1.0,not-a-git-repository,3.12.10,macOS-26.6.2-arm64-arm-64bit,2.5.2,42,cpu,opencv_yunet,landmark,insightface,spectral,dct,0.16,2026-09-02T04:14:05.967125+00:00
watermark_robustness,igor_ivanov_4.png,webp_q80,webp,{'quality': 80},True,0.994141,1.0,c126443b,True,False,36.2301,0.893144,37.5114,0.1.0,not-a-git-repository,3.12.10,macOS-26.6.2-arm64-arm-64bit,2.5.2,42,cpu,opencv_yunet,landmark,insightface,spectral,dct,0.16,2026-09-02T04:14:05.967125+00:00
watermark_robustness,igor_ivanov_4.png,screenshot,screenshot_simulation,"{'scale': 0.9, 'quality': 85}",True,0.996094,1.0,c126443b,True,False,36.2301,0.893144,42.4956,0.1.0,not-a-git-repository,3.12.10,macOS-26.6.2-arm64-arm-64bit,2.5.2,42,cpu,opencv_yunet,landmark,insightface,spectral,dct,0.16,2026-09-02T04:14:05.967125+00:00
watermark_robustness,igor_ivanov_5.png,jpeg_q90,jpeg_compression,{'quality': 90},True,1.0,1.0,16bde626,True,False,36.0635,0.920128,43.3889,0.1.0,not-a-git-repository,3.12.10,macOS-26.6.2-arm64-arm-64bit,2.5.2,42,cpu,opencv_yunet,landmark,insightface,spectral,dct,0.16,2026-09-02T04:14:05.967125+00:00
watermark_robustness,igor_ivanov_5.png,jpeg_q70,jpeg_compression,{'quality': 70},True,0.965929,1.0,16bde626,True,False,36.0635,0.920128,37.43,0.1.0,not-a-git-repository,3.12.10,macOS-26.6.2-arm64-arm-64bit,2.5.2,42,cpu,opencv_yunet,landmark,insightface,spectral,dct,0.16,2026-09-02T04:14:05.967125+00:00
watermark_robustness,igor_ivanov_5.png,jpeg_q50,jpeg_compression,{'quality': 50},False,0.578125,0.515625,,False,False,36.0635,0.920128,34.2332,0.1.0,not-a-git-repository,3.12.10,macOS-26.6.2-arm64-arm-64bit,2.5.2,42,cpu,opencv_yunet,landmark,insightface,spectral,dct,0.16,2026-09-02T04:14:05.967125+00:00
watermark_robustness,igor_ivanov_5.png,resize_75,resize,{'scale': 0.75},True,1.0,1.0,16bde626,True,False,36.0635,0.920128,40.9885,0.1.0,not-a-git-repository,3.12.10,macOS-26.6.2-arm64-arm-64bit,2.5.2,42,cpu,opencv_yunet,landmark,insightface,spectral,dct,0.16,2026-09-02T04:14:05.967125+00:00
watermark_robustness,igor_ivanov_5.png,resize_50,resize,{'scale': 0.5},True,0.400608,0.984375,16bde626,True,False,36.0635,0.920128,34.8409,0.1.0,not-a-git-repository,3.12.10,macOS-26.6.2-arm64-arm-64bit,2.5.2,42,cpu,opencv_yunet,landmark,insightface,spectral,dct,0.16,2026-09-02T04:14:05.967125+00:00
watermark_robustness,igor_ivanov_5.png,resize_25,resize,{'scale': 0.25},False,0.59375,0.484375,,False,False,36.0635,0.920128,29.0528,0.1.0,not-a-git-repository,3.12.10,macOS-26.6.2-arm64-arm-64bit,2.5.2,42,cpu,opencv_yunet,landmark,insightface,spectral,dct,0.16,2026-09-02T04:14:05.967125+00:00
watermark_robustness,igor_ivanov_5.png,crop_10,crop,{'ratio': 0.1},True,1.0,0.421875,16bde626,True,False,36.0635,0.920128,13.8845,0.1.0,not-a-git-repository,3.12.10,macOS-26.6.2-arm64-arm-64bit,2.5.2,42,cpu,opencv_yunet,landmark,insightface,spectral,dct,0.16,2026-09-02T04:14:05.967125+00:00
watermark_robustness,igor_ivanov_5.png,crop_30,crop,{'ratio': 0.3},False,0.545139,0.484375,,False,False,36.0635,0.920128,12.0758,0.1.0,not-a-git-repository,3.12.10,macOS-26.6.2-arm64-arm-64bit,2.5.2,42,cpu,opencv_yunet,landmark,insightface,spectral,dct,0.16,2026-09-02T04:14:05.967125+00:00
watermark_robustness,igor_ivanov_5.png,rotate_5,rotation,{'degrees': 5},False,0.515625,0.515625,,False,False,36.0635,0.920128,15.3376,0.1.0,not-a-git-repository,3.12.10,macOS-26.6.2-arm64-arm-64bit,2.5.2,42,cpu,opencv_yunet,landmark,insightface,spectral,dct,0.16,2026-09-02T04:14:05.967125+00:00
watermark_robustness,igor_ivanov_5.png,blur_1,blur,{'sigma': 1.0},True,0.997396,1.0,16bde626,True,False,36.0635,0.920128,33.5453,0.1.0,not-a-git-repository,3.12.10,macOS-26.6.2-arm64-arm-64bit,2.5.2,42,cpu,opencv_yunet,landmark,insightface,spectral,dct,0.16,2026-09-02T04:14:05.967125+00:00
watermark_robustness,igor_ivanov_5.png,noise_5,noise,{'sigma': 5.0},True,1.0,1.0,16bde626,True,False,36.0635,0.920128,34.2501,0.1.0,not-a-git-repository,3.12.10,macOS-26.6.2-arm64-arm-64bit,2.5.2,42,cpu,opencv_yunet,landmark,insightface,spectral,dct,0.16,2026-09-02T04:14:05.967125+00:00
watermark_robustness,igor_ivanov_5.png,brightness_up,brightness,{'factor': 1.2},True,0.964193,1.0,16bde626,True,False,36.0635,0.920128,20.1647,0.1.0,not-a-git-repository,3.12.10,macOS-26.6.2-arm64-arm-64bit,2.5.2,42,cpu,opencv_yunet,landmark,insightface,spectral,dct,0.16,2026-09-02T04:14:05.967125+00:00
watermark_robustness,igor_ivanov_5.png,contrast_down,contrast,{'factor': 0.8},True,1.0,1.0,16bde626,True,False,36.0635,0.920128,25.5066,0.1.0,not-a-git-repository,3.12.10,macOS-26.6.2-arm64-arm-64bit,2.5.2,42,cpu,opencv_yunet,landmark,insightface,spectral,dct,0.16,2026-09-02T04:14:05.967125+00:00
watermark_robustness,igor_ivanov_5.png,webp_q80,webp,{'quality': 80},True,0.989583,1.0,16bde626,True,False,36.0635,0.920128,37.3316,0.1.0,not-a-git-repository,3.12.10,macOS-26.6.2-arm64-arm-64bit,2.5.2,42,cpu,opencv_yunet,landmark,insightface,spectral,dct,0.16,2026-09-02T04:14:05.967125+00:00
watermark_robustness,igor_ivanov_5.png,screenshot,screenshot_simulation,"{'scale': 0.9, 'quality': 85}",True,0.998047,1.0,16bde626,True,False,36.0635,0.920128,40.9583,0.1.0,not-a-git-repository,3.12.10,macOS-26.6.2-arm64-arm-64bit,2.5.2,42,cpu,opencv_yunet,landmark,insightface,spectral,dct,0.16,2026-09-02T04:14:05.967125+00:00
watermark_robustness,igor_ivanov_6.png,jpeg_q90,jpeg_compression,{'quality': 90},True,1.0,1.0,a2461179,True,False,36.7527,0.871995,44.3711,0.1.0,not-a-git-repository,3.12.10,macOS-26.6.2-arm64-arm-64bit,2.5.2,42,cpu,opencv_yunet,landmark,insightface,spectral,dct,0.16,2026-09-02T04:14:05.967125+00:00
watermark_robustness,igor_ivanov_6.png,jpeg_q70,jpeg_compression,{'quality': 70},True,0.697917,1.0,a2461179,True,False,36.7527,0.871995,38.0699,0.1.0,not-a-git-repository,3.12.10,macOS-26.6.2-arm64-arm-64bit,2.5.2,42,cpu,opencv_yunet,landmark,insightface,spectral,dct,0.16,2026-09-02T04:14:05.967125+00:00
watermark_robustness,igor_ivanov_6.png,jpeg_q50,jpeg_compression,{'quality': 50},False,0.546875,0.46875,,False,False,36.7527,0.871995,35.1952,0.1.0,not-a-git-repository,3.12.10,macOS-26.6.2-arm64-arm-64bit,2.5.2,42,cpu,opencv_yunet,landmark,insightface,spectral,dct,0.16,2026-09-02T04:14:05.967125+00:00
watermark_robustness,igor_ivanov_6.png,resize_75,resize,{'scale': 0.75},True,1.0,1.0,a2461179,True,False,36.7527,0.871995,40.3916,0.1.0,not-a-git-repository,3.12.10,macOS-26.6.2-arm64-arm-64bit,2.5.2,42,cpu,opencv_yunet,landmark,insightface,spectral,dct,0.16,2026-09-02T04:14:05.967125+00:00
watermark_robustness,igor_ivanov_6.png,resize_50,resize,{'scale': 0.5},False,0.801649,0.96875,,False,False,36.7527,0.871995,35.3872,0.1.0,not-a-git-repository,3.12.10,macOS-26.6.2-arm64-arm-64bit,2.5.2,42,cpu,opencv_yunet,landmark,insightface,spectral,dct,0.16,2026-09-02T04:14:05.967125+00:00
watermark_robustness,igor_ivanov_6.png,resize_25,resize,{'scale': 0.25},False,0.515625,0.515625,,False,False,36.7527,0.871995,31.0982,0.1.0,not-a-git-repository,3.12.10,macOS-26.6.2-arm64-arm-64bit,2.5.2,42,cpu,opencv_yunet,landmark,insightface,spectral,dct,0.16,2026-09-02T04:14:05.967125+00:00
watermark_robustness,igor_ivanov_6.png,crop_10,crop,{'ratio': 0.1},True,1.0,0.484375,a2461179,True,False,36.7527,0.871995,15.3416,0.1.0,not-a-git-repository,3.12.10,macOS-26.6.2-arm64-arm-64bit,2.5.2,42,cpu,opencv_yunet,landmark,insightface,spectral,dct,0.16,2026-09-02T04:14:05.967125+00:00
watermark_robustness,igor_ivanov_6.png,crop_30,crop,{'ratio': 0.3},False,0.53125,0.5,,False,False,36.7527,0.871995,8.7337,0.1.0,not-a-git-repository,3.12.10,macOS-26.6.2-arm64-arm-64bit,2.5.2,42,cpu,opencv_yunet,landmark,insightface,spectral,dct,0.16,2026-09-02T04:14:05.967125+00:00
watermark_robustness,igor_ivanov_6.png,rotate_5,rotation,{'degrees': 5},False,0.601562,0.5,,False,False,36.7527,0.871995,19.6899,0.1.0,not-a-git-repository,3.12.10,macOS-26.6.2-arm64-arm-64bit,2.5.2,42,cpu,opencv_yunet,landmark,insightface,spectral,dct,0.16,2026-09-02T04:14:05.967125+00:00
watermark_robustness,igor_ivanov_6.png,blur_1,blur,{'sigma': 1.0},True,0.997396,1.0,a2461179,True,False,36.7527,0.871995,34.7926,0.1.0,not-a-git-repository,3.12.10,macOS-26.6.2-arm64-arm-64bit,2.5.2,42,cpu,opencv_yunet,landmark,insightface,spectral,dct,0.16,2026-09-02T04:14:05.967125+00:00
watermark_robustness,igor_ivanov_6.png,noise_5,noise,{'sigma': 5.0},True,1.0,1.0,a2461179,True,False,36.7527,0.871995,34.7779,0.1.0,not-a-git-repository,3.12.10,macOS-26.6.2-arm64-arm-64bit,2.5.2,42,cpu,opencv_yunet,landmark,insightface,spectral,dct,0.16,2026-09-02T04:14:05.967125+00:00
watermark_robustness,igor_ivanov_6.png,brightness_up,brightness,{'factor': 1.2},True,1.0,1.0,a2461179,True,False,36.7527,0.871995,26.4952,0.1.0,not-a-git-repository,3.12.10,macOS-26.6.2-arm64-arm-64bit,2.5.2,42,cpu,opencv_yunet,landmark,insightface,spectral,dct,0.16,2026-09-02T04:14:05.967125+00:00
watermark_robustness,igor_ivanov_6.png,contrast_down,contrast,{'factor': 0.8},True,1.0,1.0,a2461179,True,False,36.7527,0.871995,28.022,0.1.0,not-a-git-repository,3.12.10,macOS-26.6.2-arm64-arm-64bit,2.5.2,42,cpu,opencv_yunet,landmark,insightface,spectral,dct,0.16,2026-09-02T04:14:05.967125+00:00
watermark_robustness,igor_ivanov_6.png,webp_q80,webp,{'quality': 80},True,0.738281,1.0,a2461179,True,False,36.7527,0.871995,37.8657,0.1.0,not-a-git-repository,3.12.10,macOS-26.6.2-arm64-arm-64bit,2.5.2,42,cpu,opencv_yunet,landmark,insightface,spectral,dct,0.16,2026-09-02T04:14:05.967125+00:00
watermark_robustness,igor_ivanov_6.png,screenshot,screenshot_simulation,"{'scale': 0.9, 'quality': 85}",True,0.75,1.0,a2461179,True,False,36.7527,0.871995,40.5048,0.1.0,not-a-git-repository,3.12.10,macOS-26.6.2-arm64-arm-64bit,2.5.2,42,cpu,opencv_yunet,landmark,insightface,spectral,dct,0.16,2026-09-02T04:14:05.967125+00:00
watermark_robustness,igor_ivanov_7.png,jpeg_q90,jpeg_compression,{'quality': 90},True,1.0,1.0,6807d5aa,True,False,36.2742,0.950617,43.4717,0.1.0,not-a-git-repository,3.12.10,macOS-26.6.2-arm64-arm-64bit,2.5.2,42,cpu,opencv_yunet,landmark,insightface,spectral,dct,0.16,2026-09-02T04:14:05.967125+00:00
watermark_robustness,igor_ivanov_7.png,jpeg_q70,jpeg_compression,{'quality': 70},True,0.989366,1.0,6807d5aa,True,False,36.2742,0.950617,37.4022,0.1.0,not-a-git-repository,3.12.10,macOS-26.6.2-arm64-arm-64bit,2.5.2,42,cpu,opencv_yunet,landmark,insightface,spectral,dct,0.16,2026-09-02T04:14:05.967125+00:00
watermark_robustness,igor_ivanov_7.png,jpeg_q50,jpeg_compression,{'quality': 50},False,0.59375,0.609375,,False,False,36.2742,0.950617,34.3794,0.1.0,not-a-git-repository,3.12.10,macOS-26.6.2-arm64-arm-64bit,2.5.2,42,cpu,opencv_yunet,landmark,insightface,spectral,dct,0.16,2026-09-02T04:14:05.967125+00:00
watermark_robustness,igor_ivanov_7.png,resize_75,resize,{'scale': 0.75},True,1.0,1.0,6807d5aa,True,False,36.2742,0.950617,41.4877,0.1.0,not-a-git-repository,3.12.10,macOS-26.6.2-arm64-arm-64bit,2.5.2,42,cpu,opencv_yunet,landmark,insightface,spectral,dct,0.16,2026-09-02T04:14:05.967125+00:00
watermark_robustness,igor_ivanov_7.png,resize_50,resize,{'scale': 0.5},True,0.888672,1.0,6807d5aa,True,False,36.2742,0.950617,35.8866,0.1.0,not-a-git-repository,3.12.10,macOS-26.6.2-arm64-arm-64bit,2.5.2,42,cpu,opencv_yunet,landmark,insightface,spectral,dct,0.16,2026-09-02T04:14:05.967125+00:00
watermark_robustness,igor_ivanov_7.png,resize_25,resize,{'scale': 0.25},False,0.523438,0.453125,,False,False,36.2742,0.950617,31.3564,0.1.0,not-a-git-repository,3.12.10,macOS-26.6.2-arm64-arm-64bit,2.5.2,42,cpu,opencv_yunet,landmark,insightface,spectral,dct,0.16,2026-09-02T04:14:05.967125+00:00
watermark_robustness,igor_ivanov_7.png,crop_10,crop,{'ratio': 0.1},True,1.0,0.53125,6807d5aa,True,False,36.2742,0.950617,11.7839,0.1.0,not-a-git-repository,3.12.10,macOS-26.6.2-arm64-arm-64bit,2.5.2,42,cpu,opencv_yunet,landmark,insightface,spectral,dct,0.16,2026-09-02T04:14:05.967125+00:00
watermark_robustness,igor_ivanov_7.png,crop_30,crop,{'ratio': 0.3},False,0.507812,0.5,,False,False,36.2742,0.950617,6.9726,0.1.0,not-a-git-repository,3.12.10,macOS-26.6.2-arm64-arm-64bit,2.5.2,42,cpu,opencv_yunet,landmark,insightface,spectral,dct,0.16,2026-09-02T04:14:05.967125+00:00
watermark_robustness,igor_ivanov_7.png,rotate_5,rotation,{'degrees': 5},False,0.523438,0.53125,,False,False,36.2742,0.950617,16.0255,0.1.0,not-a-git-repository,3.12.10,macOS-26.6.2-arm64-arm-64bit,2.5.2,42,cpu,opencv_yunet,landmark,insightface,spectral,dct,0.16,2026-09-02T04:14:05.967125+00:00
watermark_robustness,igor_ivanov_7.png,blur_1,blur,{'sigma': 1.0},True,1.0,1.0,6807d5aa,True,False,36.2742,0.950617,34.9565,0.1.0,not-a-git-repository,3.12.10,macOS-26.6.2-arm64-arm-64bit,2.5.2,42,cpu,opencv_yunet,landmark,insightface,spectral,dct,0.16,2026-09-02T04:14:05.967125+00:00
watermark_robustness,igor_ivanov_7.png,noise_5,noise,{'sigma': 5.0},True,1.0,1.0,6807d5aa,True,False,36.2742,0.950617,34.3993,0.1.0,not-a-git-repository,3.12.10,macOS-26.6.2-arm64-arm-64bit,2.5.2,42,cpu,opencv_yunet,landmark,insightface,spectral,dct,0.16,2026-09-02T04:14:05.967125+00:00
watermark_robustness,igor_ivanov_7.png,brightness_up,brightness,{'factor': 1.2},True,0.989583,1.0,6807d5aa,True,False,36.2742,0.950617,23.3743,0.1.0,not-a-git-repository,3.12.10,macOS-26.6.2-arm64-arm-64bit,2.5.2,42,cpu,opencv_yunet,landmark,insightface,spectral,dct,0.16,2026-09-02T04:14:05.967125+00:00
watermark_robustness,igor_ivanov_7.png,contrast_down,contrast,{'factor': 0.8},True,1.0,1.0,6807d5aa,True,False,36.2742,0.950617,25.7489,0.1.0,not-a-git-repository,3.12.10,macOS-26.6.2-arm64-arm-64bit,2.5.2,42,cpu,opencv_yunet,landmark,insightface,spectral,dct,0.16,2026-09-02T04:14:05.967125+00:00
watermark_robustness,igor_ivanov_7.png,webp_q80,webp,{'quality': 80},True,1.0,1.0,6807d5aa,True,False,36.2742,0.950617,37.1304,0.1.0,not-a-git-repository,3.12.10,macOS-26.6.2-arm64-arm-64bit,2.5.2,42,cpu,opencv_yunet,landmark,insightface,spectral,dct,0.16,2026-09-02T04:14:05.967125+00:00
watermark_robustness,igor_ivanov_7.png,screenshot,screenshot_simulation,"{'scale': 0.9, 'quality': 85}",True,1.0,1.0,6807d5aa,True,False,36.2742,0.950617,41.102,0.1.0,not-a-git-repository,3.12.10,macOS-26.6.2-arm64-arm-64bit,2.5.2,42,cpu,opencv_yunet,landmark,insightface,spectral,dct,0.16,2026-09-02T04:14:05.967125+00:00
watermark_robustness,jack_straw_0.png,jpeg_q90,jpeg_compression,{'quality': 90},True,1.0,1.0,494fff5b,True,False,35.9646,0.913186,44.4372,0.1.0,not-a-git-repository,3.12.10,macOS-26.6.2-arm64-arm-64bit,2.5.2,42,cpu,opencv_yunet,landmark,insightface,spectral,dct,0.16,2026-09-02T04:14:05.967125+00:00
watermark_robustness,jack_straw_0.png,jpeg_q70,jpeg_compression,{'quality': 70},True,0.945964,1.0,494fff5b,True,False,35.9646,0.913186,37.9131,0.1.0,not-a-git-repository,3.12.10,macOS-26.6.2-arm64-arm-64bit,2.5.2,42,cpu,opencv_yunet,landmark,insightface,spectral,dct,0.16,2026-09-02T04:14:05.967125+00:00
watermark_robustness,jack_straw_0.png,jpeg_q50,jpeg_compression,{'quality': 50},False,0.570312,0.5625,,False,False,35.9646,0.913186,34.661,0.1.0,not-a-git-repository,3.12.10,macOS-26.6.2-arm64-arm-64bit,2.5.2,42,cpu,opencv_yunet,landmark,insightface,spectral,dct,0.16,2026-09-02T04:14:05.967125+00:00
watermark_robustness,jack_straw_0.png,resize_75,resize,{'scale': 0.75},True,1.0,1.0,494fff5b,True,False,35.9646,0.913186,41.5678,0.1.0,not-a-git-repository,3.12.10,macOS-26.6.2-arm64-arm-64bit,2.5.2,42,cpu,opencv_yunet,landmark,insightface,spectral,dct,0.16,2026-09-02T04:14:05.967125+00:00
watermark_robustness,jack_straw_0.png,resize_50,resize,{'scale': 0.5},True,0.10519,0.90625,494fff5b,True,False,35.9646,0.913186,35.6323,0.1.0,not-a-git-repository,3.12.10,macOS-26.6.2-arm64-arm-64bit,2.5.2,42,cpu,opencv_yunet,landmark,insightface,spectral,dct,0.16,2026-09-02T04:14:05.967125+00:00
watermark_robustness,jack_straw_0.png,resize_25,resize,{'scale': 0.25},False,0.53125,0.46875,,False,False,35.9646,0.913186,30.9671,0.1.0,not-a-git-repository,3.12.10,macOS-26.6.2-arm64-arm-64bit,2.5.2,42,cpu,opencv_yunet,landmark,insightface,spectral,dct,0.16,2026-09-02T04:14:05.967125+00:00
watermark_robustness,jack_straw_0.png,crop_10,crop,{'ratio': 0.1},True,1.0,0.4375,494fff5b,True,False,35.9646,0.913186,13.5182,0.1.0,not-a-git-repository,3.12.10,macOS-26.6.2-arm64-arm-64bit,2.5.2,42,cpu,opencv_yunet,landmark,insightface,spectral,dct,0.16,2026-09-02T04:14:05.967125+00:00
watermark_robustness,jack_straw_0.png,crop_30,crop,{'ratio': 0.3},False,0.523438,0.421875,,False,False,35.9646,0.913186,10.5794,0.1.0,not-a-git-repository,3.12.10,macOS-26.6.2-arm64-arm-64bit,2.5.2,42,cpu,opencv_yunet,landmark,insightface,spectral,dct,0.16,2026-09-02T04:14:05.967125+00:00
watermark_robustness,jack_straw_0.png,rotate_5,rotation,{'degrees': 5},False,0.523438,0.53125,,False,False,35.9646,0.913186,16.9755,0.1.0,not-a-git-repository,3.12.10,macOS-26.6.2-arm64-arm-64bit,2.5.2,42,cpu,opencv_yunet,landmark,insightface,spectral,dct,0.16,2026-09-02T04:14:05.967125+00:00
watermark_robustness,jack_straw_0.png,blur_1,blur,{'sigma': 1.0},True,1.0,1.0,494fff5b,True,False,35.9646,0.913186,34.8857,0.1.0,not-a-git-repository,3.12.10,macOS-26.6.2-arm64-arm-64bit,2.5.2,42,cpu,opencv_yunet,landmark,insightface,spectral,dct,0.16,2026-09-02T04:14:05.967125+00:00
watermark_robustness,jack_straw_0.png,noise_5,noise,{'sigma': 5.0},True,1.0,1.0,494fff5b,True,False,35.9646,0.913186,34.2528,0.1.0,not-a-git-repository,3.12.10,macOS-26.6.2-arm64-arm-64bit,2.5.2,42,cpu,opencv_yunet,landmark,insightface,spectral,dct,0.16,2026-09-02T04:14:05.967125+00:00
watermark_robustness,jack_straw_0.png,brightness_up,brightness,{'factor': 1.2},True,1.0,1.0,494fff5b,True,False,35.9646,0.913186,23.2068,0.1.0,not-a-git-repository,3.12.10,macOS-26.6.2-arm64-arm-64bit,2.5.2,42,cpu,opencv_yunet,landmark,insightface,spectral,dct,0.16,2026-09-02T04:14:05.967125+00:00
watermark_robustness,jack_straw_0.png,contrast_down,contrast,{'factor': 0.8},True,1.0,1.0,494fff5b,True,False,35.9646,0.913186,27.8867,0.1.0,not-a-git-repository,3.12.10,macOS-26.6.2-arm64-arm-64bit,2.5.2,42,cpu,opencv_yunet,landmark,insightface,spectral,dct,0.16,2026-09-02T04:14:05.967125+00:00
watermark_robustness,jack_straw_0.png,webp_q80,webp,{'quality': 80},True,0.96875,1.0,494fff5b,True,False,35.9646,0.913186,37.4478,0.1.0,not-a-git-repository,3.12.10,macOS-26.6.2-arm64-arm-64bit,2.5.2,42,cpu,opencv_yunet,landmark,insightface,spectral,dct,0.16,2026-09-02T04:14:05.967125+00:00
watermark_robustness,jack_straw_0.png,screenshot,screenshot_simulation,"{'scale': 0.9, 'quality': 85}",True,0.965495,1.0,494fff5b,True,False,35.9646,0.913186,41.2067,0.1.0,not-a-git-repository,3.12.10,macOS-26.6.2-arm64-arm-64bit,2.5.2,42,cpu,opencv_yunet,landmark,insightface,spectral,dct,0.16,2026-09-02T04:14:05.967125+00:00
watermark_robustness,jack_straw_1.png,jpeg_q90,jpeg_compression,{'quality': 90},True,1.0,1.0,06b4de65,True,False,35.9472,0.912588,44.3148,0.1.0,not-a-git-repository,3.12.10,macOS-26.6.2-arm64-arm-64bit,2.5.2,42,cpu,opencv_yunet,landmark,insightface,spectral,dct,0.16,2026-09-02T04:14:05.967125+00:00
watermark_robustness,jack_straw_1.png,jpeg_q70,jpeg_compression,{'quality': 70},True,1.0,1.0,06b4de65,True,False,35.9472,0.912588,37.8356,0.1.0,not-a-git-repository,3.12.10,macOS-26.6.2-arm64-arm-64bit,2.5.2,42,cpu,opencv_yunet,landmark,insightface,spectral,dct,0.16,2026-09-02T04:14:05.967125+00:00
watermark_robustness,jack_straw_1.png,jpeg_q50,jpeg_compression,{'quality': 50},False,0.546875,0.515625,,False,False,35.9472,0.912588,34.5455,0.1.0,not-a-git-repository,3.12.10,macOS-26.6.2-arm64-arm-64bit,2.5.2,42,cpu,opencv_yunet,landmark,insightface,spectral,dct,0.16,2026-09-02T04:14:05.967125+00:00
watermark_robustness,jack_straw_1.png,resize_75,resize,{'scale': 0.75},True,1.0,1.0,06b4de65,True,False,35.9472,0.912588,40.5692,0.1.0,not-a-git-repository,3.12.10,macOS-26.6.2-arm64-arm-64bit,2.5.2,42,cpu,opencv_yunet,landmark,insightface,spectral,dct,0.16,2026-09-02T04:14:05.967125+00:00
watermark_robustness,jack_straw_1.png,resize_50,resize,{'scale': 0.5},True,0.294488,0.96875,06b4de65,True,False,35.9472,0.912588,35.324,0.1.0,not-a-git-repository,3.12.10,macOS-26.6.2-arm64-arm-64bit,2.5.2,42,cpu,opencv_yunet,landmark,insightface,spectral,dct,0.16,2026-09-02T04:14:05.967125+00:00
watermark_robustness,jack_straw_1.png,resize_25,resize,{'scale': 0.25},False,0.554688,0.546875,,False,False,35.9472,0.912588,31.9399,0.1.0,not-a-git-repository,3.12.10,macOS-26.6.2-arm64-arm-64bit,2.5.2,42,cpu,opencv_yunet,landmark,insightface,spectral,dct,0.16,2026-09-02T04:14:05.967125+00:00
watermark_robustness,jack_straw_1.png,crop_10,crop,{'ratio': 0.1},True,1.0,0.484375,06b4de65,True,False,35.9472,0.912588,15.5387,0.1.0,not-a-git-repository,3.12.10,macOS-26.6.2-arm64-arm-64bit,2.5.2,42,cpu,opencv_yunet,landmark,insightface,spectral,dct,0.16,2026-09-02T04:14:05.967125+00:00
watermark_robustness,jack_straw_1.png,crop_30,crop,{'ratio': 0.3},False,0.523438,0.515625,,False,False,35.9472,0.912588,12.6919,0.1.0,not-a-git-repository,3.12.10,macOS-26.6.2-arm64-arm-64bit,2.5.2,42,cpu,opencv_yunet,landmark,insightface,spectral,dct,0.16,2026-09-02T04:14:05.967125+00:00
watermark_robustness,jack_straw_1.png,rotate_5,rotation,{'degrees': 5},False,0.53125,0.40625,,False,False,35.9472,0.912588,17.363,0.1.0,not-a-git-repository,3.12.10,macOS-26.6.2-arm64-arm-64bit,2.5.2,42,cpu,opencv_yunet,landmark,insightface,spectral,dct,0.16,2026-09-02T04:14:05.967125+00:00
watermark_robustness,jack_straw_1.png,blur_1,blur,{'sigma': 1.0},True,1.0,1.0,06b4de65,True,False,35.9472,0.912588,35.1224,0.1.0,not-a-git-repository,3.12.10,macOS-26.6.2-arm64-arm-64bit,2.5.2,42,cpu,opencv_yunet,landmark,insightface,spectral,dct,0.16,2026-09-02T04:14:05.967125+00:00
watermark_robustness,jack_straw_1.png,noise_5,noise,{'sigma': 5.0},True,1.0,1.0,06b4de65,True,False,35.9472,0.912588,34.1163,0.1.0,not-a-git-repository,3.12.10,macOS-26.6.2-arm64-arm-64bit,2.5.2,42,cpu,opencv_yunet,landmark,insightface,spectral,dct,0.16,2026-09-02T04:14:05.967125+00:00
watermark_robustness,jack_straw_1.png,brightness_up,brightness,{'factor': 1.2},True,1.0,1.0,06b4de65,True,False,35.9472,0.912588,21.6249,0.1.0,not-a-git-repository,3.12.10,macOS-26.6.2-arm64-arm-64bit,2.5.2,42,cpu,opencv_yunet,landmark,insightface,spectral,dct,0.16,2026-09-02T04:14:05.967125+00:00
watermark_robustness,jack_straw_1.png,contrast_down,contrast,{'factor': 0.8},True,1.0,1.0,06b4de65,True,False,35.9472,0.912588,29.5937,0.1.0,not-a-git-repository,3.12.10,macOS-26.6.2-arm64-arm-64bit,2.5.2,42,cpu,opencv_yunet,landmark,insightface,spectral,dct,0.16,2026-09-02T04:14:05.967125+00:00
watermark_robustness,jack_straw_1.png,webp_q80,webp,{'quality': 80},True,1.0,1.0,06b4de65,True,False,35.9472,0.912588,37.3131,0.1.0,not-a-git-repository,3.12.10,macOS-26.6.2-arm64-arm-64bit,2.5.2,42,cpu,opencv_yunet,landmark,insightface,spectral,dct,0.16,2026-09-02T04:14:05.967125+00:00
watermark_robustness,jack_straw_1.png,screenshot,screenshot_simulation,"{'scale': 0.9, 'quality': 85}",True,1.0,1.0,06b4de65,True,False,35.9472,0.912588,40.7249,0.1.0,not-a-git-repository,3.12.10,macOS-26.6.2-arm64-arm-64bit,2.5.2,42,cpu,opencv_yunet,landmark,insightface,spectral,dct,0.16,2026-09-02T04:14:05.967125+00:00
watermark_robustness,jack_straw_2.png,jpeg_q90,jpeg_compression,{'quality': 90},True,1.0,1.0,f7a5b92f,True,False,37.0197,0.868232,42.4397,0.1.0,not-a-git-repository,3.12.10,macOS-26.6.2-arm64-arm-64bit,2.5.2,42,cpu,opencv_yunet,landmark,insightface,spectral,dct,0.16,2026-09-02T04:14:05.967125+00:00
watermark_robustness,jack_straw_2.png,jpeg_q70,jpeg_compression,{'quality': 70},True,0.747396,1.0,f7a5b92f,True,False,37.0197,0.868232,37.0859,0.1.0,not-a-git-repository,3.12.10,macOS-26.6.2-arm64-arm-64bit,2.5.2,42,cpu,opencv_yunet,landmark,insightface,spectral,dct,0.16,2026-09-02T04:14:05.967125+00:00
watermark_robustness,jack_straw_2.png,jpeg_q50,jpeg_compression,{'quality': 50},False,0.578125,0.625,,False,False,37.0197,0.868232,34.6412,0.1.0,not-a-git-repository,3.12.10,macOS-26.6.2-arm64-arm-64bit,2.5.2,42,cpu,opencv_yunet,landmark,insightface,spectral,dct,0.16,2026-09-02T04:14:05.967125+00:00
watermark_robustness,jack_straw_2.png,resize_75,resize,{'scale': 0.75},True,1.0,1.0,f7a5b92f,True,False,37.0197,0.868232,40.5694,0.1.0,not-a-git-repository,3.12.10,macOS-26.6.2-arm64-arm-64bit,2.5.2,42,cpu,opencv_yunet,landmark,insightface,spectral,dct,0.16,2026-09-02T04:14:05.967125+00:00
watermark_robustness,jack_straw_2.png,resize_50,resize,{'scale': 0.5},False,0.726345,0.875,,False,False,37.0197,0.868232,35.0581,0.1.0,not-a-git-repository,3.12.10,macOS-26.6.2-arm64-arm-64bit,2.5.2,42,cpu,opencv_yunet,landmark,insightface,spectral,dct,0.16,2026-09-02T04:14:05.967125+00:00
watermark_robustness,jack_straw_2.png,resize_25,resize,{'scale': 0.25},False,0.546875,0.515625,,False,False,37.0197,0.868232,30.2711,0.1.0,not-a-git-repository,3.12.10,macOS-26.6.2-arm64-arm-64bit,2.5.2,42,cpu,opencv_yunet,landmark,insightface,spectral,dct,0.16,2026-09-02T04:14:05.967125+00:00
watermark_robustness,jack_straw_2.png,crop_10,crop,{'ratio': 0.1},True,1.0,0.40625,f7a5b92f,True,False,37.0197,0.868232,13.5426,0.1.0,not-a-git-repository,3.12.10,macOS-26.6.2-arm64-arm-64bit,2.5.2,42,cpu,opencv_yunet,landmark,insightface,spectral,dct,0.16,2026-09-02T04:14:05.967125+00:00
watermark_robustness,jack_straw_2.png,crop_30,crop,{'ratio': 0.3},False,0.539062,0.46875,,False,False,37.0197,0.868232,6.4876,0.1.0,not-a-git-repository,3.12.10,macOS-26.6.2-arm64-arm-64bit,2.5.2,42,cpu,opencv_yunet,landmark,insightface,spectral,dct,0.16,2026-09-02T04:14:05.967125+00:00
watermark_robustness,jack_straw_2.png,rotate_5,rotation,{'degrees': 5},False,0.507812,0.484375,,False,False,37.0197,0.868232,20.1937,0.1.0,not-a-git-repository,3.12.10,macOS-26.6.2-arm64-arm-64bit,2.5.2,42,cpu,opencv_yunet,landmark,insightface,spectral,dct,0.16,2026-09-02T04:14:05.967125+00:00
watermark_robustness,jack_straw_2.png,blur_1,blur,{'sigma': 1.0},True,1.0,1.0,f7a5b92f,True,False,37.0197,0.868232,33.8548,0.1.0,not-a-git-repository,3.12.10,macOS-26.6.2-arm64-arm-64bit,2.5.2,42,cpu,opencv_yunet,landmark,insightface,spectral,dct,0.16,2026-09-02T04:14:05.967125+00:00
watermark_robustness,jack_straw_2.png,noise_5,noise,{'sigma': 5.0},True,1.0,1.0,f7a5b92f,True,False,37.0197,0.868232,35.0873,0.1.0,not-a-git-repository,3.12.10,macOS-26.6.2-arm64-arm-64bit,2.5.2,42,cpu,opencv_yunet,landmark,insightface,spectral,dct,0.16,2026-09-02T04:14:05.967125+00:00
watermark_robustness,jack_straw_2.png,brightness_up,brightness,{'factor': 1.2},True,1.0,1.0,f7a5b92f,True,False,37.0197,0.868232,24.9594,0.1.0,not-a-git-repository,3.12.10,macOS-26.6.2-arm64-arm-64bit,2.5.2,42,cpu,opencv_yunet,landmark,insightface,spectral,dct,0.16,2026-09-02T04:14:05.967125+00:00
watermark_robustness,jack_straw_2.png,contrast_down,contrast,{'factor': 0.8},True,1.0,1.0,f7a5b92f,True,False,37.0197,0.868232,26.1377,0.1.0,not-a-git-repository,3.12.10,macOS-26.6.2-arm64-arm-64bit,2.5.2,42,cpu,opencv_yunet,landmark,insightface,spectral,dct,0.16,2026-09-02T04:14:05.967125+00:00
watermark_robustness,jack_straw_2.png,webp_q80,webp,{'quality': 80},True,0.780599,1.0,f7a5b92f,True,False,37.0197,0.868232,37.6737,0.1.0,not-a-git-repository,3.12.10,macOS-26.6.2-arm64-arm-64bit,2.5.2,42,cpu,opencv_yunet,landmark,insightface,spectral,dct,0.16,2026-09-02T04:14:05.967125+00:00
watermark_robustness,jack_straw_2.png,screenshot,screenshot_simulation,"{'scale': 0.9, 'quality': 85}",True,0.803385,1.0,f7a5b92f,True,False,37.0197,0.868232,39.6763,0.1.0,not-a-git-repository,3.12.10,macOS-26.6.2-arm64-arm-64bit,2.5.2,42,cpu,opencv_yunet,landmark,insightface,spectral,dct,0.16,2026-09-02T04:14:05.967125+00:00
watermark_robustness,jack_straw_3.png,jpeg_q90,jpeg_compression,{'quality': 90},True,1.0,1.0,1eb507ce,True,False,36.426,0.897697,42.8501,0.1.0,not-a-git-repository,3.12.10,macOS-26.6.2-arm64-arm-64bit,2.5.2,42,cpu,opencv_yunet,landmark,insightface,spectral,dct,0.16,2026-09-02T04:14:05.967125+00:00
watermark_robustness,jack_straw_3.png,jpeg_q70,jpeg_compression,{'quality': 70},True,0.843099,1.0,1eb507ce,True,False,36.426,0.897697,37.0889,0.1.0,not-a-git-repository,3.12.10,macOS-26.6.2-arm64-arm-64bit,2.5.2,42,cpu,opencv_yunet,landmark,insightface,spectral,dct,0.16,2026-09-02T04:14:05.967125+00:00
watermark_robustness,jack_straw_3.png,jpeg_q50,jpeg_compression,{'quality': 50},False,0.546875,0.5,,False,False,36.426,0.897697,34.2493,0.1.0,not-a-git-repository,3.12.10,macOS-26.6.2-arm64-arm-64bit,2.5.2,42,cpu,opencv_yunet,landmark,insightface,spectral,dct,0.16,2026-09-02T04:14:05.967125+00:00
watermark_robustness,jack_straw_3.png,resize_75,resize,{'scale': 0.75},True,1.0,1.0,1eb507ce,True,False,36.426,0.897697,40.6377,0.1.0,not-a-git-repository,3.12.10,macOS-26.6.2-arm64-arm-64bit,2.5.2,42,cpu,opencv_yunet,landmark,insightface,spectral,dct,0.16,2026-09-02T04:14:05.967125+00:00
watermark_robustness,jack_straw_3.png,resize_50,resize,{'scale': 0.5},True,0.136675,0.9375,1eb507ce,True,False,36.426,0.897697,34.4134,0.1.0,not-a-git-repository,3.12.10,macOS-26.6.2-arm64-arm-64bit,2.5.2,42,cpu,opencv_yunet,landmark,insightface,spectral,dct,0.16,2026-09-02T04:14:05.967125+00:00
watermark_robustness,jack_straw_3.png,resize_25,resize,{'scale': 0.25},False,0.523438,0.53125,,False,False,36.426,0.897697,29.0938,0.1.0,not-a-git-repository,3.12.10,macOS-26.6.2-arm64-arm-64bit,2.5.2,42,cpu,opencv_yunet,landmark,insightface,spectral,dct,0.16,2026-09-02T04:14:05.967125+00:00
watermark_robustness,jack_straw_3.png,crop_10,crop,{'ratio': 0.1},True,1.0,0.46875,1eb507ce,True,False,36.426,0.897697,12.7857,0.1.0,not-a-git-repository,3.12.10,macOS-26.6.2-arm64-arm-64bit,2.5.2,42,cpu,opencv_yunet,landmark,insightface,spectral,dct,0.16,2026-09-02T04:14:05.967125+00:00
watermark_robustness,jack_straw_3.png,crop_30,crop,{'ratio': 0.3},False,0.5625,0.453125,,False,False,36.426,0.897697,8.5856,0.1.0,not-a-git-repository,3.12.10,macOS-26.6.2-arm64-arm-64bit,2.5.2,42,cpu,opencv_yunet,landmark,insightface,spectral,dct,0.16,2026-09-02T04:14:05.967125+00:00
watermark_robustness,jack_straw_3.png,rotate_5,rotation,{'degrees': 5},False,0.546875,0.53125,,False,False,36.426,0.897697,15.6395,0.1.0,not-a-git-repository,3.12.10,macOS-26.6.2-arm64-arm-64bit,2.5.2,42,cpu,opencv_yunet,landmark,insightface,spectral,dct,0.16,2026-09-02T04:14:05.967125+00:00
watermark_robustness,jack_straw_3.png,blur_1,blur,{'sigma': 1.0},True,0.998047,1.0,1eb507ce,True,False,36.426,0.897697,33.0157,0.1.0,not-a-git-repository,3.12.10,macOS-26.6.2-arm64-arm-64bit,2.5.2,42,cpu,opencv_yunet,landmark,insightface,spectral,dct,0.16,2026-09-02T04:14:05.967125+00:00
watermark_robustness,jack_straw_3.png,noise_5,noise,{'sigma': 5.0},True,1.0,1.0,1eb507ce,True,False,36.426,0.897697,34.5719,0.1.0,not-a-git-repository,3.12.10,macOS-26.6.2-arm64-arm-64bit,2.5.2,42,cpu,opencv_yunet,landmark,insightface,spectral,dct,0.16,2026-09-02T04:14:05.967125+00:00
watermark_robustness,jack_straw_3.png,brightness_up,brightness,{'factor': 1.2},True,0.99349,1.0,1eb507ce,True,False,36.426,0.897697,21.267,0.1.0,not-a-git-repository,3.12.10,macOS-26.6.2-arm64-arm-64bit,2.5.2,42,cpu,opencv_yunet,landmark,insightface,spectral,dct,0.16,2026-09-02T04:14:05.967125+00:00
watermark_robustness,jack_straw_3.png,contrast_down,contrast,{'factor': 0.8},True,1.0,1.0,1eb507ce,True,False,36.426,0.897697,25.2243,0.1.0,not-a-git-repository,3.12.10,macOS-26.6.2-arm64-arm-64bit,2.5.2,42,cpu,opencv_yunet,landmark,insightface,spectral,dct,0.16,2026-09-02T04:14:05.967125+00:00
watermark_robustness,jack_straw_3.png,webp_q80,webp,{'quality': 80},True,0.888672,1.0,1eb507ce,True,False,36.426,0.897697,37.3388,0.1.0,not-a-git-repository,3.12.10,macOS-26.6.2-arm64-arm-64bit,2.5.2,42,cpu,opencv_yunet,landmark,insightface,spectral,dct,0.16,2026-09-02T04:14:05.967125+00:00
watermark_robustness,jack_straw_3.png,screenshot,screenshot_simulation,"{'scale': 0.9, 'quality': 85}",True,0.920573,1.0,1eb507ce,True,False,36.426,0.897697,40.2344,0.1.0,not-a-git-repository,3.12.10,macOS-26.6.2-arm64-arm-64bit,2.5.2,42,cpu,opencv_yunet,landmark,insightface,spectral,dct,0.16,2026-09-02T04:14:05.967125+00:00
watermark_robustness,jack_straw_4.png,jpeg_q90,jpeg_compression,{'quality': 90},True,1.0,1.0,43b26686,True,False,37.5595,0.897445,42.0407,0.1.0,not-a-git-repository,3.12.10,macOS-26.6.2-arm64-arm-64bit,2.5.2,42,cpu,opencv_yunet,landmark,insightface,spectral,dct,0.16,2026-09-02T04:14:05.967125+00:00
watermark_robustness,jack_straw_4.png,jpeg_q70,jpeg_compression,{'quality': 70},True,0.193359,0.96875,43b26686,True,False,37.5595,0.897445,36.6569,0.1.0,not-a-git-repository,3.12.10,macOS-26.6.2-arm64-arm-64bit,2.5.2,42,cpu,opencv_yunet,landmark,insightface,spectral,dct,0.16,2026-09-02T04:14:05.967125+00:00
watermark_robustness,jack_straw_4.png,jpeg_q50,jpeg_compression,{'quality': 50},False,0.570312,0.546875,,False,False,37.5595,0.897445,34.2915,0.1.0,not-a-git-repository,3.12.10,macOS-26.6.2-arm64-arm-64bit,2.5.2,42,cpu,opencv_yunet,landmark,insightface,spectral,dct,0.16,2026-09-02T04:14:05.967125+00:00
watermark_robustness,jack_straw_4.png,resize_75,resize,{'scale': 0.75},True,1.0,1.0,43b26686,True,False,37.5595,0.897445,37.6089,0.1.0,not-a-git-repository,3.12.10,macOS-26.6.2-arm64-arm-64bit,2.5.2,42,cpu,opencv_yunet,landmark,insightface,spectral,dct,0.16,2026-09-02T04:14:05.967125+00:00
watermark_robustness,jack_straw_4.png,resize_50,resize,{'scale': 0.5},False,0.711589,0.9375,,False,False,37.5595,0.897445,32.7261,0.1.0,not-a-git-repository,3.12.10,macOS-26.6.2-arm64-arm-64bit,2.5.2,42,cpu,opencv_yunet,landmark,insightface,spectral,dct,0.16,2026-09-02T04:14:05.967125+00:00
watermark_robustness,jack_straw_4.png,resize_25,resize,{'scale': 0.25},False,0.515625,0.453125,,False,False,37.5595,0.897445,27.1057,0.1.0,not-a-git-repository,3.12.10,macOS-26.6.2-arm64-arm-64bit,2.5.2,42,cpu,opencv_yunet,landmark,insightface,spectral,dct,0.16,2026-09-02T04:14:05.967125+00:00
watermark_robustness,jack_straw_4.png,crop_10,crop,{'ratio': 0.1},True,1.0,0.40625,43b26686,True,False,37.5595,0.897445,8.2721,0.1.0,not-a-git-repository,3.12.10,macOS-26.6.2-arm64-arm-64bit,2.5.2,42,cpu,opencv_yunet,landmark,insightface,spectral,dct,0.16,2026-09-02T04:14:05.967125+00:00
watermark_robustness,jack_straw_4.png,crop_30,crop,{'ratio': 0.3},False,0.523438,0.5,,False,False,37.5595,0.897445,7.6338,0.1.0,not-a-git-repository,3.12.10,macOS-26.6.2-arm64-arm-64bit,2.5.2,42,cpu,opencv_yunet,landmark,insightface,spectral,dct,0.16,2026-09-02T04:14:05.967125+00:00
watermark_robustness,jack_straw_4.png,rotate_5,rotation,{'degrees': 5},False,0.539062,0.4375,,False,False,37.5595,0.897445,14.8138,0.1.0,not-a-git-repository,3.12.10,macOS-26.6.2-arm64-arm-64bit,2.5.2,42,cpu,opencv_yunet,landmark,insightface,spectral,dct,0.16,2026-09-02T04:14:05.967125+00:00
watermark_robustness,jack_straw_4.png,blur_1,blur,{'sigma': 1.0},True,0.99349,1.0,43b26686,True,False,37.5595,0.897445,31.3593,0.1.0,not-a-git-repository,3.12.10,macOS-26.6.2-arm64-arm-64bit,2.5.2,42,cpu,opencv_yunet,landmark,insightface,spectral,dct,0.16,2026-09-02T04:14:05.967125+00:00
watermark_robustness,jack_straw_4.png,noise_5,noise,{'sigma': 5.0},True,1.0,1.0,43b26686,True,False,37.5595,0.897445,35.3169,0.1.0,not-a-git-repository,3.12.10,macOS-26.6.2-arm64-arm-64bit,2.5.2,42,cpu,opencv_yunet,landmark,insightface,spectral,dct,0.16,2026-09-02T04:14:05.967125+00:00
watermark_robustness,jack_straw_4.png,brightness_up,brightness,{'factor': 1.2},True,0.992839,1.0,43b26686,True,False,37.5595,0.897445,22.8139,0.1.0,not-a-git-repository,3.12.10,macOS-26.6.2-arm64-arm-64bit,2.5.2,42,cpu,opencv_yunet,landmark,insightface,spectral,dct,0.16,2026-09-02T04:14:05.967125+00:00
watermark_robustness,jack_straw_4.png,contrast_down,contrast,{'factor': 0.8},True,1.0,1.0,43b26686,True,False,37.5595,0.897445,24.4919,0.1.0,not-a-git-repository,3.12.10,macOS-26.6.2-arm64-arm-64bit,2.5.2,42,cpu,opencv_yunet,landmark,insightface,spectral,dct,0.16,2026-09-02T04:14:05.967125+00:00
watermark_robustness,jack_straw_4.png,webp_q80,webp,{'quality': 80},True,0.343424,0.984375,43b26686,True,False,37.5595,0.897445,37.4234,0.1.0,not-a-git-repository,3.12.10,macOS-26.6.2-arm64-arm-64bit,2.5.2,42,cpu,opencv_yunet,landmark,insightface,spectral,dct,0.16,2026-09-02T04:14:05.967125+00:00
watermark_robustness,jack_straw_4.png,screenshot,screenshot_simulation,"{'scale': 0.9, 'quality': 85}",True,0.727865,1.0,43b26686,True,False,37.5595,0.897445,38.4516,0.1.0,not-a-git-repository,3.12.10,macOS-26.6.2-arm64-arm-64bit,2.5.2,42,cpu,opencv_yunet,landmark,insightface,spectral,dct,0.16,2026-09-02T04:14:05.967125+00:00
watermark_robustness,jack_straw_5.png,jpeg_q90,jpeg_compression,{'quality': 90},True,1.0,1.0,c9c71787,True,False,36.0497,0.89686,43.7718,0.1.0,not-a-git-repository,3.12.10,macOS-26.6.2-arm64-arm-64bit,2.5.2,42,cpu,opencv_yunet,landmark,insightface,spectral,dct,0.16,2026-09-02T04:14:05.967125+00:00
watermark_robustness,jack_straw_5.png,jpeg_q70,jpeg_compression,{'quality': 70},True,0.931641,1.0,c9c71787,True,False,36.0497,0.89686,37.6424,0.1.0,not-a-git-repository,3.12.10,macOS-26.6.2-arm64-arm-64bit,2.5.2,42,cpu,opencv_yunet,landmark,insightface,spectral,dct,0.16,2026-09-02T04:14:05.967125+00:00
watermark_robustness,jack_straw_5.png,jpeg_q50,jpeg_compression,{'quality': 50},False,0.570312,0.484375,,False,False,36.0497,0.89686,34.5215,0.1.0,not-a-git-repository,3.12.10,macOS-26.6.2-arm64-arm-64bit,2.5.2,42,cpu,opencv_yunet,landmark,insightface,spectral,dct,0.16,2026-09-02T04:14:05.967125+00:00
watermark_robustness,jack_straw_5.png,resize_75,resize,{'scale': 0.75},True,1.0,1.0,c9c71787,True,False,36.0497,0.89686,42.0978,0.1.0,not-a-git-repository,3.12.10,macOS-26.6.2-arm64-arm-64bit,2.5.2,42,cpu,opencv_yunet,landmark,insightface,spectral,dct,0.16,2026-09-02T04:14:05.967125+00:00
watermark_robustness,jack_straw_5.png,resize_50,resize,{'scale': 0.5},False,0.759983,0.90625,,False,False,36.0497,0.89686,35.4413,0.1.0,not-a-git-repository,3.12.10,macOS-26.6.2-arm64-arm-64bit,2.5.2,42,cpu,opencv_yunet,landmark,insightface,spectral,dct,0.16,2026-09-02T04:14:05.967125+00:00
watermark_robustness,jack_straw_5.png,resize_25,resize,{'scale': 0.25},False,0.539062,0.46875,,False,False,36.0497,0.89686,30.2715,0.1.0,not-a-git-repository,3.12.10,macOS-26.6.2-arm64-arm-64bit,2.5.2,42,cpu,opencv_yunet,landmark,insightface,spectral,dct,0.16,2026-09-02T04:14:05.967125+00:00
watermark_robustness,jack_straw_5.png,crop_10,crop,{'ratio': 0.1},True,1.0,0.546875,c9c71787,True,False,36.0497,0.89686,12.9272,0.1.0,not-a-git-repository,3.12.10,macOS-26.6.2-arm64-arm-64bit,2.5.2,42,cpu,opencv_yunet,landmark,insightface,spectral,dct,0.16,2026-09-02T04:14:05.967125+00:00
watermark_robustness,jack_straw_5.png,crop_30,crop,{'ratio': 0.3},False,0.53125,0.640625,,False,False,36.0497,0.89686,12.1156,0.1.0,not-a-git-repository,3.12.10,macOS-26.6.2-arm64-arm-64bit,2.5.2,42,cpu,opencv_yunet,landmark,insightface,spectral,dct,0.16,2026-09-02T04:14:05.967125+00:00
watermark_robustness,jack_straw_5.png,rotate_5,rotation,{'degrees': 5},False,0.601562,0.625,,False,False,36.0497,0.89686,15.7057,0.1.0,not-a-git-repository,3.12.10,macOS-26.6.2-arm64-arm-64bit,2.5.2,42,cpu,opencv_yunet,landmark,insightface,spectral,dct,0.16,2026-09-02T04:14:05.967125+00:00
watermark_robustness,jack_straw_5.png,blur_1,blur,{'sigma': 1.0},True,0.996094,1.0,c9c71787,True,False,36.0497,0.89686,34.3463,0.1.0,not-a-git-repository,3.12.10,macOS-26.6.2-arm64-arm-64bit,2.5.2,42,cpu,opencv_yunet,landmark,insightface,spectral,dct,0.16,2026-09-02T04:14:05.967125+00:00
watermark_robustness,jack_straw_5.png,noise_5,noise,{'sigma': 5.0},True,1.0,1.0,c9c71787,True,False,36.0497,0.89686,34.2434,0.1.0,not-a-git-repository,3.12.10,macOS-26.6.2-arm64-arm-64bit,2.5.2,42,cpu,opencv_yunet,landmark,insightface,spectral,dct,0.16,2026-09-02T04:14:05.967125+00:00
watermark_robustness,jack_straw_5.png,brightness_up,brightness,{'factor': 1.2},True,1.0,1.0,c9c71787,True,False,36.0497,0.89686,20.1493,0.1.0,not-a-git-repository,3.12.10,macOS-26.6.2-arm64-arm-64bit,2.5.2,42,cpu,opencv_yunet,landmark,insightface,spectral,dct,0.16,2026-09-02T04:14:05.967125+00:00
watermark_robustness,jack_straw_5.png,contrast_down,contrast,{'factor': 0.8},True,1.0,1.0,c9c71787,True,False,36.0497,0.89686,27.2698,0.1.0,not-a-git-repository,3.12.10,macOS-26.6.2-arm64-arm-64bit,2.5.2,42,cpu,opencv_yunet,landmark,insightface,spectral,dct,0.16,2026-09-02T04:14:05.967125+00:00
watermark_robustness,jack_straw_5.png,webp_q80,webp,{'quality': 80},True,0.958984,1.0,c9c71787,True,False,36.0497,0.89686,37.4621,0.1.0,not-a-git-repository,3.12.10,macOS-26.6.2-arm64-arm-64bit,2.5.2,42,cpu,opencv_yunet,landmark,insightface,spectral,dct,0.16,2026-09-02T04:14:05.967125+00:00
watermark_robustness,jack_straw_5.png,screenshot,screenshot_simulation,"{'scale': 0.9, 'quality': 85}",True,0.951172,1.0,c9c71787,True,False,36.0497,0.89686,41.2799,0.1.0,not-a-git-repository,3.12.10,macOS-26.6.2-arm64-arm-64bit,2.5.2,42,cpu,opencv_yunet,landmark,insightface,spectral,dct,0.16,2026-09-02T04:14:05.967125+00:00
watermark_robustness,jack_straw_6.png,jpeg_q90,jpeg_compression,{'quality': 90},True,1.0,1.0,1b1d92d9,True,False,35.8817,0.923883,43.7623,0.1.0,not-a-git-repository,3.12.10,macOS-26.6.2-arm64-arm-64bit,2.5.2,42,cpu,opencv_yunet,landmark,insightface,spectral,dct,0.16,2026-09-02T04:14:05.967125+00:00
watermark_robustness,jack_straw_6.png,jpeg_q70,jpeg_compression,{'quality': 70},True,1.0,1.0,1b1d92d9,True,False,35.8817,0.923883,37.5799,0.1.0,not-a-git-repository,3.12.10,macOS-26.6.2-arm64-arm-64bit,2.5.2,42,cpu,opencv_yunet,landmark,insightface,spectral,dct,0.16,2026-09-02T04:14:05.967125+00:00
watermark_robustness,jack_straw_6.png,jpeg_q50,jpeg_compression,{'quality': 50},False,0.578125,0.6875,,False,False,35.8817,0.923883,34.2709,0.1.0,not-a-git-repository,3.12.10,macOS-26.6.2-arm64-arm-64bit,2.5.2,42,cpu,opencv_yunet,landmark,insightface,spectral,dct,0.16,2026-09-02T04:14:05.967125+00:00
watermark_robustness,jack_straw_6.png,resize_75,resize,{'scale': 0.75},True,1.0,1.0,1b1d92d9,True,False,35.8817,0.923883,42.4676,0.1.0,not-a-git-repository,3.12.10,macOS-26.6.2-arm64-arm-64bit,2.5.2,42,cpu,opencv_yunet,landmark,insightface,spectral,dct,0.16,2026-09-02T04:14:05.967125+00:00
watermark_robustness,jack_straw_6.png,resize_50,resize,{'scale': 0.5},False,0.805122,0.953125,,False,False,35.8817,0.923883,35.8425,0.1.0,not-a-git-repository,3.12.10,macOS-26.6.2-arm64-arm-64bit,2.5.2,42,cpu,opencv_yunet,landmark,insightface,spectral,dct,0.16,2026-09-02T04:14:05.967125+00:00
watermark_robustness,jack_straw_6.png,resize_25,resize,{'scale': 0.25},False,0.546875,0.578125,,False,False,35.8817,0.923883,29.9756,0.1.0,not-a-git-repository,3.12.10,macOS-26.6.2-arm64-arm-64bit,2.5.2,42,cpu,opencv_yunet,landmark,insightface,spectral,dct,0.16,2026-09-02T04:14:05.967125+00:00
watermark_robustness,jack_straw_6.png,crop_10,crop,{'ratio': 0.1},True,1.0,0.4375,1b1d92d9,True,False,35.8817,0.923883,11.8163,0.1.0,not-a-git-repository,3.12.10,macOS-26.6.2-arm64-arm-64bit,2.5.2,42,cpu,opencv_yunet,landmark,insightface,spectral,dct,0.16,2026-09-02T04:14:05.967125+00:00
watermark_robustness,jack_straw_6.png,crop_30,crop,{'ratio': 0.3},False,0.515625,0.484375,,False,False,35.8817,0.923883,10.1363,0.1.0,not-a-git-repository,3.12.10,macOS-26.6.2-arm64-arm-64bit,2.5.2,42,cpu,opencv_yunet,landmark,insightface,spectral,dct,0.16,2026-09-02T04:14:05.967125+00:00
watermark_robustness,jack_straw_6.png,rotate_5,rotation,{'degrees': 5},False,0.546875,0.546875,,False,False,35.8817,0.923883,15.1804,0.1.0,not-a-git-repository,3.12.10,macOS-26.6.2-arm64-arm-64bit,2.5.2,42,cpu,opencv_yunet,landmark,insightface,spectral,dct,0.16,2026-09-02T04:14:05.967125+00:00
watermark_robustness,jack_straw_6.png,blur_1,blur,{'sigma': 1.0},True,1.0,1.0,1b1d92d9,True,False,35.8817,0.923883,34.155,0.1.0,not-a-git-repository,3.12.10,macOS-26.6.2-arm64-arm-64bit,2.5.2,42,cpu,opencv_yunet,landmark,insightface,spectral,dct,0.16,2026-09-02T04:14:05.967125+00:00
watermark_robustness,jack_straw_6.png,noise_5,noise,{'sigma': 5.0},True,1.0,1.0,1b1d92d9,True,False,35.8817,0.923883,34.1448,0.1.0,not-a-git-repository,3.12.10,macOS-26.6.2-arm64-arm-64bit,2.5.2,42,cpu,opencv_yunet,landmark,insightface,spectral,dct,0.16,2026-09-02T04:14:05.967125+00:00
watermark_robustness,jack_straw_6.png,brightness_up,brightness,{'factor': 1.2},True,1.0,1.0,1b1d92d9,True,False,35.8817,0.923883,19.511,0.1.0,not-a-git-repository,3.12.10,macOS-26.6.2-arm64-arm-64bit,2.5.2,42,cpu,opencv_yunet,landmark,insightface,spectral,dct,0.16,2026-09-02T04:14:05.967125+00:00
watermark_robustness,jack_straw_6.png,contrast_down,contrast,{'factor': 0.8},True,1.0,1.0,1b1d92d9,True,False,35.8817,0.923883,25.9614,0.1.0,not-a-git-repository,3.12.10,macOS-26.6.2-arm64-arm-64bit,2.5.2,42,cpu,opencv_yunet,landmark,insightface,spectral,dct,0.16,2026-09-02T04:14:05.967125+00:00
watermark_robustness,jack_straw_6.png,webp_q80,webp,{'quality': 80},True,1.0,1.0,1b1d92d9,True,False,35.8817,0.923883,37.3188,0.1.0,not-a-git-repository,3.12.10,macOS-26.6.2-arm64-arm-64bit,2.5.2,42,cpu,opencv_yunet,landmark,insightface,spectral,dct,0.16,2026-09-02T04:14:05.967125+00:00
watermark_robustness,jack_straw_6.png,screenshot,screenshot_simulation,"{'scale': 0.9, 'quality': 85}",True,1.0,1.0,1b1d92d9,True,False,35.8817,0.923883,41.4219,0.1.0,not-a-git-repository,3.12.10,macOS-26.6.2-arm64-arm-64bit,2.5.2,42,cpu,opencv_yunet,landmark,insightface,spectral,dct,0.16,2026-09-02T04:14:05.967125+00:00
watermark_robustness,jack_straw_7.png,jpeg_q90,jpeg_compression,{'quality': 90},True,1.0,1.0,33d291ac,True,False,36.1708,0.904064,44.0184,0.1.0,not-a-git-repository,3.12.10,macOS-26.6.2-arm64-arm-64bit,2.5.2,42,cpu,opencv_yunet,landmark,insightface,spectral,dct,0.16,2026-09-02T04:14:05.967125+00:00
watermark_robustness,jack_straw_7.png,jpeg_q70,jpeg_compression,{'quality': 70},True,0.943359,1.0,33d291ac,True,False,36.1708,0.904064,37.6892,0.1.0,not-a-git-repository,3.12.10,macOS-26.6.2-arm64-arm-64bit,2.5.2,42,cpu,opencv_yunet,landmark,insightface,spectral,dct,0.16,2026-09-02T04:14:05.967125+00:00
watermark_robustness,jack_straw_7.png,jpeg_q50,jpeg_compression,{'quality': 50},False,0.523438,0.5,,False,False,36.1708,0.904064,34.5295,0.1.0,not-a-git-repository,3.12.10,macOS-26.6.2-arm64-arm-64bit,2.5.2,42,cpu,opencv_yunet,landmark,insightface,spectral,dct,0.16,2026-09-02T04:14:05.967125+00:00
watermark_robustness,jack_straw_7.png,resize_75,resize,{'scale': 0.75},True,1.0,1.0,33d291ac,True,False,36.1708,0.904064,36.4783,0.1.0,not-a-git-repository,3.12.10,macOS-26.6.2-arm64-arm-64bit,2.5.2,42,cpu,opencv_yunet,landmark,insightface,spectral,dct,0.16,2026-09-02T04:14:05.967125+00:00
watermark_robustness,jack_straw_7.png,resize_50,resize,{'scale': 0.5},True,0.27445,0.96875,33d291ac,True,False,36.1708,0.904064,31.9685,0.1.0,not-a-git-repository,3.12.10,macOS-26.6.2-arm64-arm-64bit,2.5.2,42,cpu,opencv_yunet,landmark,insightface,spectral,dct,0.16,2026-09-02T04:14:05.967125+00:00
watermark_robustness,jack_straw_7.png,resize_25,resize,{'scale': 0.25},False,0.554688,0.515625,,False,False,36.1708,0.904064,27.7846,0.1.0,not-a-git-repository,3.12.10,macOS-26.6.2-arm64-arm-64bit,2.5.2,42,cpu,opencv_yunet,landmark,insightface,spectral,dct,0.16,2026-09-02T04:14:05.967125+00:00
watermark_robustness,jack_straw_7.png,crop_10,crop,{'ratio': 0.1},True,1.0,0.515625,33d291ac,True,False,36.1708,0.904064,14.6281,0.1.0,not-a-git-repository,3.12.10,macOS-26.6.2-arm64-arm-64bit,2.5.2,42,cpu,opencv_yunet,landmark,insightface,spectral,dct,0.16,2026-09-02T04:14:05.967125+00:00
watermark_robustness,jack_straw_7.png,crop_30,crop,{'ratio': 0.3},False,0.546875,0.46875,,False,False,36.1708,0.904064,9.3469,0.1.0,not-a-git-repository,3.12.10,macOS-26.6.2-arm64-arm-64bit,2.5.2,42,cpu,opencv_yunet,landmark,insightface,spectral,dct,0.16,2026-09-02T04:14:05.967125+00:00
watermark_robustness,jack_straw_7.png,rotate_5,rotation,{'degrees': 5},False,0.523438,0.453125,,False,False,36.1708,0.904064,16.6383,0.1.0,not-a-git-repository,3.12.10,macOS-26.6.2-arm64-arm-64bit,2.5.2,42,cpu,opencv_yunet,landmark,insightface,spectral,dct,0.16,2026-09-02T04:14:05.967125+00:00
watermark_robustness,jack_straw_7.png,blur_1,blur,{'sigma': 1.0},True,1.0,1.0,33d291ac,True,False,36.1708,0.904064,32.3959,0.1.0,not-a-git-repository,3.12.10,macOS-26.6.2-arm64-arm-64bit,2.5.2,42,cpu,opencv_yunet,landmark,insightface,spectral,dct,0.16,2026-09-02T04:14:05.967125+00:00
watermark_robustness,jack_straw_7.png,noise_5,noise,{'sigma': 5.0},True,1.0,1.0,33d291ac,True,False,36.1708,0.904064,34.3674,0.1.0,not-a-git-repository,3.12.10,macOS-26.6.2-arm64-arm-64bit,2.5.2,42,cpu,opencv_yunet,landmark,insightface,spectral,dct,0.16,2026-09-02T04:14:05.967125+00:00
watermark_robustness,jack_straw_7.png,brightness_up,brightness,{'factor': 1.2},True,0.980469,1.0,33d291ac,True,False,36.1708,0.904064,22.6537,0.1.0,not-a-git-repository,3.12.10,macOS-26.6.2-arm64-arm-64bit,2.5.2,42,cpu,opencv_yunet,landmark,insightface,spectral,dct,0.16,2026-09-02T04:14:05.967125+00:00
watermark_robustness,jack_straw_7.png,contrast_down,contrast,{'factor': 0.8},True,1.0,1.0,33d291ac,True,False,36.1708,0.904064,25.8462,0.1.0,not-a-git-repository,3.12.10,macOS-26.6.2-arm64-arm-64bit,2.5.2,42,cpu,opencv_yunet,landmark,insightface,spectral,dct,0.16,2026-09-02T04:14:05.967125+00:00
watermark_robustness,jack_straw_7.png,webp_q80,webp,{'quality': 80},True,0.978516,1.0,33d291ac,True,False,36.1708,0.904064,37.2737,0.1.0,not-a-git-repository,3.12.10,macOS-26.6.2-arm64-arm-64bit,2.5.2,42,cpu,opencv_yunet,landmark,insightface,spectral,dct,0.16,2026-09-02T04:14:05.967125+00:00
watermark_robustness,jack_straw_7.png,screenshot,screenshot_simulation,"{'scale': 0.9, 'quality': 85}",True,0.959635,1.0,33d291ac,True,False,36.1708,0.904064,40.2372,0.1.0,not-a-git-repository,3.12.10,macOS-26.6.2-arm64-arm-64bit,2.5.2,42,cpu,opencv_yunet,landmark,insightface,spectral,dct,0.16,2026-09-02T04:14:05.967125+00:00
watermark_robustness,jennifer_lopez_0.png,jpeg_q90,jpeg_compression,{'quality': 90},True,1.0,1.0,f4c8cd39,True,False,36.0551,0.921173,42.7918,0.1.0,not-a-git-repository,3.12.10,macOS-26.6.2-arm64-arm-64bit,2.5.2,42,cpu,opencv_yunet,landmark,insightface,spectral,dct,0.16,2026-09-02T04:14:05.967125+00:00
watermark_robustness,jennifer_lopez_0.png,jpeg_q70,jpeg_compression,{'quality': 70},True,0.959635,1.0,f4c8cd39,True,False,36.0551,0.921173,36.8902,0.1.0,not-a-git-repository,3.12.10,macOS-26.6.2-arm64-arm-64bit,2.5.2,42,cpu,opencv_yunet,landmark,insightface,spectral,dct,0.16,2026-09-02T04:14:05.967125+00:00
watermark_robustness,jennifer_lopez_0.png,jpeg_q50,jpeg_compression,{'quality': 50},False,0.546875,0.4375,,False,False,36.0551,0.921173,33.879,0.1.0,not-a-git-repository,3.12.10,macOS-26.6.2-arm64-arm-64bit,2.5.2,42,cpu,opencv_yunet,landmark,insightface,spectral,dct,0.16,2026-09-02T04:14:05.967125+00:00
watermark_robustness,jennifer_lopez_0.png,resize_75,resize,{'scale': 0.75},True,1.0,1.0,f4c8cd39,True,False,36.0551,0.921173,40.1901,0.1.0,not-a-git-repository,3.12.10,macOS-26.6.2-arm64-arm-64bit,2.5.2,42,cpu,opencv_yunet,landmark,insightface,spectral,dct,0.16,2026-09-02T04:14:05.967125+00:00
watermark_robustness,jennifer_lopez_0.png,resize_50,resize,{'scale': 0.5},True,0.367513,0.984375,f4c8cd39,True,False,36.0551,0.921173,34.7766,0.1.0,not-a-git-repository,3.12.10,macOS-26.6.2-arm64-arm-64bit,2.5.2,42,cpu,opencv_yunet,landmark,insightface,spectral,dct,0.16,2026-09-02T04:14:05.967125+00:00
watermark_robustness,jennifer_lopez_0.png,resize_25,resize,{'scale': 0.25},False,0.539062,0.453125,,False,False,36.0551,0.921173,28.473,0.1.0,not-a-git-repository,3.12.10,macOS-26.6.2-arm64-arm-64bit,2.5.2,42,cpu,opencv_yunet,landmark,insightface,spectral,dct,0.16,2026-09-02T04:14:05.967125+00:00
watermark_robustness,jennifer_lopez_0.png,crop_10,crop,{'ratio': 0.1},True,1.0,0.515625,f4c8cd39,True,False,36.0551,0.921173,11.8047,0.1.0,not-a-git-repository,3.12.10,macOS-26.6.2-arm64-arm-64bit,2.5.2,42,cpu,opencv_yunet,landmark,insightface,spectral,dct,0.16,2026-09-02T04:14:05.967125+00:00
watermark_robustness,jennifer_lopez_0.png,crop_30,crop,{'ratio': 0.3},False,0.5,0.40625,,False,False,36.0551,0.921173,8.4253,0.1.0,not-a-git-repository,3.12.10,macOS-26.6.2-arm64-arm-64bit,2.5.2,42,cpu,opencv_yunet,landmark,insightface,spectral,dct,0.16,2026-09-02T04:14:05.967125+00:00
watermark_robustness,jennifer_lopez_0.png,rotate_5,rotation,{'degrees': 5},False,0.5625,0.515625,,False,False,36.0551,0.921173,15.2623,0.1.0,not-a-git-repository,3.12.10,macOS-26.6.2-arm64-arm-64bit,2.5.2,42,cpu,opencv_yunet,landmark,insightface,spectral,dct,0.16,2026-09-02T04:14:05.967125+00:00
watermark_robustness,jennifer_lopez_0.png,blur_1,blur,{'sigma': 1.0},True,0.994141,1.0,f4c8cd39,True,False,36.0551,0.921173,32.8729,0.1.0,not-a-git-repository,3.12.10,macOS-26.6.2-arm64-arm-64bit,2.5.2,42,cpu,opencv_yunet,landmark,insightface,spectral,dct,0.16,2026-09-02T04:14:05.967125+00:00
watermark_robustness,jennifer_lopez_0.png,noise_5,noise,{'sigma': 5.0},True,1.0,1.0,f4c8cd39,True,False,36.0551,0.921173,34.3229,0.1.0,not-a-git-repository,3.12.10,macOS-26.6.2-arm64-arm-64bit,2.5.2,42,cpu,opencv_yunet,landmark,insightface,spectral,dct,0.16,2026-09-02T04:14:05.967125+00:00
watermark_robustness,jennifer_lopez_0.png,brightness_up,brightness,{'factor': 1.2},True,0.998047,1.0,f4c8cd39,True,False,36.0551,0.921173,20.5448,0.1.0,not-a-git-repository,3.12.10,macOS-26.6.2-arm64-arm-64bit,2.5.2,42,cpu,opencv_yunet,landmark,insightface,spectral,dct,0.16,2026-09-02T04:14:05.967125+00:00
watermark_robustness,jennifer_lopez_0.png,contrast_down,contrast,{'factor': 0.8},True,1.0,1.0,f4c8cd39,True,False,36.0551,0.921173,24.9074,0.1.0,not-a-git-repository,3.12.10,macOS-26.6.2-arm64-arm-64bit,2.5.2,42,cpu,opencv_yunet,landmark,insightface,spectral,dct,0.16,2026-09-02T04:14:05.967125+00:00
watermark_robustness,jennifer_lopez_0.png,webp_q80,webp,{'quality': 80},True,0.98763,1.0,f4c8cd39,True,False,36.0551,0.921173,36.9545,0.1.0,not-a-git-repository,3.12.10,macOS-26.6.2-arm64-arm-64bit,2.5.2,42,cpu,opencv_yunet,landmark,insightface,spectral,dct,0.16,2026-09-02T04:14:05.967125+00:00
watermark_robustness,jennifer_lopez_0.png,screenshot,screenshot_simulation,"{'scale': 0.9, 'quality': 85}",True,0.977865,1.0,f4c8cd39,True,False,36.0551,0.921173,39.831,0.1.0,not-a-git-repository,3.12.10,macOS-26.6.2-arm64-arm-64bit,2.5.2,42,cpu,opencv_yunet,landmark,insightface,spectral,dct,0.16,2026-09-02T04:14:05.967125+00:00
watermark_robustness,jennifer_lopez_1.png,jpeg_q90,jpeg_compression,{'quality': 90},True,1.0,1.0,aacdf8e8,True,False,36.0542,0.910026,42.6809,0.1.0,not-a-git-repository,3.12.10,macOS-26.6.2-arm64-arm-64bit,2.5.2,42,cpu,opencv_yunet,landmark,insightface,spectral,dct,0.16,2026-09-02T04:14:05.967125+00:00
watermark_robustness,jennifer_lopez_1.png,jpeg_q70,jpeg_compression,{'quality': 70},True,0.998047,1.0,aacdf8e8,True,False,36.0542,0.910026,37.025,0.1.0,not-a-git-repository,3.12.10,macOS-26.6.2-arm64-arm-64bit,2.5.2,42,cpu,opencv_yunet,landmark,insightface,spectral,dct,0.16,2026-09-02T04:14:05.967125+00:00
watermark_robustness,jennifer_lopez_1.png,jpeg_q50,jpeg_compression,{'quality': 50},False,0.546875,0.625,,False,False,36.0542,0.910026,33.9267,0.1.0,not-a-git-repository,3.12.10,macOS-26.6.2-arm64-arm-64bit,2.5.2,42,cpu,opencv_yunet,landmark,insightface,spectral,dct,0.16,2026-09-02T04:14:05.967125+00:00
watermark_robustness,jennifer_lopez_1.png,resize_75,resize,{'scale': 0.75},True,1.0,1.0,aacdf8e8,True,False,36.0542,0.910026,42.235,0.1.0,not-a-git-repository,3.12.10,macOS-26.6.2-arm64-arm-64bit,2.5.2,42,cpu,opencv_yunet,landmark,insightface,spectral,dct,0.16,2026-09-02T04:14:05.967125+00:00
watermark_robustness,jennifer_lopez_1.png,resize_50,resize,{'scale': 0.5},False,0.749349,0.90625,,False,False,36.0542,0.910026,35.8067,0.1.0,not-a-git-repository,3.12.10,macOS-26.6.2-arm64-arm-64bit,2.5.2,42,cpu,opencv_yunet,landmark,insightface,spectral,dct,0.16,2026-09-02T04:14:05.967125+00:00
watermark_robustness,jennifer_lopez_1.png,resize_25,resize,{'scale': 0.25},False,0.515625,0.515625,,False,False,36.0542,0.910026,30.16,0.1.0,not-a-git-repository,3.12.10,macOS-26.6.2-arm64-arm-64bit,2.5.2,42,cpu,opencv_yunet,landmark,insightface,spectral,dct,0.16,2026-09-02T04:14:05.967125+00:00
watermark_robustness,jennifer_lopez_1.png,crop_10,crop,{'ratio': 0.1},True,1.0,0.515625,aacdf8e8,True,False,36.0542,0.910026,13.0455,0.1.0,not-a-git-repository,3.12.10,macOS-26.6.2-arm64-arm-64bit,2.5.2,42,cpu,opencv_yunet,landmark,insightface,spectral,dct,0.16,2026-09-02T04:14:05.967125+00:00
watermark_robustness,jennifer_lopez_1.png,crop_30,crop,{'ratio': 0.3},False,0.554688,0.515625,,False,False,36.0542,0.910026,9.4506,0.1.0,not-a-git-repository,3.12.10,macOS-26.6.2-arm64-arm-64bit,2.5.2,42,cpu,opencv_yunet,landmark,insightface,spectral,dct,0.16,2026-09-02T04:14:05.967125+00:00
watermark_robustness,jennifer_lopez_1.png,rotate_5,rotation,{'degrees': 5},False,0.546875,0.4375,,False,False,36.0542,0.910026,13.708,0.1.0,not-a-git-repository,3.12.10,macOS-26.6.2-arm64-arm-64bit,2.5.2,42,cpu,opencv_yunet,landmark,insightface,spectral,dct,0.16,2026-09-02T04:14:05.967125+00:00
watermark_robustness,jennifer_lopez_1.png,blur_1,blur,{'sigma': 1.0},True,0.998047,1.0,aacdf8e8,True,False,36.0542,0.910026,34.2379,0.1.0,not-a-git-repository,3.12.10,macOS-26.6.2-arm64-arm-64bit,2.5.2,42,cpu,opencv_yunet,landmark,insightface,spectral,dct,0.16,2026-09-02T04:14:05.967125+00:00
watermark_robustness,jennifer_lopez_1.png,noise_5,noise,{'sigma': 5.0},True,1.0,1.0,aacdf8e8,True,False,36.0542,0.910026,34.1663,0.1.0,not-a-git-repository,3.12.10,macOS-26.6.2-arm64-arm-64bit,2.5.2,42,cpu,opencv_yunet,landmark,insightface,spectral,dct,0.16,2026-09-02T04:14:05.967125+00:00
watermark_robustness,jennifer_lopez_1.png,brightness_up,brightness,{'factor': 1.2},True,0.917969,1.0,aacdf8e8,True,False,36.0542,0.910026,19.6831,0.1.0,not-a-git-repository,3.12.10,macOS-26.6.2-arm64-arm-64bit,2.5.2,42,cpu,opencv_yunet,landmark,insightface,spectral,dct,0.16,2026-09-02T04:14:05.967125+00:00
watermark_robustness,jennifer_lopez_1.png,contrast_down,contrast,{'factor': 0.8},True,1.0,1.0,aacdf8e8,True,False,36.0542,0.910026,26.0926,0.1.0,not-a-git-repository,3.12.10,macOS-26.6.2-arm64-arm-64bit,2.5.2,42,cpu,opencv_yunet,landmark,insightface,spectral,dct,0.16,2026-09-02T04:14:05.967125+00:00
watermark_robustness,jennifer_lopez_1.png,webp_q80,webp,{'quality': 80},True,0.992188,1.0,aacdf8e8,True,False,36.0542,0.910026,36.9099,0.1.0,not-a-git-repository,3.12.10,macOS-26.6.2-arm64-arm-64bit,2.5.2,42,cpu,opencv_yunet,landmark,insightface,spectral,dct,0.16,2026-09-02T04:14:05.967125+00:00
watermark_robustness,jennifer_lopez_1.png,screenshot,screenshot_simulation,"{'scale': 0.9, 'quality': 85}",True,1.0,1.0,aacdf8e8,True,False,36.0542,0.910026,40.6535,0.1.0,not-a-git-repository,3.12.10,macOS-26.6.2-arm64-arm-64bit,2.5.2,42,cpu,opencv_yunet,landmark,insightface,spectral,dct,0.16,2026-09-02T04:14:05.967125+00:00
watermark_robustness,jennifer_lopez_2.png,jpeg_q90,jpeg_compression,{'quality': 90},True,1.0,1.0,59283193,True,False,35.8981,0.930166,41.4738,0.1.0,not-a-git-repository,3.12.10,macOS-26.6.2-arm64-arm-64bit,2.5.2,42,cpu,opencv_yunet,landmark,insightface,spectral,dct,0.16,2026-09-02T04:14:05.967125+00:00
watermark_robustness,jennifer_lopez_2.png,jpeg_q70,jpeg_compression,{'quality': 70},True,0.992188,1.0,59283193,True,False,35.8981,0.930166,36.0444,0.1.0,not-a-git-repository,3.12.10,macOS-26.6.2-arm64-arm-64bit,2.5.2,42,cpu,opencv_yunet,landmark,insightface,spectral,dct,0.16,2026-09-02T04:14:05.967125+00:00
watermark_robustness,jennifer_lopez_2.png,jpeg_q50,jpeg_compression,{'quality': 50},False,0.554688,0.5,,False,False,35.8981,0.930166,33.0847,0.1.0,not-a-git-repository,3.12.10,macOS-26.6.2-arm64-arm-64bit,2.5.2,42,cpu,opencv_yunet,landmark,insightface,spectral,dct,0.16,2026-09-02T04:14:05.967125+00:00
watermark_robustness,jennifer_lopez_2.png,resize_75,resize,{'scale': 0.75},True,0.998047,1.0,59283193,True,False,35.8981,0.930166,39.2548,0.1.0,not-a-git-repository,3.12.10,macOS-26.6.2-arm64-arm-64bit,2.5.2,42,cpu,opencv_yunet,landmark,insightface,spectral,dct,0.16,2026-09-02T04:14:05.967125+00:00
watermark_robustness,jennifer_lopez_2.png,resize_50,resize,{'scale': 0.5},False,0.716363,0.953125,,False,False,35.8981,0.930166,33.6692,0.1.0,not-a-git-repository,3.12.10,macOS-26.6.2-arm64-arm-64bit,2.5.2,42,cpu,opencv_yunet,landmark,insightface,spectral,dct,0.16,2026-09-02T04:14:05.967125+00:00
watermark_robustness,jennifer_lopez_2.png,resize_25,resize,{'scale': 0.25},False,0.5625,0.5,,False,False,35.8981,0.930166,27.043,0.1.0,not-a-git-repository,3.12.10,macOS-26.6.2-arm64-arm-64bit,2.5.2,42,cpu,opencv_yunet,landmark,insightface,spectral,dct,0.16,2026-09-02T04:14:05.967125+00:00
watermark_robustness,jennifer_lopez_2.png,crop_10,crop,{'ratio': 0.1},True,1.0,0.59375,59283193,True,False,35.8981,0.930166,12.4916,0.1.0,not-a-git-repository,3.12.10,macOS-26.6.2-arm64-arm-64bit,2.5.2,42,cpu,opencv_yunet,landmark,insightface,spectral,dct,0.16,2026-09-02T04:14:05.967125+00:00
watermark_robustness,jennifer_lopez_2.png,crop_30,crop,{'ratio': 0.3},False,0.5625,0.5,,False,False,35.8981,0.930166,8.0965,0.1.0,not-a-git-repository,3.12.10,macOS-26.6.2-arm64-arm-64bit,2.5.2,42,cpu,opencv_yunet,landmark,insightface,spectral,dct,0.16,2026-09-02T04:14:05.967125+00:00
watermark_robustness,jennifer_lopez_2.png,rotate_5,rotation,{'degrees': 5},False,0.5,0.515625,,False,False,35.8981,0.930166,14.6082,0.1.0,not-a-git-repository,3.12.10,macOS-26.6.2-arm64-arm-64bit,2.5.2,42,cpu,opencv_yunet,landmark,insightface,spectral,dct,0.16,2026-09-02T04:14:05.967125+00:00
watermark_robustness,jennifer_lopez_2.png,blur_1,blur,{'sigma': 1.0},True,0.988281,1.0,59283193,True,False,35.8981,0.930166,31.5645,0.1.0,not-a-git-repository,3.12.10,macOS-26.6.2-arm64-arm-64bit,2.5.2,42,cpu,opencv_yunet,landmark,insightface,spectral,dct,0.16,2026-09-02T04:14:05.967125+00:00
watermark_robustness,jennifer_lopez_2.png,noise_5,noise,{'sigma': 5.0},True,1.0,1.0,59283193,True,False,35.8981,0.930166,34.1911,0.1.0,not-a-git-repository,3.12.10,macOS-26.6.2-arm64-arm-64bit,2.5.2,42,cpu,opencv_yunet,landmark,insightface,spectral,dct,0.16,2026-09-02T04:14:05.967125+00:00
watermark_robustness,jennifer_lopez_2.png,brightness_up,brightness,{'factor': 1.2},True,1.0,1.0,59283193,True,False,35.8981,0.930166,21.7306,0.1.0,not-a-git-repository,3.12.10,macOS-26.6.2-arm64-arm-64bit,2.5.2,42,cpu,opencv_yunet,landmark,insightface,spectral,dct,0.16,2026-09-02T04:14:05.967125+00:00
watermark_robustness,jennifer_lopez_2.png,contrast_down,contrast,{'factor': 0.8},True,1.0,1.0,59283193,True,False,35.8981,0.930166,25.4119,0.1.0,not-a-git-repository,3.12.10,macOS-26.6.2-arm64-arm-64bit,2.5.2,42,cpu,opencv_yunet,landmark,insightface,spectral,dct,0.16,2026-09-02T04:14:05.967125+00:00
watermark_robustness,jennifer_lopez_2.png,webp_q80,webp,{'quality': 80},True,0.996094,1.0,59283193,True,False,35.8981,0.930166,36.3989,0.1.0,not-a-git-repository,3.12.10,macOS-26.6.2-arm64-arm-64bit,2.5.2,42,cpu,opencv_yunet,landmark,insightface,spectral,dct,0.16,2026-09-02T04:14:05.967125+00:00
watermark_robustness,jennifer_lopez_2.png,screenshot,screenshot_simulation,"{'scale': 0.9, 'quality': 85}",True,0.992188,1.0,59283193,True,False,35.8981,0.930166,38.4222,0.1.0,not-a-git-repository,3.12.10,macOS-26.6.2-arm64-arm-64bit,2.5.2,42,cpu,opencv_yunet,landmark,insightface,spectral,dct,0.16,2026-09-02T04:14:05.967125+00:00
watermark_robustness,jennifer_lopez_3.png,jpeg_q90,jpeg_compression,{'quality': 90},True,1.0,1.0,67abf7a1,True,False,35.9442,0.919839,41.7809,0.1.0,not-a-git-repository,3.12.10,macOS-26.6.2-arm64-arm-64bit,2.5.2,42,cpu,opencv_yunet,landmark,insightface,spectral,dct,0.16,2026-09-02T04:14:05.967125+00:00
watermark_robustness,jennifer_lopez_3.png,jpeg_q70,jpeg_compression,{'quality': 70},True,0.960938,1.0,67abf7a1,True,False,35.9442,0.919839,36.3758,0.1.0,not-a-git-repository,3.12.10,macOS-26.6.2-arm64-arm-64bit,2.5.2,42,cpu,opencv_yunet,landmark,insightface,spectral,dct,0.16,2026-09-02T04:14:05.967125+00:00
watermark_robustness,jennifer_lopez_3.png,jpeg_q50,jpeg_compression,{'quality': 50},False,0.507812,0.625,,False,False,35.9442,0.919839,33.4397,0.1.0,not-a-git-repository,3.12.10,macOS-26.6.2-arm64-arm-64bit,2.5.2,42,cpu,opencv_yunet,landmark,insightface,spectral,dct,0.16,2026-09-02T04:14:05.967125+00:00
watermark_robustness,jennifer_lopez_3.png,resize_75,resize,{'scale': 0.75},True,1.0,1.0,67abf7a1,True,False,35.9442,0.919839,39.7524,0.1.0,not-a-git-repository,3.12.10,macOS-26.6.2-arm64-arm-64bit,2.5.2,42,cpu,opencv_yunet,landmark,insightface,spectral,dct,0.16,2026-09-02T04:14:05.967125+00:00
watermark_robustness,jennifer_lopez_3.png,resize_50,resize,{'scale': 0.5},False,0.713325,0.9375,,False,False,35.9442,0.919839,33.3564,0.1.0,not-a-git-repository,3.12.10,macOS-26.6.2-arm64-arm-64bit,2.5.2,42,cpu,opencv_yunet,landmark,insightface,spectral,dct,0.16,2026-09-02T04:14:05.967125+00:00
watermark_robustness,jennifer_lopez_3.png,resize_25,resize,{'scale': 0.25},False,0.5,0.53125,,False,False,35.9442,0.919839,27.2241,0.1.0,not-a-git-repository,3.12.10,macOS-26.6.2-arm64-arm-64bit,2.5.2,42,cpu,opencv_yunet,landmark,insightface,spectral,dct,0.16,2026-09-02T04:14:05.967125+00:00
watermark_robustness,jennifer_lopez_3.png,crop_10,crop,{'ratio': 0.1},True,1.0,0.421875,67abf7a1,True,False,35.9442,0.919839,9.9334,0.1.0,not-a-git-repository,3.12.10,macOS-26.6.2-arm64-arm-64bit,2.5.2,42,cpu,opencv_yunet,landmark,insightface,spectral,dct,0.16,2026-09-02T04:14:05.967125+00:00
watermark_robustness,jennifer_lopez_3.png,crop_30,crop,{'ratio': 0.3},False,0.554688,0.5,,False,False,35.9442,0.919839,8.8175,0.1.0,not-a-git-repository,3.12.10,macOS-26.6.2-arm64-arm-64bit,2.5.2,42,cpu,opencv_yunet,landmark,insightface,spectral,dct,0.16,2026-09-02T04:14:05.967125+00:00
watermark_robustness,jennifer_lopez_3.png,rotate_5,rotation,{'degrees': 5},False,0.53125,0.578125,,False,False,35.9442,0.919839,13.9492,0.1.0,not-a-git-repository,3.12.10,macOS-26.6.2-arm64-arm-64bit,2.5.2,42,cpu,opencv_yunet,landmark,insightface,spectral,dct,0.16,2026-09-02T04:14:05.967125+00:00
watermark_robustness,jennifer_lopez_3.png,blur_1,blur,{'sigma': 1.0},True,0.994141,1.0,67abf7a1,True,False,35.9442,0.919839,31.7404,0.1.0,not-a-git-repository,3.12.10,macOS-26.6.2-arm64-arm-64bit,2.5.2,42,cpu,opencv_yunet,landmark,insightface,spectral,dct,0.16,2026-09-02T04:14:05.967125+00:00
watermark_robustness,jennifer_lopez_3.png,noise_5,noise,{'sigma': 5.0},True,1.0,1.0,67abf7a1,True,False,35.9442,0.919839,34.2505,0.1.0,not-a-git-repository,3.12.10,macOS-26.6.2-arm64-arm-64bit,2.5.2,42,cpu,opencv_yunet,landmark,insightface,spectral,dct,0.16,2026-09-02T04:14:05.967125+00:00
watermark_robustness,jennifer_lopez_3.png,brightness_up,brightness,{'factor': 1.2},True,0.88737,1.0,67abf7a1,True,False,35.9442,0.919839,21.0365,0.1.0,not-a-git-repository,3.12.10,macOS-26.6.2-arm64-arm-64bit,2.5.2,42,cpu,opencv_yunet,landmark,insightface,spectral,dct,0.16,2026-09-02T04:14:05.967125+00:00
watermark_robustness,jennifer_lopez_3.png,contrast_down,contrast,{'factor': 0.8},True,1.0,1.0,67abf7a1,True,False,35.9442,0.919839,24.4134,0.1.0,not-a-git-repository,3.12.10,macOS-26.6.2-arm64-arm-64bit,2.5.2,42,cpu,opencv_yunet,landmark,insightface,spectral,dct,0.16,2026-09-02T04:14:05.967125+00:00
watermark_robustness,jennifer_lopez_3.png,webp_q80,webp,{'quality': 80},True,0.972656,1.0,67abf7a1,True,False,35.9442,0.919839,36.7275,0.1.0,not-a-git-repository,3.12.10,macOS-26.6.2-arm64-arm-64bit,2.5.2,42,cpu,opencv_yunet,landmark,insightface,spectral,dct,0.16,2026-09-02T04:14:05.967125+00:00
watermark_robustness,jennifer_lopez_3.png,screenshot,screenshot_simulation,"{'scale': 0.9, 'quality': 85}",True,0.96875,1.0,67abf7a1,True,False,35.9442,0.919839,39.1123,0.1.0,not-a-git-repository,3.12.10,macOS-26.6.2-arm64-arm-64bit,2.5.2,42,cpu,opencv_yunet,landmark,insightface,spectral,dct,0.16,2026-09-02T04:14:05.967125+00:00
watermark_robustness,jennifer_lopez_4.png,jpeg_q90,jpeg_compression,{'quality': 90},True,1.0,1.0,a585a625,True,False,36.8644,0.91504,42.9565,0.1.0,not-a-git-repository,3.12.10,macOS-26.6.2-arm64-arm-64bit,2.5.2,42,cpu,opencv_yunet,landmark,insightface,spectral,dct,0.16,2026-09-02T04:14:05.967125+00:00
watermark_robustness,jennifer_lopez_4.png,jpeg_q70,jpeg_compression,{'quality': 70},True,0.28049,0.984375,a585a625,True,False,36.8644,0.91504,37.3062,0.1.0,not-a-git-repository,3.12.10,macOS-26.6.2-arm64-arm-64bit,2.5.2,42,cpu,opencv_yunet,landmark,insightface,spectral,dct,0.16,2026-09-02T04:14:05.967125+00:00
watermark_robustness,jennifer_lopez_4.png,jpeg_q50,jpeg_compression,{'quality': 50},False,0.53125,0.59375,,False,False,36.8644,0.91504,35.1177,0.1.0,not-a-git-repository,3.12.10,macOS-26.6.2-arm64-arm-64bit,2.5.2,42,cpu,opencv_yunet,landmark,insightface,spectral,dct,0.16,2026-09-02T04:14:05.967125+00:00
watermark_robustness,jennifer_lopez_4.png,resize_75,resize,{'scale': 0.75},True,1.0,1.0,a585a625,True,False,36.8644,0.91504,41.8035,0.1.0,not-a-git-repository,3.12.10,macOS-26.6.2-arm64-arm-64bit,2.5.2,42,cpu,opencv_yunet,landmark,insightface,spectral,dct,0.16,2026-09-02T04:14:05.967125+00:00
watermark_robustness,jennifer_lopez_4.png,resize_50,resize,{'scale': 0.5},False,0.749566,0.90625,,False,False,36.8644,0.91504,35.8392,0.1.0,not-a-git-repository,3.12.10,macOS-26.6.2-arm64-arm-64bit,2.5.2,42,cpu,opencv_yunet,landmark,insightface,spectral,dct,0.16,2026-09-02T04:14:05.967125+00:00
watermark_robustness,jennifer_lopez_4.png,resize_25,resize,{'scale': 0.25},False,0.507812,0.546875,,False,False,36.8644,0.91504,30.1619,0.1.0,not-a-git-repository,3.12.10,macOS-26.6.2-arm64-arm-64bit,2.5.2,42,cpu,opencv_yunet,landmark,insightface,spectral,dct,0.16,2026-09-02T04:14:05.967125+00:00
watermark_robustness,jennifer_lopez_4.png,crop_10,crop,{'ratio': 0.1},True,1.0,0.59375,a585a625,True,False,36.8644,0.91504,13.8243,0.1.0,not-a-git-repository,3.12.10,macOS-26.6.2-arm64-arm-64bit,2.5.2,42,cpu,opencv_yunet,landmark,insightface,spectral,dct,0.16,2026-09-02T04:14:05.967125+00:00
watermark_robustness,jennifer_lopez_4.png,crop_30,crop,{'ratio': 0.3},False,0.546875,0.59375,,False,False,36.8644,0.91504,7.0845,0.1.0,not-a-git-repository,3.12.10,macOS-26.6.2-arm64-arm-64bit,2.5.2,42,cpu,opencv_yunet,landmark,insightface,spectral,dct,0.16,2026-09-02T04:14:05.967125+00:00
watermark_robustness,jennifer_lopez_4.png,rotate_5,rotation,{'degrees': 5},False,0.601562,0.59375,,False,False,36.8644,0.91504,18.1165,0.1.0,not-a-git-repository,3.12.10,macOS-26.6.2-arm64-arm-64bit,2.5.2,42,cpu,opencv_yunet,landmark,insightface,spectral,dct,0.16,2026-09-02T04:14:05.967125+00:00
watermark_robustness,jennifer_lopez_4.png,blur_1,blur,{'sigma': 1.0},True,0.99349,1.0,a585a625,True,False,36.8644,0.91504,34.3838,0.1.0,not-a-git-repository,3.12.10,macOS-26.6.2-arm64-arm-64bit,2.5.2,42,cpu,opencv_yunet,landmark,insightface,spectral,dct,0.16,2026-09-02T04:14:05.967125+00:00
watermark_robustness,jennifer_lopez_4.png,noise_5,noise,{'sigma': 5.0},True,1.0,1.0,a585a625,True,False,36.8644,0.91504,35.0217,0.1.0,not-a-git-repository,3.12.10,macOS-26.6.2-arm64-arm-64bit,2.5.2,42,cpu,opencv_yunet,landmark,insightface,spectral,dct,0.16,2026-09-02T04:14:05.967125+00:00
watermark_robustness,jennifer_lopez_4.png,brightness_up,brightness,{'factor': 1.2},True,1.0,1.0,a585a625,True,False,36.8644,0.91504,23.2672,0.1.0,not-a-git-repository,3.12.10,macOS-26.6.2-arm64-arm-64bit,2.5.2,42,cpu,opencv_yunet,landmark,insightface,spectral,dct,0.16,2026-09-02T04:14:05.967125+00:00
watermark_robustness,jennifer_lopez_4.png,contrast_down,contrast,{'factor': 0.8},True,1.0,1.0,a585a625,True,False,36.8644,0.91504,25.2179,0.1.0,not-a-git-repository,3.12.10,macOS-26.6.2-arm64-arm-64bit,2.5.2,42,cpu,opencv_yunet,landmark,insightface,spectral,dct,0.16,2026-09-02T04:14:05.967125+00:00
watermark_robustness,jennifer_lopez_4.png,webp_q80,webp,{'quality': 80},True,0.862413,1.0,a585a625,True,False,36.8644,0.91504,37.2373,0.1.0,not-a-git-repository,3.12.10,macOS-26.6.2-arm64-arm-64bit,2.5.2,42,cpu,opencv_yunet,landmark,insightface,spectral,dct,0.16,2026-09-02T04:14:05.967125+00:00
watermark_robustness,jennifer_lopez_4.png,screenshot,screenshot_simulation,"{'scale': 0.9, 'quality': 85}",True,0.919922,1.0,a585a625,True,False,36.8644,0.91504,41.4059,0.1.0,not-a-git-repository,3.12.10,macOS-26.6.2-arm64-arm-64bit,2.5.2,42,cpu,opencv_yunet,landmark,insightface,spectral,dct,0.16,2026-09-02T04:14:05.967125+00:00
watermark_robustness,jennifer_lopez_5.png,jpeg_q90,jpeg_compression,{'quality': 90},True,1.0,1.0,4d18b064,True,False,36.0466,0.911487,43.9864,0.1.0,not-a-git-repository,3.12.10,macOS-26.6.2-arm64-arm-64bit,2.5.2,42,cpu,opencv_yunet,landmark,insightface,spectral,dct,0.16,2026-09-02T04:14:05.967125+00:00
watermark_robustness,jennifer_lopez_5.png,jpeg_q70,jpeg_compression,{'quality': 70},True,0.991536,1.0,4d18b064,True,False,36.0466,0.911487,37.6853,0.1.0,not-a-git-repository,3.12.10,macOS-26.6.2-arm64-arm-64bit,2.5.2,42,cpu,opencv_yunet,landmark,insightface,spectral,dct,0.16,2026-09-02T04:14:05.967125+00:00
watermark_robustness,jennifer_lopez_5.png,jpeg_q50,jpeg_compression,{'quality': 50},False,0.578125,0.546875,,False,False,36.0466,0.911487,34.3894,0.1.0,not-a-git-repository,3.12.10,macOS-26.6.2-arm64-arm-64bit,2.5.2,42,cpu,opencv_yunet,landmark,insightface,spectral,dct,0.16,2026-09-02T04:14:05.967125+00:00
watermark_robustness,jennifer_lopez_5.png,resize_75,resize,{'scale': 0.75},True,1.0,1.0,4d18b064,True,False,36.0466,0.911487,42.7894,0.1.0,not-a-git-repository,3.12.10,macOS-26.6.2-arm64-arm-64bit,2.5.2,42,cpu,opencv_yunet,landmark,insightface,spectral,dct,0.16,2026-09-02T04:14:05.967125+00:00
watermark_robustness,jennifer_lopez_5.png,resize_50,resize,{'scale': 0.5},True,0.398763,0.984375,4d18b064,True,False,36.0466,0.911487,36.4743,0.1.0,not-a-git-repository,3.12.10,macOS-26.6.2-arm64-arm-64bit,2.5.2,42,cpu,opencv_yunet,landmark,insightface,spectral,dct,0.16,2026-09-02T04:14:05.967125+00:00
watermark_robustness,jennifer_lopez_5.png,resize_25,resize,{'scale': 0.25},False,0.554688,0.4375,,False,False,36.0466,0.911487,31.3693,0.1.0,not-a-git-repository,3.12.10,macOS-26.6.2-arm64-arm-64bit,2.5.2,42,cpu,opencv_yunet,landmark,insightface,spectral,dct,0.16,2026-09-02T04:14:05.967125+00:00
watermark_robustness,jennifer_lopez_5.png,crop_10,crop,{'ratio': 0.1},True,1.0,0.546875,4d18b064,True,False,36.0466,0.911487,13.7456,0.1.0,not-a-git-repository,3.12.10,macOS-26.6.2-arm64-arm-64bit,2.5.2,42,cpu,opencv_yunet,landmark,insightface,spectral,dct,0.16,2026-09-02T04:14:05.967125+00:00
watermark_robustness,jennifer_lopez_5.png,crop_30,crop,{'ratio': 0.3},False,0.476562,0.609375,,False,False,36.0466,0.911487,10.414,0.1.0,not-a-git-repository,3.12.10,macOS-26.6.2-arm64-arm-64bit,2.5.2,42,cpu,opencv_yunet,landmark,insightface,spectral,dct,0.16,2026-09-02T04:14:05.967125+00:00
watermark_robustness,jennifer_lopez_5.png,rotate_5,rotation,{'degrees': 5},False,0.546875,0.546875,,False,False,36.0466,0.911487,14.8527,0.1.0,not-a-git-repository,3.12.10,macOS-26.6.2-arm64-arm-64bit,2.5.2,42,cpu,opencv_yunet,landmark,insightface,spectral,dct,0.16,2026-09-02T04:14:05.967125+00:00
watermark_robustness,jennifer_lopez_5.png,blur_1,blur,{'sigma': 1.0},True,1.0,1.0,4d18b064,True,False,36.0466,0.911487,35.2981,0.1.0,not-a-git-repository,3.12.10,macOS-26.6.2-arm64-arm-64bit,2.5.2,42,cpu,opencv_yunet,landmark,insightface,spectral,dct,0.16,2026-09-02T04:14:05.967125+00:00
watermark_robustness,jennifer_lopez_5.png,noise_5,noise,{'sigma': 5.0},True,1.0,1.0,4d18b064,True,False,36.0466,0.911487,34.1921,0.1.0,not-a-git-repository,3.12.10,macOS-26.6.2-arm64-arm-64bit,2.5.2,42,cpu,opencv_yunet,landmark,insightface,spectral,dct,0.16,2026-09-02T04:14:05.967125+00:00
watermark_robustness,jennifer_lopez_5.png,brightness_up,brightness,{'factor': 1.2},True,1.0,1.0,4d18b064,True,False,36.0466,0.911487,19.9643,0.1.0,not-a-git-repository,3.12.10,macOS-26.6.2-arm64-arm-64bit,2.5.2,42,cpu,opencv_yunet,landmark,insightface,spectral,dct,0.16,2026-09-02T04:14:05.967125+00:00
watermark_robustness,jennifer_lopez_5.png,contrast_down,contrast,{'factor': 0.8},True,1.0,1.0,4d18b064,True,False,36.0466,0.911487,27.0465,0.1.0,not-a-git-repository,3.12.10,macOS-26.6.2-arm64-arm-64bit,2.5.2,42,cpu,opencv_yunet,landmark,insightface,spectral,dct,0.16,2026-09-02T04:14:05.967125+00:00
watermark_robustness,jennifer_lopez_5.png,webp_q80,webp,{'quality': 80},True,0.995443,1.0,4d18b064,True,False,36.0466,0.911487,37.0115,0.1.0,not-a-git-repository,3.12.10,macOS-26.6.2-arm64-arm-64bit,2.5.2,42,cpu,opencv_yunet,landmark,insightface,spectral,dct,0.16,2026-09-02T04:14:05.967125+00:00
watermark_robustness,jennifer_lopez_5.png,screenshot,screenshot_simulation,"{'scale': 0.9, 'quality': 85}",True,1.0,1.0,4d18b064,True,False,36.0466,0.911487,41.7387,0.1.0,not-a-git-repository,3.12.10,macOS-26.6.2-arm64-arm-64bit,2.5.2,42,cpu,opencv_yunet,landmark,insightface,spectral,dct,0.16,2026-09-02T04:14:05.967125+00:00
watermark_robustness,jennifer_lopez_6.png,jpeg_q90,jpeg_compression,{'quality': 90},True,1.0,1.0,135d2a62,True,False,36.0432,0.884719,45.107,0.1.0,not-a-git-repository,3.12.10,macOS-26.6.2-arm64-arm-64bit,2.5.2,42,cpu,opencv_yunet,landmark,insightface,spectral,dct,0.16,2026-09-02T04:14:05.967125+00:00
watermark_robustness,jennifer_lopez_6.png,jpeg_q70,jpeg_compression,{'quality': 70},True,1.0,1.0,135d2a62,True,False,36.0432,0.884719,38.3285,0.1.0,not-a-git-repository,3.12.10,macOS-26.6.2-arm64-arm-64bit,2.5.2,42,cpu,opencv_yunet,landmark,insightface,spectral,dct,0.16,2026-09-02T04:14:05.967125+00:00
watermark_robustness,jennifer_lopez_6.png,jpeg_q50,jpeg_compression,{'quality': 50},False,0.5625,0.453125,,False,False,36.0432,0.884719,34.9261,0.1.0,not-a-git-repository,3.12.10,macOS-26.6.2-arm64-arm-64bit,2.5.2,42,cpu,opencv_yunet,landmark,insightface,spectral,dct,0.16,2026-09-02T04:14:05.967125+00:00
watermark_robustness,jennifer_lopez_6.png,resize_75,resize,{'scale': 0.75},True,1.0,1.0,135d2a62,True,False,36.0432,0.884719,43.0317,0.1.0,not-a-git-repository,3.12.10,macOS-26.6.2-arm64-arm-64bit,2.5.2,42,cpu,opencv_yunet,landmark,insightface,spectral,dct,0.16,2026-09-02T04:14:05.967125+00:00
watermark_robustness,jennifer_lopez_6.png,resize_50,resize,{'scale': 0.5},True,0.306858,0.96875,135d2a62,True,False,36.0432,0.884719,36.7795,0.1.0,not-a-git-repository,3.12.10,macOS-26.6.2-arm64-arm-64bit,2.5.2,42,cpu,opencv_yunet,landmark,insightface,spectral,dct,0.16,2026-09-02T04:14:05.967125+00:00
watermark_robustness,jennifer_lopez_6.png,resize_25,resize,{'scale': 0.25},False,0.554688,0.53125,,False,False,36.0432,0.884719,34.1585,0.1.0,not-a-git-repository,3.12.10,macOS-26.6.2-arm64-arm-64bit,2.5.2,42,cpu,opencv_yunet,landmark,insightface,spectral,dct,0.16,2026-09-02T04:14:05.967125+00:00
watermark_robustness,jennifer_lopez_6.png,crop_10,crop,{'ratio': 0.1},True,1.0,0.46875,135d2a62,True,False,36.0432,0.884719,17.4515,0.1.0,not-a-git-repository,3.12.10,macOS-26.6.2-arm64-arm-64bit,2.5.2,42,cpu,opencv_yunet,landmark,insightface,spectral,dct,0.16,2026-09-02T04:14:05.967125+00:00
watermark_robustness,jennifer_lopez_6.png,crop_30,crop,{'ratio': 0.3},False,0.570312,0.40625,,False,False,36.0432,0.884719,12.4285,0.1.0,not-a-git-repository,3.12.10,macOS-26.6.2-arm64-arm-64bit,2.5.2,42,cpu,opencv_yunet,landmark,insightface,spectral,dct,0.16,2026-09-02T04:14:05.967125+00:00
watermark_robustness,jennifer_lopez_6.png,rotate_5,rotation,{'degrees': 5},False,0.570312,0.484375,,False,False,36.0432,0.884719,18.9437,0.1.0,not-a-git-repository,3.12.10,macOS-26.6.2-arm64-arm-64bit,2.5.2,42,cpu,opencv_yunet,landmark,insightface,spectral,dct,0.16,2026-09-02T04:14:05.967125+00:00
watermark_robustness,jennifer_lopez_6.png,blur_1,blur,{'sigma': 1.0},True,1.0,1.0,135d2a62,True,False,36.0432,0.884719,36.9656,0.1.0,not-a-git-repository,3.12.10,macOS-26.6.2-arm64-arm-64bit,2.5.2,42,cpu,opencv_yunet,landmark,insightface,spectral,dct,0.16,2026-09-02T04:14:05.967125+00:00
watermark_robustness,jennifer_lopez_6.png,noise_5,noise,{'sigma': 5.0},True,1.0,1.0,135d2a62,True,False,36.0432,0.884719,34.1753,0.1.0,not-a-git-repository,3.12.10,macOS-26.6.2-arm64-arm-64bit,2.5.2,42,cpu,opencv_yunet,landmark,insightface,spectral,dct,0.16,2026-09-02T04:14:05.967125+00:00
watermark_robustness,jennifer_lopez_6.png,brightness_up,brightness,{'factor': 1.2},True,1.0,1.0,135d2a62,True,False,36.0432,0.884719,23.3871,0.1.0,not-a-git-repository,3.12.10,macOS-26.6.2-arm64-arm-64bit,2.5.2,42,cpu,opencv_yunet,landmark,insightface,spectral,dct,0.16,2026-09-02T04:14:05.967125+00:00
watermark_robustness,jennifer_lopez_6.png,contrast_down,contrast,{'factor': 0.8},True,1.0,1.0,135d2a62,True,False,36.0432,0.884719,28.5745,0.1.0,not-a-git-repository,3.12.10,macOS-26.6.2-arm64-arm-64bit,2.5.2,42,cpu,opencv_yunet,landmark,insightface,spectral,dct,0.16,2026-09-02T04:14:05.967125+00:00
watermark_robustness,jennifer_lopez_6.png,webp_q80,webp,{'quality': 80},True,0.990885,1.0,135d2a62,True,False,36.0432,0.884719,37.5376,0.1.0,not-a-git-repository,3.12.10,macOS-26.6.2-arm64-arm-64bit,2.5.2,42,cpu,opencv_yunet,landmark,insightface,spectral,dct,0.16,2026-09-02T04:14:05.967125+00:00
watermark_robustness,jennifer_lopez_6.png,screenshot,screenshot_simulation,"{'scale': 0.9, 'quality': 85}",True,1.0,1.0,135d2a62,True,False,36.0432,0.884719,42.7317,0.1.0,not-a-git-repository,3.12.10,macOS-26.6.2-arm64-arm-64bit,2.5.2,42,cpu,opencv_yunet,landmark,insightface,spectral,dct,0.16,2026-09-02T04:14:05.967125+00:00
watermark_robustness,jennifer_lopez_7.png,jpeg_q90,jpeg_compression,{'quality': 90},True,1.0,1.0,93e427e8,True,False,36.1275,0.901616,44.6348,0.1.0,not-a-git-repository,3.12.10,macOS-26.6.2-arm64-arm-64bit,2.5.2,42,cpu,opencv_yunet,landmark,insightface,spectral,dct,0.16,2026-09-02T04:14:05.967125+00:00
watermark_robustness,jennifer_lopez_7.png,jpeg_q70,jpeg_compression,{'quality': 70},True,0.970703,1.0,93e427e8,True,False,36.1275,0.901616,38.132,0.1.0,not-a-git-repository,3.12.10,macOS-26.6.2-arm64-arm-64bit,2.5.2,42,cpu,opencv_yunet,landmark,insightface,spectral,dct,0.16,2026-09-02T04:14:05.967125+00:00
watermark_robustness,jennifer_lopez_7.png,jpeg_q50,jpeg_compression,{'quality': 50},False,0.507812,0.5625,,False,False,36.1275,0.901616,34.7211,0.1.0,not-a-git-repository,3.12.10,macOS-26.6.2-arm64-arm-64bit,2.5.2,42,cpu,opencv_yunet,landmark,insightface,spectral,dct,0.16,2026-09-02T04:14:05.967125+00:00
watermark_robustness,jennifer_lopez_7.png,resize_75,resize,{'scale': 0.75},True,1.0,1.0,93e427e8,True,False,36.1275,0.901616,42.9464,0.1.0,not-a-git-repository,3.12.10,macOS-26.6.2-arm64-arm-64bit,2.5.2,42,cpu,opencv_yunet,landmark,insightface,spectral,dct,0.16,2026-09-02T04:14:05.967125+00:00
watermark_robustness,jennifer_lopez_7.png,resize_50,resize,{'scale': 0.5},True,0.434245,0.984375,93e427e8,True,False,36.1275,0.901616,36.7698,0.1.0,not-a-git-repository,3.12.10,macOS-26.6.2-arm64-arm-64bit,2.5.2,42,cpu,opencv_yunet,landmark,insightface,spectral,dct,0.16,2026-09-02T04:14:05.967125+00:00
watermark_robustness,jennifer_lopez_7.png,resize_25,resize,{'scale': 0.25},False,0.515625,0.453125,,False,False,36.1275,0.901616,31.9487,0.1.0,not-a-git-repository,3.12.10,macOS-26.6.2-arm64-arm-64bit,2.5.2,42,cpu,opencv_yunet,landmark,insightface,spectral,dct,0.16,2026-09-02T04:14:05.967125+00:00
watermark_robustness,jennifer_lopez_7.png,crop_10,crop,{'ratio': 0.1},True,1.0,0.609375,93e427e8,True,False,36.1275,0.901616,14.961,0.1.0,not-a-git-repository,3.12.10,macOS-26.6.2-arm64-arm-64bit,2.5.2,42,cpu,opencv_yunet,landmark,insightface,spectral,dct,0.16,2026-09-02T04:14:05.967125+00:00
watermark_robustness,jennifer_lopez_7.png,crop_30,crop,{'ratio': 0.3},False,0.53125,0.59375,,False,False,36.1275,0.901616,11.4047,0.1.0,not-a-git-repository,3.12.10,macOS-26.6.2-arm64-arm-64bit,2.5.2,42,cpu,opencv_yunet,landmark,insightface,spectral,dct,0.16,2026-09-02T04:14:05.967125+00:00
watermark_robustness,jennifer_lopez_7.png,rotate_5,rotation,{'degrees': 5},False,0.515625,0.59375,,False,False,36.1275,0.901616,17.35,0.1.0,not-a-git-repository,3.12.10,macOS-26.6.2-arm64-arm-64bit,2.5.2,42,cpu,opencv_yunet,landmark,insightface,spectral,dct,0.16,2026-09-02T04:14:05.967125+00:00
watermark_robustness,jennifer_lopez_7.png,blur_1,blur,{'sigma': 1.0},True,1.0,1.0,93e427e8,True,False,36.1275,0.901616,35.8888,0.1.0,not-a-git-repository,3.12.10,macOS-26.6.2-arm64-arm-64bit,2.5.2,42,cpu,opencv_yunet,landmark,insightface,spectral,dct,0.16,2026-09-02T04:14:05.967125+00:00
watermark_robustness,jennifer_lopez_7.png,noise_5,noise,{'sigma': 5.0},True,1.0,1.0,93e427e8,True,False,36.1275,0.901616,34.3344,0.1.0,not-a-git-repository,3.12.10,macOS-26.6.2-arm64-arm-64bit,2.5.2,42,cpu,opencv_yunet,landmark,insightface,spectral,dct,0.16,2026-09-02T04:14:05.967125+00:00
watermark_robustness,jennifer_lopez_7.png,brightness_up,brightness,{'factor': 1.2},True,0.994141,1.0,93e427e8,True,False,36.1275,0.901616,25.0531,0.1.0,not-a-git-repository,3.12.10,macOS-26.6.2-arm64-arm-64bit,2.5.2,42,cpu,opencv_yunet,landmark,insightface,spectral,dct,0.16,2026-09-02T04:14:05.967125+00:00
watermark_robustness,jennifer_lopez_7.png,contrast_down,contrast,{'factor': 0.8},True,1.0,1.0,93e427e8,True,False,36.1275,0.901616,27.0468,0.1.0,not-a-git-repository,3.12.10,macOS-26.6.2-arm64-arm-64bit,2.5.2,42,cpu,opencv_yunet,landmark,insightface,spectral,dct,0.16,2026-09-02T04:14:05.967125+00:00
watermark_robustness,jennifer_lopez_7.png,webp_q80,webp,{'quality': 80},True,1.0,1.0,93e427e8,True,False,36.1275,0.901616,37.3925,0.1.0,not-a-git-repository,3.12.10,macOS-26.6.2-arm64-arm-64bit,2.5.2,42,cpu,opencv_yunet,landmark,insightface,spectral,dct,0.16,2026-09-02T04:14:05.967125+00:00
watermark_robustness,jennifer_lopez_7.png,screenshot,screenshot_simulation,"{'scale': 0.9, 'quality': 85}",True,1.0,1.0,93e427e8,True,False,36.1275,0.901616,42.3654,0.1.0,not-a-git-repository,3.12.10,macOS-26.6.2-arm64-arm-64bit,2.5.2,42,cpu,opencv_yunet,landmark,insightface,spectral,dct,0.16,2026-09-02T04:14:05.967125+00:00
watermark_robustness,jerry_springer_0.png,jpeg_q90,jpeg_compression,{'quality': 90},True,1.0,1.0,2fa23d55,True,False,36.2856,0.932425,41.8615,0.1.0,not-a-git-repository,3.12.10,macOS-26.6.2-arm64-arm-64bit,2.5.2,42,cpu,opencv_yunet,landmark,insightface,spectral,dct,0.16,2026-09-02T04:14:05.967125+00:00
watermark_robustness,jerry_springer_0.png,jpeg_q70,jpeg_compression,{'quality': 70},True,0.889106,1.0,2fa23d55,True,False,36.2856,0.932425,36.2855,0.1.0,not-a-git-repository,3.12.10,macOS-26.6.2-arm64-arm-64bit,2.5.2,42,cpu,opencv_yunet,landmark,insightface,spectral,dct,0.16,2026-09-02T04:14:05.967125+00:00
watermark_robustness,jerry_springer_0.png,jpeg_q50,jpeg_compression,{'quality': 50},False,0.585938,0.578125,,False,False,36.2856,0.932425,33.4608,0.1.0,not-a-git-repository,3.12.10,macOS-26.6.2-arm64-arm-64bit,2.5.2,42,cpu,opencv_yunet,landmark,insightface,spectral,dct,0.16,2026-09-02T04:14:05.967125+00:00
watermark_robustness,jerry_springer_0.png,resize_75,resize,{'scale': 0.75},True,1.0,1.0,2fa23d55,True,False,36.2856,0.932425,38.8724,0.1.0,not-a-git-repository,3.12.10,macOS-26.6.2-arm64-arm-64bit,2.5.2,42,cpu,opencv_yunet,landmark,insightface,spectral,dct,0.16,2026-09-02T04:14:05.967125+00:00
watermark_robustness,jerry_springer_0.png,resize_50,resize,{'scale': 0.5},False,0.691406,0.9375,,False,False,36.2856,0.932425,33.4915,0.1.0,not-a-git-repository,3.12.10,macOS-26.6.2-arm64-arm-64bit,2.5.2,42,cpu,opencv_yunet,landmark,insightface,spectral,dct,0.16,2026-09-02T04:14:05.967125+00:00
watermark_robustness,jerry_springer_0.png,resize_25,resize,{'scale': 0.25},False,0.546875,0.453125,,False,False,36.2856,0.932425,28.403,0.1.0,not-a-git-repository,3.12.10,macOS-26.6.2-arm64-arm-64bit,2.5.2,42,cpu,opencv_yunet,landmark,insightface,spectral,dct,0.16,2026-09-02T04:14:05.967125+00:00
watermark_robustness,jerry_springer_0.png,crop_10,crop,{'ratio': 0.1},True,1.0,0.46875,2fa23d55,True,False,36.2856,0.932425,10.7048,0.1.0,not-a-git-repository,3.12.10,macOS-26.6.2-arm64-arm-64bit,2.5.2,42,cpu,opencv_yunet,landmark,insightface,spectral,dct,0.16,2026-09-02T04:14:05.967125+00:00
watermark_robustness,jerry_springer_0.png,crop_30,crop,{'ratio': 0.3},False,0.539062,0.5625,,False,False,36.2856,0.932425,10.1485,0.1.0,not-a-git-repository,3.12.10,macOS-26.6.2-arm64-arm-64bit,2.5.2,42,cpu,opencv_yunet,landmark,insightface,spectral,dct,0.16,2026-09-02T04:14:05.967125+00:00
watermark_robustness,jerry_springer_0.png,rotate_5,rotation,{'degrees': 5},False,0.53125,0.5,,False,False,36.2856,0.932425,15.7619,0.1.0,not-a-git-repository,3.12.10,macOS-26.6.2-arm64-arm-64bit,2.5.2,42,cpu,opencv_yunet,landmark,insightface,spectral,dct,0.16,2026-09-02T04:14:05.967125+00:00
watermark_robustness,jerry_springer_0.png,blur_1,blur,{'sigma': 1.0},True,0.997396,1.0,2fa23d55,True,False,36.2856,0.932425,32.404,0.1.0,not-a-git-repository,3.12.10,macOS-26.6.2-arm64-arm-64bit,2.5.2,42,cpu,opencv_yunet,landmark,insightface,spectral,dct,0.16,2026-09-02T04:14:05.967125+00:00
watermark_robustness,jerry_springer_0.png,noise_5,noise,{'sigma': 5.0},True,0.998047,1.0,2fa23d55,True,False,36.2856,0.932425,34.4801,0.1.0,not-a-git-repository,3.12.10,macOS-26.6.2-arm64-arm-64bit,2.5.2,42,cpu,opencv_yunet,landmark,insightface,spectral,dct,0.16,2026-09-02T04:14:05.967125+00:00
watermark_robustness,jerry_springer_0.png,brightness_up,brightness,{'factor': 1.2},True,1.0,1.0,2fa23d55,True,False,36.2856,0.932425,21.1008,0.1.0,not-a-git-repository,3.12.10,macOS-26.6.2-arm64-arm-64bit,2.5.2,42,cpu,opencv_yunet,landmark,insightface,spectral,dct,0.16,2026-09-02T04:14:05.967125+00:00
watermark_robustness,jerry_springer_0.png,contrast_down,contrast,{'factor': 0.8},True,1.0,1.0,2fa23d55,True,False,36.2856,0.932425,25.2519,0.1.0,not-a-git-repository,3.12.10,macOS-26.6.2-arm64-arm-64bit,2.5.2,42,cpu,opencv_yunet,landmark,insightface,spectral,dct,0.16,2026-09-02T04:14:05.967125+00:00
watermark_robustness,jerry_springer_0.png,webp_q80,webp,{'quality': 80},True,0.960286,1.0,2fa23d55,True,False,36.2856,0.932425,36.9558,0.1.0,not-a-git-repository,3.12.10,macOS-26.6.2-arm64-arm-64bit,2.5.2,42,cpu,opencv_yunet,landmark,insightface,spectral,dct,0.16,2026-09-02T04:14:05.967125+00:00
watermark_robustness,jerry_springer_0.png,screenshot,screenshot_simulation,"{'scale': 0.9, 'quality': 85}",True,0.973958,1.0,2fa23d55,True,False,36.2856,0.932425,38.7928,0.1.0,not-a-git-repository,3.12.10,macOS-26.6.2-arm64-arm-64bit,2.5.2,42,cpu,opencv_yunet,landmark,insightface,spectral,dct,0.16,2026-09-02T04:14:05.967125+00:00
watermark_robustness,jerry_springer_1.png,jpeg_q90,jpeg_compression,{'quality': 90},True,1.0,1.0,dcabc92d,True,False,36.3947,0.870786,45.0895,0.1.0,not-a-git-repository,3.12.10,macOS-26.6.2-arm64-arm-64bit,2.5.2,42,cpu,opencv_yunet,landmark,insightface,spectral,dct,0.16,2026-09-02T04:14:05.967125+00:00
watermark_robustness,jerry_springer_1.png,jpeg_q70,jpeg_compression,{'quality': 70},True,0.894531,1.0,dcabc92d,True,False,36.3947,0.870786,38.5206,0.1.0,not-a-git-repository,3.12.10,macOS-26.6.2-arm64-arm-64bit,2.5.2,42,cpu,opencv_yunet,landmark,insightface,spectral,dct,0.16,2026-09-02T04:14:05.967125+00:00
watermark_robustness,jerry_springer_1.png,jpeg_q50,jpeg_compression,{'quality': 50},False,0.601562,0.609375,,False,False,36.3947,0.870786,35.3035,0.1.0,not-a-git-repository,3.12.10,macOS-26.6.2-arm64-arm-64bit,2.5.2,42,cpu,opencv_yunet,landmark,insightface,spectral,dct,0.16,2026-09-02T04:14:05.967125+00:00
watermark_robustness,jerry_springer_1.png,resize_75,resize,{'scale': 0.75},True,1.0,1.0,dcabc92d,True,False,36.3947,0.870786,42.9492,0.1.0,not-a-git-repository,3.12.10,macOS-26.6.2-arm64-arm-64bit,2.5.2,42,cpu,opencv_yunet,landmark,insightface,spectral,dct,0.16,2026-09-02T04:14:05.967125+00:00
watermark_robustness,jerry_springer_1.png,resize_50,resize,{'scale': 0.5},False,0.857205,0.90625,,False,False,36.3947,0.870786,36.7952,0.1.0,not-a-git-repository,3.12.10,macOS-26.6.2-arm64-arm-64bit,2.5.2,42,cpu,opencv_yunet,landmark,insightface,spectral,dct,0.16,2026-09-02T04:14:05.967125+00:00
watermark_robustness,jerry_springer_1.png,resize_25,resize,{'scale': 0.25},False,0.515625,0.453125,,False,False,36.3947,0.870786,33.7248,0.1.0,not-a-git-repository,3.12.10,macOS-26.6.2-arm64-arm-64bit,2.5.2,42,cpu,opencv_yunet,landmark,insightface,spectral,dct,0.16,2026-09-02T04:14:05.967125+00:00
watermark_robustness,jerry_springer_1.png,crop_10,crop,{'ratio': 0.1},True,1.0,0.40625,dcabc92d,True,False,36.3947,0.870786,15.9389,0.1.0,not-a-git-repository,3.12.10,macOS-26.6.2-arm64-arm-64bit,2.5.2,42,cpu,opencv_yunet,landmark,insightface,spectral,dct,0.16,2026-09-02T04:14:05.967125+00:00
watermark_robustness,jerry_springer_1.png,crop_30,crop,{'ratio': 0.3},False,0.539062,0.484375,,False,False,36.3947,0.870786,11.5687,0.1.0,not-a-git-repository,3.12.10,macOS-26.6.2-arm64-arm-64bit,2.5.2,42,cpu,opencv_yunet,landmark,insightface,spectral,dct,0.16,2026-09-02T04:14:05.967125+00:00
watermark_robustness,jerry_springer_1.png,rotate_5,rotation,{'degrees': 5},False,0.59375,0.453125,,False,False,36.3947,0.870786,21.246,0.1.0,not-a-git-repository,3.12.10,macOS-26.6.2-arm64-arm-64bit,2.5.2,42,cpu,opencv_yunet,landmark,insightface,spectral,dct,0.16,2026-09-02T04:14:05.967125+00:00
watermark_robustness,jerry_springer_1.png,blur_1,blur,{'sigma': 1.0},True,1.0,1.0,dcabc92d,True,False,36.3947,0.870786,36.7246,0.1.0,not-a-git-repository,3.12.10,macOS-26.6.2-arm64-arm-64bit,2.5.2,42,cpu,opencv_yunet,landmark,insightface,spectral,dct,0.16,2026-09-02T04:14:05.967125+00:00
watermark_robustness,jerry_springer_1.png,noise_5,noise,{'sigma': 5.0},True,1.0,1.0,dcabc92d,True,False,36.3947,0.870786,34.3887,0.1.0,not-a-git-repository,3.12.10,macOS-26.6.2-arm64-arm-64bit,2.5.2,42,cpu,opencv_yunet,landmark,insightface,spectral,dct,0.16,2026-09-02T04:14:05.967125+00:00
watermark_robustness,jerry_springer_1.png,brightness_up,brightness,{'factor': 1.2},True,1.0,1.0,dcabc92d,True,False,36.3947,0.870786,24.9536,0.1.0,not-a-git-repository,3.12.10,macOS-26.6.2-arm64-arm-64bit,2.5.2,42,cpu,opencv_yunet,landmark,insightface,spectral,dct,0.16,2026-09-02T04:14:05.967125+00:00
watermark_robustness,jerry_springer_1.png,contrast_down,contrast,{'factor': 0.8},True,1.0,1.0,dcabc92d,True,False,36.3947,0.870786,28.7005,0.1.0,not-a-git-repository,3.12.10,macOS-26.6.2-arm64-arm-64bit,2.5.2,42,cpu,opencv_yunet,landmark,insightface,spectral,dct,0.16,2026-09-02T04:14:05.967125+00:00
watermark_robustness,jerry_springer_1.png,webp_q80,webp,{'quality': 80},True,0.917969,1.0,dcabc92d,True,False,36.3947,0.870786,38.1742,0.1.0,not-a-git-repository,3.12.10,macOS-26.6.2-arm64-arm-64bit,2.5.2,42,cpu,opencv_yunet,landmark,insightface,spectral,dct,0.16,2026-09-02T04:14:05.967125+00:00
watermark_robustness,jerry_springer_1.png,screenshot,screenshot_simulation,"{'scale': 0.9, 'quality': 85}",True,0.927734,1.0,dcabc92d,True,False,36.3947,0.870786,42.4031,0.1.0,not-a-git-repository,3.12.10,macOS-26.6.2-arm64-arm-64bit,2.5.2,42,cpu,opencv_yunet,landmark,insightface,spectral,dct,0.16,2026-09-02T04:14:05.967125+00:00
watermark_robustness,jerry_springer_2.png,jpeg_q90,jpeg_compression,{'quality': 90},True,1.0,1.0,a73fbb5c,True,False,36.492,0.907314,41.6932,0.1.0,not-a-git-repository,3.12.10,macOS-26.6.2-arm64-arm-64bit,2.5.2,42,cpu,opencv_yunet,landmark,insightface,spectral,dct,0.16,2026-09-02T04:14:05.967125+00:00
watermark_robustness,jerry_springer_2.png,jpeg_q70,jpeg_compression,{'quality': 70},True,0.878255,1.0,a73fbb5c,True,False,36.492,0.907314,35.9475,0.1.0,not-a-git-repository,3.12.10,macOS-26.6.2-arm64-arm-64bit,2.5.2,42,cpu,opencv_yunet,landmark,insightface,spectral,dct,0.16,2026-09-02T04:14:05.967125+00:00
watermark_robustness,jerry_springer_2.png,jpeg_q50,jpeg_compression,{'quality': 50},False,0.5625,0.671875,,False,False,36.492,0.907314,33.2291,0.1.0,not-a-git-repository,3.12.10,macOS-26.6.2-arm64-arm-64bit,2.5.2,42,cpu,opencv_yunet,landmark,insightface,spectral,dct,0.16,2026-09-02T04:14:05.967125+00:00
watermark_robustness,jerry_springer_2.png,resize_75,resize,{'scale': 0.75},True,0.995443,1.0,a73fbb5c,True,False,36.492,0.907314,36.5937,0.1.0,not-a-git-repository,3.12.10,macOS-26.6.2-arm64-arm-64bit,2.5.2,42,cpu,opencv_yunet,landmark,insightface,spectral,dct,0.16,2026-09-02T04:14:05.967125+00:00
watermark_robustness,jerry_springer_2.png,resize_50,resize,{'scale': 0.5},False,0.659288,0.921875,,False,False,36.492,0.907314,32.0698,0.1.0,not-a-git-repository,3.12.10,macOS-26.6.2-arm64-arm-64bit,2.5.2,42,cpu,opencv_yunet,landmark,insightface,spectral,dct,0.16,2026-09-02T04:14:05.967125+00:00
watermark_robustness,jerry_springer_2.png,resize_25,resize,{'scale': 0.25},False,0.523438,0.546875,,False,False,36.492,0.907314,27.4555,0.1.0,not-a-git-repository,3.12.10,macOS-26.6.2-arm64-arm-64bit,2.5.2,42,cpu,opencv_yunet,landmark,insightface,spectral,dct,0.16,2026-09-02T04:14:05.967125+00:00
watermark_robustness,jerry_springer_2.png,crop_10,crop,{'ratio': 0.1},True,1.0,0.5625,a73fbb5c,True,False,36.492,0.907314,10.1517,0.1.0,not-a-git-repository,3.12.10,macOS-26.6.2-arm64-arm-64bit,2.5.2,42,cpu,opencv_yunet,landmark,insightface,spectral,dct,0.16,2026-09-02T04:14:05.967125+00:00
watermark_robustness,jerry_springer_2.png,crop_30,crop,{'ratio': 0.3},False,0.554688,0.4375,,False,False,36.492,0.907314,9.6964,0.1.0,not-a-git-repository,3.12.10,macOS-26.6.2-arm64-arm-64bit,2.5.2,42,cpu,opencv_yunet,landmark,insightface,spectral,dct,0.16,2026-09-02T04:14:05.967125+00:00
watermark_robustness,jerry_springer_2.png,rotate_5,rotation,{'degrees': 5},False,0.53125,0.515625,,False,False,36.492,0.907314,15.3283,0.1.0,not-a-git-repository,3.12.10,macOS-26.6.2-arm64-arm-64bit,2.5.2,42,cpu,opencv_yunet,landmark,insightface,spectral,dct,0.16,2026-09-02T04:14:05.967125+00:00
watermark_robustness,jerry_springer_2.png,blur_1,blur,{'sigma': 1.0},True,0.991536,1.0,a73fbb5c,True,False,36.492,0.907314,31.136,0.1.0,not-a-git-repository,3.12.10,macOS-26.6.2-arm64-arm-64bit,2.5.2,42,cpu,opencv_yunet,landmark,insightface,spectral,dct,0.16,2026-09-02T04:14:05.967125+00:00
watermark_robustness,jerry_springer_2.png,noise_5,noise,{'sigma': 5.0},True,1.0,1.0,a73fbb5c,True,False,36.492,0.907314,34.5618,0.1.0,not-a-git-repository,3.12.10,macOS-26.6.2-arm64-arm-64bit,2.5.2,42,cpu,opencv_yunet,landmark,insightface,spectral,dct,0.16,2026-09-02T04:14:05.967125+00:00
watermark_robustness,jerry_springer_2.png,brightness_up,brightness,{'factor': 1.2},True,0.994141,1.0,a73fbb5c,True,False,36.492,0.907314,20.8885,0.1.0,not-a-git-repository,3.12.10,macOS-26.6.2-arm64-arm-64bit,2.5.2,42,cpu,opencv_yunet,landmark,insightface,spectral,dct,0.16,2026-09-02T04:14:05.967125+00:00
watermark_robustness,jerry_springer_2.png,contrast_down,contrast,{'factor': 0.8},True,1.0,1.0,a73fbb5c,True,False,36.492,0.907314,25.1887,0.1.0,not-a-git-repository,3.12.10,macOS-26.6.2-arm64-arm-64bit,2.5.2,42,cpu,opencv_yunet,landmark,insightface,spectral,dct,0.16,2026-09-02T04:14:05.967125+00:00
watermark_robustness,jerry_springer_2.png,webp_q80,webp,{'quality': 80},True,0.904297,1.0,a73fbb5c,True,False,36.492,0.907314,37.1514,0.1.0,not-a-git-repository,3.12.10,macOS-26.6.2-arm64-arm-64bit,2.5.2,42,cpu,opencv_yunet,landmark,insightface,spectral,dct,0.16,2026-09-02T04:14:05.967125+00:00
watermark_robustness,jerry_springer_2.png,screenshot,screenshot_simulation,"{'scale': 0.9, 'quality': 85}",True,0.910156,1.0,a73fbb5c,True,False,36.492,0.907314,36.9659,0.1.0,not-a-git-repository,3.12.10,macOS-26.6.2-arm64-arm-64bit,2.5.2,42,cpu,opencv_yunet,landmark,insightface,spectral,dct,0.16,2026-09-02T04:14:05.967125+00:00
watermark_robustness,jerry_springer_3.png,jpeg_q90,jpeg_compression,{'quality': 90},True,1.0,1.0,a866321b,True,False,37.1253,0.87585,43.8131,0.1.0,not-a-git-repository,3.12.10,macOS-26.6.2-arm64-arm-64bit,2.5.2,42,cpu,opencv_yunet,landmark,insightface,spectral,dct,0.16,2026-09-02T04:14:05.967125+00:00
watermark_robustness,jerry_springer_3.png,jpeg_q70,jpeg_compression,{'quality': 70},True,0.658203,1.0,a866321b,True,False,37.1253,0.87585,37.9483,0.1.0,not-a-git-repository,3.12.10,macOS-26.6.2-arm64-arm-64bit,2.5.2,42,cpu,opencv_yunet,landmark,insightface,spectral,dct,0.16,2026-09-02T04:14:05.967125+00:00
watermark_robustness,jerry_springer_3.png,jpeg_q50,jpeg_compression,{'quality': 50},False,0.585938,0.46875,,False,False,37.1253,0.87585,35.1619,0.1.0,not-a-git-repository,3.12.10,macOS-26.6.2-arm64-arm-64bit,2.5.2,42,cpu,opencv_yunet,landmark,insightface,spectral,dct,0.16,2026-09-02T04:14:05.967125+00:00
watermark_robustness,jerry_springer_3.png,resize_75,resize,{'scale': 0.75},True,1.0,1.0,a866321b,True,False,37.1253,0.87585,40.9279,0.1.0,not-a-git-repository,3.12.10,macOS-26.6.2-arm64-arm-64bit,2.5.2,42,cpu,opencv_yunet,landmark,insightface,spectral,dct,0.16,2026-09-02T04:14:05.967125+00:00
watermark_robustness,jerry_springer_3.png,resize_50,resize,{'scale': 0.5},False,0.79796,0.875,,False,False,37.1253,0.87585,35.9415,0.1.0,not-a-git-repository,3.12.10,macOS-26.6.2-arm64-arm-64bit,2.5.2,42,cpu,opencv_yunet,landmark,insightface,spectral,dct,0.16,2026-09-02T04:14:05.967125+00:00
watermark_robustness,jerry_springer_3.png,resize_25,resize,{'scale': 0.25},False,0.515625,0.4375,,False,False,37.1253,0.87585,32.0104,0.1.0,not-a-git-repository,3.12.10,macOS-26.6.2-arm64-arm-64bit,2.5.2,42,cpu,opencv_yunet,landmark,insightface,spectral,dct,0.16,2026-09-02T04:14:05.967125+00:00
watermark_robustness,jerry_springer_3.png,crop_10,crop,{'ratio': 0.1},True,1.0,0.5,a866321b,True,False,37.1253,0.87585,14.3974,0.1.0,not-a-git-repository,3.12.10,macOS-26.6.2-arm64-arm-64bit,2.5.2,42,cpu,opencv_yunet,landmark,insightface,spectral,dct,0.16,2026-09-02T04:14:05.967125+00:00
watermark_robustness,jerry_springer_3.png,crop_30,crop,{'ratio': 0.3},False,0.585938,0.5,,False,False,37.1253,0.87585,8.4664,0.1.0,not-a-git-repository,3.12.10,macOS-26.6.2-arm64-arm-64bit,2.5.2,42,cpu,opencv_yunet,landmark,insightface,spectral,dct,0.16,2026-09-02T04:14:05.967125+00:00
watermark_robustness,jerry_springer_3.png,rotate_5,rotation,{'degrees': 5},False,0.515625,0.46875,,False,False,37.1253,0.87585,21.4018,0.1.0,not-a-git-repository,3.12.10,macOS-26.6.2-arm64-arm-64bit,2.5.2,42,cpu,opencv_yunet,landmark,insightface,spectral,dct,0.16,2026-09-02T04:14:05.967125+00:00
watermark_robustness,jerry_springer_3.png,blur_1,blur,{'sigma': 1.0},True,0.998047,1.0,a866321b,True,False,37.1253,0.87585,35.4177,0.1.0,not-a-git-repository,3.12.10,macOS-26.6.2-arm64-arm-64bit,2.5.2,42,cpu,opencv_yunet,landmark,insightface,spectral,dct,0.16,2026-09-02T04:14:05.967125+00:00
watermark_robustness,jerry_springer_3.png,noise_5,noise,{'sigma': 5.0},True,1.0,1.0,a866321b,True,False,37.1253,0.87585,35.0526,0.1.0,not-a-git-repository,3.12.10,macOS-26.6.2-arm64-arm-64bit,2.5.2,42,cpu,opencv_yunet,landmark,insightface,spectral,dct,0.16,2026-09-02T04:14:05.967125+00:00
watermark_robustness,jerry_springer_3.png,brightness_up,brightness,{'factor': 1.2},True,1.0,1.0,a866321b,True,False,37.1253,0.87585,25.5734,0.1.0,not-a-git-repository,3.12.10,macOS-26.6.2-arm64-arm-64bit,2.5.2,42,cpu,opencv_yunet,landmark,insightface,spectral,dct,0.16,2026-09-02T04:14:05.967125+00:00
watermark_robustness,jerry_springer_3.png,contrast_down,contrast,{'factor': 0.8},True,1.0,1.0,a866321b,True,False,37.1253,0.87585,27.5747,0.1.0,not-a-git-repository,3.12.10,macOS-26.6.2-arm64-arm-64bit,2.5.2,42,cpu,opencv_yunet,landmark,insightface,spectral,dct,0.16,2026-09-02T04:14:05.967125+00:00
watermark_robustness,jerry_springer_3.png,webp_q80,webp,{'quality': 80},True,0.714193,1.0,a866321b,True,False,37.1253,0.87585,37.6777,0.1.0,not-a-git-repository,3.12.10,macOS-26.6.2-arm64-arm-64bit,2.5.2,42,cpu,opencv_yunet,landmark,insightface,spectral,dct,0.16,2026-09-02T04:14:05.967125+00:00
watermark_robustness,jerry_springer_3.png,screenshot,screenshot_simulation,"{'scale': 0.9, 'quality': 85}",True,0.748047,1.0,a866321b,True,False,37.1253,0.87585,40.305,0.1.0,not-a-git-repository,3.12.10,macOS-26.6.2-arm64-arm-64bit,2.5.2,42,cpu,opencv_yunet,landmark,insightface,spectral,dct,0.16,2026-09-02T04:14:05.967125+00:00
watermark_robustness,jim_furyk_0.png,jpeg_q90,jpeg_compression,{'quality': 90},True,1.0,1.0,26711cc7,True,False,35.9702,0.88632,44.6417,0.1.0,not-a-git-repository,3.12.10,macOS-26.6.2-arm64-arm-64bit,2.5.2,42,cpu,opencv_yunet,landmark,insightface,spectral,dct,0.16,2026-09-02T04:14:05.967125+00:00
watermark_robustness,jim_furyk_0.png,jpeg_q70,jpeg_compression,{'quality': 70},True,0.992188,1.0,26711cc7,True,False,35.9702,0.88632,38.1326,0.1.0,not-a-git-repository,3.12.10,macOS-26.6.2-arm64-arm-64bit,2.5.2,42,cpu,opencv_yunet,landmark,insightface,spectral,dct,0.16,2026-09-02T04:14:05.967125+00:00
watermark_robustness,jim_furyk_0.png,jpeg_q50,jpeg_compression,{'quality': 50},False,0.539062,0.65625,,False,False,35.9702,0.88632,34.7439,0.1.0,not-a-git-repository,3.12.10,macOS-26.6.2-arm64-arm-64bit,2.5.2,42,cpu,opencv_yunet,landmark,insightface,spectral,dct,0.16,2026-09-02T04:14:05.967125+00:00
watermark_robustness,jim_furyk_0.png,resize_75,resize,{'scale': 0.75},True,1.0,1.0,26711cc7,True,False,35.9702,0.88632,42.3548,0.1.0,not-a-git-repository,3.12.10,macOS-26.6.2-arm64-arm-64bit,2.5.2,42,cpu,opencv_yunet,landmark,insightface,spectral,dct,0.16,2026-09-02T04:14:05.967125+00:00
watermark_robustness,jim_furyk_0.png,resize_50,resize,{'scale': 0.5},True,0.43099,0.984375,26711cc7,True,False,35.9702,0.88632,35.959,0.1.0,not-a-git-repository,3.12.10,macOS-26.6.2-arm64-arm-64bit,2.5.2,42,cpu,opencv_yunet,landmark,insightface,spectral,dct,0.16,2026-09-02T04:14:05.967125+00:00
watermark_robustness,jim_furyk_0.png,resize_25,resize,{'scale': 0.25},False,0.523438,0.6875,,False,False,35.9702,0.88632,30.2076,0.1.0,not-a-git-repository,3.12.10,macOS-26.6.2-arm64-arm-64bit,2.5.2,42,cpu,opencv_yunet,landmark,insightface,spectral,dct,0.16,2026-09-02T04:14:05.967125+00:00
watermark_robustness,jim_furyk_0.png,crop_10,crop,{'ratio': 0.1},True,1.0,0.609375,26711cc7,True,False,35.9702,0.88632,14.664,0.1.0,not-a-git-repository,3.12.10,macOS-26.6.2-arm64-arm-64bit,2.5.2,42,cpu,opencv_yunet,landmark,insightface,spectral,dct,0.16,2026-09-02T04:14:05.967125+00:00
watermark_robustness,jim_furyk_0.png,crop_30,crop,{'ratio': 0.3},False,0.53125,0.46875,,False,False,35.9702,0.88632,10.3596,0.1.0,not-a-git-repository,3.12.10,macOS-26.6.2-arm64-arm-64bit,2.5.2,42,cpu,opencv_yunet,landmark,insightface,spectral,dct,0.16,2026-09-02T04:14:05.967125+00:00
watermark_robustness,jim_furyk_0.png,rotate_5,rotation,{'degrees': 5},False,0.546875,0.484375,,False,False,35.9702,0.88632,18.5413,0.1.0,not-a-git-repository,3.12.10,macOS-26.6.2-arm64-arm-64bit,2.5.2,42,cpu,opencv_yunet,landmark,insightface,spectral,dct,0.16,2026-09-02T04:14:05.967125+00:00
watermark_robustness,jim_furyk_0.png,blur_1,blur,{'sigma': 1.0},True,1.0,1.0,26711cc7,True,False,35.9702,0.88632,34.6057,0.1.0,not-a-git-repository,3.12.10,macOS-26.6.2-arm64-arm-64bit,2.5.2,42,cpu,opencv_yunet,landmark,insightface,spectral,dct,0.16,2026-09-02T04:14:05.967125+00:00
watermark_robustness,jim_furyk_0.png,noise_5,noise,{'sigma': 5.0},True,1.0,1.0,26711cc7,True,False,35.9702,0.88632,34.1188,0.1.0,not-a-git-repository,3.12.10,macOS-26.6.2-arm64-arm-64bit,2.5.2,42,cpu,opencv_yunet,landmark,insightface,spectral,dct,0.16,2026-09-02T04:14:05.967125+00:00
watermark_robustness,jim_furyk_0.png,brightness_up,brightness,{'factor': 1.2},True,1.0,1.0,26711cc7,True,False,35.9702,0.88632,22.8517,0.1.0,not-a-git-repository,3.12.10,macOS-26.6.2-arm64-arm-64bit,2.5.2,42,cpu,opencv_yunet,landmark,insightface,spectral,dct,0.16,2026-09-02T04:14:05.967125+00:00
watermark_robustness,jim_furyk_0.png,contrast_down,contrast,{'factor': 0.8},True,1.0,1.0,26711cc7,True,False,35.9702,0.88632,27.4509,0.1.0,not-a-git-repository,3.12.10,macOS-26.6.2-arm64-arm-64bit,2.5.2,42,cpu,opencv_yunet,landmark,insightface,spectral,dct,0.16,2026-09-02T04:14:05.967125+00:00
watermark_robustness,jim_furyk_0.png,webp_q80,webp,{'quality': 80},True,1.0,1.0,26711cc7,True,False,35.9702,0.88632,37.6561,0.1.0,not-a-git-repository,3.12.10,macOS-26.6.2-arm64-arm-64bit,2.5.2,42,cpu,opencv_yunet,landmark,insightface,spectral,dct,0.16,2026-09-02T04:14:05.967125+00:00
watermark_robustness,jim_furyk_0.png,screenshot,screenshot_simulation,"{'scale': 0.9, 'quality': 85}",True,1.0,1.0,26711cc7,True,False,35.9702,0.88632,42.0664,0.1.0,not-a-git-repository,3.12.10,macOS-26.6.2-arm64-arm-64bit,2.5.2,42,cpu,opencv_yunet,landmark,insightface,spectral,dct,0.16,2026-09-02T04:14:05.967125+00:00
watermark_robustness,jim_furyk_1.png,jpeg_q90,jpeg_compression,{'quality': 90},True,1.0,1.0,afc7d91a,True,False,36.2188,0.90972,42.265,0.1.0,not-a-git-repository,3.12.10,macOS-26.6.2-arm64-arm-64bit,2.5.2,42,cpu,opencv_yunet,landmark,insightface,spectral,dct,0.16,2026-09-02T04:14:05.967125+00:00
watermark_robustness,jim_furyk_1.png,jpeg_q70,jpeg_compression,{'quality': 70},True,0.944444,1.0,afc7d91a,True,False,36.2188,0.90972,36.4884,0.1.0,not-a-git-repository,3.12.10,macOS-26.6.2-arm64-arm-64bit,2.5.2,42,cpu,opencv_yunet,landmark,insightface,spectral,dct,0.16,2026-09-02T04:14:05.967125+00:00
watermark_robustness,jim_furyk_1.png,jpeg_q50,jpeg_compression,{'quality': 50},False,0.53125,0.546875,,False,False,36.2188,0.90972,33.6895,0.1.0,not-a-git-repository,3.12.10,macOS-26.6.2-arm64-arm-64bit,2.5.2,42,cpu,opencv_yunet,landmark,insightface,spectral,dct,0.16,2026-09-02T04:14:05.967125+00:00
watermark_robustness,jim_furyk_1.png,resize_75,resize,{'scale': 0.75},True,0.998047,1.0,afc7d91a,True,False,36.2188,0.90972,37.63,0.1.0,not-a-git-repository,3.12.10,macOS-26.6.2-arm64-arm-64bit,2.5.2,42,cpu,opencv_yunet,landmark,insightface,spectral,dct,0.16,2026-09-02T04:14:05.967125+00:00
watermark_robustness,jim_furyk_1.png,resize_50,resize,{'scale': 0.5},False,0.75651,0.953125,,False,False,36.2188,0.90972,33.1366,0.1.0,not-a-git-repository,3.12.10,macOS-26.6.2-arm64-arm-64bit,2.5.2,42,cpu,opencv_yunet,landmark,insightface,spectral,dct,0.16,2026-09-02T04:14:05.967125+00:00
watermark_robustness,jim_furyk_1.png,resize_25,resize,{'scale': 0.25},False,0.53125,0.421875,,False,False,36.2188,0.90972,28.4253,0.1.0,not-a-git-repository,3.12.10,macOS-26.6.2-arm64-arm-64bit,2.5.2,42,cpu,opencv_yunet,landmark,insightface,spectral,dct,0.16,2026-09-02T04:14:05.967125+00:00
watermark_robustness,jim_furyk_1.png,crop_10,crop,{'ratio': 0.1},True,1.0,0.46875,afc7d91a,True,False,36.2188,0.90972,13.6537,0.1.0,not-a-git-repository,3.12.10,macOS-26.6.2-arm64-arm-64bit,2.5.2,42,cpu,opencv_yunet,landmark,insightface,spectral,dct,0.16,2026-09-02T04:14:05.967125+00:00
watermark_robustness,jim_furyk_1.png,crop_30,crop,{'ratio': 0.3},False,0.525174,0.515625,,False,False,36.2188,0.90972,12.5812,0.1.0,not-a-git-repository,3.12.10,macOS-26.6.2-arm64-arm-64bit,2.5.2,42,cpu,opencv_yunet,landmark,insightface,spectral,dct,0.16,2026-09-02T04:14:05.967125+00:00
watermark_robustness,jim_furyk_1.png,rotate_5,rotation,{'degrees': 5},False,0.507812,0.46875,,False,False,36.2188,0.90972,17.3069,0.1.0,not-a-git-repository,3.12.10,macOS-26.6.2-arm64-arm-64bit,2.5.2,42,cpu,opencv_yunet,landmark,insightface,spectral,dct,0.16,2026-09-02T04:14:05.967125+00:00
watermark_robustness,jim_furyk_1.png,blur_1,blur,{'sigma': 1.0},True,0.998047,1.0,afc7d91a,True,False,36.2188,0.90972,32.3139,0.1.0,not-a-git-repository,3.12.10,macOS-26.6.2-arm64-arm-64bit,2.5.2,42,cpu,opencv_yunet,landmark,insightface,spectral,dct,0.16,2026-09-02T04:14:05.967125+00:00
watermark_robustness,jim_furyk_1.png,noise_5,noise,{'sigma': 5.0},True,1.0,1.0,afc7d91a,True,False,36.2188,0.90972,34.3231,0.1.0,not-a-git-repository,3.12.10,macOS-26.6.2-arm64-arm-64bit,2.5.2,42,cpu,opencv_yunet,landmark,insightface,spectral,dct,0.16,2026-09-02T04:14:05.967125+00:00
watermark_robustness,jim_furyk_1.png,brightness_up,brightness,{'factor': 1.2},True,0.996094,1.0,afc7d91a,True,False,36.2188,0.90972,22.4826,0.1.0,not-a-git-repository,3.12.10,macOS-26.6.2-arm64-arm-64bit,2.5.2,42,cpu,opencv_yunet,landmark,insightface,spectral,dct,0.16,2026-09-02T04:14:05.967125+00:00
watermark_robustness,jim_furyk_1.png,contrast_down,contrast,{'factor': 0.8},True,1.0,1.0,afc7d91a,True,False,36.2188,0.90972,27.7385,0.1.0,not-a-git-repository,3.12.10,macOS-26.6.2-arm64-arm-64bit,2.5.2,42,cpu,opencv_yunet,landmark,insightface,spectral,dct,0.16,2026-09-02T04:14:05.967125+00:00
watermark_robustness,jim_furyk_1.png,webp_q80,webp,{'quality': 80},True,0.96224,1.0,afc7d91a,True,False,36.2188,0.90972,37.2571,0.1.0,not-a-git-repository,3.12.10,macOS-26.6.2-arm64-arm-64bit,2.5.2,42,cpu,opencv_yunet,landmark,insightface,spectral,dct,0.16,2026-09-02T04:14:05.967125+00:00
watermark_robustness,jim_furyk_1.png,screenshot,screenshot_simulation,"{'scale': 0.9, 'quality': 85}",True,0.957682,1.0,afc7d91a,True,False,36.2188,0.90972,37.946,0.1.0,not-a-git-repository,3.12.10,macOS-26.6.2-arm64-arm-64bit,2.5.2,42,cpu,opencv_yunet,landmark,insightface,spectral,dct,0.16,2026-09-02T04:14:05.967125+00:00
watermark_robustness,jim_furyk_2.png,jpeg_q90,jpeg_compression,{'quality': 90},True,1.0,1.0,18894ff1,True,False,35.985,0.912801,44.2527,0.1.0,not-a-git-repository,3.12.10,macOS-26.6.2-arm64-arm-64bit,2.5.2,42,cpu,opencv_yunet,landmark,insightface,spectral,dct,0.16,2026-09-02T04:14:05.967125+00:00
watermark_robustness,jim_furyk_2.png,jpeg_q70,jpeg_compression,{'quality': 70},True,0.998047,1.0,18894ff1,True,False,35.985,0.912801,37.8003,0.1.0,not-a-git-repository,3.12.10,macOS-26.6.2-arm64-arm-64bit,2.5.2,42,cpu,opencv_yunet,landmark,insightface,spectral,dct,0.16,2026-09-02T04:14:05.967125+00:00
watermark_robustness,jim_furyk_2.png,jpeg_q50,jpeg_compression,{'quality': 50},False,0.507812,0.46875,,False,False,35.985,0.912801,34.5298,0.1.0,not-a-git-repository,3.12.10,macOS-26.6.2-arm64-arm-64bit,2.5.2,42,cpu,opencv_yunet,landmark,insightface,spectral,dct,0.16,2026-09-02T04:14:05.967125+00:00
watermark_robustness,jim_furyk_2.png,resize_75,resize,{'scale': 0.75},True,1.0,1.0,18894ff1,True,False,35.985,0.912801,41.3356,0.1.0,not-a-git-repository,3.12.10,macOS-26.6.2-arm64-arm-64bit,2.5.2,42,cpu,opencv_yunet,landmark,insightface,spectral,dct,0.16,2026-09-02T04:14:05.967125+00:00
watermark_robustness,jim_furyk_2.png,resize_50,resize,{'scale': 0.5},False,0.85026,0.9375,,False,False,35.985,0.912801,35.7337,0.1.0,not-a-git-repository,3.12.10,macOS-26.6.2-arm64-arm-64bit,2.5.2,42,cpu,opencv_yunet,landmark,insightface,spectral,dct,0.16,2026-09-02T04:14:05.967125+00:00
watermark_robustness,jim_furyk_2.png,resize_25,resize,{'scale': 0.25},False,0.546875,0.515625,,False,False,35.985,0.912801,30.5537,0.1.0,not-a-git-repository,3.12.10,macOS-26.6.2-arm64-arm-64bit,2.5.2,42,cpu,opencv_yunet,landmark,insightface,spectral,dct,0.16,2026-09-02T04:14:05.967125+00:00
watermark_robustness,jim_furyk_2.png,crop_10,crop,{'ratio': 0.1},True,1.0,0.5,18894ff1,True,False,35.985,0.912801,13.0789,0.1.0,not-a-git-repository,3.12.10,macOS-26.6.2-arm64-arm-64bit,2.5.2,42,cpu,opencv_yunet,landmark,insightface,spectral,dct,0.16,2026-09-02T04:14:05.967125+00:00
watermark_robustness,jim_furyk_2.png,crop_30,crop,{'ratio': 0.3},False,0.585938,0.53125,,False,False,35.985,0.912801,11.4842,0.1.0,not-a-git-repository,3.12.10,macOS-26.6.2-arm64-arm-64bit,2.5.2,42,cpu,opencv_yunet,landmark,insightface,spectral,dct,0.16,2026-09-02T04:14:05.967125+00:00
watermark_robustness,jim_furyk_2.png,rotate_5,rotation,{'degrees': 5},False,0.546875,0.5,,False,False,35.985,0.912801,14.6811,0.1.0,not-a-git-repository,3.12.10,macOS-26.6.2-arm64-arm-64bit,2.5.2,42,cpu,opencv_yunet,landmark,insightface,spectral,dct,0.16,2026-09-02T04:14:05.967125+00:00
watermark_robustness,jim_furyk_2.png,blur_1,blur,{'sigma': 1.0},True,1.0,1.0,18894ff1,True,False,35.985,0.912801,34.5796,0.1.0,not-a-git-repository,3.12.10,macOS-26.6.2-arm64-arm-64bit,2.5.2,42,cpu,opencv_yunet,landmark,insightface,spectral,dct,0.16,2026-09-02T04:14:05.967125+00:00
watermark_robustness,jim_furyk_2.png,noise_5,noise,{'sigma': 5.0},True,1.0,1.0,18894ff1,True,False,35.985,0.912801,34.1209,0.1.0,not-a-git-repository,3.12.10,macOS-26.6.2-arm64-arm-64bit,2.5.2,42,cpu,opencv_yunet,landmark,insightface,spectral,dct,0.16,2026-09-02T04:14:05.967125+00:00
watermark_robustness,jim_furyk_2.png,brightness_up,brightness,{'factor': 1.2},True,0.977648,1.0,18894ff1,True,False,35.985,0.912801,19.9725,0.1.0,not-a-git-repository,3.12.10,macOS-26.6.2-arm64-arm-64bit,2.5.2,42,cpu,opencv_yunet,landmark,insightface,spectral,dct,0.16,2026-09-02T04:14:05.967125+00:00
watermark_robustness,jim_furyk_2.png,contrast_down,contrast,{'factor': 0.8},True,1.0,1.0,18894ff1,True,False,35.985,0.912801,26.9029,0.1.0,not-a-git-repository,3.12.10,macOS-26.6.2-arm64-arm-64bit,2.5.2,42,cpu,opencv_yunet,landmark,insightface,spectral,dct,0.16,2026-09-02T04:14:05.967125+00:00
watermark_robustness,jim_furyk_2.png,webp_q80,webp,{'quality': 80},True,1.0,1.0,18894ff1,True,False,35.985,0.912801,37.256,0.1.0,not-a-git-repository,3.12.10,macOS-26.6.2-arm64-arm-64bit,2.5.2,42,cpu,opencv_yunet,landmark,insightface,spectral,dct,0.16,2026-09-02T04:14:05.967125+00:00
watermark_robustness,jim_furyk_2.png,screenshot,screenshot_simulation,"{'scale': 0.9, 'quality': 85}",True,1.0,1.0,18894ff1,True,False,35.985,0.912801,41.1978,0.1.0,not-a-git-repository,3.12.10,macOS-26.6.2-arm64-arm-64bit,2.5.2,42,cpu,opencv_yunet,landmark,insightface,spectral,dct,0.16,2026-09-02T04:14:05.967125+00:00
watermark_robustness,jim_furyk_3.png,jpeg_q90,jpeg_compression,{'quality': 90},True,1.0,1.0,3da43e09,True,False,35.9094,0.902848,42.6792,0.1.0,not-a-git-repository,3.12.10,macOS-26.6.2-arm64-arm-64bit,2.5.2,42,cpu,opencv_yunet,landmark,insightface,spectral,dct,0.16,2026-09-02T04:14:05.967125+00:00
watermark_robustness,jim_furyk_3.png,jpeg_q70,jpeg_compression,{'quality': 70},True,0.958984,1.0,3da43e09,True,False,35.9094,0.902848,36.7203,0.1.0,not-a-git-repository,3.12.10,macOS-26.6.2-arm64-arm-64bit,2.5.2,42,cpu,opencv_yunet,landmark,insightface,spectral,dct,0.16,2026-09-02T04:14:05.967125+00:00
watermark_robustness,jim_furyk_3.png,jpeg_q50,jpeg_compression,{'quality': 50},False,0.515625,0.578125,,False,False,35.9094,0.902848,33.6657,0.1.0,not-a-git-repository,3.12.10,macOS-26.6.2-arm64-arm-64bit,2.5.2,42,cpu,opencv_yunet,landmark,insightface,spectral,dct,0.16,2026-09-02T04:14:05.967125+00:00
watermark_robustness,jim_furyk_3.png,resize_75,resize,{'scale': 0.75},True,0.994141,1.0,3da43e09,True,False,35.9094,0.902848,36.7385,0.1.0,not-a-git-repository,3.12.10,macOS-26.6.2-arm64-arm-64bit,2.5.2,42,cpu,opencv_yunet,landmark,insightface,spectral,dct,0.16,2026-09-02T04:14:05.967125+00:00
watermark_robustness,jim_furyk_3.png,resize_50,resize,{'scale': 0.5},False,0.763455,0.953125,,False,False,35.9094,0.902848,32.1242,0.1.0,not-a-git-repository,3.12.10,macOS-26.6.2-arm64-arm-64bit,2.5.2,42,cpu,opencv_yunet,landmark,insightface,spectral,dct,0.16,2026-09-02T04:14:05.967125+00:00
watermark_robustness,jim_furyk_3.png,resize_25,resize,{'scale': 0.25},False,0.523438,0.5,,False,False,35.9094,0.902848,26.9379,0.1.0,not-a-git-repository,3.12.10,macOS-26.6.2-arm64-arm-64bit,2.5.2,42,cpu,opencv_yunet,landmark,insightface,spectral,dct,0.16,2026-09-02T04:14:05.967125+00:00
watermark_robustness,jim_furyk_3.png,crop_10,crop,{'ratio': 0.1},True,1.0,0.5,3da43e09,True,False,35.9094,0.902848,10.276,0.1.0,not-a-git-repository,3.12.10,macOS-26.6.2-arm64-arm-64bit,2.5.2,42,cpu,opencv_yunet,landmark,insightface,spectral,dct,0.16,2026-09-02T04:14:05.967125+00:00
watermark_robustness,jim_furyk_3.png,crop_30,crop,{'ratio': 0.3},False,0.578125,0.421875,,False,False,35.9094,0.902848,10.29,0.1.0,not-a-git-repository,3.12.10,macOS-26.6.2-arm64-arm-64bit,2.5.2,42,cpu,opencv_yunet,landmark,insightface,spectral,dct,0.16,2026-09-02T04:14:05.967125+00:00
watermark_robustness,jim_furyk_3.png,rotate_5,rotation,{'degrees': 5},False,0.539062,0.609375,,False,False,35.9094,0.902848,14.6575,0.1.0,not-a-git-repository,3.12.10,macOS-26.6.2-arm64-arm-64bit,2.5.2,42,cpu,opencv_yunet,landmark,insightface,spectral,dct,0.16,2026-09-02T04:14:05.967125+00:00
watermark_robustness,jim_furyk_3.png,blur_1,blur,{'sigma': 1.0},True,0.990234,1.0,3da43e09,True,False,35.9094,0.902848,30.8323,0.1.0,not-a-git-repository,3.12.10,macOS-26.6.2-arm64-arm-64bit,2.5.2,42,cpu,opencv_yunet,landmark,insightface,spectral,dct,0.16,2026-09-02T04:14:05.967125+00:00
watermark_robustness,jim_furyk_3.png,noise_5,noise,{'sigma': 5.0},True,1.0,1.0,3da43e09,True,False,35.9094,0.902848,34.3399,0.1.0,not-a-git-repository,3.12.10,macOS-26.6.2-arm64-arm-64bit,2.5.2,42,cpu,opencv_yunet,landmark,insightface,spectral,dct,0.16,2026-09-02T04:14:05.967125+00:00
watermark_robustness,jim_furyk_3.png,brightness_up,brightness,{'factor': 1.2},True,0.971137,1.0,3da43e09,True,False,35.9094,0.902848,23.0184,0.1.0,not-a-git-repository,3.12.10,macOS-26.6.2-arm64-arm-64bit,2.5.2,42,cpu,opencv_yunet,landmark,insightface,spectral,dct,0.16,2026-09-02T04:14:05.967125+00:00
watermark_robustness,jim_furyk_3.png,contrast_down,contrast,{'factor': 0.8},True,1.0,1.0,3da43e09,True,False,35.9094,0.902848,25.4035,0.1.0,not-a-git-repository,3.12.10,macOS-26.6.2-arm64-arm-64bit,2.5.2,42,cpu,opencv_yunet,landmark,insightface,spectral,dct,0.16,2026-09-02T04:14:05.967125+00:00
watermark_robustness,jim_furyk_3.png,webp_q80,webp,{'quality': 80},True,0.946615,1.0,3da43e09,True,False,35.9094,0.902848,37.1552,0.1.0,not-a-git-repository,3.12.10,macOS-26.6.2-arm64-arm-64bit,2.5.2,42,cpu,opencv_yunet,landmark,insightface,spectral,dct,0.16,2026-09-02T04:14:05.967125+00:00
watermark_robustness,jim_furyk_3.png,screenshot,screenshot_simulation,"{'scale': 0.9, 'quality': 85}",True,0.954427,1.0,3da43e09,True,False,35.9094,0.902848,37.7873,0.1.0,not-a-git-repository,3.12.10,macOS-26.6.2-arm64-arm-64bit,2.5.2,42,cpu,opencv_yunet,landmark,insightface,spectral,dct,0.16,2026-09-02T04:14:05.967125+00:00
watermark_robustness,jim_furyk_4.png,jpeg_q90,jpeg_compression,{'quality': 90},True,1.0,1.0,86fbbbc3,True,False,35.9277,0.913587,43.1122,0.1.0,not-a-git-repository,3.12.10,macOS-26.6.2-arm64-arm-64bit,2.5.2,42,cpu,opencv_yunet,landmark,insightface,spectral,dct,0.16,2026-09-02T04:14:05.967125+00:00
watermark_robustness,jim_furyk_4.png,jpeg_q70,jpeg_compression,{'quality': 70},True,1.0,1.0,86fbbbc3,True,False,35.9277,0.913587,37.2661,0.1.0,not-a-git-repository,3.12.10,macOS-26.6.2-arm64-arm-64bit,2.5.2,42,cpu,opencv_yunet,landmark,insightface,spectral,dct,0.16,2026-09-02T04:14:05.967125+00:00
watermark_robustness,jim_furyk_4.png,jpeg_q50,jpeg_compression,{'quality': 50},False,0.523438,0.625,,False,False,35.9277,0.913587,34.0224,0.1.0,not-a-git-repository,3.12.10,macOS-26.6.2-arm64-arm-64bit,2.5.2,42,cpu,opencv_yunet,landmark,insightface,spectral,dct,0.16,2026-09-02T04:14:05.967125+00:00
watermark_robustness,jim_furyk_4.png,resize_75,resize,{'scale': 0.75},True,1.0,1.0,86fbbbc3,True,False,35.9277,0.913587,42.3037,0.1.0,not-a-git-repository,3.12.10,macOS-26.6.2-arm64-arm-64bit,2.5.2,42,cpu,opencv_yunet,landmark,insightface,spectral,dct,0.16,2026-09-02T04:14:05.967125+00:00
watermark_robustness,jim_furyk_4.png,resize_50,resize,{'scale': 0.5},True,0.274667,0.96875,86fbbbc3,True,False,35.9277,0.913587,35.6943,0.1.0,not-a-git-repository,3.12.10,macOS-26.6.2-arm64-arm-64bit,2.5.2,42,cpu,opencv_yunet,landmark,insightface,spectral,dct,0.16,2026-09-02T04:14:05.967125+00:00
watermark_robustness,jim_furyk_4.png,resize_25,resize,{'scale': 0.25},False,0.570312,0.546875,,False,False,35.9277,0.913587,28.7586,0.1.0,not-a-git-repository,3.12.10,macOS-26.6.2-arm64-arm-64bit,2.5.2,42,cpu,opencv_yunet,landmark,insightface,spectral,dct,0.16,2026-09-02T04:14:05.967125+00:00
watermark_robustness,jim_furyk_4.png,crop_10,crop,{'ratio': 0.1},True,1.0,0.40625,86fbbbc3,True,False,35.9277,0.913587,11.2559,0.1.0,not-a-git-repository,3.12.10,macOS-26.6.2-arm64-arm-64bit,2.5.2,42,cpu,opencv_yunet,landmark,insightface,spectral,dct,0.16,2026-09-02T04:14:05.967125+00:00
watermark_robustness,jim_furyk_4.png,crop_30,crop,{'ratio': 0.3},False,0.546875,0.5625,,False,False,35.9277,0.913587,11.5198,0.1.0,not-a-git-repository,3.12.10,macOS-26.6.2-arm64-arm-64bit,2.5.2,42,cpu,opencv_yunet,landmark,insightface,spectral,dct,0.16,2026-09-02T04:14:05.967125+00:00
watermark_robustness,jim_furyk_4.png,rotate_5,rotation,{'degrees': 5},False,0.523438,0.40625,,False,False,35.9277,0.913587,14.0414,0.1.0,not-a-git-repository,3.12.10,macOS-26.6.2-arm64-arm-64bit,2.5.2,42,cpu,opencv_yunet,landmark,insightface,spectral,dct,0.16,2026-09-02T04:14:05.967125+00:00
watermark_robustness,jim_furyk_4.png,blur_1,blur,{'sigma': 1.0},True,0.994141,1.0,86fbbbc3,True,False,35.9277,0.913587,33.143,0.1.0,not-a-git-repository,3.12.10,macOS-26.6.2-arm64-arm-64bit,2.5.2,42,cpu,opencv_yunet,landmark,insightface,spectral,dct,0.16,2026-09-02T04:14:05.967125+00:00
watermark_robustness,jim_furyk_4.png,noise_5,noise,{'sigma': 5.0},True,1.0,1.0,86fbbbc3,True,False,35.9277,0.913587,34.1308,0.1.0,not-a-git-repository,3.12.10,macOS-26.6.2-arm64-arm-64bit,2.5.2,42,cpu,opencv_yunet,landmark,insightface,spectral,dct,0.16,2026-09-02T04:14:05.967125+00:00
watermark_robustness,jim_furyk_4.png,brightness_up,brightness,{'factor': 1.2},True,0.998047,1.0,86fbbbc3,True,False,35.9277,0.913587,22.8217,0.1.0,not-a-git-repository,3.12.10,macOS-26.6.2-arm64-arm-64bit,2.5.2,42,cpu,opencv_yunet,landmark,insightface,spectral,dct,0.16,2026-09-02T04:14:05.967125+00:00
watermark_robustness,jim_furyk_4.png,contrast_down,contrast,{'factor': 0.8},True,1.0,1.0,86fbbbc3,True,False,35.9277,0.913587,27.2809,0.1.0,not-a-git-repository,3.12.10,macOS-26.6.2-arm64-arm-64bit,2.5.2,42,cpu,opencv_yunet,landmark,insightface,spectral,dct,0.16,2026-09-02T04:14:05.967125+00:00
watermark_robustness,jim_furyk_4.png,webp_q80,webp,{'quality': 80},True,0.998047,1.0,86fbbbc3,True,False,35.9277,0.913587,36.8452,0.1.0,not-a-git-repository,3.12.10,macOS-26.6.2-arm64-arm-64bit,2.5.2,42,cpu,opencv_yunet,landmark,insightface,spectral,dct,0.16,2026-09-02T04:14:05.967125+00:00
watermark_robustness,jim_furyk_4.png,screenshot,screenshot_simulation,"{'scale': 0.9, 'quality': 85}",True,1.0,1.0,86fbbbc3,True,False,35.9277,0.913587,40.9879,0.1.0,not-a-git-repository,3.12.10,macOS-26.6.2-arm64-arm-64bit,2.5.2,42,cpu,opencv_yunet,landmark,insightface,spectral,dct,0.16,2026-09-02T04:14:05.967125+00:00
watermark_robustness,jim_furyk_5.png,jpeg_q90,jpeg_compression,{'quality': 90},True,1.0,1.0,906dc04e,True,False,35.924,0.904535,43.8424,0.1.0,not-a-git-repository,3.12.10,macOS-26.6.2-arm64-arm-64bit,2.5.2,42,cpu,opencv_yunet,landmark,insightface,spectral,dct,0.16,2026-09-02T04:14:05.967125+00:00
watermark_robustness,jim_furyk_5.png,jpeg_q70,jpeg_compression,{'quality': 70},True,1.0,1.0,906dc04e,True,False,35.924,0.904535,37.5928,0.1.0,not-a-git-repository,3.12.10,macOS-26.6.2-arm64-arm-64bit,2.5.2,42,cpu,opencv_yunet,landmark,insightface,spectral,dct,0.16,2026-09-02T04:14:05.967125+00:00
watermark_robustness,jim_furyk_5.png,jpeg_q50,jpeg_compression,{'quality': 50},False,0.539062,0.5,,False,False,35.924,0.904535,34.3288,0.1.0,not-a-git-repository,3.12.10,macOS-26.6.2-arm64-arm-64bit,2.5.2,42,cpu,opencv_yunet,landmark,insightface,spectral,dct,0.16,2026-09-02T04:14:05.967125+00:00
watermark_robustness,jim_furyk_5.png,resize_75,resize,{'scale': 0.75},True,1.0,1.0,906dc04e,True,False,35.924,0.904535,42.0224,0.1.0,not-a-git-repository,3.12.10,macOS-26.6.2-arm64-arm-64bit,2.5.2,42,cpu,opencv_yunet,landmark,insightface,spectral,dct,0.16,2026-09-02T04:14:05.967125+00:00
watermark_robustness,jim_furyk_5.png,resize_50,resize,{'scale': 0.5},True,0.395833,0.984375,906dc04e,True,False,35.924,0.904535,35.5104,0.1.0,not-a-git-repository,3.12.10,macOS-26.6.2-arm64-arm-64bit,2.5.2,42,cpu,opencv_yunet,landmark,insightface,spectral,dct,0.16,2026-09-02T04:14:05.967125+00:00
watermark_robustness,jim_furyk_5.png,resize_25,resize,{'scale': 0.25},False,0.546875,0.515625,,False,False,35.924,0.904535,29.7883,0.1.0,not-a-git-repository,3.12.10,macOS-26.6.2-arm64-arm-64bit,2.5.2,42,cpu,opencv_yunet,landmark,insightface,spectral,dct,0.16,2026-09-02T04:14:05.967125+00:00
watermark_robustness,jim_furyk_5.png,crop_10,crop,{'ratio': 0.1},True,1.0,0.578125,906dc04e,True,False,35.924,0.904535,13.3945,0.1.0,not-a-git-repository,3.12.10,macOS-26.6.2-arm64-arm-64bit,2.5.2,42,cpu,opencv_yunet,landmark,insightface,spectral,dct,0.16,2026-09-02T04:14:05.967125+00:00
watermark_robustness,jim_furyk_5.png,crop_30,crop,{'ratio': 0.3},False,0.5,0.5,,False,False,35.924,0.904535,11.4787,0.1.0,not-a-git-repository,3.12.10,macOS-26.6.2-arm64-arm-64bit,2.5.2,42,cpu,opencv_yunet,landmark,insightface,spectral,dct,0.16,2026-09-02T04:14:05.967125+00:00
watermark_robustness,jim_furyk_5.png,rotate_5,rotation,{'degrees': 5},False,0.570312,0.484375,,False,False,35.924,0.904535,16.6949,0.1.0,not-a-git-repository,3.12.10,macOS-26.6.2-arm64-arm-64bit,2.5.2,42,cpu,opencv_yunet,landmark,insightface,spectral,dct,0.16,2026-09-02T04:14:05.967125+00:00
watermark_robustness,jim_furyk_5.png,blur_1,blur,{'sigma': 1.0},True,0.996094,1.0,906dc04e,True,False,35.924,0.904535,33.8871,0.1.0,not-a-git-repository,3.12.10,macOS-26.6.2-arm64-arm-64bit,2.5.2,42,cpu,opencv_yunet,landmark,insightface,spectral,dct,0.16,2026-09-02T04:14:05.967125+00:00
watermark_robustness,jim_furyk_5.png,noise_5,noise,{'sigma': 5.0},True,1.0,1.0,906dc04e,True,False,35.924,0.904535,34.1364,0.1.0,not-a-git-repository,3.12.10,macOS-26.6.2-arm64-arm-64bit,2.5.2,42,cpu,opencv_yunet,landmark,insightface,spectral,dct,0.16,2026-09-02T04:14:05.967125+00:00
watermark_robustness,jim_furyk_5.png,brightness_up,brightness,{'factor': 1.2},True,0.935547,1.0,906dc04e,True,False,35.924,0.904535,22.7303,0.1.0,not-a-git-repository,3.12.10,macOS-26.6.2-arm64-arm-64bit,2.5.2,42,cpu,opencv_yunet,landmark,insightface,spectral,dct,0.16,2026-09-02T04:14:05.967125+00:00
watermark_robustness,jim_furyk_5.png,contrast_down,contrast,{'factor': 0.8},True,1.0,1.0,906dc04e,True,False,35.924,0.904535,26.0436,0.1.0,not-a-git-repository,3.12.10,macOS-26.6.2-arm64-arm-64bit,2.5.2,42,cpu,opencv_yunet,landmark,insightface,spectral,dct,0.16,2026-09-02T04:14:05.967125+00:00
watermark_robustness,jim_furyk_5.png,webp_q80,webp,{'quality': 80},True,1.0,1.0,906dc04e,True,False,35.924,0.904535,37.3584,0.1.0,not-a-git-repository,3.12.10,macOS-26.6.2-arm64-arm-64bit,2.5.2,42,cpu,opencv_yunet,landmark,insightface,spectral,dct,0.16,2026-09-02T04:14:05.967125+00:00
watermark_robustness,jim_furyk_5.png,screenshot,screenshot_simulation,"{'scale': 0.9, 'quality': 85}",True,1.0,1.0,906dc04e,True,False,35.924,0.904535,41.3812,0.1.0,not-a-git-repository,3.12.10,macOS-26.6.2-arm64-arm-64bit,2.5.2,42,cpu,opencv_yunet,landmark,insightface,spectral,dct,0.16,2026-09-02T04:14:05.967125+00:00
watermark_robustness,john_allen_muhammad_0.png,jpeg_q90,jpeg_compression,{'quality': 90},True,1.0,1.0,2f4a0d5f,True,False,35.9558,0.894184,44.8918,0.1.0,not-a-git-repository,3.12.10,macOS-26.6.2-arm64-arm-64bit,2.5.2,42,cpu,opencv_yunet,landmark,insightface,spectral,dct,0.16,2026-09-02T04:14:05.967125+00:00
watermark_robustness,john_allen_muhammad_0.png,jpeg_q70,jpeg_compression,{'quality': 70},True,0.994141,1.0,2f4a0d5f,True,False,35.9558,0.894184,38.2474,0.1.0,not-a-git-repository,3.12.10,macOS-26.6.2-arm64-arm-64bit,2.5.2,42,cpu,opencv_yunet,landmark,insightface,spectral,dct,0.16,2026-09-02T04:14:05.967125+00:00
watermark_robustness,john_allen_muhammad_0.png,jpeg_q50,jpeg_compression,{'quality': 50},False,0.539062,0.453125,,False,False,35.9558,0.894184,34.8762,0.1.0,not-a-git-repository,3.12.10,macOS-26.6.2-arm64-arm-64bit,2.5.2,42,cpu,opencv_yunet,landmark,insightface,spectral,dct,0.16,2026-09-02T04:14:05.967125+00:00
watermark_robustness,john_allen_muhammad_0.png,resize_75,resize,{'scale': 0.75},True,1.0,1.0,2f4a0d5f,True,False,35.9558,0.894184,43.2369,0.1.0,not-a-git-repository,3.12.10,macOS-26.6.2-arm64-arm-64bit,2.5.2,42,cpu,opencv_yunet,landmark,insightface,spectral,dct,0.16,2026-09-02T04:14:05.967125+00:00
watermark_robustness,john_allen_muhammad_0.png,resize_50,resize,{'scale': 0.5},False,0.902995,0.9375,,False,False,35.9558,0.894184,36.8014,0.1.0,not-a-git-repository,3.12.10,macOS-26.6.2-arm64-arm-64bit,2.5.2,42,cpu,opencv_yunet,landmark,insightface,spectral,dct,0.16,2026-09-02T04:14:05.967125+00:00
watermark_robustness,john_allen_muhammad_0.png,resize_25,resize,{'scale': 0.25},False,0.546875,0.421875,,False,False,35.9558,0.894184,34.0184,0.1.0,not-a-git-repository,3.12.10,macOS-26.6.2-arm64-arm-64bit,2.5.2,42,cpu,opencv_yunet,landmark,insightface,spectral,dct,0.16,2026-09-02T04:14:05.967125+00:00
watermark_robustness,john_allen_muhammad_0.png,crop_10,crop,{'ratio': 0.1},True,1.0,0.4375,2f4a0d5f,True,False,35.9558,0.894184,14.8411,0.1.0,not-a-git-repository,3.12.10,macOS-26.6.2-arm64-arm-64bit,2.5.2,42,cpu,opencv_yunet,landmark,insightface,spectral,dct,0.16,2026-09-02T04:14:05.967125+00:00
watermark_robustness,john_allen_muhammad_0.png,crop_30,crop,{'ratio': 0.3},False,0.515625,0.5,,False,False,35.9558,0.894184,12.8195,0.1.0,not-a-git-repository,3.12.10,macOS-26.6.2-arm64-arm-64bit,2.5.2,42,cpu,opencv_yunet,landmark,insightface,spectral,dct,0.16,2026-09-02T04:14:05.967125+00:00
watermark_robustness,john_allen_muhammad_0.png,rotate_5,rotation,{'degrees': 5},False,0.546875,0.484375,,False,False,35.9558,0.894184,17.1795,0.1.0,not-a-git-repository,3.12.10,macOS-26.6.2-arm64-arm-64bit,2.5.2,42,cpu,opencv_yunet,landmark,insightface,spectral,dct,0.16,2026-09-02T04:14:05.967125+00:00
watermark_robustness,john_allen_muhammad_0.png,blur_1,blur,{'sigma': 1.0},True,1.0,1.0,2f4a0d5f,True,False,35.9558,0.894184,36.9069,0.1.0,not-a-git-repository,3.12.10,macOS-26.6.2-arm64-arm-64bit,2.5.2,42,cpu,opencv_yunet,landmark,insightface,spectral,dct,0.16,2026-09-02T04:14:05.967125+00:00
watermark_robustness,john_allen_muhammad_0.png,noise_5,noise,{'sigma': 5.0},True,1.0,1.0,2f4a0d5f,True,False,35.9558,0.894184,34.1343,0.1.0,not-a-git-repository,3.12.10,macOS-26.6.2-arm64-arm-64bit,2.5.2,42,cpu,opencv_yunet,landmark,insightface,spectral,dct,0.16,2026-09-02T04:14:05.967125+00:00
watermark_robustness,john_allen_muhammad_0.png,brightness_up,brightness,{'factor': 1.2},True,0.998047,1.0,2f4a0d5f,True,False,35.9558,0.894184,21.9233,0.1.0,not-a-git-repository,3.12.10,macOS-26.6.2-arm64-arm-64bit,2.5.2,42,cpu,opencv_yunet,landmark,insightface,spectral,dct,0.16,2026-09-02T04:14:05.967125+00:00
watermark_robustness,john_allen_muhammad_0.png,contrast_down,contrast,{'factor': 0.8},True,1.0,1.0,2f4a0d5f,True,False,35.9558,0.894184,27.0798,0.1.0,not-a-git-repository,3.12.10,macOS-26.6.2-arm64-arm-64bit,2.5.2,42,cpu,opencv_yunet,landmark,insightface,spectral,dct,0.16,2026-09-02T04:14:05.967125+00:00
watermark_robustness,john_allen_muhammad_0.png,webp_q80,webp,{'quality': 80},True,0.994141,1.0,2f4a0d5f,True,False,35.9558,0.894184,37.4405,0.1.0,not-a-git-repository,3.12.10,macOS-26.6.2-arm64-arm-64bit,2.5.2,42,cpu,opencv_yunet,landmark,insightface,spectral,dct,0.16,2026-09-02T04:14:05.967125+00:00
watermark_robustness,john_allen_muhammad_0.png,screenshot,screenshot_simulation,"{'scale': 0.9, 'quality': 85}",True,0.992188,1.0,2f4a0d5f,True,False,35.9558,0.894184,42.5088,0.1.0,not-a-git-repository,3.12.10,macOS-26.6.2-arm64-arm-64bit,2.5.2,42,cpu,opencv_yunet,landmark,insightface,spectral,dct,0.16,2026-09-02T04:14:05.967125+00:00
watermark_robustness,john_allen_muhammad_1.png,jpeg_q90,jpeg_compression,{'quality': 90},True,1.0,1.0,d193d80a,True,False,36.2428,0.901413,44.5483,0.1.0,not-a-git-repository,3.12.10,macOS-26.6.2-arm64-arm-64bit,2.5.2,42,cpu,opencv_yunet,landmark,insightface,spectral,dct,0.16,2026-09-02T04:14:05.967125+00:00
watermark_robustness,john_allen_muhammad_1.png,jpeg_q70,jpeg_compression,{'quality': 70},True,0.90625,1.0,d193d80a,True,False,36.2428,0.901413,37.9023,0.1.0,not-a-git-repository,3.12.10,macOS-26.6.2-arm64-arm-64bit,2.5.2,42,cpu,opencv_yunet,landmark,insightface,spectral,dct,0.16,2026-09-02T04:14:05.967125+00:00
watermark_robustness,john_allen_muhammad_1.png,jpeg_q50,jpeg_compression,{'quality': 50},False,0.5,0.59375,,False,False,36.2428,0.901413,34.7044,0.1.0,not-a-git-repository,3.12.10,macOS-26.6.2-arm64-arm-64bit,2.5.2,42,cpu,opencv_yunet,landmark,insightface,spectral,dct,0.16,2026-09-02T04:14:05.967125+00:00
watermark_robustness,john_allen_muhammad_1.png,resize_75,resize,{'scale': 0.75},True,1.0,1.0,d193d80a,True,False,36.2428,0.901413,32.4362,0.1.0,not-a-git-repository,3.12.10,macOS-26.6.2-arm64-arm-64bit,2.5.2,42,cpu,opencv_yunet,landmark,insightface,spectral,dct,0.16,2026-09-02T04:14:05.967125+00:00
watermark_robustness,john_allen_muhammad_1.png,resize_50,resize,{'scale': 0.5},True,0.189724,0.953125,d193d80a,True,False,36.2428,0.901413,28.6019,0.1.0,not-a-git-repository,3.12.10,macOS-26.6.2-arm64-arm-64bit,2.5.2,42,cpu,opencv_yunet,landmark,insightface,spectral,dct,0.16,2026-09-02T04:14:05.967125+00:00
watermark_robustness,john_allen_muhammad_1.png,resize_25,resize,{'scale': 0.25},False,0.53125,0.546875,,False,False,36.2428,0.901413,24.9588,0.1.0,not-a-git-repository,3.12.10,macOS-26.6.2-arm64-arm-64bit,2.5.2,42,cpu,opencv_yunet,landmark,insightface,spectral,dct,0.16,2026-09-02T04:14:05.967125+00:00
watermark_robustness,john_allen_muhammad_1.png,crop_10,crop,{'ratio': 0.1},True,1.0,0.40625,d193d80a,True,False,36.2428,0.901413,7.8192,0.1.0,not-a-git-repository,3.12.10,macOS-26.6.2-arm64-arm-64bit,2.5.2,42,cpu,opencv_yunet,landmark,insightface,spectral,dct,0.16,2026-09-02T04:14:05.967125+00:00
watermark_robustness,john_allen_muhammad_1.png,crop_30,crop,{'ratio': 0.3},False,0.515625,0.53125,,False,False,36.2428,0.901413,7.1056,0.1.0,not-a-git-repository,3.12.10,macOS-26.6.2-arm64-arm-64bit,2.5.2,42,cpu,opencv_yunet,landmark,insightface,spectral,dct,0.16,2026-09-02T04:14:05.967125+00:00
watermark_robustness,john_allen_muhammad_1.png,rotate_5,rotation,{'degrees': 5},False,0.53125,0.59375,,False,False,36.2428,0.901413,12.6288,0.1.0,not-a-git-repository,3.12.10,macOS-26.6.2-arm64-arm-64bit,2.5.2,42,cpu,opencv_yunet,landmark,insightface,spectral,dct,0.16,2026-09-02T04:14:05.967125+00:00
watermark_robustness,john_allen_muhammad_1.png,blur_1,blur,{'sigma': 1.0},True,1.0,1.0,d193d80a,True,False,36.2428,0.901413,28.4775,0.1.0,not-a-git-repository,3.12.10,macOS-26.6.2-arm64-arm-64bit,2.5.2,42,cpu,opencv_yunet,landmark,insightface,spectral,dct,0.16,2026-09-02T04:14:05.967125+00:00
watermark_robustness,john_allen_muhammad_1.png,noise_5,noise,{'sigma': 5.0},True,1.0,1.0,d193d80a,True,False,36.2428,0.901413,34.3982,0.1.0,not-a-git-repository,3.12.10,macOS-26.6.2-arm64-arm-64bit,2.5.2,42,cpu,opencv_yunet,landmark,insightface,spectral,dct,0.16,2026-09-02T04:14:05.967125+00:00
watermark_robustness,john_allen_muhammad_1.png,brightness_up,brightness,{'factor': 1.2},True,0.768229,1.0,d193d80a,True,False,36.2428,0.901413,22.6333,0.1.0,not-a-git-repository,3.12.10,macOS-26.6.2-arm64-arm-64bit,2.5.2,42,cpu,opencv_yunet,landmark,insightface,spectral,dct,0.16,2026-09-02T04:14:05.967125+00:00
watermark_robustness,john_allen_muhammad_1.png,contrast_down,contrast,{'factor': 0.8},True,1.0,1.0,d193d80a,True,False,36.2428,0.901413,23.0984,0.1.0,not-a-git-repository,3.12.10,macOS-26.6.2-arm64-arm-64bit,2.5.2,42,cpu,opencv_yunet,landmark,insightface,spectral,dct,0.16,2026-09-02T04:14:05.967125+00:00
watermark_robustness,john_allen_muhammad_1.png,webp_q80,webp,{'quality': 80},True,0.945312,1.0,d193d80a,True,False,36.2428,0.901413,37.516,0.1.0,not-a-git-repository,3.12.10,macOS-26.6.2-arm64-arm-64bit,2.5.2,42,cpu,opencv_yunet,landmark,insightface,spectral,dct,0.16,2026-09-02T04:14:05.967125+00:00
watermark_robustness,john_allen_muhammad_1.png,screenshot,screenshot_simulation,"{'scale': 0.9, 'quality': 85}",True,0.961589,1.0,d193d80a,True,False,36.2428,0.901413,33.836,0.1.0,not-a-git-repository,3.12.10,macOS-26.6.2-arm64-arm-64bit,2.5.2,42,cpu,opencv_yunet,landmark,insightface,spectral,dct,0.16,2026-09-02T04:14:05.967125+00:00
watermark_robustness,john_allen_muhammad_2.png,jpeg_q90,jpeg_compression,{'quality': 90},True,0.998047,1.0,e3b13146,True,False,36.2178,0.9203,41.8296,0.1.0,not-a-git-repository,3.12.10,macOS-26.6.2-arm64-arm-64bit,2.5.2,42,cpu,opencv_yunet,landmark,insightface,spectral,dct,0.16,2026-09-02T04:14:05.967125+00:00
watermark_robustness,john_allen_muhammad_2.png,jpeg_q70,jpeg_compression,{'quality': 70},True,0.942708,1.0,e3b13146,True,False,36.2178,0.9203,36.0871,0.1.0,not-a-git-repository,3.12.10,macOS-26.6.2-arm64-arm-64bit,2.5.2,42,cpu,opencv_yunet,landmark,insightface,spectral,dct,0.16,2026-09-02T04:14:05.967125+00:00
watermark_robustness,john_allen_muhammad_2.png,jpeg_q50,jpeg_compression,{'quality': 50},False,0.5625,0.53125,,False,False,36.2178,0.9203,33.1432,0.1.0,not-a-git-repository,3.12.10,macOS-26.6.2-arm64-arm-64bit,2.5.2,42,cpu,opencv_yunet,landmark,insightface,spectral,dct,0.16,2026-09-02T04:14:05.967125+00:00
watermark_robustness,john_allen_muhammad_2.png,resize_75,resize,{'scale': 0.75},True,0.998047,1.0,e3b13146,True,False,36.2178,0.9203,33.7895,0.1.0,not-a-git-repository,3.12.10,macOS-26.6.2-arm64-arm-64bit,2.5.2,42,cpu,opencv_yunet,landmark,insightface,spectral,dct,0.16,2026-09-02T04:14:05.967125+00:00
watermark_robustness,john_allen_muhammad_2.png,resize_50,resize,{'scale': 0.5},False,0.757595,0.9375,,False,False,36.2178,0.9203,29.8935,0.1.0,not-a-git-repository,3.12.10,macOS-26.6.2-arm64-arm-64bit,2.5.2,42,cpu,opencv_yunet,landmark,insightface,spectral,dct,0.16,2026-09-02T04:14:05.967125+00:00
watermark_robustness,john_allen_muhammad_2.png,resize_25,resize,{'scale': 0.25},False,0.5,0.421875,,False,False,36.2178,0.9203,25.8684,0.1.0,not-a-git-repository,3.12.10,macOS-26.6.2-arm64-arm-64bit,2.5.2,42,cpu,opencv_yunet,landmark,insightface,spectral,dct,0.16,2026-09-02T04:14:05.967125+00:00
watermark_robustness,john_allen_muhammad_2.png,crop_10,crop,{'ratio': 0.1},True,1.0,0.59375,e3b13146,True,False,36.2178,0.9203,10.5465,0.1.0,not-a-git-repository,3.12.10,macOS-26.6.2-arm64-arm-64bit,2.5.2,42,cpu,opencv_yunet,landmark,insightface,spectral,dct,0.16,2026-09-02T04:14:05.967125+00:00
watermark_robustness,john_allen_muhammad_2.png,crop_30,crop,{'ratio': 0.3},False,0.554688,0.421875,,False,False,36.2178,0.9203,8.4083,0.1.0,not-a-git-repository,3.12.10,macOS-26.6.2-arm64-arm-64bit,2.5.2,42,cpu,opencv_yunet,landmark,insightface,spectral,dct,0.16,2026-09-02T04:14:05.967125+00:00
watermark_robustness,john_allen_muhammad_2.png,rotate_5,rotation,{'degrees': 5},False,0.5625,0.484375,,False,False,36.2178,0.9203,14.9022,0.1.0,not-a-git-repository,3.12.10,macOS-26.6.2-arm64-arm-64bit,2.5.2,42,cpu,opencv_yunet,landmark,insightface,spectral,dct,0.16,2026-09-02T04:14:05.967125+00:00
watermark_robustness,john_allen_muhammad_2.png,blur_1,blur,{'sigma': 1.0},True,1.0,1.0,e3b13146,True,False,36.2178,0.9203,29.7159,0.1.0,not-a-git-repository,3.12.10,macOS-26.6.2-arm64-arm-64bit,2.5.2,42,cpu,opencv_yunet,landmark,insightface,spectral,dct,0.16,2026-09-02T04:14:05.967125+00:00
watermark_robustness,john_allen_muhammad_2.png,noise_5,noise,{'sigma': 5.0},True,0.998047,1.0,e3b13146,True,False,36.2178,0.9203,34.3856,0.1.0,not-a-git-repository,3.12.10,macOS-26.6.2-arm64-arm-64bit,2.5.2,42,cpu,opencv_yunet,landmark,insightface,spectral,dct,0.16,2026-09-02T04:14:05.967125+00:00
watermark_robustness,john_allen_muhammad_2.png,brightness_up,brightness,{'factor': 1.2},True,0.852865,1.0,e3b13146,True,False,36.2178,0.9203,22.5537,0.1.0,not-a-git-repository,3.12.10,macOS-26.6.2-arm64-arm-64bit,2.5.2,42,cpu,opencv_yunet,landmark,insightface,spectral,dct,0.16,2026-09-02T04:14:05.967125+00:00
watermark_robustness,john_allen_muhammad_2.png,contrast_down,contrast,{'factor': 0.8},True,1.0,1.0,e3b13146,True,False,36.2178,0.9203,23.9266,0.1.0,not-a-git-repository,3.12.10,macOS-26.6.2-arm64-arm-64bit,2.5.2,42,cpu,opencv_yunet,landmark,insightface,spectral,dct,0.16,2026-09-02T04:14:05.967125+00:00
watermark_robustness,john_allen_muhammad_2.png,webp_q80,webp,{'quality': 80},True,0.978516,1.0,e3b13146,True,False,36.2178,0.9203,36.6869,0.1.0,not-a-git-repository,3.12.10,macOS-26.6.2-arm64-arm-64bit,2.5.2,42,cpu,opencv_yunet,landmark,insightface,spectral,dct,0.16,2026-09-02T04:14:05.967125+00:00
watermark_robustness,john_allen_muhammad_2.png,screenshot,screenshot_simulation,"{'scale': 0.9, 'quality': 85}",True,0.984375,1.0,e3b13146,True,False,36.2178,0.9203,35.6243,0.1.0,not-a-git-repository,3.12.10,macOS-26.6.2-arm64-arm-64bit,2.5.2,42,cpu,opencv_yunet,landmark,insightface,spectral,dct,0.16,2026-09-02T04:14:05.967125+00:00
watermark_robustness,john_allen_muhammad_3.png,jpeg_q90,jpeg_compression,{'quality': 90},True,1.0,1.0,8d8e489e,True,False,36.0525,0.907294,44.9768,0.1.0,not-a-git-repository,3.12.10,macOS-26.6.2-arm64-arm-64bit,2.5.2,42,cpu,opencv_yunet,landmark,insightface,spectral,dct,0.16,2026-09-02T04:14:05.967125+00:00
watermark_robustness,john_allen_muhammad_3.png,jpeg_q70,jpeg_compression,{'quality': 70},True,0.949219,1.0,8d8e489e,True,False,36.0525,0.907294,38.4223,0.1.0,not-a-git-repository,3.12.10,macOS-26.6.2-arm64-arm-64bit,2.5.2,42,cpu,opencv_yunet,landmark,insightface,spectral,dct,0.16,2026-09-02T04:14:05.967125+00:00
watermark_robustness,john_allen_muhammad_3.png,jpeg_q50,jpeg_compression,{'quality': 50},False,0.625,0.484375,,False,False,36.0525,0.907294,35.0754,0.1.0,not-a-git-repository,3.12.10,macOS-26.6.2-arm64-arm-64bit,2.5.2,42,cpu,opencv_yunet,landmark,insightface,spectral,dct,0.16,2026-09-02T04:14:05.967125+00:00
watermark_robustness,john_allen_muhammad_3.png,resize_75,resize,{'scale': 0.75},True,1.0,1.0,8d8e489e,True,False,36.0525,0.907294,43.5067,0.1.0,not-a-git-repository,3.12.10,macOS-26.6.2-arm64-arm-64bit,2.5.2,42,cpu,opencv_yunet,landmark,insightface,spectral,dct,0.16,2026-09-02T04:14:05.967125+00:00
watermark_robustness,john_allen_muhammad_3.png,resize_50,resize,{'scale': 0.5},True,0.122117,0.90625,8d8e489e,True,False,36.0525,0.907294,37.1409,0.1.0,not-a-git-repository,3.12.10,macOS-26.6.2-arm64-arm-64bit,2.5.2,42,cpu,opencv_yunet,landmark,insightface,spectral,dct,0.16,2026-09-02T04:14:05.967125+00:00
watermark_robustness,john_allen_muhammad_3.png,resize_25,resize,{'scale': 0.25},False,0.546875,0.578125,,False,False,36.0525,0.907294,35.4865,0.1.0,not-a-git-repository,3.12.10,macOS-26.6.2-arm64-arm-64bit,2.5.2,42,cpu,opencv_yunet,landmark,insightface,spectral,dct,0.16,2026-09-02T04:14:05.967125+00:00
watermark_robustness,john_allen_muhammad_3.png,crop_10,crop,{'ratio': 0.1},True,1.0,0.515625,8d8e489e,True,False,36.0525,0.907294,13.1042,0.1.0,not-a-git-repository,3.12.10,macOS-26.6.2-arm64-arm-64bit,2.5.2,42,cpu,opencv_yunet,landmark,insightface,spectral,dct,0.16,2026-09-02T04:14:05.967125+00:00
watermark_robustness,john_allen_muhammad_3.png,crop_30,crop,{'ratio': 0.3},False,0.578125,0.421875,,False,False,36.0525,0.907294,8.207,0.1.0,not-a-git-repository,3.12.10,macOS-26.6.2-arm64-arm-64bit,2.5.2,42,cpu,opencv_yunet,landmark,insightface,spectral,dct,0.16,2026-09-02T04:14:05.967125+00:00
watermark_robustness,john_allen_muhammad_3.png,rotate_5,rotation,{'degrees': 5},False,0.546875,0.515625,,False,False,36.0525,0.907294,15.2016,0.1.0,not-a-git-repository,3.12.10,macOS-26.6.2-arm64-arm-64bit,2.5.2,42,cpu,opencv_yunet,landmark,insightface,spectral,dct,0.16,2026-09-02T04:14:05.967125+00:00
watermark_robustness,john_allen_muhammad_3.png,blur_1,blur,{'sigma': 1.0},True,1.0,1.0,8d8e489e,True,False,36.0525,0.907294,37.6082,0.1.0,not-a-git-repository,3.12.10,macOS-26.6.2-arm64-arm-64bit,2.5.2,42,cpu,opencv_yunet,landmark,insightface,spectral,dct,0.16,2026-09-02T04:14:05.967125+00:00
watermark_robustness,john_allen_muhammad_3.png,noise_5,noise,{'sigma': 5.0},True,1.0,1.0,8d8e489e,True,False,36.0525,0.907294,34.3254,0.1.0,not-a-git-repository,3.12.10,macOS-26.6.2-arm64-arm-64bit,2.5.2,42,cpu,opencv_yunet,landmark,insightface,spectral,dct,0.16,2026-09-02T04:14:05.967125+00:00
watermark_robustness,john_allen_muhammad_3.png,brightness_up,brightness,{'factor': 1.2},True,0.842448,1.0,8d8e489e,True,False,36.0525,0.907294,22.5703,0.1.0,not-a-git-repository,3.12.10,macOS-26.6.2-arm64-arm-64bit,2.5.2,42,cpu,opencv_yunet,landmark,insightface,spectral,dct,0.16,2026-09-02T04:14:05.967125+00:00
watermark_robustness,john_allen_muhammad_3.png,contrast_down,contrast,{'factor': 0.8},True,1.0,1.0,8d8e489e,True,False,36.0525,0.907294,23.4868,0.1.0,not-a-git-repository,3.12.10,macOS-26.6.2-arm64-arm-64bit,2.5.2,42,cpu,opencv_yunet,landmark,insightface,spectral,dct,0.16,2026-09-02T04:14:05.967125+00:00
watermark_robustness,john_allen_muhammad_3.png,webp_q80,webp,{'quality': 80},True,0.995443,1.0,8d8e489e,True,False,36.0525,0.907294,37.2504,0.1.0,not-a-git-repository,3.12.10,macOS-26.6.2-arm64-arm-64bit,2.5.2,42,cpu,opencv_yunet,landmark,insightface,spectral,dct,0.16,2026-09-02T04:14:05.967125+00:00
watermark_robustness,john_allen_muhammad_3.png,screenshot,screenshot_simulation,"{'scale': 0.9, 'quality': 85}",True,1.0,1.0,8d8e489e,True,False,36.0525,0.907294,42.9328,0.1.0,not-a-git-repository,3.12.10,macOS-26.6.2-arm64-arm-64bit,2.5.2,42,cpu,opencv_yunet,landmark,insightface,spectral,dct,0.16,2026-09-02T04:14:05.967125+00:00
watermark_robustness,john_allen_muhammad_4.png,jpeg_q90,jpeg_compression,{'quality': 90},True,1.0,1.0,ae1ecbc5,True,False,36.1149,0.901969,42.8375,0.1.0,not-a-git-repository,3.12.10,macOS-26.6.2-arm64-arm-64bit,2.5.2,42,cpu,opencv_yunet,landmark,insightface,spectral,dct,0.16,2026-09-02T04:14:05.967125+00:00
watermark_robustness,john_allen_muhammad_4.png,jpeg_q70,jpeg_compression,{'quality': 70},True,0.933594,1.0,ae1ecbc5,True,False,36.1149,0.901969,37.1488,0.1.0,not-a-git-repository,3.12.10,macOS-26.6.2-arm64-arm-64bit,2.5.2,42,cpu,opencv_yunet,landmark,insightface,spectral,dct,0.16,2026-09-02T04:14:05.967125+00:00
watermark_robustness,john_allen_muhammad_4.png,jpeg_q50,jpeg_compression,{'quality': 50},False,0.507812,0.421875,,False,False,36.1149,0.901969,34.1314,0.1.0,not-a-git-repository,3.12.10,macOS-26.6.2-arm64-arm-64bit,2.5.2,42,cpu,opencv_yunet,landmark,insightface,spectral,dct,0.16,2026-09-02T04:14:05.967125+00:00
watermark_robustness,john_allen_muhammad_4.png,resize_75,resize,{'scale': 0.75},True,1.0,1.0,ae1ecbc5,True,False,36.1149,0.901969,41.6774,0.1.0,not-a-git-repository,3.12.10,macOS-26.6.2-arm64-arm-64bit,2.5.2,42,cpu,opencv_yunet,landmark,insightface,spectral,dct,0.16,2026-09-02T04:14:05.967125+00:00
watermark_robustness,john_allen_muhammad_4.png,resize_50,resize,{'scale': 0.5},True,0.278429,0.96875,ae1ecbc5,True,False,36.1149,0.901969,35.7898,0.1.0,not-a-git-repository,3.12.10,macOS-26.6.2-arm64-arm-64bit,2.5.2,42,cpu,opencv_yunet,landmark,insightface,spectral,dct,0.16,2026-09-02T04:14:05.967125+00:00
watermark_robustness,john_allen_muhammad_4.png,resize_25,resize,{'scale': 0.25},False,0.546875,0.5625,,False,False,36.1149,0.901969,32.1164,0.1.0,not-a-git-repository,3.12.10,macOS-26.6.2-arm64-arm-64bit,2.5.2,42,cpu,opencv_yunet,landmark,insightface,spectral,dct,0.16,2026-09-02T04:14:05.967125+00:00
watermark_robustness,john_allen_muhammad_4.png,crop_10,crop,{'ratio': 0.1},True,1.0,0.53125,ae1ecbc5,True,False,36.1149,0.901969,14.4494,0.1.0,not-a-git-repository,3.12.10,macOS-26.6.2-arm64-arm-64bit,2.5.2,42,cpu,opencv_yunet,landmark,insightface,spectral,dct,0.16,2026-09-02T04:14:05.967125+00:00
watermark_robustness,john_allen_muhammad_4.png,crop_30,crop,{'ratio': 0.3},False,0.539062,0.625,,False,False,36.1149,0.901969,11.8288,0.1.0,not-a-git-repository,3.12.10,macOS-26.6.2-arm64-arm-64bit,2.5.2,42,cpu,opencv_yunet,landmark,insightface,spectral,dct,0.16,2026-09-02T04:14:05.967125+00:00
watermark_robustness,john_allen_muhammad_4.png,rotate_5,rotation,{'degrees': 5},False,0.5625,0.4375,,False,False,36.1149,0.901969,16.9831,0.1.0,not-a-git-repository,3.12.10,macOS-26.6.2-arm64-arm-64bit,2.5.2,42,cpu,opencv_yunet,landmark,insightface,spectral,dct,0.16,2026-09-02T04:14:05.967125+00:00
watermark_robustness,john_allen_muhammad_4.png,blur_1,blur,{'sigma': 1.0},True,1.0,1.0,ae1ecbc5,True,False,36.1149,0.901969,35.5916,0.1.0,not-a-git-repository,3.12.10,macOS-26.6.2-arm64-arm-64bit,2.5.2,42,cpu,opencv_yunet,landmark,insightface,spectral,dct,0.16,2026-09-02T04:14:05.967125+00:00
watermark_robustness,john_allen_muhammad_4.png,noise_5,noise,{'sigma': 5.0},True,1.0,1.0,ae1ecbc5,True,False,36.1149,0.901969,34.2486,0.1.0,not-a-git-repository,3.12.10,macOS-26.6.2-arm64-arm-64bit,2.5.2,42,cpu,opencv_yunet,landmark,insightface,spectral,dct,0.16,2026-09-02T04:14:05.967125+00:00
watermark_robustness,john_allen_muhammad_4.png,brightness_up,brightness,{'factor': 1.2},True,1.0,1.0,ae1ecbc5,True,False,36.1149,0.901969,23.3454,0.1.0,not-a-git-repository,3.12.10,macOS-26.6.2-arm64-arm-64bit,2.5.2,42,cpu,opencv_yunet,landmark,insightface,spectral,dct,0.16,2026-09-02T04:14:05.967125+00:00
watermark_robustness,john_allen_muhammad_4.png,contrast_down,contrast,{'factor': 0.8},True,1.0,1.0,ae1ecbc5,True,False,36.1149,0.901969,26.9703,0.1.0,not-a-git-repository,3.12.10,macOS-26.6.2-arm64-arm-64bit,2.5.2,42,cpu,opencv_yunet,landmark,insightface,spectral,dct,0.16,2026-09-02T04:14:05.967125+00:00
watermark_robustness,john_allen_muhammad_4.png,webp_q80,webp,{'quality': 80},True,0.976562,1.0,ae1ecbc5,True,False,36.1149,0.901969,36.8509,0.1.0,not-a-git-repository,3.12.10,macOS-26.6.2-arm64-arm-64bit,2.5.2,42,cpu,opencv_yunet,landmark,insightface,spectral,dct,0.16,2026-09-02T04:14:05.967125+00:00
watermark_robustness,john_allen_muhammad_4.png,screenshot,screenshot_simulation,"{'scale': 0.9, 'quality': 85}",True,0.967448,1.0,ae1ecbc5,True,False,36.1149,0.901969,39.9904,0.1.0,not-a-git-repository,3.12.10,macOS-26.6.2-arm64-arm-64bit,2.5.2,42,cpu,opencv_yunet,landmark,insightface,spectral,dct,0.16,2026-09-02T04:14:05.967125+00:00
watermark_robustness,john_allen_muhammad_5.png,jpeg_q90,jpeg_compression,{'quality': 90},True,1.0,1.0,4e0835f9,True,False,35.9388,0.900231,43.6983,0.1.0,not-a-git-repository,3.12.10,macOS-26.6.2-arm64-arm-64bit,2.5.2,42,cpu,opencv_yunet,landmark,insightface,spectral,dct,0.16,2026-09-02T04:14:05.967125+00:00
watermark_robustness,john_allen_muhammad_5.png,jpeg_q70,jpeg_compression,{'quality': 70},True,1.0,1.0,4e0835f9,True,False,35.9388,0.900231,37.6309,0.1.0,not-a-git-repository,3.12.10,macOS-26.6.2-arm64-arm-64bit,2.5.2,42,cpu,opencv_yunet,landmark,insightface,spectral,dct,0.16,2026-09-02T04:14:05.967125+00:00
watermark_robustness,john_allen_muhammad_5.png,jpeg_q50,jpeg_compression,{'quality': 50},False,0.546875,0.546875,,False,False,35.9388,0.900231,34.3033,0.1.0,not-a-git-repository,3.12.10,macOS-26.6.2-arm64-arm-64bit,2.5.2,42,cpu,opencv_yunet,landmark,insightface,spectral,dct,0.16,2026-09-02T04:14:05.967125+00:00
watermark_robustness,john_allen_muhammad_5.png,resize_75,resize,{'scale': 0.75},True,1.0,1.0,4e0835f9,True,False,35.9388,0.900231,42.2838,0.1.0,not-a-git-repository,3.12.10,macOS-26.6.2-arm64-arm-64bit,2.5.2,42,cpu,opencv_yunet,landmark,insightface,spectral,dct,0.16,2026-09-02T04:14:05.967125+00:00
watermark_robustness,john_allen_muhammad_5.png,resize_50,resize,{'scale': 0.5},True,0.22998,0.953125,4e0835f9,True,False,35.9388,0.900231,36.4232,0.1.0,not-a-git-repository,3.12.10,macOS-26.6.2-arm64-arm-64bit,2.5.2,42,cpu,opencv_yunet,landmark,insightface,spectral,dct,0.16,2026-09-02T04:14:05.967125+00:00
watermark_robustness,john_allen_muhammad_5.png,resize_25,resize,{'scale': 0.25},False,0.546875,0.5,,False,False,35.9388,0.900231,33.1455,0.1.0,not-a-git-repository,3.12.10,macOS-26.6.2-arm64-arm-64bit,2.5.2,42,cpu,opencv_yunet,landmark,insightface,spectral,dct,0.16,2026-09-02T04:14:05.967125+00:00
watermark_robustness,john_allen_muhammad_5.png,crop_10,crop,{'ratio': 0.1},True,1.0,0.53125,4e0835f9,True,False,35.9388,0.900231,14.1431,0.1.0,not-a-git-repository,3.12.10,macOS-26.6.2-arm64-arm-64bit,2.5.2,42,cpu,opencv_yunet,landmark,insightface,spectral,dct,0.16,2026-09-02T04:14:05.967125+00:00
watermark_robustness,john_allen_muhammad_5.png,crop_30,crop,{'ratio': 0.3},False,0.5,0.5,,False,False,35.9388,0.900231,10.3001,0.1.0,not-a-git-repository,3.12.10,macOS-26.6.2-arm64-arm-64bit,2.5.2,42,cpu,opencv_yunet,landmark,insightface,spectral,dct,0.16,2026-09-02T04:14:05.967125+00:00
watermark_robustness,john_allen_muhammad_5.png,rotate_5,rotation,{'degrees': 5},False,0.523438,0.546875,,False,False,35.9388,0.900231,17.9292,0.1.0,not-a-git-repository,3.12.10,macOS-26.6.2-arm64-arm-64bit,2.5.2,42,cpu,opencv_yunet,landmark,insightface,spectral,dct,0.16,2026-09-02T04:14:05.967125+00:00
watermark_robustness,john_allen_muhammad_5.png,blur_1,blur,{'sigma': 1.0},True,1.0,1.0,4e0835f9,True,False,35.9388,0.900231,36.3353,0.1.0,not-a-git-repository,3.12.10,macOS-26.6.2-arm64-arm-64bit,2.5.2,42,cpu,opencv_yunet,landmark,insightface,spectral,dct,0.16,2026-09-02T04:14:05.967125+00:00
watermark_robustness,john_allen_muhammad_5.png,noise_5,noise,{'sigma': 5.0},True,1.0,1.0,4e0835f9,True,False,35.9388,0.900231,34.1472,0.1.0,not-a-git-repository,3.12.10,macOS-26.6.2-arm64-arm-64bit,2.5.2,42,cpu,opencv_yunet,landmark,insightface,spectral,dct,0.16,2026-09-02T04:14:05.967125+00:00
watermark_robustness,john_allen_muhammad_5.png,brightness_up,brightness,{'factor': 1.2},True,0.998047,1.0,4e0835f9,True,False,35.9388,0.900231,23.0363,0.1.0,not-a-git-repository,3.12.10,macOS-26.6.2-arm64-arm-64bit,2.5.2,42,cpu,opencv_yunet,landmark,insightface,spectral,dct,0.16,2026-09-02T04:14:05.967125+00:00
watermark_robustness,john_allen_muhammad_5.png,contrast_down,contrast,{'factor': 0.8},True,1.0,1.0,4e0835f9,True,False,35.9388,0.900231,26.9742,0.1.0,not-a-git-repository,3.12.10,macOS-26.6.2-arm64-arm-64bit,2.5.2,42,cpu,opencv_yunet,landmark,insightface,spectral,dct,0.16,2026-09-02T04:14:05.967125+00:00
watermark_robustness,john_allen_muhammad_5.png,webp_q80,webp,{'quality': 80},True,1.0,1.0,4e0835f9,True,False,35.9388,0.900231,36.9768,0.1.0,not-a-git-repository,3.12.10,macOS-26.6.2-arm64-arm-64bit,2.5.2,42,cpu,opencv_yunet,landmark,insightface,spectral,dct,0.16,2026-09-02T04:14:05.967125+00:00
watermark_robustness,john_allen_muhammad_5.png,screenshot,screenshot_simulation,"{'scale': 0.9, 'quality': 85}",True,1.0,1.0,4e0835f9,True,False,35.9388,0.900231,41.4232,0.1.0,not-a-git-repository,3.12.10,macOS-26.6.2-arm64-arm-64bit,2.5.2,42,cpu,opencv_yunet,landmark,insightface,spectral,dct,0.16,2026-09-02T04:14:05.967125+00:00
watermark_robustness,john_manley_0.png,jpeg_q90,jpeg_compression,{'quality': 90},True,1.0,1.0,e01b7b12,True,False,37.4177,0.873084,43.4242,0.1.0,not-a-git-repository,3.12.10,macOS-26.6.2-arm64-arm-64bit,2.5.2,42,cpu,opencv_yunet,landmark,insightface,spectral,dct,0.16,2026-09-02T04:14:05.967125+00:00
watermark_robustness,john_manley_0.png,jpeg_q70,jpeg_compression,{'quality': 70},True,0.555773,1.0,e01b7b12,True,False,37.4177,0.873084,37.69,0.1.0,not-a-git-repository,3.12.10,macOS-26.6.2-arm64-arm-64bit,2.5.2,42,cpu,opencv_yunet,landmark,insightface,spectral,dct,0.16,2026-09-02T04:14:05.967125+00:00
watermark_robustness,john_manley_0.png,jpeg_q50,jpeg_compression,{'quality': 50},False,0.5625,0.5,,False,False,37.4177,0.873084,35.1235,0.1.0,not-a-git-repository,3.12.10,macOS-26.6.2-arm64-arm-64bit,2.5.2,42,cpu,opencv_yunet,landmark,insightface,spectral,dct,0.16,2026-09-02T04:14:05.967125+00:00
watermark_robustness,john_manley_0.png,resize_75,resize,{'scale': 0.75},True,1.0,1.0,e01b7b12,True,False,37.4177,0.873084,38.3801,0.1.0,not-a-git-repository,3.12.10,macOS-26.6.2-arm64-arm-64bit,2.5.2,42,cpu,opencv_yunet,landmark,insightface,spectral,dct,0.16,2026-09-02T04:14:05.967125+00:00
watermark_robustness,john_manley_0.png,resize_50,resize,{'scale': 0.5},False,0.687717,0.859375,,False,False,37.4177,0.873084,33.9965,0.1.0,not-a-git-repository,3.12.10,macOS-26.6.2-arm64-arm-64bit,2.5.2,42,cpu,opencv_yunet,landmark,insightface,spectral,dct,0.16,2026-09-02T04:14:05.967125+00:00
watermark_robustness,john_manley_0.png,resize_25,resize,{'scale': 0.25},False,0.554688,0.59375,,False,False,37.4177,0.873084,28.589,0.1.0,not-a-git-repository,3.12.10,macOS-26.6.2-arm64-arm-64bit,2.5.2,42,cpu,opencv_yunet,landmark,insightface,spectral,dct,0.16,2026-09-02T04:14:05.967125+00:00
watermark_robustness,john_manley_0.png,crop_10,crop,{'ratio': 0.1},True,1.0,0.5625,e01b7b12,True,False,37.4177,0.873084,13.5244,0.1.0,not-a-git-repository,3.12.10,macOS-26.6.2-arm64-arm-64bit,2.5.2,42,cpu,opencv_yunet,landmark,insightface,spectral,dct,0.16,2026-09-02T04:14:05.967125+00:00
watermark_robustness,john_manley_0.png,crop_30,crop,{'ratio': 0.3},False,0.609375,0.515625,,False,False,37.4177,0.873084,7.8285,0.1.0,not-a-git-repository,3.12.10,macOS-26.6.2-arm64-arm-64bit,2.5.2,42,cpu,opencv_yunet,landmark,insightface,spectral,dct,0.16,2026-09-02T04:14:05.967125+00:00
watermark_robustness,john_manley_0.png,rotate_5,rotation,{'degrees': 5},False,0.5,0.625,,False,False,37.4177,0.873084,16.9676,0.1.0,not-a-git-repository,3.12.10,macOS-26.6.2-arm64-arm-64bit,2.5.2,42,cpu,opencv_yunet,landmark,insightface,spectral,dct,0.16,2026-09-02T04:14:05.967125+00:00
watermark_robustness,john_manley_0.png,blur_1,blur,{'sigma': 1.0},True,0.990234,1.0,e01b7b12,True,False,37.4177,0.873084,32.6946,0.1.0,not-a-git-repository,3.12.10,macOS-26.6.2-arm64-arm-64bit,2.5.2,42,cpu,opencv_yunet,landmark,insightface,spectral,dct,0.16,2026-09-02T04:14:05.967125+00:00
watermark_robustness,john_manley_0.png,noise_5,noise,{'sigma': 5.0},True,1.0,1.0,e01b7b12,True,False,37.4177,0.873084,35.2352,0.1.0,not-a-git-repository,3.12.10,macOS-26.6.2-arm64-arm-64bit,2.5.2,42,cpu,opencv_yunet,landmark,insightface,spectral,dct,0.16,2026-09-02T04:14:05.967125+00:00
watermark_robustness,john_manley_0.png,brightness_up,brightness,{'factor': 1.2},True,0.99349,1.0,e01b7b12,True,False,37.4177,0.873084,25.1024,0.1.0,not-a-git-repository,3.12.10,macOS-26.6.2-arm64-arm-64bit,2.5.2,42,cpu,opencv_yunet,landmark,insightface,spectral,dct,0.16,2026-09-02T04:14:05.967125+00:00
watermark_robustness,john_manley_0.png,contrast_down,contrast,{'factor': 0.8},True,1.0,1.0,e01b7b12,True,False,37.4177,0.873084,26.374,0.1.0,not-a-git-repository,3.12.10,macOS-26.6.2-arm64-arm-64bit,2.5.2,42,cpu,opencv_yunet,landmark,insightface,spectral,dct,0.16,2026-09-02T04:14:05.967125+00:00
watermark_robustness,john_manley_0.png,webp_q80,webp,{'quality': 80},True,0.647135,1.0,e01b7b12,True,False,37.4177,0.873084,37.956,0.1.0,not-a-git-repository,3.12.10,macOS-26.6.2-arm64-arm-64bit,2.5.2,42,cpu,opencv_yunet,landmark,insightface,spectral,dct,0.16,2026-09-02T04:14:05.967125+00:00
watermark_robustness,john_manley_0.png,screenshot,screenshot_simulation,"{'scale': 0.9, 'quality': 85}",True,0.705078,1.0,e01b7b12,True,False,37.4177,0.873084,40.1308,0.1.0,not-a-git-repository,3.12.10,macOS-26.6.2-arm64-arm-64bit,2.5.2,42,cpu,opencv_yunet,landmark,insightface,spectral,dct,0.16,2026-09-02T04:14:05.967125+00:00
watermark_robustness,john_manley_1.png,jpeg_q90,jpeg_compression,{'quality': 90},True,1.0,1.0,3e3884fa,True,False,36.2267,0.922414,43.234,0.1.0,not-a-git-repository,3.12.10,macOS-26.6.2-arm64-arm-64bit,2.5.2,42,cpu,opencv_yunet,landmark,insightface,spectral,dct,0.16,2026-09-02T04:14:05.967125+00:00
watermark_robustness,john_manley_1.png,jpeg_q70,jpeg_compression,{'quality': 70},True,0.947917,1.0,3e3884fa,True,False,36.2267,0.922414,37.2078,0.1.0,not-a-git-repository,3.12.10,macOS-26.6.2-arm64-arm-64bit,2.5.2,42,cpu,opencv_yunet,landmark,insightface,spectral,dct,0.16,2026-09-02T04:14:05.967125+00:00
watermark_robustness,john_manley_1.png,jpeg_q50,jpeg_compression,{'quality': 50},False,0.523438,0.5,,False,False,36.2267,0.922414,34.1858,0.1.0,not-a-git-repository,3.12.10,macOS-26.6.2-arm64-arm-64bit,2.5.2,42,cpu,opencv_yunet,landmark,insightface,spectral,dct,0.16,2026-09-02T04:14:05.967125+00:00
watermark_robustness,john_manley_1.png,resize_75,resize,{'scale': 0.75},True,0.998047,1.0,3e3884fa,True,False,36.2267,0.922414,38.0177,0.1.0,not-a-git-repository,3.12.10,macOS-26.6.2-arm64-arm-64bit,2.5.2,42,cpu,opencv_yunet,landmark,insightface,spectral,dct,0.16,2026-09-02T04:14:05.967125+00:00
watermark_robustness,john_manley_1.png,resize_50,resize,{'scale': 0.5},True,0.407227,0.984375,3e3884fa,True,False,36.2267,0.922414,33.5735,0.1.0,not-a-git-repository,3.12.10,macOS-26.6.2-arm64-arm-64bit,2.5.2,42,cpu,opencv_yunet,landmark,insightface,spectral,dct,0.16,2026-09-02T04:14:05.967125+00:00
watermark_robustness,john_manley_1.png,resize_25,resize,{'scale': 0.25},False,0.523438,0.546875,,False,False,36.2267,0.922414,29.428,0.1.0,not-a-git-repository,3.12.10,macOS-26.6.2-arm64-arm-64bit,2.5.2,42,cpu,opencv_yunet,landmark,insightface,spectral,dct,0.16,2026-09-02T04:14:05.967125+00:00
watermark_robustness,john_manley_1.png,crop_10,crop,{'ratio': 0.1},True,1.0,0.46875,3e3884fa,True,False,36.2267,0.922414,11.0498,0.1.0,not-a-git-repository,3.12.10,macOS-26.6.2-arm64-arm-64bit,2.5.2,42,cpu,opencv_yunet,landmark,insightface,spectral,dct,0.16,2026-09-02T04:14:05.967125+00:00
watermark_robustness,john_manley_1.png,crop_30,crop,{'ratio': 0.3},False,0.539062,0.640625,,False,False,36.2267,0.922414,10.4429,0.1.0,not-a-git-repository,3.12.10,macOS-26.6.2-arm64-arm-64bit,2.5.2,42,cpu,opencv_yunet,landmark,insightface,spectral,dct,0.16,2026-09-02T04:14:05.967125+00:00
watermark_robustness,john_manley_1.png,rotate_5,rotation,{'degrees': 5},False,0.507812,0.578125,,False,False,36.2267,0.922414,16.2099,0.1.0,not-a-git-repository,3.12.10,macOS-26.6.2-arm64-arm-64bit,2.5.2,42,cpu,opencv_yunet,landmark,insightface,spectral,dct,0.16,2026-09-02T04:14:05.967125+00:00
watermark_robustness,john_manley_1.png,blur_1,blur,{'sigma': 1.0},True,1.0,1.0,3e3884fa,True,False,36.2267,0.922414,33.0038,0.1.0,not-a-git-repository,3.12.10,macOS-26.6.2-arm64-arm-64bit,2.5.2,42,cpu,opencv_yunet,landmark,insightface,spectral,dct,0.16,2026-09-02T04:14:05.967125+00:00
watermark_robustness,john_manley_1.png,noise_5,noise,{'sigma': 5.0},True,1.0,1.0,3e3884fa,True,False,36.2267,0.922414,34.3806,0.1.0,not-a-git-repository,3.12.10,macOS-26.6.2-arm64-arm-64bit,2.5.2,42,cpu,opencv_yunet,landmark,insightface,spectral,dct,0.16,2026-09-02T04:14:05.967125+00:00
watermark_robustness,john_manley_1.png,brightness_up,brightness,{'factor': 1.2},True,0.998047,1.0,3e3884fa,True,False,36.2267,0.922414,21.559,0.1.0,not-a-git-repository,3.12.10,macOS-26.6.2-arm64-arm-64bit,2.5.2,42,cpu,opencv_yunet,landmark,insightface,spectral,dct,0.16,2026-09-02T04:14:05.967125+00:00
watermark_robustness,john_manley_1.png,contrast_down,contrast,{'factor': 0.8},True,1.0,1.0,3e3884fa,True,False,36.2267,0.922414,25.967,0.1.0,not-a-git-repository,3.12.10,macOS-26.6.2-arm64-arm-64bit,2.5.2,42,cpu,opencv_yunet,landmark,insightface,spectral,dct,0.16,2026-09-02T04:14:05.967125+00:00
watermark_robustness,john_manley_1.png,webp_q80,webp,{'quality': 80},True,0.972005,1.0,3e3884fa,True,False,36.2267,0.922414,37.0338,0.1.0,not-a-git-repository,3.12.10,macOS-26.6.2-arm64-arm-64bit,2.5.2,42,cpu,opencv_yunet,landmark,insightface,spectral,dct,0.16,2026-09-02T04:14:05.967125+00:00
watermark_robustness,john_manley_1.png,screenshot,screenshot_simulation,"{'scale': 0.9, 'quality': 85}",True,0.979167,1.0,3e3884fa,True,False,36.2267,0.922414,38.6235,0.1.0,not-a-git-repository,3.12.10,macOS-26.6.2-arm64-arm-64bit,2.5.2,42,cpu,opencv_yunet,landmark,insightface,spectral,dct,0.16,2026-09-02T04:14:05.967125+00:00
watermark_robustness,john_manley_2.png,jpeg_q90,jpeg_compression,{'quality': 90},True,1.0,1.0,e67d6428,True,False,37.0483,0.917315,43.204,0.1.0,not-a-git-repository,3.12.10,macOS-26.6.2-arm64-arm-64bit,2.5.2,42,cpu,opencv_yunet,landmark,insightface,spectral,dct,0.16,2026-09-02T04:14:05.967125+00:00
watermark_robustness,john_manley_2.png,jpeg_q70,jpeg_compression,{'quality': 70},True,0.710069,1.0,e67d6428,True,False,37.0483,0.917315,37.2557,0.1.0,not-a-git-repository,3.12.10,macOS-26.6.2-arm64-arm-64bit,2.5.2,42,cpu,opencv_yunet,landmark,insightface,spectral,dct,0.16,2026-09-02T04:14:05.967125+00:00
watermark_robustness,john_manley_2.png,jpeg_q50,jpeg_compression,{'quality': 50},False,0.539062,0.53125,,False,False,37.0483,0.917315,34.5643,0.1.0,not-a-git-repository,3.12.10,macOS-26.6.2-arm64-arm-64bit,2.5.2,42,cpu,opencv_yunet,landmark,insightface,spectral,dct,0.16,2026-09-02T04:14:05.967125+00:00
watermark_robustness,john_manley_2.png,resize_75,resize,{'scale': 0.75},True,1.0,1.0,e67d6428,True,False,37.0483,0.917315,36.0078,0.1.0,not-a-git-repository,3.12.10,macOS-26.6.2-arm64-arm-64bit,2.5.2,42,cpu,opencv_yunet,landmark,insightface,spectral,dct,0.16,2026-09-02T04:14:05.967125+00:00
watermark_robustness,john_manley_2.png,resize_50,resize,{'scale': 0.5},False,0.744141,0.9375,,False,False,37.0483,0.917315,31.8767,0.1.0,not-a-git-repository,3.12.10,macOS-26.6.2-arm64-arm-64bit,2.5.2,42,cpu,opencv_yunet,landmark,insightface,spectral,dct,0.16,2026-09-02T04:14:05.967125+00:00
watermark_robustness,john_manley_2.png,resize_25,resize,{'scale': 0.25},False,0.5,0.4375,,False,False,37.0483,0.917315,27.1985,0.1.0,not-a-git-repository,3.12.10,macOS-26.6.2-arm64-arm-64bit,2.5.2,42,cpu,opencv_yunet,landmark,insightface,spectral,dct,0.16,2026-09-02T04:14:05.967125+00:00
watermark_robustness,john_manley_2.png,crop_10,crop,{'ratio': 0.1},True,1.0,0.515625,e67d6428,True,False,37.0483,0.917315,11.1373,0.1.0,not-a-git-repository,3.12.10,macOS-26.6.2-arm64-arm-64bit,2.5.2,42,cpu,opencv_yunet,landmark,insightface,spectral,dct,0.16,2026-09-02T04:14:05.967125+00:00
watermark_robustness,john_manley_2.png,crop_30,crop,{'ratio': 0.3},False,0.568576,0.515625,,False,False,37.0483,0.917315,7.8385,0.1.0,not-a-git-repository,3.12.10,macOS-26.6.2-arm64-arm-64bit,2.5.2,42,cpu,opencv_yunet,landmark,insightface,spectral,dct,0.16,2026-09-02T04:14:05.967125+00:00
watermark_robustness,john_manley_2.png,rotate_5,rotation,{'degrees': 5},False,0.523438,0.578125,,False,False,37.0483,0.917315,14.8179,0.1.0,not-a-git-repository,3.12.10,macOS-26.6.2-arm64-arm-64bit,2.5.2,42,cpu,opencv_yunet,landmark,insightface,spectral,dct,0.16,2026-09-02T04:14:05.967125+00:00
watermark_robustness,john_manley_2.png,blur_1,blur,{'sigma': 1.0},True,1.0,1.0,e67d6428,True,False,37.0483,0.917315,30.898,0.1.0,not-a-git-repository,3.12.10,macOS-26.6.2-arm64-arm-64bit,2.5.2,42,cpu,opencv_yunet,landmark,insightface,spectral,dct,0.16,2026-09-02T04:14:05.967125+00:00
watermark_robustness,john_manley_2.png,noise_5,noise,{'sigma': 5.0},True,1.0,1.0,e67d6428,True,False,37.0483,0.917315,34.9756,0.1.0,not-a-git-repository,3.12.10,macOS-26.6.2-arm64-arm-64bit,2.5.2,42,cpu,opencv_yunet,landmark,insightface,spectral,dct,0.16,2026-09-02T04:14:05.967125+00:00
watermark_robustness,john_manley_2.png,brightness_up,brightness,{'factor': 1.2},True,1.0,1.0,e67d6428,True,False,37.0483,0.917315,22.0792,0.1.0,not-a-git-repository,3.12.10,macOS-26.6.2-arm64-arm-64bit,2.5.2,42,cpu,opencv_yunet,landmark,insightface,spectral,dct,0.16,2026-09-02T04:14:05.967125+00:00
watermark_robustness,john_manley_2.png,contrast_down,contrast,{'factor': 0.8},True,1.0,1.0,e67d6428,True,False,37.0483,0.917315,24.9306,0.1.0,not-a-git-repository,3.12.10,macOS-26.6.2-arm64-arm-64bit,2.5.2,42,cpu,opencv_yunet,landmark,insightface,spectral,dct,0.16,2026-09-02T04:14:05.967125+00:00
watermark_robustness,john_manley_2.png,webp_q80,webp,{'quality': 80},True,0.835069,1.0,e67d6428,True,False,37.0483,0.917315,37.426,0.1.0,not-a-git-repository,3.12.10,macOS-26.6.2-arm64-arm-64bit,2.5.2,42,cpu,opencv_yunet,landmark,insightface,spectral,dct,0.16,2026-09-02T04:14:05.967125+00:00
watermark_robustness,john_manley_2.png,screenshot,screenshot_simulation,"{'scale': 0.9, 'quality': 85}",True,0.840278,1.0,e67d6428,True,False,37.0483,0.917315,36.5454,0.1.0,not-a-git-repository,3.12.10,macOS-26.6.2-arm64-arm-64bit,2.5.2,42,cpu,opencv_yunet,landmark,insightface,spectral,dct,0.16,2026-09-02T04:14:05.967125+00:00
watermark_robustness,john_manley_3.png,jpeg_q90,jpeg_compression,{'quality': 90},True,1.0,1.0,4d70877d,True,False,35.8577,0.897068,43.1909,0.1.0,not-a-git-repository,3.12.10,macOS-26.6.2-arm64-arm-64bit,2.5.2,42,cpu,opencv_yunet,landmark,insightface,spectral,dct,0.16,2026-09-02T04:14:05.967125+00:00
watermark_robustness,john_manley_3.png,jpeg_q70,jpeg_compression,{'quality': 70},True,1.0,1.0,4d70877d,True,False,35.8577,0.897068,37.2987,0.1.0,not-a-git-repository,3.12.10,macOS-26.6.2-arm64-arm-64bit,2.5.2,42,cpu,opencv_yunet,landmark,insightface,spectral,dct,0.16,2026-09-02T04:14:05.967125+00:00
watermark_robustness,john_manley_3.png,jpeg_q50,jpeg_compression,{'quality': 50},False,0.554688,0.5625,,False,False,35.8577,0.897068,34.1165,0.1.0,not-a-git-repository,3.12.10,macOS-26.6.2-arm64-arm-64bit,2.5.2,42,cpu,opencv_yunet,landmark,insightface,spectral,dct,0.16,2026-09-02T04:14:05.967125+00:00
watermark_robustness,john_manley_3.png,resize_75,resize,{'scale': 0.75},True,1.0,1.0,4d70877d,True,False,35.8577,0.897068,42.3943,0.1.0,not-a-git-repository,3.12.10,macOS-26.6.2-arm64-arm-64bit,2.5.2,42,cpu,opencv_yunet,landmark,insightface,spectral,dct,0.16,2026-09-02T04:14:05.967125+00:00
watermark_robustness,john_manley_3.png,resize_50,resize,{'scale': 0.5},True,0.85829,1.0,4d70877d,True,False,35.8577,0.897068,36.0479,0.1.0,not-a-git-repository,3.12.10,macOS-26.6.2-arm64-arm-64bit,2.5.2,42,cpu,opencv_yunet,landmark,insightface,spectral,dct,0.16,2026-09-02T04:14:05.967125+00:00
watermark_robustness,john_manley_3.png,resize_25,resize,{'scale': 0.25},False,0.59375,0.546875,,False,False,35.8577,0.897068,31.1197,0.1.0,not-a-git-repository,3.12.10,macOS-26.6.2-arm64-arm-64bit,2.5.2,42,cpu,opencv_yunet,landmark,insightface,spectral,dct,0.16,2026-09-02T04:14:05.967125+00:00
watermark_robustness,john_manley_3.png,crop_10,crop,{'ratio': 0.1},True,1.0,0.421875,4d70877d,True,False,35.8577,0.897068,14.3205,0.1.0,not-a-git-repository,3.12.10,macOS-26.6.2-arm64-arm-64bit,2.5.2,42,cpu,opencv_yunet,landmark,insightface,spectral,dct,0.16,2026-09-02T04:14:05.967125+00:00
watermark_robustness,john_manley_3.png,crop_30,crop,{'ratio': 0.3},False,0.625,0.40625,,False,False,35.8577,0.897068,10.9535,0.1.0,not-a-git-repository,3.12.10,macOS-26.6.2-arm64-arm-64bit,2.5.2,42,cpu,opencv_yunet,landmark,insightface,spectral,dct,0.16,2026-09-02T04:14:05.967125+00:00
watermark_robustness,john_manley_3.png,rotate_5,rotation,{'degrees': 5},False,0.570312,0.421875,,False,False,35.8577,0.897068,16.2192,0.1.0,not-a-git-repository,3.12.10,macOS-26.6.2-arm64-arm-64bit,2.5.2,42,cpu,opencv_yunet,landmark,insightface,spectral,dct,0.16,2026-09-02T04:14:05.967125+00:00
watermark_robustness,john_manley_3.png,blur_1,blur,{'sigma': 1.0},True,1.0,1.0,4d70877d,True,False,35.8577,0.897068,35.2041,0.1.0,not-a-git-repository,3.12.10,macOS-26.6.2-arm64-arm-64bit,2.5.2,42,cpu,opencv_yunet,landmark,insightface,spectral,dct,0.16,2026-09-02T04:14:05.967125+00:00
watermark_robustness,john_manley_3.png,noise_5,noise,{'sigma': 5.0},True,1.0,1.0,4d70877d,True,False,35.8577,0.897068,34.108,0.1.0,not-a-git-repository,3.12.10,macOS-26.6.2-arm64-arm-64bit,2.5.2,42,cpu,opencv_yunet,landmark,insightface,spectral,dct,0.16,2026-09-02T04:14:05.967125+00:00
watermark_robustness,john_manley_3.png,brightness_up,brightness,{'factor': 1.2},True,1.0,1.0,4d70877d,True,False,35.8577,0.897068,19.6213,0.1.0,not-a-git-repository,3.12.10,macOS-26.6.2-arm64-arm-64bit,2.5.2,42,cpu,opencv_yunet,landmark,insightface,spectral,dct,0.16,2026-09-02T04:14:05.967125+00:00
watermark_robustness,john_manley_3.png,contrast_down,contrast,{'factor': 0.8},True,1.0,1.0,4d70877d,True,False,35.8577,0.897068,27.4168,0.1.0,not-a-git-repository,3.12.10,macOS-26.6.2-arm64-arm-64bit,2.5.2,42,cpu,opencv_yunet,landmark,insightface,spectral,dct,0.16,2026-09-02T04:14:05.967125+00:00
watermark_robustness,john_manley_3.png,webp_q80,webp,{'quality': 80},True,1.0,1.0,4d70877d,True,False,35.8577,0.897068,36.8974,0.1.0,not-a-git-repository,3.12.10,macOS-26.6.2-arm64-arm-64bit,2.5.2,42,cpu,opencv_yunet,landmark,insightface,spectral,dct,0.16,2026-09-02T04:14:05.967125+00:00
watermark_robustness,john_manley_3.png,screenshot,screenshot_simulation,"{'scale': 0.9, 'quality': 85}",True,1.0,1.0,4d70877d,True,False,35.8577,0.897068,41.1032,0.1.0,not-a-git-repository,3.12.10,macOS-26.6.2-arm64-arm-64bit,2.5.2,42,cpu,opencv_yunet,landmark,insightface,spectral,dct,0.16,2026-09-02T04:14:05.967125+00:00
watermark_robustness,john_manley_4.png,jpeg_q90,jpeg_compression,{'quality': 90},True,1.0,1.0,3c4230ef,True,False,36.0954,0.916126,43.1742,0.1.0,not-a-git-repository,3.12.10,macOS-26.6.2-arm64-arm-64bit,2.5.2,42,cpu,opencv_yunet,landmark,insightface,spectral,dct,0.16,2026-09-02T04:14:05.967125+00:00
watermark_robustness,john_manley_4.png,jpeg_q70,jpeg_compression,{'quality': 70},True,0.984375,1.0,3c4230ef,True,False,36.0954,0.916126,37.3127,0.1.0,not-a-git-repository,3.12.10,macOS-26.6.2-arm64-arm-64bit,2.5.2,42,cpu,opencv_yunet,landmark,insightface,spectral,dct,0.16,2026-09-02T04:14:05.967125+00:00
watermark_robustness,john_manley_4.png,jpeg_q50,jpeg_compression,{'quality': 50},False,0.523438,0.453125,,False,False,36.0954,0.916126,34.1889,0.1.0,not-a-git-repository,3.12.10,macOS-26.6.2-arm64-arm-64bit,2.5.2,42,cpu,opencv_yunet,landmark,insightface,spectral,dct,0.16,2026-09-02T04:14:05.967125+00:00
watermark_robustness,john_manley_4.png,resize_75,resize,{'scale': 0.75},True,1.0,1.0,3c4230ef,True,False,36.0954,0.916126,41.9181,0.1.0,not-a-git-repository,3.12.10,macOS-26.6.2-arm64-arm-64bit,2.5.2,42,cpu,opencv_yunet,landmark,insightface,spectral,dct,0.16,2026-09-02T04:14:05.967125+00:00
watermark_robustness,john_manley_4.png,resize_50,resize,{'scale': 0.5},True,0.74197,1.0,3c4230ef,True,False,36.0954,0.916126,35.5913,0.1.0,not-a-git-repository,3.12.10,macOS-26.6.2-arm64-arm-64bit,2.5.2,42,cpu,opencv_yunet,landmark,insightface,spectral,dct,0.16,2026-09-02T04:14:05.967125+00:00
watermark_robustness,john_manley_4.png,resize_25,resize,{'scale': 0.25},False,0.53125,0.578125,,False,False,36.0954,0.916126,30.5483,0.1.0,not-a-git-repository,3.12.10,macOS-26.6.2-arm64-arm-64bit,2.5.2,42,cpu,opencv_yunet,landmark,insightface,spectral,dct,0.16,2026-09-02T04:14:05.967125+00:00
watermark_robustness,john_manley_4.png,crop_10,crop,{'ratio': 0.1},True,1.0,0.5,3c4230ef,True,False,36.0954,0.916126,10.5512,0.1.0,not-a-git-repository,3.12.10,macOS-26.6.2-arm64-arm-64bit,2.5.2,42,cpu,opencv_yunet,landmark,insightface,spectral,dct,0.16,2026-09-02T04:14:05.967125+00:00
watermark_robustness,john_manley_4.png,crop_30,crop,{'ratio': 0.3},False,0.523438,0.5625,,False,False,36.0954,0.916126,10.5894,0.1.0,not-a-git-repository,3.12.10,macOS-26.6.2-arm64-arm-64bit,2.5.2,42,cpu,opencv_yunet,landmark,insightface,spectral,dct,0.16,2026-09-02T04:14:05.967125+00:00
watermark_robustness,john_manley_4.png,rotate_5,rotation,{'degrees': 5},False,0.546875,0.515625,,False,False,36.0954,0.916126,15.5854,0.1.0,not-a-git-repository,3.12.10,macOS-26.6.2-arm64-arm-64bit,2.5.2,42,cpu,opencv_yunet,landmark,insightface,spectral,dct,0.16,2026-09-02T04:14:05.967125+00:00
watermark_robustness,john_manley_4.png,blur_1,blur,{'sigma': 1.0},True,0.997396,1.0,3c4230ef,True,False,36.0954,0.916126,34.6199,0.1.0,not-a-git-repository,3.12.10,macOS-26.6.2-arm64-arm-64bit,2.5.2,42,cpu,opencv_yunet,landmark,insightface,spectral,dct,0.16,2026-09-02T04:14:05.967125+00:00
watermark_robustness,john_manley_4.png,noise_5,noise,{'sigma': 5.0},True,1.0,1.0,3c4230ef,True,False,36.0954,0.916126,34.2522,0.1.0,not-a-git-repository,3.12.10,macOS-26.6.2-arm64-arm-64bit,2.5.2,42,cpu,opencv_yunet,landmark,insightface,spectral,dct,0.16,2026-09-02T04:14:05.967125+00:00
watermark_robustness,john_manley_4.png,brightness_up,brightness,{'factor': 1.2},True,0.989583,1.0,3c4230ef,True,False,36.0954,0.916126,20.5585,0.1.0,not-a-git-repository,3.12.10,macOS-26.6.2-arm64-arm-64bit,2.5.2,42,cpu,opencv_yunet,landmark,insightface,spectral,dct,0.16,2026-09-02T04:14:05.967125+00:00
watermark_robustness,john_manley_4.png,contrast_down,contrast,{'factor': 0.8},True,1.0,1.0,3c4230ef,True,False,36.0954,0.916126,25.663,0.1.0,not-a-git-repository,3.12.10,macOS-26.6.2-arm64-arm-64bit,2.5.2,42,cpu,opencv_yunet,landmark,insightface,spectral,dct,0.16,2026-09-02T04:14:05.967125+00:00
watermark_robustness,john_manley_4.png,webp_q80,webp,{'quality': 80},True,0.978516,1.0,3c4230ef,True,False,36.0954,0.916126,36.9,0.1.0,not-a-git-repository,3.12.10,macOS-26.6.2-arm64-arm-64bit,2.5.2,42,cpu,opencv_yunet,landmark,insightface,spectral,dct,0.16,2026-09-02T04:14:05.967125+00:00
watermark_robustness,john_manley_4.png,screenshot,screenshot_simulation,"{'scale': 0.9, 'quality': 85}",True,0.98763,1.0,3c4230ef,True,False,36.0954,0.916126,40.9038,0.1.0,not-a-git-repository,3.12.10,macOS-26.6.2-arm64-arm-64bit,2.5.2,42,cpu,opencv_yunet,landmark,insightface,spectral,dct,0.16,2026-09-02T04:14:05.967125+00:00
watermark_robustness,john_manley_5.png,jpeg_q90,jpeg_compression,{'quality': 90},True,1.0,1.0,dd06a0c7,True,False,36.3327,0.89434,45.5392,0.1.0,not-a-git-repository,3.12.10,macOS-26.6.2-arm64-arm-64bit,2.5.2,42,cpu,opencv_yunet,landmark,insightface,spectral,dct,0.16,2026-09-02T04:14:05.967125+00:00
watermark_robustness,john_manley_5.png,jpeg_q70,jpeg_compression,{'quality': 70},True,0.907552,1.0,dd06a0c7,True,False,36.3327,0.89434,38.6978,0.1.0,not-a-git-repository,3.12.10,macOS-26.6.2-arm64-arm-64bit,2.5.2,42,cpu,opencv_yunet,landmark,insightface,spectral,dct,0.16,2026-09-02T04:14:05.967125+00:00
watermark_robustness,john_manley_5.png,jpeg_q50,jpeg_compression,{'quality': 50},False,0.515625,0.5625,,False,False,36.3327,0.89434,35.2864,0.1.0,not-a-git-repository,3.12.10,macOS-26.6.2-arm64-arm-64bit,2.5.2,42,cpu,opencv_yunet,landmark,insightface,spectral,dct,0.16,2026-09-02T04:14:05.967125+00:00
watermark_robustness,john_manley_5.png,resize_75,resize,{'scale': 0.75},True,1.0,1.0,dd06a0c7,True,False,36.3327,0.89434,42.8056,0.1.0,not-a-git-repository,3.12.10,macOS-26.6.2-arm64-arm-64bit,2.5.2,42,cpu,opencv_yunet,landmark,insightface,spectral,dct,0.16,2026-09-02T04:14:05.967125+00:00
watermark_robustness,john_manley_5.png,resize_50,resize,{'scale': 0.5},False,0.869792,0.953125,,False,False,36.3327,0.89434,36.5846,0.1.0,not-a-git-repository,3.12.10,macOS-26.6.2-arm64-arm-64bit,2.5.2,42,cpu,opencv_yunet,landmark,insightface,spectral,dct,0.16,2026-09-02T04:14:05.967125+00:00
watermark_robustness,john_manley_5.png,resize_25,resize,{'scale': 0.25},False,0.523438,0.578125,,False,False,36.3327,0.89434,32.0941,0.1.0,not-a-git-repository,3.12.10,macOS-26.6.2-arm64-arm-64bit,2.5.2,42,cpu,opencv_yunet,landmark,insightface,spectral,dct,0.16,2026-09-02T04:14:05.967125+00:00
watermark_robustness,john_manley_5.png,crop_10,crop,{'ratio': 0.1},True,1.0,0.46875,dd06a0c7,True,False,36.3327,0.89434,11.4767,0.1.0,not-a-git-repository,3.12.10,macOS-26.6.2-arm64-arm-64bit,2.5.2,42,cpu,opencv_yunet,landmark,insightface,spectral,dct,0.16,2026-09-02T04:14:05.967125+00:00
watermark_robustness,john_manley_5.png,crop_30,crop,{'ratio': 0.3},False,0.53125,0.515625,,False,False,36.3327,0.89434,8.5822,0.1.0,not-a-git-repository,3.12.10,macOS-26.6.2-arm64-arm-64bit,2.5.2,42,cpu,opencv_yunet,landmark,insightface,spectral,dct,0.16,2026-09-02T04:14:05.967125+00:00
watermark_robustness,john_manley_5.png,rotate_5,rotation,{'degrees': 5},False,0.523438,0.5,,False,False,36.3327,0.89434,16.0039,0.1.0,not-a-git-repository,3.12.10,macOS-26.6.2-arm64-arm-64bit,2.5.2,42,cpu,opencv_yunet,landmark,insightface,spectral,dct,0.16,2026-09-02T04:14:05.967125+00:00
watermark_robustness,john_manley_5.png,blur_1,blur,{'sigma': 1.0},True,1.0,1.0,dd06a0c7,True,False,36.3327,0.89434,35.7113,0.1.0,not-a-git-repository,3.12.10,macOS-26.6.2-arm64-arm-64bit,2.5.2,42,cpu,opencv_yunet,landmark,insightface,spectral,dct,0.16,2026-09-02T04:14:05.967125+00:00
watermark_robustness,john_manley_5.png,noise_5,noise,{'sigma': 5.0},True,1.0,1.0,dd06a0c7,True,False,36.3327,0.89434,34.3658,0.1.0,not-a-git-repository,3.12.10,macOS-26.6.2-arm64-arm-64bit,2.5.2,42,cpu,opencv_yunet,landmark,insightface,spectral,dct,0.16,2026-09-02T04:14:05.967125+00:00
watermark_robustness,john_manley_5.png,brightness_up,brightness,{'factor': 1.2},True,0.972005,1.0,dd06a0c7,True,False,36.3327,0.89434,21.5053,0.1.0,not-a-git-repository,3.12.10,macOS-26.6.2-arm64-arm-64bit,2.5.2,42,cpu,opencv_yunet,landmark,insightface,spectral,dct,0.16,2026-09-02T04:14:05.967125+00:00
watermark_robustness,john_manley_5.png,contrast_down,contrast,{'factor': 0.8},True,1.0,1.0,dd06a0c7,True,False,36.3327,0.89434,25.5515,0.1.0,not-a-git-repository,3.12.10,macOS-26.6.2-arm64-arm-64bit,2.5.2,42,cpu,opencv_yunet,landmark,insightface,spectral,dct,0.16,2026-09-02T04:14:05.967125+00:00
watermark_robustness,john_manley_5.png,webp_q80,webp,{'quality': 80},True,0.889323,1.0,dd06a0c7,True,False,36.3327,0.89434,37.5308,0.1.0,not-a-git-repository,3.12.10,macOS-26.6.2-arm64-arm-64bit,2.5.2,42,cpu,opencv_yunet,landmark,insightface,spectral,dct,0.16,2026-09-02T04:14:05.967125+00:00
watermark_robustness,john_manley_5.png,screenshot,screenshot_simulation,"{'scale': 0.9, 'quality': 85}",True,0.914062,1.0,dd06a0c7,True,False,36.3327,0.89434,42.6155,0.1.0,not-a-git-repository,3.12.10,macOS-26.6.2-arm64-arm-64bit,2.5.2,42,cpu,opencv_yunet,landmark,insightface,spectral,dct,0.16,2026-09-02T04:14:05.967125+00:00
watermark_robustness,jose_serra_0.png,jpeg_q90,jpeg_compression,{'quality': 90},True,1.0,1.0,257a0d2d,True,False,36.1631,0.905172,44.635,0.1.0,not-a-git-repository,3.12.10,macOS-26.6.2-arm64-arm-64bit,2.5.2,42,cpu,opencv_yunet,landmark,insightface,spectral,dct,0.16,2026-09-02T04:14:05.967125+00:00
watermark_robustness,jose_serra_0.png,jpeg_q70,jpeg_compression,{'quality': 70},True,0.949219,1.0,257a0d2d,True,False,36.1631,0.905172,38.0093,0.1.0,not-a-git-repository,3.12.10,macOS-26.6.2-arm64-arm-64bit,2.5.2,42,cpu,opencv_yunet,landmark,insightface,spectral,dct,0.16,2026-09-02T04:14:05.967125+00:00
watermark_robustness,jose_serra_0.png,jpeg_q50,jpeg_compression,{'quality': 50},False,0.5,0.4375,,False,False,36.1631,0.905172,34.7994,0.1.0,not-a-git-repository,3.12.10,macOS-26.6.2-arm64-arm-64bit,2.5.2,42,cpu,opencv_yunet,landmark,insightface,spectral,dct,0.16,2026-09-02T04:14:05.967125+00:00
watermark_robustness,jose_serra_0.png,resize_75,resize,{'scale': 0.75},True,1.0,1.0,257a0d2d,True,False,36.1631,0.905172,43.1611,0.1.0,not-a-git-repository,3.12.10,macOS-26.6.2-arm64-arm-64bit,2.5.2,42,cpu,opencv_yunet,landmark,insightface,spectral,dct,0.16,2026-09-02T04:14:05.967125+00:00
watermark_robustness,jose_serra_0.png,resize_50,resize,{'scale': 0.5},False,0.781901,0.875,,False,False,36.1631,0.905172,36.7201,0.1.0,not-a-git-repository,3.12.10,macOS-26.6.2-arm64-arm-64bit,2.5.2,42,cpu,opencv_yunet,landmark,insightface,spectral,dct,0.16,2026-09-02T04:14:05.967125+00:00
watermark_robustness,jose_serra_0.png,resize_25,resize,{'scale': 0.25},False,0.546875,0.46875,,False,False,36.1631,0.905172,32.0675,0.1.0,not-a-git-repository,3.12.10,macOS-26.6.2-arm64-arm-64bit,2.5.2,42,cpu,opencv_yunet,landmark,insightface,spectral,dct,0.16,2026-09-02T04:14:05.967125+00:00
watermark_robustness,jose_serra_0.png,crop_10,crop,{'ratio': 0.1},True,1.0,0.40625,257a0d2d,True,False,36.1631,0.905172,13.5557,0.1.0,not-a-git-repository,3.12.10,macOS-26.6.2-arm64-arm-64bit,2.5.2,42,cpu,opencv_yunet,landmark,insightface,spectral,dct,0.16,2026-09-02T04:14:05.967125+00:00
watermark_robustness,jose_serra_0.png,crop_30,crop,{'ratio': 0.3},False,0.53125,0.53125,,False,False,36.1631,0.905172,11.2884,0.1.0,not-a-git-repository,3.12.10,macOS-26.6.2-arm64-arm-64bit,2.5.2,42,cpu,opencv_yunet,landmark,insightface,spectral,dct,0.16,2026-09-02T04:14:05.967125+00:00
watermark_robustness,jose_serra_0.png,rotate_5,rotation,{'degrees': 5},False,0.523438,0.71875,,False,False,36.1631,0.905172,14.7794,0.1.0,not-a-git-repository,3.12.10,macOS-26.6.2-arm64-arm-64bit,2.5.2,42,cpu,opencv_yunet,landmark,insightface,spectral,dct,0.16,2026-09-02T04:14:05.967125+00:00
watermark_robustness,jose_serra_0.png,blur_1,blur,{'sigma': 1.0},True,1.0,1.0,257a0d2d,True,False,36.1631,0.905172,35.7312,0.1.0,not-a-git-repository,3.12.10,macOS-26.6.2-arm64-arm-64bit,2.5.2,42,cpu,opencv_yunet,landmark,insightface,spectral,dct,0.16,2026-09-02T04:14:05.967125+00:00
watermark_robustness,jose_serra_0.png,noise_5,noise,{'sigma': 5.0},True,1.0,1.0,257a0d2d,True,False,36.1631,0.905172,34.3616,0.1.0,not-a-git-repository,3.12.10,macOS-26.6.2-arm64-arm-64bit,2.5.2,42,cpu,opencv_yunet,landmark,insightface,spectral,dct,0.16,2026-09-02T04:14:05.967125+00:00
watermark_robustness,jose_serra_0.png,brightness_up,brightness,{'factor': 1.2},True,0.977214,1.0,257a0d2d,True,False,36.1631,0.905172,21.2307,0.1.0,not-a-git-repository,3.12.10,macOS-26.6.2-arm64-arm-64bit,2.5.2,42,cpu,opencv_yunet,landmark,insightface,spectral,dct,0.16,2026-09-02T04:14:05.967125+00:00
watermark_robustness,jose_serra_0.png,contrast_down,contrast,{'factor': 0.8},True,1.0,1.0,257a0d2d,True,False,36.1631,0.905172,24.9831,0.1.0,not-a-git-repository,3.12.10,macOS-26.6.2-arm64-arm-64bit,2.5.2,42,cpu,opencv_yunet,landmark,insightface,spectral,dct,0.16,2026-09-02T04:14:05.967125+00:00
watermark_robustness,jose_serra_0.png,webp_q80,webp,{'quality': 80},True,0.995443,1.0,257a0d2d,True,False,36.1631,0.905172,37.2386,0.1.0,not-a-git-repository,3.12.10,macOS-26.6.2-arm64-arm-64bit,2.5.2,42,cpu,opencv_yunet,landmark,insightface,spectral,dct,0.16,2026-09-02T04:14:05.967125+00:00
watermark_robustness,jose_serra_0.png,screenshot,screenshot_simulation,"{'scale': 0.9, 'quality': 85}",True,1.0,1.0,257a0d2d,True,False,36.1631,0.905172,42.4091,0.1.0,not-a-git-repository,3.12.10,macOS-26.6.2-arm64-arm-64bit,2.5.2,42,cpu,opencv_yunet,landmark,insightface,spectral,dct,0.16,2026-09-02T04:14:05.967125+00:00
watermark_robustness,jose_serra_1.png,jpeg_q90,jpeg_compression,{'quality': 90},True,1.0,1.0,0160d151,True,False,36.4273,0.906988,43.5308,0.1.0,not-a-git-repository,3.12.10,macOS-26.6.2-arm64-arm-64bit,2.5.2,42,cpu,opencv_yunet,landmark,insightface,spectral,dct,0.16,2026-09-02T04:14:05.967125+00:00
watermark_robustness,jose_serra_1.png,jpeg_q70,jpeg_compression,{'quality': 70},True,0.813151,1.0,0160d151,True,False,36.4273,0.906988,37.4492,0.1.0,not-a-git-repository,3.12.10,macOS-26.6.2-arm64-arm-64bit,2.5.2,42,cpu,opencv_yunet,landmark,insightface,spectral,dct,0.16,2026-09-02T04:14:05.967125+00:00
watermark_robustness,jose_serra_1.png,jpeg_q50,jpeg_compression,{'quality': 50},False,0.570312,0.453125,,False,False,36.4273,0.906988,34.3957,0.1.0,not-a-git-repository,3.12.10,macOS-26.6.2-arm64-arm-64bit,2.5.2,42,cpu,opencv_yunet,landmark,insightface,spectral,dct,0.16,2026-09-02T04:14:05.967125+00:00
watermark_robustness,jose_serra_1.png,resize_75,resize,{'scale': 0.75},True,1.0,1.0,0160d151,True,False,36.4273,0.906988,40.4512,0.1.0,not-a-git-repository,3.12.10,macOS-26.6.2-arm64-arm-64bit,2.5.2,42,cpu,opencv_yunet,landmark,insightface,spectral,dct,0.16,2026-09-02T04:14:05.967125+00:00
watermark_robustness,jose_serra_1.png,resize_50,resize,{'scale': 0.5},False,0.731554,0.953125,,False,False,36.4273,0.906988,33.7906,0.1.0,not-a-git-repository,3.12.10,macOS-26.6.2-arm64-arm-64bit,2.5.2,42,cpu,opencv_yunet,landmark,insightface,spectral,dct,0.16,2026-09-02T04:14:05.967125+00:00
watermark_robustness,jose_serra_1.png,resize_25,resize,{'scale': 0.25},False,0.539062,0.5625,,False,False,36.4273,0.906988,28.5168,0.1.0,not-a-git-repository,3.12.10,macOS-26.6.2-arm64-arm-64bit,2.5.2,42,cpu,opencv_yunet,landmark,insightface,spectral,dct,0.16,2026-09-02T04:14:05.967125+00:00
watermark_robustness,jose_serra_1.png,crop_10,crop,{'ratio': 0.1},True,1.0,0.53125,0160d151,True,False,36.4273,0.906988,10.3773,0.1.0,not-a-git-repository,3.12.10,macOS-26.6.2-arm64-arm-64bit,2.5.2,42,cpu,opencv_yunet,landmark,insightface,spectral,dct,0.16,2026-09-02T04:14:05.967125+00:00
watermark_robustness,jose_serra_1.png,crop_30,crop,{'ratio': 0.3},False,0.59375,0.53125,,False,False,36.4273,0.906988,9.3846,0.1.0,not-a-git-repository,3.12.10,macOS-26.6.2-arm64-arm-64bit,2.5.2,42,cpu,opencv_yunet,landmark,insightface,spectral,dct,0.16,2026-09-02T04:14:05.967125+00:00
watermark_robustness,jose_serra_1.png,rotate_5,rotation,{'degrees': 5},False,0.59375,0.59375,,False,False,36.4273,0.906988,15.5408,0.1.0,not-a-git-repository,3.12.10,macOS-26.6.2-arm64-arm-64bit,2.5.2,42,cpu,opencv_yunet,landmark,insightface,spectral,dct,0.16,2026-09-02T04:14:05.967125+00:00
watermark_robustness,jose_serra_1.png,blur_1,blur,{'sigma': 1.0},True,1.0,1.0,0160d151,True,False,36.4273,0.906988,32.7982,0.1.0,not-a-git-repository,3.12.10,macOS-26.6.2-arm64-arm-64bit,2.5.2,42,cpu,opencv_yunet,landmark,insightface,spectral,dct,0.16,2026-09-02T04:14:05.967125+00:00
watermark_robustness,jose_serra_1.png,noise_5,noise,{'sigma': 5.0},True,1.0,1.0,0160d151,True,False,36.4273,0.906988,34.5333,0.1.0,not-a-git-repository,3.12.10,macOS-26.6.2-arm64-arm-64bit,2.5.2,42,cpu,opencv_yunet,landmark,insightface,spectral,dct,0.16,2026-09-02T04:14:05.967125+00:00
watermark_robustness,jose_serra_1.png,brightness_up,brightness,{'factor': 1.2},True,0.998047,1.0,0160d151,True,False,36.4273,0.906988,22.734,0.1.0,not-a-git-repository,3.12.10,macOS-26.6.2-arm64-arm-64bit,2.5.2,42,cpu,opencv_yunet,landmark,insightface,spectral,dct,0.16,2026-09-02T04:14:05.967125+00:00
watermark_robustness,jose_serra_1.png,contrast_down,contrast,{'factor': 0.8},True,1.0,1.0,0160d151,True,False,36.4273,0.906988,25.0959,0.1.0,not-a-git-repository,3.12.10,macOS-26.6.2-arm64-arm-64bit,2.5.2,42,cpu,opencv_yunet,landmark,insightface,spectral,dct,0.16,2026-09-02T04:14:05.967125+00:00
watermark_robustness,jose_serra_1.png,webp_q80,webp,{'quality': 80},True,0.875,1.0,0160d151,True,False,36.4273,0.906988,37.0573,0.1.0,not-a-git-repository,3.12.10,macOS-26.6.2-arm64-arm-64bit,2.5.2,42,cpu,opencv_yunet,landmark,insightface,spectral,dct,0.16,2026-09-02T04:14:05.967125+00:00
watermark_robustness,jose_serra_1.png,screenshot,screenshot_simulation,"{'scale': 0.9, 'quality': 85}",True,0.89388,1.0,0160d151,True,False,36.4273,0.906988,40.6222,0.1.0,not-a-git-repository,3.12.10,macOS-26.6.2-arm64-arm-64bit,2.5.2,42,cpu,opencv_yunet,landmark,insightface,spectral,dct,0.16,2026-09-02T04:14:05.967125+00:00
watermark_robustness,jose_serra_2.png,jpeg_q90,jpeg_compression,{'quality': 90},True,0.995443,1.0,746a29cd,True,False,36.1227,0.897893,43.1749,0.1.0,not-a-git-repository,3.12.10,macOS-26.6.2-arm64-arm-64bit,2.5.2,42,cpu,opencv_yunet,landmark,insightface,spectral,dct,0.16,2026-09-02T04:14:05.967125+00:00
watermark_robustness,jose_serra_2.png,jpeg_q70,jpeg_compression,{'quality': 70},True,0.949219,1.0,746a29cd,True,False,36.1227,0.897893,37.1186,0.1.0,not-a-git-repository,3.12.10,macOS-26.6.2-arm64-arm-64bit,2.5.2,42,cpu,opencv_yunet,landmark,insightface,spectral,dct,0.16,2026-09-02T04:14:05.967125+00:00
watermark_robustness,jose_serra_2.png,jpeg_q50,jpeg_compression,{'quality': 50},False,0.515625,0.546875,,False,False,36.1227,0.897893,34.0954,0.1.0,not-a-git-repository,3.12.10,macOS-26.6.2-arm64-arm-64bit,2.5.2,42,cpu,opencv_yunet,landmark,insightface,spectral,dct,0.16,2026-09-02T04:14:05.967125+00:00
watermark_robustness,jose_serra_2.png,resize_75,resize,{'scale': 0.75},True,0.995443,1.0,746a29cd,True,False,36.1227,0.897893,38.1954,0.1.0,not-a-git-repository,3.12.10,macOS-26.6.2-arm64-arm-64bit,2.5.2,42,cpu,opencv_yunet,landmark,insightface,spectral,dct,0.16,2026-09-02T04:14:05.967125+00:00
watermark_robustness,jose_serra_2.png,resize_50,resize,{'scale': 0.5},True,0.375109,0.984375,746a29cd,True,False,36.1227,0.897893,33.5136,0.1.0,not-a-git-repository,3.12.10,macOS-26.6.2-arm64-arm-64bit,2.5.2,42,cpu,opencv_yunet,landmark,insightface,spectral,dct,0.16,2026-09-02T04:14:05.967125+00:00
watermark_robustness,jose_serra_2.png,resize_25,resize,{'scale': 0.25},False,0.523438,0.484375,,False,False,36.1227,0.897893,29.016,0.1.0,not-a-git-repository,3.12.10,macOS-26.6.2-arm64-arm-64bit,2.5.2,42,cpu,opencv_yunet,landmark,insightface,spectral,dct,0.16,2026-09-02T04:14:05.967125+00:00
watermark_robustness,jose_serra_2.png,crop_10,crop,{'ratio': 0.1},True,1.0,0.4375,746a29cd,True,False,36.1227,0.897893,12.2435,0.1.0,not-a-git-repository,3.12.10,macOS-26.6.2-arm64-arm-64bit,2.5.2,42,cpu,opencv_yunet,landmark,insightface,spectral,dct,0.16,2026-09-02T04:14:05.967125+00:00
watermark_robustness,jose_serra_2.png,crop_30,crop,{'ratio': 0.3},False,0.546875,0.515625,,False,False,36.1227,0.897893,10.9127,0.1.0,not-a-git-repository,3.12.10,macOS-26.6.2-arm64-arm-64bit,2.5.2,42,cpu,opencv_yunet,landmark,insightface,spectral,dct,0.16,2026-09-02T04:14:05.967125+00:00
watermark_robustness,jose_serra_2.png,rotate_5,rotation,{'degrees': 5},False,0.539062,0.46875,,False,False,36.1227,0.897893,15.1725,0.1.0,not-a-git-repository,3.12.10,macOS-26.6.2-arm64-arm-64bit,2.5.2,42,cpu,opencv_yunet,landmark,insightface,spectral,dct,0.16,2026-09-02T04:14:05.967125+00:00
watermark_robustness,jose_serra_2.png,blur_1,blur,{'sigma': 1.0},True,0.998047,1.0,746a29cd,True,False,36.1227,0.897893,32.8766,0.1.0,not-a-git-repository,3.12.10,macOS-26.6.2-arm64-arm-64bit,2.5.2,42,cpu,opencv_yunet,landmark,insightface,spectral,dct,0.16,2026-09-02T04:14:05.967125+00:00
watermark_robustness,jose_serra_2.png,noise_5,noise,{'sigma': 5.0},True,0.995443,1.0,746a29cd,True,False,36.1227,0.897893,34.3073,0.1.0,not-a-git-repository,3.12.10,macOS-26.6.2-arm64-arm-64bit,2.5.2,42,cpu,opencv_yunet,landmark,insightface,spectral,dct,0.16,2026-09-02T04:14:05.967125+00:00
watermark_robustness,jose_serra_2.png,brightness_up,brightness,{'factor': 1.2},True,0.998047,1.0,746a29cd,True,False,36.1227,0.897893,19.6844,0.1.0,not-a-git-repository,3.12.10,macOS-26.6.2-arm64-arm-64bit,2.5.2,42,cpu,opencv_yunet,landmark,insightface,spectral,dct,0.16,2026-09-02T04:14:05.967125+00:00
watermark_robustness,jose_serra_2.png,contrast_down,contrast,{'factor': 0.8},True,0.998047,1.0,746a29cd,True,False,36.1227,0.897893,24.9191,0.1.0,not-a-git-repository,3.12.10,macOS-26.6.2-arm64-arm-64bit,2.5.2,42,cpu,opencv_yunet,landmark,insightface,spectral,dct,0.16,2026-09-02T04:14:05.967125+00:00
watermark_robustness,jose_serra_2.png,webp_q80,webp,{'quality': 80},True,0.94401,1.0,746a29cd,True,False,36.1227,0.897893,37.0455,0.1.0,not-a-git-repository,3.12.10,macOS-26.6.2-arm64-arm-64bit,2.5.2,42,cpu,opencv_yunet,landmark,insightface,spectral,dct,0.16,2026-09-02T04:14:05.967125+00:00
watermark_robustness,jose_serra_2.png,screenshot,screenshot_simulation,"{'scale': 0.9, 'quality': 85}",True,0.952474,1.0,746a29cd,True,False,36.1227,0.897893,38.7627,0.1.0,not-a-git-repository,3.12.10,macOS-26.6.2-arm64-arm-64bit,2.5.2,42,cpu,opencv_yunet,landmark,insightface,spectral,dct,0.16,2026-09-02T04:14:05.967125+00:00
watermark_robustness,jose_serra_3.png,jpeg_q90,jpeg_compression,{'quality': 90},True,1.0,1.0,e8ab5b6b,True,False,35.9592,0.88523,44.6091,0.1.0,not-a-git-repository,3.12.10,macOS-26.6.2-arm64-arm-64bit,2.5.2,42,cpu,opencv_yunet,landmark,insightface,spectral,dct,0.16,2026-09-02T04:14:05.967125+00:00
watermark_robustness,jose_serra_3.png,jpeg_q70,jpeg_compression,{'quality': 70},True,0.98763,1.0,e8ab5b6b,True,False,35.9592,0.88523,38.1929,0.1.0,not-a-git-repository,3.12.10,macOS-26.6.2-arm64-arm-64bit,2.5.2,42,cpu,opencv_yunet,landmark,insightface,spectral,dct,0.16,2026-09-02T04:14:05.967125+00:00
watermark_robustness,jose_serra_3.png,jpeg_q50,jpeg_compression,{'quality': 50},False,0.539062,0.5625,,False,False,35.9592,0.88523,34.814,0.1.0,not-a-git-repository,3.12.10,macOS-26.6.2-arm64-arm-64bit,2.5.2,42,cpu,opencv_yunet,landmark,insightface,spectral,dct,0.16,2026-09-02T04:14:05.967125+00:00
watermark_robustness,jose_serra_3.png,resize_75,resize,{'scale': 0.75},True,1.0,1.0,e8ab5b6b,True,False,35.9592,0.88523,43.2585,0.1.0,not-a-git-repository,3.12.10,macOS-26.6.2-arm64-arm-64bit,2.5.2,42,cpu,opencv_yunet,landmark,insightface,spectral,dct,0.16,2026-09-02T04:14:05.967125+00:00
watermark_robustness,jose_serra_3.png,resize_50,resize,{'scale': 0.5},True,0.453776,0.984375,e8ab5b6b,True,False,35.9592,0.88523,36.8914,0.1.0,not-a-git-repository,3.12.10,macOS-26.6.2-arm64-arm-64bit,2.5.2,42,cpu,opencv_yunet,landmark,insightface,spectral,dct,0.16,2026-09-02T04:14:05.967125+00:00
watermark_robustness,jose_serra_3.png,resize_25,resize,{'scale': 0.25},False,0.5625,0.484375,,False,False,35.9592,0.88523,33.6047,0.1.0,not-a-git-repository,3.12.10,macOS-26.6.2-arm64-arm-64bit,2.5.2,42,cpu,opencv_yunet,landmark,insightface,spectral,dct,0.16,2026-09-02T04:14:05.967125+00:00
watermark_robustness,jose_serra_3.png,crop_10,crop,{'ratio': 0.1},True,1.0,0.4375,e8ab5b6b,True,False,35.9592,0.88523,15.9517,0.1.0,not-a-git-repository,3.12.10,macOS-26.6.2-arm64-arm-64bit,2.5.2,42,cpu,opencv_yunet,landmark,insightface,spectral,dct,0.16,2026-09-02T04:14:05.967125+00:00
watermark_robustness,jose_serra_3.png,crop_30,crop,{'ratio': 0.3},False,0.507812,0.5625,,False,False,35.9592,0.88523,13.6355,0.1.0,not-a-git-repository,3.12.10,macOS-26.6.2-arm64-arm-64bit,2.5.2,42,cpu,opencv_yunet,landmark,insightface,spectral,dct,0.16,2026-09-02T04:14:05.967125+00:00
watermark_robustness,jose_serra_3.png,rotate_5,rotation,{'degrees': 5},False,0.523438,0.421875,,False,False,35.9592,0.88523,16.0399,0.1.0,not-a-git-repository,3.12.10,macOS-26.6.2-arm64-arm-64bit,2.5.2,42,cpu,opencv_yunet,landmark,insightface,spectral,dct,0.16,2026-09-02T04:14:05.967125+00:00
watermark_robustness,jose_serra_3.png,blur_1,blur,{'sigma': 1.0},True,1.0,1.0,e8ab5b6b,True,False,35.9592,0.88523,36.8046,0.1.0,not-a-git-repository,3.12.10,macOS-26.6.2-arm64-arm-64bit,2.5.2,42,cpu,opencv_yunet,landmark,insightface,spectral,dct,0.16,2026-09-02T04:14:05.967125+00:00
watermark_robustness,jose_serra_3.png,noise_5,noise,{'sigma': 5.0},True,1.0,1.0,e8ab5b6b,True,False,35.9592,0.88523,34.1556,0.1.0,not-a-git-repository,3.12.10,macOS-26.6.2-arm64-arm-64bit,2.5.2,42,cpu,opencv_yunet,landmark,insightface,spectral,dct,0.16,2026-09-02T04:14:05.967125+00:00
watermark_robustness,jose_serra_3.png,brightness_up,brightness,{'factor': 1.2},True,1.0,1.0,e8ab5b6b,True,False,35.9592,0.88523,20.0329,0.1.0,not-a-git-repository,3.12.10,macOS-26.6.2-arm64-arm-64bit,2.5.2,42,cpu,opencv_yunet,landmark,insightface,spectral,dct,0.16,2026-09-02T04:14:05.967125+00:00
watermark_robustness,jose_serra_3.png,contrast_down,contrast,{'factor': 0.8},True,1.0,1.0,e8ab5b6b,True,False,35.9592,0.88523,29.0207,0.1.0,not-a-git-repository,3.12.10,macOS-26.6.2-arm64-arm-64bit,2.5.2,42,cpu,opencv_yunet,landmark,insightface,spectral,dct,0.16,2026-09-02T04:14:05.967125+00:00
watermark_robustness,jose_serra_3.png,webp_q80,webp,{'quality': 80},True,0.990668,1.0,e8ab5b6b,True,False,35.9592,0.88523,37.3668,0.1.0,not-a-git-repository,3.12.10,macOS-26.6.2-arm64-arm-64bit,2.5.2,42,cpu,opencv_yunet,landmark,insightface,spectral,dct,0.16,2026-09-02T04:14:05.967125+00:00
watermark_robustness,jose_serra_3.png,screenshot,screenshot_simulation,"{'scale': 0.9, 'quality': 85}",True,1.0,1.0,e8ab5b6b,True,False,35.9592,0.88523,42.4261,0.1.0,not-a-git-repository,3.12.10,macOS-26.6.2-arm64-arm-64bit,2.5.2,42,cpu,opencv_yunet,landmark,insightface,spectral,dct,0.16,2026-09-02T04:14:05.967125+00:00
watermark_robustness,jose_serra_4.png,jpeg_q90,jpeg_compression,{'quality': 90},True,1.0,1.0,fc0ea42c,True,False,35.9544,0.917284,42.9057,0.1.0,not-a-git-repository,3.12.10,macOS-26.6.2-arm64-arm-64bit,2.5.2,42,cpu,opencv_yunet,landmark,insightface,spectral,dct,0.16,2026-09-02T04:14:05.967125+00:00
watermark_robustness,jose_serra_4.png,jpeg_q70,jpeg_compression,{'quality': 70},True,0.994141,1.0,fc0ea42c,True,False,35.9544,0.917284,37.0895,0.1.0,not-a-git-repository,3.12.10,macOS-26.6.2-arm64-arm-64bit,2.5.2,42,cpu,opencv_yunet,landmark,insightface,spectral,dct,0.16,2026-09-02T04:14:05.967125+00:00
watermark_robustness,jose_serra_4.png,jpeg_q50,jpeg_compression,{'quality': 50},False,0.554688,0.5,,False,False,35.9544,0.917284,33.9524,0.1.0,not-a-git-repository,3.12.10,macOS-26.6.2-arm64-arm-64bit,2.5.2,42,cpu,opencv_yunet,landmark,insightface,spectral,dct,0.16,2026-09-02T04:14:05.967125+00:00
watermark_robustness,jose_serra_4.png,resize_75,resize,{'scale': 0.75},True,1.0,1.0,fc0ea42c,True,False,35.9544,0.917284,41.5542,0.1.0,not-a-git-repository,3.12.10,macOS-26.6.2-arm64-arm-64bit,2.5.2,42,cpu,opencv_yunet,landmark,insightface,spectral,dct,0.16,2026-09-02T04:14:05.967125+00:00
watermark_robustness,jose_serra_4.png,resize_50,resize,{'scale': 0.5},True,0.283854,0.96875,fc0ea42c,True,False,35.9544,0.917284,35.7478,0.1.0,not-a-git-repository,3.12.10,macOS-26.6.2-arm64-arm-64bit,2.5.2,42,cpu,opencv_yunet,landmark,insightface,spectral,dct,0.16,2026-09-02T04:14:05.967125+00:00
watermark_robustness,jose_serra_4.png,resize_25,resize,{'scale': 0.25},False,0.523438,0.5,,False,False,35.9544,0.917284,31.0225,0.1.0,not-a-git-repository,3.12.10,macOS-26.6.2-arm64-arm-64bit,2.5.2,42,cpu,opencv_yunet,landmark,insightface,spectral,dct,0.16,2026-09-02T04:14:05.967125+00:00
watermark_robustness,jose_serra_4.png,crop_10,crop,{'ratio': 0.1},True,1.0,0.546875,fc0ea42c,True,False,35.9544,0.917284,10.5365,0.1.0,not-a-git-repository,3.12.10,macOS-26.6.2-arm64-arm-64bit,2.5.2,42,cpu,opencv_yunet,landmark,insightface,spectral,dct,0.16,2026-09-02T04:14:05.967125+00:00
watermark_robustness,jose_serra_4.png,crop_30,crop,{'ratio': 0.3},False,0.523438,0.515625,,False,False,35.9544,0.917284,9.5759,0.1.0,not-a-git-repository,3.12.10,macOS-26.6.2-arm64-arm-64bit,2.5.2,42,cpu,opencv_yunet,landmark,insightface,spectral,dct,0.16,2026-09-02T04:14:05.967125+00:00
watermark_robustness,jose_serra_4.png,rotate_5,rotation,{'degrees': 5},False,0.53125,0.5,,False,False,35.9544,0.917284,13.782,0.1.0,not-a-git-repository,3.12.10,macOS-26.6.2-arm64-arm-64bit,2.5.2,42,cpu,opencv_yunet,landmark,insightface,spectral,dct,0.16,2026-09-02T04:14:05.967125+00:00
watermark_robustness,jose_serra_4.png,blur_1,blur,{'sigma': 1.0},True,1.0,1.0,fc0ea42c,True,False,35.9544,0.917284,34.8225,0.1.0,not-a-git-repository,3.12.10,macOS-26.6.2-arm64-arm-64bit,2.5.2,42,cpu,opencv_yunet,landmark,insightface,spectral,dct,0.16,2026-09-02T04:14:05.967125+00:00
watermark_robustness,jose_serra_4.png,noise_5,noise,{'sigma': 5.0},True,1.0,1.0,fc0ea42c,True,False,35.9544,0.917284,34.1337,0.1.0,not-a-git-repository,3.12.10,macOS-26.6.2-arm64-arm-64bit,2.5.2,42,cpu,opencv_yunet,landmark,insightface,spectral,dct,0.16,2026-09-02T04:14:05.967125+00:00
watermark_robustness,jose_serra_4.png,brightness_up,brightness,{'factor': 1.2},True,0.874783,1.0,fc0ea42c,True,False,35.9544,0.917284,20.2392,0.1.0,not-a-git-repository,3.12.10,macOS-26.6.2-arm64-arm-64bit,2.5.2,42,cpu,opencv_yunet,landmark,insightface,spectral,dct,0.16,2026-09-02T04:14:05.967125+00:00
watermark_robustness,jose_serra_4.png,contrast_down,contrast,{'factor': 0.8},True,1.0,1.0,fc0ea42c,True,False,35.9544,0.917284,25.6218,0.1.0,not-a-git-repository,3.12.10,macOS-26.6.2-arm64-arm-64bit,2.5.2,42,cpu,opencv_yunet,landmark,insightface,spectral,dct,0.16,2026-09-02T04:14:05.967125+00:00
watermark_robustness,jose_serra_4.png,webp_q80,webp,{'quality': 80},True,1.0,1.0,fc0ea42c,True,False,35.9544,0.917284,36.6363,0.1.0,not-a-git-repository,3.12.10,macOS-26.6.2-arm64-arm-64bit,2.5.2,42,cpu,opencv_yunet,landmark,insightface,spectral,dct,0.16,2026-09-02T04:14:05.967125+00:00
watermark_robustness,jose_serra_4.png,screenshot,screenshot_simulation,"{'scale': 0.9, 'quality': 85}",True,1.0,1.0,fc0ea42c,True,False,35.9544,0.917284,40.1473,0.1.0,not-a-git-repository,3.12.10,macOS-26.6.2-arm64-arm-64bit,2.5.2,42,cpu,opencv_yunet,landmark,insightface,spectral,dct,0.16,2026-09-02T04:14:05.967125+00:00
watermark_robustness,jose_serra_5.png,jpeg_q90,jpeg_compression,{'quality': 90},True,1.0,1.0,2933838f,True,False,36.5673,0.897273,39.9851,0.1.0,not-a-git-repository,3.12.10,macOS-26.6.2-arm64-arm-64bit,2.5.2,42,cpu,opencv_yunet,landmark,insightface,spectral,dct,0.16,2026-09-02T04:14:05.967125+00:00
watermark_robustness,jose_serra_5.png,jpeg_q70,jpeg_compression,{'quality': 70},True,0.85612,1.0,2933838f,True,False,36.5673,0.897273,35.355,0.1.0,not-a-git-repository,3.12.10,macOS-26.6.2-arm64-arm-64bit,2.5.2,42,cpu,opencv_yunet,landmark,insightface,spectral,dct,0.16,2026-09-02T04:14:05.967125+00:00
watermark_robustness,jose_serra_5.png,jpeg_q50,jpeg_compression,{'quality': 50},False,0.515625,0.546875,,False,False,36.5673,0.897273,32.6558,0.1.0,not-a-git-repository,3.12.10,macOS-26.6.2-arm64-arm-64bit,2.5.2,42,cpu,opencv_yunet,landmark,insightface,spectral,dct,0.16,2026-09-02T04:14:05.967125+00:00
watermark_robustness,jose_serra_5.png,resize_75,resize,{'scale': 0.75},True,0.997396,1.0,2933838f,True,False,36.5673,0.897273,38.3306,0.1.0,not-a-git-repository,3.12.10,macOS-26.6.2-arm64-arm-64bit,2.5.2,42,cpu,opencv_yunet,landmark,insightface,spectral,dct,0.16,2026-09-02T04:14:05.967125+00:00
watermark_robustness,jose_serra_5.png,resize_50,resize,{'scale': 0.5},False,0.709635,0.90625,,False,False,36.5673,0.897273,33.3878,0.1.0,not-a-git-repository,3.12.10,macOS-26.6.2-arm64-arm-64bit,2.5.2,42,cpu,opencv_yunet,landmark,insightface,spectral,dct,0.16,2026-09-02T04:14:05.967125+00:00
watermark_robustness,jose_serra_5.png,resize_25,resize,{'scale': 0.25},False,0.515625,0.5,,False,False,36.5673,0.897273,28.248,0.1.0,not-a-git-repository,3.12.10,macOS-26.6.2-arm64-arm-64bit,2.5.2,42,cpu,opencv_yunet,landmark,insightface,spectral,dct,0.16,2026-09-02T04:14:05.967125+00:00
watermark_robustness,jose_serra_5.png,crop_10,crop,{'ratio': 0.1},True,1.0,0.578125,2933838f,True,False,36.5673,0.897273,11.5862,0.1.0,not-a-git-repository,3.12.10,macOS-26.6.2-arm64-arm-64bit,2.5.2,42,cpu,opencv_yunet,landmark,insightface,spectral,dct,0.16,2026-09-02T04:14:05.967125+00:00
watermark_robustness,jose_serra_5.png,crop_30,crop,{'ratio': 0.3},False,0.507812,0.5625,,False,False,36.5673,0.897273,8.7786,0.1.0,not-a-git-repository,3.12.10,macOS-26.6.2-arm64-arm-64bit,2.5.2,42,cpu,opencv_yunet,landmark,insightface,spectral,dct,0.16,2026-09-02T04:14:05.967125+00:00
watermark_robustness,jose_serra_5.png,rotate_5,rotation,{'degrees': 5},False,0.507812,0.390625,,False,False,36.5673,0.897273,14.5498,0.1.0,not-a-git-repository,3.12.10,macOS-26.6.2-arm64-arm-64bit,2.5.2,42,cpu,opencv_yunet,landmark,insightface,spectral,dct,0.16,2026-09-02T04:14:05.967125+00:00
watermark_robustness,jose_serra_5.png,blur_1,blur,{'sigma': 1.0},True,0.995443,1.0,2933838f,True,False,36.5673,0.897273,32.1455,0.1.0,not-a-git-repository,3.12.10,macOS-26.6.2-arm64-arm-64bit,2.5.2,42,cpu,opencv_yunet,landmark,insightface,spectral,dct,0.16,2026-09-02T04:14:05.967125+00:00
watermark_robustness,jose_serra_5.png,noise_5,noise,{'sigma': 5.0},True,1.0,1.0,2933838f,True,False,36.5673,0.897273,34.7844,0.1.0,not-a-git-repository,3.12.10,macOS-26.6.2-arm64-arm-64bit,2.5.2,42,cpu,opencv_yunet,landmark,insightface,spectral,dct,0.16,2026-09-02T04:14:05.967125+00:00
watermark_robustness,jose_serra_5.png,brightness_up,brightness,{'factor': 1.2},True,0.99349,1.0,2933838f,True,False,36.5673,0.897273,25.0747,0.1.0,not-a-git-repository,3.12.10,macOS-26.6.2-arm64-arm-64bit,2.5.2,42,cpu,opencv_yunet,landmark,insightface,spectral,dct,0.16,2026-09-02T04:14:05.967125+00:00
watermark_robustness,jose_serra_5.png,contrast_down,contrast,{'factor': 0.8},True,1.0,1.0,2933838f,True,False,36.5673,0.897273,25.2274,0.1.0,not-a-git-repository,3.12.10,macOS-26.6.2-arm64-arm-64bit,2.5.2,42,cpu,opencv_yunet,landmark,insightface,spectral,dct,0.16,2026-09-02T04:14:05.967125+00:00
watermark_robustness,jose_serra_5.png,webp_q80,webp,{'quality': 80},True,0.890625,1.0,2933838f,True,False,36.5673,0.897273,36.1811,0.1.0,not-a-git-repository,3.12.10,macOS-26.6.2-arm64-arm-64bit,2.5.2,42,cpu,opencv_yunet,landmark,insightface,spectral,dct,0.16,2026-09-02T04:14:05.967125+00:00
watermark_robustness,jose_serra_5.png,screenshot,screenshot_simulation,"{'scale': 0.9, 'quality': 85}",True,0.911458,1.0,2933838f,True,False,36.5673,0.897273,37.1627,0.1.0,not-a-git-repository,3.12.10,macOS-26.6.2-arm64-arm-64bit,2.5.2,42,cpu,opencv_yunet,landmark,insightface,spectral,dct,0.16,2026-09-02T04:14:05.967125+00:00
watermark_robustness,jose_serra_6.png,jpeg_q90,jpeg_compression,{'quality': 90},True,0.998047,1.0,75324b66,True,False,35.9874,0.920086,44.4573,0.1.0,not-a-git-repository,3.12.10,macOS-26.6.2-arm64-arm-64bit,2.5.2,42,cpu,opencv_yunet,landmark,insightface,spectral,dct,0.16,2026-09-02T04:14:05.967125+00:00
watermark_robustness,jose_serra_6.png,jpeg_q70,jpeg_compression,{'quality': 70},True,0.986328,1.0,75324b66,True,False,35.9874,0.920086,37.7309,0.1.0,not-a-git-repository,3.12.10,macOS-26.6.2-arm64-arm-64bit,2.5.2,42,cpu,opencv_yunet,landmark,insightface,spectral,dct,0.16,2026-09-02T04:14:05.967125+00:00
watermark_robustness,jose_serra_6.png,jpeg_q50,jpeg_compression,{'quality': 50},False,0.554688,0.546875,,False,False,35.9874,0.920086,34.5087,0.1.0,not-a-git-repository,3.12.10,macOS-26.6.2-arm64-arm-64bit,2.5.2,42,cpu,opencv_yunet,landmark,insightface,spectral,dct,0.16,2026-09-02T04:14:05.967125+00:00
watermark_robustness,jose_serra_6.png,resize_75,resize,{'scale': 0.75},True,0.998047,1.0,75324b66,True,False,35.9874,0.920086,36.7582,0.1.0,not-a-git-repository,3.12.10,macOS-26.6.2-arm64-arm-64bit,2.5.2,42,cpu,opencv_yunet,landmark,insightface,spectral,dct,0.16,2026-09-02T04:14:05.967125+00:00
watermark_robustness,jose_serra_6.png,resize_50,resize,{'scale': 0.5},False,0.890842,0.9375,,False,False,35.9874,0.920086,32.4843,0.1.0,not-a-git-repository,3.12.10,macOS-26.6.2-arm64-arm-64bit,2.5.2,42,cpu,opencv_yunet,landmark,insightface,spectral,dct,0.16,2026-09-02T04:14:05.967125+00:00
watermark_robustness,jose_serra_6.png,resize_25,resize,{'scale': 0.25},False,0.585938,0.546875,,False,False,35.9874,0.920086,28.8694,0.1.0,not-a-git-repository,3.12.10,macOS-26.6.2-arm64-arm-64bit,2.5.2,42,cpu,opencv_yunet,landmark,insightface,spectral,dct,0.16,2026-09-02T04:14:05.967125+00:00
watermark_robustness,jose_serra_6.png,crop_10,crop,{'ratio': 0.1},True,1.0,0.484375,75324b66,True,False,35.9874,0.920086,12.7645,0.1.0,not-a-git-repository,3.12.10,macOS-26.6.2-arm64-arm-64bit,2.5.2,42,cpu,opencv_yunet,landmark,insightface,spectral,dct,0.16,2026-09-02T04:14:05.967125+00:00
watermark_robustness,jose_serra_6.png,crop_30,crop,{'ratio': 0.3},False,0.523438,0.4375,,False,False,35.9874,0.920086,11.3276,0.1.0,not-a-git-repository,3.12.10,macOS-26.6.2-arm64-arm-64bit,2.5.2,42,cpu,opencv_yunet,landmark,insightface,spectral,dct,0.16,2026-09-02T04:14:05.967125+00:00
watermark_robustness,jose_serra_6.png,rotate_5,rotation,{'degrees': 5},False,0.523438,0.390625,,False,False,35.9874,0.920086,15.939,0.1.0,not-a-git-repository,3.12.10,macOS-26.6.2-arm64-arm-64bit,2.5.2,42,cpu,opencv_yunet,landmark,insightface,spectral,dct,0.16,2026-09-02T04:14:05.967125+00:00
watermark_robustness,jose_serra_6.png,blur_1,blur,{'sigma': 1.0},True,0.998047,1.0,75324b66,True,False,35.9874,0.920086,32.6428,0.1.0,not-a-git-repository,3.12.10,macOS-26.6.2-arm64-arm-64bit,2.5.2,42,cpu,opencv_yunet,landmark,insightface,spectral,dct,0.16,2026-09-02T04:14:05.967125+00:00
watermark_robustness,jose_serra_6.png,noise_5,noise,{'sigma': 5.0},True,0.998047,1.0,75324b66,True,False,35.9874,0.920086,34.1568,0.1.0,not-a-git-repository,3.12.10,macOS-26.6.2-arm64-arm-64bit,2.5.2,42,cpu,opencv_yunet,landmark,insightface,spectral,dct,0.16,2026-09-02T04:14:05.967125+00:00
watermark_robustness,jose_serra_6.png,brightness_up,brightness,{'factor': 1.2},True,0.991536,1.0,75324b66,True,False,35.9874,0.920086,20.0565,0.1.0,not-a-git-repository,3.12.10,macOS-26.6.2-arm64-arm-64bit,2.5.2,42,cpu,opencv_yunet,landmark,insightface,spectral,dct,0.16,2026-09-02T04:14:05.967125+00:00
watermark_robustness,jose_serra_6.png,contrast_down,contrast,{'factor': 0.8},True,1.0,1.0,75324b66,True,False,35.9874,0.920086,26.7742,0.1.0,not-a-git-repository,3.12.10,macOS-26.6.2-arm64-arm-64bit,2.5.2,42,cpu,opencv_yunet,landmark,insightface,spectral,dct,0.16,2026-09-02T04:14:05.967125+00:00
watermark_robustness,jose_serra_6.png,webp_q80,webp,{'quality': 80},True,0.996094,1.0,75324b66,True,False,35.9874,0.920086,37.4097,0.1.0,not-a-git-repository,3.12.10,macOS-26.6.2-arm64-arm-64bit,2.5.2,42,cpu,opencv_yunet,landmark,insightface,spectral,dct,0.16,2026-09-02T04:14:05.967125+00:00
watermark_robustness,jose_serra_6.png,screenshot,screenshot_simulation,"{'scale': 0.9, 'quality': 85}",True,0.998047,1.0,75324b66,True,False,35.9874,0.920086,38.2664,0.1.0,not-a-git-repository,3.12.10,macOS-26.6.2-arm64-arm-64bit,2.5.2,42,cpu,opencv_yunet,landmark,insightface,spectral,dct,0.16,2026-09-02T04:14:05.967125+00:00
watermark_robustness,jose_serra_7.png,jpeg_q90,jpeg_compression,{'quality': 90},True,1.0,1.0,0e4899d9,True,False,36.7146,0.894798,42.8415,0.1.0,not-a-git-repository,3.12.10,macOS-26.6.2-arm64-arm-64bit,2.5.2,42,cpu,opencv_yunet,landmark,insightface,spectral,dct,0.16,2026-09-02T04:14:05.967125+00:00
watermark_robustness,jose_serra_7.png,jpeg_q70,jpeg_compression,{'quality': 70},True,0.859158,1.0,0e4899d9,True,False,36.7146,0.894798,37.1659,0.1.0,not-a-git-repository,3.12.10,macOS-26.6.2-arm64-arm-64bit,2.5.2,42,cpu,opencv_yunet,landmark,insightface,spectral,dct,0.16,2026-09-02T04:14:05.967125+00:00
watermark_robustness,jose_serra_7.png,jpeg_q50,jpeg_compression,{'quality': 50},False,0.570312,0.578125,,False,False,36.7146,0.894798,34.5513,0.1.0,not-a-git-repository,3.12.10,macOS-26.6.2-arm64-arm-64bit,2.5.2,42,cpu,opencv_yunet,landmark,insightface,spectral,dct,0.16,2026-09-02T04:14:05.967125+00:00
watermark_robustness,jose_serra_7.png,resize_75,resize,{'scale': 0.75},True,1.0,1.0,0e4899d9,True,False,36.7146,0.894798,40.6496,0.1.0,not-a-git-repository,3.12.10,macOS-26.6.2-arm64-arm-64bit,2.5.2,42,cpu,opencv_yunet,landmark,insightface,spectral,dct,0.16,2026-09-02T04:14:05.967125+00:00
watermark_robustness,jose_serra_7.png,resize_50,resize,{'scale': 0.5},True,0.389214,0.984375,0e4899d9,True,False,36.7146,0.894798,35.2397,0.1.0,not-a-git-repository,3.12.10,macOS-26.6.2-arm64-arm-64bit,2.5.2,42,cpu,opencv_yunet,landmark,insightface,spectral,dct,0.16,2026-09-02T04:14:05.967125+00:00
watermark_robustness,jose_serra_7.png,resize_25,resize,{'scale': 0.25},False,0.5,0.5625,,False,False,36.7146,0.894798,31.3106,0.1.0,not-a-git-repository,3.12.10,macOS-26.6.2-arm64-arm-64bit,2.5.2,42,cpu,opencv_yunet,landmark,insightface,spectral,dct,0.16,2026-09-02T04:14:05.967125+00:00
watermark_robustness,jose_serra_7.png,crop_10,crop,{'ratio': 0.1},True,1.0,0.453125,0e4899d9,True,False,36.7146,0.894798,14.4427,0.1.0,not-a-git-repository,3.12.10,macOS-26.6.2-arm64-arm-64bit,2.5.2,42,cpu,opencv_yunet,landmark,insightface,spectral,dct,0.16,2026-09-02T04:14:05.967125+00:00
watermark_robustness,jose_serra_7.png,crop_30,crop,{'ratio': 0.3},False,0.539062,0.625,,False,False,36.7146,0.894798,9.899,0.1.0,not-a-git-repository,3.12.10,macOS-26.6.2-arm64-arm-64bit,2.5.2,42,cpu,opencv_yunet,landmark,insightface,spectral,dct,0.16,2026-09-02T04:14:05.967125+00:00
watermark_robustness,jose_serra_7.png,rotate_5,rotation,{'degrees': 5},False,0.484375,0.484375,,False,False,36.7146,0.894798,18.7768,0.1.0,not-a-git-repository,3.12.10,macOS-26.6.2-arm64-arm-64bit,2.5.2,42,cpu,opencv_yunet,landmark,insightface,spectral,dct,0.16,2026-09-02T04:14:05.967125+00:00
watermark_robustness,jose_serra_7.png,blur_1,blur,{'sigma': 1.0},True,1.0,1.0,0e4899d9,True,False,36.7146,0.894798,34.9688,0.1.0,not-a-git-repository,3.12.10,macOS-26.6.2-arm64-arm-64bit,2.5.2,42,cpu,opencv_yunet,landmark,insightface,spectral,dct,0.16,2026-09-02T04:14:05.967125+00:00
watermark_robustness,jose_serra_7.png,noise_5,noise,{'sigma': 5.0},True,1.0,1.0,0e4899d9,True,False,36.7146,0.894798,34.7493,0.1.0,not-a-git-repository,3.12.10,macOS-26.6.2-arm64-arm-64bit,2.5.2,42,cpu,opencv_yunet,landmark,insightface,spectral,dct,0.16,2026-09-02T04:14:05.967125+00:00
watermark_robustness,jose_serra_7.png,brightness_up,brightness,{'factor': 1.2},True,1.0,1.0,0e4899d9,True,False,36.7146,0.894798,25.2066,0.1.0,not-a-git-repository,3.12.10,macOS-26.6.2-arm64-arm-64bit,2.5.2,42,cpu,opencv_yunet,landmark,insightface,spectral,dct,0.16,2026-09-02T04:14:05.967125+00:00
watermark_robustness,jose_serra_7.png,contrast_down,contrast,{'factor': 0.8},True,1.0,1.0,0e4899d9,True,False,36.7146,0.894798,27.7635,0.1.0,not-a-git-repository,3.12.10,macOS-26.6.2-arm64-arm-64bit,2.5.2,42,cpu,opencv_yunet,landmark,insightface,spectral,dct,0.16,2026-09-02T04:14:05.967125+00:00
watermark_robustness,jose_serra_7.png,webp_q80,webp,{'quality': 80},True,0.917969,1.0,0e4899d9,True,False,36.7146,0.894798,37.1959,0.1.0,not-a-git-repository,3.12.10,macOS-26.6.2-arm64-arm-64bit,2.5.2,42,cpu,opencv_yunet,landmark,insightface,spectral,dct,0.16,2026-09-02T04:14:05.967125+00:00
watermark_robustness,jose_serra_7.png,screenshot,screenshot_simulation,"{'scale': 0.9, 'quality': 85}",True,0.975911,1.0,0e4899d9,True,False,36.7146,0.894798,40.1866,0.1.0,not-a-git-repository,3.12.10,macOS-26.6.2-arm64-arm-64bit,2.5.2,42,cpu,opencv_yunet,landmark,insightface,spectral,dct,0.16,2026-09-02T04:14:05.967125+00:00
watermark_robustness,justin_timberlake_0.png,jpeg_q90,jpeg_compression,{'quality': 90},True,1.0,1.0,5c750f6e,True,False,36.1357,0.888572,43.8382,0.1.0,not-a-git-repository,3.12.10,macOS-26.6.2-arm64-arm-64bit,2.5.2,42,cpu,opencv_yunet,landmark,insightface,spectral,dct,0.16,2026-09-02T04:14:05.967125+00:00
watermark_robustness,justin_timberlake_0.png,jpeg_q70,jpeg_compression,{'quality': 70},True,0.916667,1.0,5c750f6e,True,False,36.1357,0.888572,37.4591,0.1.0,not-a-git-repository,3.12.10,macOS-26.6.2-arm64-arm-64bit,2.5.2,42,cpu,opencv_yunet,landmark,insightface,spectral,dct,0.16,2026-09-02T04:14:05.967125+00:00
watermark_robustness,justin_timberlake_0.png,jpeg_q50,jpeg_compression,{'quality': 50},False,0.585938,0.59375,,False,False,36.1357,0.888572,34.3382,0.1.0,not-a-git-repository,3.12.10,macOS-26.6.2-arm64-arm-64bit,2.5.2,42,cpu,opencv_yunet,landmark,insightface,spectral,dct,0.16,2026-09-02T04:14:05.967125+00:00
watermark_robustness,justin_timberlake_0.png,resize_75,resize,{'scale': 0.75},True,1.0,1.0,5c750f6e,True,False,36.1357,0.888572,36.3414,0.1.0,not-a-git-repository,3.12.10,macOS-26.6.2-arm64-arm-64bit,2.5.2,42,cpu,opencv_yunet,landmark,insightface,spectral,dct,0.16,2026-09-02T04:14:05.967125+00:00
watermark_robustness,justin_timberlake_0.png,resize_50,resize,{'scale': 0.5},False,0.759115,0.953125,,False,False,36.1357,0.888572,32.0466,0.1.0,not-a-git-repository,3.12.10,macOS-26.6.2-arm64-arm-64bit,2.5.2,42,cpu,opencv_yunet,landmark,insightface,spectral,dct,0.16,2026-09-02T04:14:05.967125+00:00
watermark_robustness,justin_timberlake_0.png,resize_25,resize,{'scale': 0.25},False,0.5625,0.390625,,False,False,36.1357,0.888572,27.4093,0.1.0,not-a-git-repository,3.12.10,macOS-26.6.2-arm64-arm-64bit,2.5.2,42,cpu,opencv_yunet,landmark,insightface,spectral,dct,0.16,2026-09-02T04:14:05.967125+00:00
watermark_robustness,justin_timberlake_0.png,crop_10,crop,{'ratio': 0.1},True,1.0,0.359375,5c750f6e,True,False,36.1357,0.888572,13.0984,0.1.0,not-a-git-repository,3.12.10,macOS-26.6.2-arm64-arm-64bit,2.5.2,42,cpu,opencv_yunet,landmark,insightface,spectral,dct,0.16,2026-09-02T04:14:05.967125+00:00
watermark_robustness,justin_timberlake_0.png,crop_30,crop,{'ratio': 0.3},False,0.586806,0.515625,,False,False,36.1357,0.888572,8.9785,0.1.0,not-a-git-repository,3.12.10,macOS-26.6.2-arm64-arm-64bit,2.5.2,42,cpu,opencv_yunet,landmark,insightface,spectral,dct,0.16,2026-09-02T04:14:05.967125+00:00
watermark_robustness,justin_timberlake_0.png,rotate_5,rotation,{'degrees': 5},False,0.5,0.59375,,False,False,36.1357,0.888572,15.4377,0.1.0,not-a-git-repository,3.12.10,macOS-26.6.2-arm64-arm-64bit,2.5.2,42,cpu,opencv_yunet,landmark,insightface,spectral,dct,0.16,2026-09-02T04:14:05.967125+00:00
watermark_robustness,justin_timberlake_0.png,blur_1,blur,{'sigma': 1.0},True,0.996094,1.0,5c750f6e,True,False,36.1357,0.888572,31.4472,0.1.0,not-a-git-repository,3.12.10,macOS-26.6.2-arm64-arm-64bit,2.5.2,42,cpu,opencv_yunet,landmark,insightface,spectral,dct,0.16,2026-09-02T04:14:05.967125+00:00
watermark_robustness,justin_timberlake_0.png,noise_5,noise,{'sigma': 5.0},True,1.0,1.0,5c750f6e,True,False,36.1357,0.888572,34.3529,0.1.0,not-a-git-repository,3.12.10,macOS-26.6.2-arm64-arm-64bit,2.5.2,42,cpu,opencv_yunet,landmark,insightface,spectral,dct,0.16,2026-09-02T04:14:05.967125+00:00
watermark_robustness,justin_timberlake_0.png,brightness_up,brightness,{'factor': 1.2},True,0.898872,1.0,5c750f6e,True,False,36.1357,0.888572,23.3707,0.1.0,not-a-git-repository,3.12.10,macOS-26.6.2-arm64-arm-64bit,2.5.2,42,cpu,opencv_yunet,landmark,insightface,spectral,dct,0.16,2026-09-02T04:14:05.967125+00:00
watermark_robustness,justin_timberlake_0.png,contrast_down,contrast,{'factor': 0.8},True,1.0,1.0,5c750f6e,True,False,36.1357,0.888572,24.5572,0.1.0,not-a-git-repository,3.12.10,macOS-26.6.2-arm64-arm-64bit,2.5.2,42,cpu,opencv_yunet,landmark,insightface,spectral,dct,0.16,2026-09-02T04:14:05.967125+00:00
watermark_robustness,justin_timberlake_0.png,webp_q80,webp,{'quality': 80},True,0.96224,1.0,5c750f6e,True,False,36.1357,0.888572,37.5866,0.1.0,not-a-git-repository,3.12.10,macOS-26.6.2-arm64-arm-64bit,2.5.2,42,cpu,opencv_yunet,landmark,insightface,spectral,dct,0.16,2026-09-02T04:14:05.967125+00:00
watermark_robustness,justin_timberlake_0.png,screenshot,screenshot_simulation,"{'scale': 0.9, 'quality': 85}",True,0.951823,1.0,5c750f6e,True,False,36.1357,0.888572,37.776,0.1.0,not-a-git-repository,3.12.10,macOS-26.6.2-arm64-arm-64bit,2.5.2,42,cpu,opencv_yunet,landmark,insightface,spectral,dct,0.16,2026-09-02T04:14:05.967125+00:00
watermark_robustness,justin_timberlake_1.png,jpeg_q90,jpeg_compression,{'quality': 90},True,1.0,1.0,443826ce,True,False,36.0128,0.934279,41.3722,0.1.0,not-a-git-repository,3.12.10,macOS-26.6.2-arm64-arm-64bit,2.5.2,42,cpu,opencv_yunet,landmark,insightface,spectral,dct,0.16,2026-09-02T04:14:05.967125+00:00
watermark_robustness,justin_timberlake_1.png,jpeg_q70,jpeg_compression,{'quality': 70},True,0.955078,1.0,443826ce,True,False,36.0128,0.934279,35.6156,0.1.0,not-a-git-repository,3.12.10,macOS-26.6.2-arm64-arm-64bit,2.5.2,42,cpu,opencv_yunet,landmark,insightface,spectral,dct,0.16,2026-09-02T04:14:05.967125+00:00
watermark_robustness,justin_timberlake_1.png,jpeg_q50,jpeg_compression,{'quality': 50},False,0.492188,0.640625,,False,False,36.0128,0.934279,32.7483,0.1.0,not-a-git-repository,3.12.10,macOS-26.6.2-arm64-arm-64bit,2.5.2,42,cpu,opencv_yunet,landmark,insightface,spectral,dct,0.16,2026-09-02T04:14:05.967125+00:00
watermark_robustness,justin_timberlake_1.png,resize_75,resize,{'scale': 0.75},True,1.0,1.0,443826ce,True,False,36.0128,0.934279,34.6622,0.1.0,not-a-git-repository,3.12.10,macOS-26.6.2-arm64-arm-64bit,2.5.2,42,cpu,opencv_yunet,landmark,insightface,spectral,dct,0.16,2026-09-02T04:14:05.967125+00:00
watermark_robustness,justin_timberlake_1.png,resize_50,resize,{'scale': 0.5},True,0.143229,0.953125,443826ce,True,False,36.0128,0.934279,29.9468,0.1.0,not-a-git-repository,3.12.10,macOS-26.6.2-arm64-arm-64bit,2.5.2,42,cpu,opencv_yunet,landmark,insightface,spectral,dct,0.16,2026-09-02T04:14:05.967125+00:00
watermark_robustness,justin_timberlake_1.png,resize_25,resize,{'scale': 0.25},False,0.5,0.4375,,False,False,36.0128,0.934279,22.7619,0.1.0,not-a-git-repository,3.12.10,macOS-26.6.2-arm64-arm-64bit,2.5.2,42,cpu,opencv_yunet,landmark,insightface,spectral,dct,0.16,2026-09-02T04:14:05.967125+00:00
watermark_robustness,justin_timberlake_1.png,crop_10,crop,{'ratio': 0.1},True,1.0,0.453125,443826ce,True,False,36.0128,0.934279,10.1563,0.1.0,not-a-git-repository,3.12.10,macOS-26.6.2-arm64-arm-64bit,2.5.2,42,cpu,opencv_yunet,landmark,insightface,spectral,dct,0.16,2026-09-02T04:14:05.967125+00:00
watermark_robustness,justin_timberlake_1.png,crop_30,crop,{'ratio': 0.3},False,0.539062,0.40625,,False,False,36.0128,0.934279,9.296,0.1.0,not-a-git-repository,3.12.10,macOS-26.6.2-arm64-arm-64bit,2.5.2,42,cpu,opencv_yunet,landmark,insightface,spectral,dct,0.16,2026-09-02T04:14:05.967125+00:00
watermark_robustness,justin_timberlake_1.png,rotate_5,rotation,{'degrees': 5},False,0.515625,0.578125,,False,False,36.0128,0.934279,11.6796,0.1.0,not-a-git-repository,3.12.10,macOS-26.6.2-arm64-arm-64bit,2.5.2,42,cpu,opencv_yunet,landmark,insightface,spectral,dct,0.16,2026-09-02T04:14:05.967125+00:00
watermark_robustness,justin_timberlake_1.png,blur_1,blur,{'sigma': 1.0},True,0.986328,1.0,443826ce,True,False,36.0128,0.934279,27.9906,0.1.0,not-a-git-repository,3.12.10,macOS-26.6.2-arm64-arm-64bit,2.5.2,42,cpu,opencv_yunet,landmark,insightface,spectral,dct,0.16,2026-09-02T04:14:05.967125+00:00
watermark_robustness,justin_timberlake_1.png,noise_5,noise,{'sigma': 5.0},True,1.0,1.0,443826ce,True,False,36.0128,0.934279,34.2438,0.1.0,not-a-git-repository,3.12.10,macOS-26.6.2-arm64-arm-64bit,2.5.2,42,cpu,opencv_yunet,landmark,insightface,spectral,dct,0.16,2026-09-02T04:14:05.967125+00:00
watermark_robustness,justin_timberlake_1.png,brightness_up,brightness,{'factor': 1.2},True,1.0,1.0,443826ce,True,False,36.0128,0.934279,19.6886,0.1.0,not-a-git-repository,3.12.10,macOS-26.6.2-arm64-arm-64bit,2.5.2,42,cpu,opencv_yunet,landmark,insightface,spectral,dct,0.16,2026-09-02T04:14:05.967125+00:00
watermark_robustness,justin_timberlake_1.png,contrast_down,contrast,{'factor': 0.8},True,1.0,1.0,443826ce,True,False,36.0128,0.934279,24.2792,0.1.0,not-a-git-repository,3.12.10,macOS-26.6.2-arm64-arm-64bit,2.5.2,42,cpu,opencv_yunet,landmark,insightface,spectral,dct,0.16,2026-09-02T04:14:05.967125+00:00
watermark_robustness,justin_timberlake_1.png,webp_q80,webp,{'quality': 80},True,0.977865,1.0,443826ce,True,False,36.0128,0.934279,36.3435,0.1.0,not-a-git-repository,3.12.10,macOS-26.6.2-arm64-arm-64bit,2.5.2,42,cpu,opencv_yunet,landmark,insightface,spectral,dct,0.16,2026-09-02T04:14:05.967125+00:00
watermark_robustness,justin_timberlake_1.png,screenshot,screenshot_simulation,"{'scale': 0.9, 'quality': 85}",True,0.98763,1.0,443826ce,True,False,36.0128,0.934279,35.3653,0.1.0,not-a-git-repository,3.12.10,macOS-26.6.2-arm64-arm-64bit,2.5.2,42,cpu,opencv_yunet,landmark,insightface,spectral,dct,0.16,2026-09-02T04:14:05.967125+00:00
watermark_robustness,justin_timberlake_2.png,jpeg_q90,jpeg_compression,{'quality': 90},True,1.0,1.0,49411ae2,True,False,35.9953,0.906391,43.3704,0.1.0,not-a-git-repository,3.12.10,macOS-26.6.2-arm64-arm-64bit,2.5.2,42,cpu,opencv_yunet,landmark,insightface,spectral,dct,0.16,2026-09-02T04:14:05.967125+00:00
watermark_robustness,justin_timberlake_2.png,jpeg_q70,jpeg_compression,{'quality': 70},True,0.992188,1.0,49411ae2,True,False,35.9953,0.906391,37.3539,0.1.0,not-a-git-repository,3.12.10,macOS-26.6.2-arm64-arm-64bit,2.5.2,42,cpu,opencv_yunet,landmark,insightface,spectral,dct,0.16,2026-09-02T04:14:05.967125+00:00
watermark_robustness,justin_timberlake_2.png,jpeg_q50,jpeg_compression,{'quality': 50},False,0.53125,0.578125,,False,False,35.9953,0.906391,34.0841,0.1.0,not-a-git-repository,3.12.10,macOS-26.6.2-arm64-arm-64bit,2.5.2,42,cpu,opencv_yunet,landmark,insightface,spectral,dct,0.16,2026-09-02T04:14:05.967125+00:00
watermark_robustness,justin_timberlake_2.png,resize_75,resize,{'scale': 0.75},True,1.0,1.0,49411ae2,True,False,35.9953,0.906391,39.7996,0.1.0,not-a-git-repository,3.12.10,macOS-26.6.2-arm64-arm-64bit,2.5.2,42,cpu,opencv_yunet,landmark,insightface,spectral,dct,0.16,2026-09-02T04:14:05.967125+00:00
watermark_robustness,justin_timberlake_2.png,resize_50,resize,{'scale': 0.5},True,0.417101,0.984375,49411ae2,True,False,35.9953,0.906391,34.7588,0.1.0,not-a-git-repository,3.12.10,macOS-26.6.2-arm64-arm-64bit,2.5.2,42,cpu,opencv_yunet,landmark,insightface,spectral,dct,0.16,2026-09-02T04:14:05.967125+00:00
watermark_robustness,justin_timberlake_2.png,resize_25,resize,{'scale': 0.25},False,0.5625,0.609375,,False,False,35.9953,0.906391,30.2096,0.1.0,not-a-git-repository,3.12.10,macOS-26.6.2-arm64-arm-64bit,2.5.2,42,cpu,opencv_yunet,landmark,insightface,spectral,dct,0.16,2026-09-02T04:14:05.967125+00:00
watermark_robustness,justin_timberlake_2.png,crop_10,crop,{'ratio': 0.1},True,1.0,0.59375,49411ae2,True,False,35.9953,0.906391,12.8665,0.1.0,not-a-git-repository,3.12.10,macOS-26.6.2-arm64-arm-64bit,2.5.2,42,cpu,opencv_yunet,landmark,insightface,spectral,dct,0.16,2026-09-02T04:14:05.967125+00:00
watermark_robustness,justin_timberlake_2.png,crop_30,crop,{'ratio': 0.3},False,0.539062,0.484375,,False,False,35.9953,0.906391,9.8979,0.1.0,not-a-git-repository,3.12.10,macOS-26.6.2-arm64-arm-64bit,2.5.2,42,cpu,opencv_yunet,landmark,insightface,spectral,dct,0.16,2026-09-02T04:14:05.967125+00:00
watermark_robustness,justin_timberlake_2.png,rotate_5,rotation,{'degrees': 5},False,0.5625,0.5625,,False,False,35.9953,0.906391,16.2034,0.1.0,not-a-git-repository,3.12.10,macOS-26.6.2-arm64-arm-64bit,2.5.2,42,cpu,opencv_yunet,landmark,insightface,spectral,dct,0.16,2026-09-02T04:14:05.967125+00:00
watermark_robustness,justin_timberlake_2.png,blur_1,blur,{'sigma': 1.0},True,1.0,1.0,49411ae2,True,False,35.9953,0.906391,34.1016,0.1.0,not-a-git-repository,3.12.10,macOS-26.6.2-arm64-arm-64bit,2.5.2,42,cpu,opencv_yunet,landmark,insightface,spectral,dct,0.16,2026-09-02T04:14:05.967125+00:00
watermark_robustness,justin_timberlake_2.png,noise_5,noise,{'sigma': 5.0},True,1.0,1.0,49411ae2,True,False,35.9953,0.906391,34.2082,0.1.0,not-a-git-repository,3.12.10,macOS-26.6.2-arm64-arm-64bit,2.5.2,42,cpu,opencv_yunet,landmark,insightface,spectral,dct,0.16,2026-09-02T04:14:05.967125+00:00
watermark_robustness,justin_timberlake_2.png,brightness_up,brightness,{'factor': 1.2},True,1.0,1.0,49411ae2,True,False,35.9953,0.906391,20.8316,0.1.0,not-a-git-repository,3.12.10,macOS-26.6.2-arm64-arm-64bit,2.5.2,42,cpu,opencv_yunet,landmark,insightface,spectral,dct,0.16,2026-09-02T04:14:05.967125+00:00
watermark_robustness,justin_timberlake_2.png,contrast_down,contrast,{'factor': 0.8},True,1.0,1.0,49411ae2,True,False,35.9953,0.906391,24.8024,0.1.0,not-a-git-repository,3.12.10,macOS-26.6.2-arm64-arm-64bit,2.5.2,42,cpu,opencv_yunet,landmark,insightface,spectral,dct,0.16,2026-09-02T04:14:05.967125+00:00
watermark_robustness,justin_timberlake_2.png,webp_q80,webp,{'quality': 80},True,0.998047,1.0,49411ae2,True,False,35.9953,0.906391,36.9263,0.1.0,not-a-git-repository,3.12.10,macOS-26.6.2-arm64-arm-64bit,2.5.2,42,cpu,opencv_yunet,landmark,insightface,spectral,dct,0.16,2026-09-02T04:14:05.967125+00:00
watermark_robustness,justin_timberlake_2.png,screenshot,screenshot_simulation,"{'scale': 0.9, 'quality': 85}",True,1.0,1.0,49411ae2,True,False,35.9953,0.906391,39.8963,0.1.0,not-a-git-repository,3.12.10,macOS-26.6.2-arm64-arm-64bit,2.5.2,42,cpu,opencv_yunet,landmark,insightface,spectral,dct,0.16,2026-09-02T04:14:05.967125+00:00
watermark_robustness,justin_timberlake_3.png,jpeg_q90,jpeg_compression,{'quality': 90},True,1.0,1.0,5d2b0ede,True,False,36.1125,0.894502,44.015,0.1.0,not-a-git-repository,3.12.10,macOS-26.6.2-arm64-arm-64bit,2.5.2,42,cpu,opencv_yunet,landmark,insightface,spectral,dct,0.16,2026-09-02T04:14:05.967125+00:00
watermark_robustness,justin_timberlake_3.png,jpeg_q70,jpeg_compression,{'quality': 70},True,0.986328,1.0,5d2b0ede,True,False,36.1125,0.894502,37.8137,0.1.0,not-a-git-repository,3.12.10,macOS-26.6.2-arm64-arm-64bit,2.5.2,42,cpu,opencv_yunet,landmark,insightface,spectral,dct,0.16,2026-09-02T04:14:05.967125+00:00
watermark_robustness,justin_timberlake_3.png,jpeg_q50,jpeg_compression,{'quality': 50},False,0.5,0.453125,,False,False,36.1125,0.894502,34.5604,0.1.0,not-a-git-repository,3.12.10,macOS-26.6.2-arm64-arm-64bit,2.5.2,42,cpu,opencv_yunet,landmark,insightface,spectral,dct,0.16,2026-09-02T04:14:05.967125+00:00
watermark_robustness,justin_timberlake_3.png,resize_75,resize,{'scale': 0.75},True,1.0,1.0,5d2b0ede,True,False,36.1125,0.894502,42.006,0.1.0,not-a-git-repository,3.12.10,macOS-26.6.2-arm64-arm-64bit,2.5.2,42,cpu,opencv_yunet,landmark,insightface,spectral,dct,0.16,2026-09-02T04:14:05.967125+00:00
watermark_robustness,justin_timberlake_3.png,resize_50,resize,{'scale': 0.5},False,0.775608,0.953125,,False,False,36.1125,0.894502,35.9786,0.1.0,not-a-git-repository,3.12.10,macOS-26.6.2-arm64-arm-64bit,2.5.2,42,cpu,opencv_yunet,landmark,insightface,spectral,dct,0.16,2026-09-02T04:14:05.967125+00:00
watermark_robustness,justin_timberlake_3.png,resize_25,resize,{'scale': 0.25},False,0.554688,0.5625,,False,False,36.1125,0.894502,32.1362,0.1.0,not-a-git-repository,3.12.10,macOS-26.6.2-arm64-arm-64bit,2.5.2,42,cpu,opencv_yunet,landmark,insightface,spectral,dct,0.16,2026-09-02T04:14:05.967125+00:00
watermark_robustness,justin_timberlake_3.png,crop_10,crop,{'ratio': 0.1},True,1.0,0.59375,5d2b0ede,True,False,36.1125,0.894502,15.7766,0.1.0,not-a-git-repository,3.12.10,macOS-26.6.2-arm64-arm-64bit,2.5.2,42,cpu,opencv_yunet,landmark,insightface,spectral,dct,0.16,2026-09-02T04:14:05.967125+00:00
watermark_robustness,justin_timberlake_3.png,crop_30,crop,{'ratio': 0.3},False,0.632812,0.484375,,False,False,36.1125,0.894502,10.0864,0.1.0,not-a-git-repository,3.12.10,macOS-26.6.2-arm64-arm-64bit,2.5.2,42,cpu,opencv_yunet,landmark,insightface,spectral,dct,0.16,2026-09-02T04:14:05.967125+00:00
watermark_robustness,justin_timberlake_3.png,rotate_5,rotation,{'degrees': 5},False,0.59375,0.40625,,False,False,36.1125,0.894502,19.6502,0.1.0,not-a-git-repository,3.12.10,macOS-26.6.2-arm64-arm-64bit,2.5.2,42,cpu,opencv_yunet,landmark,insightface,spectral,dct,0.16,2026-09-02T04:14:05.967125+00:00
watermark_robustness,justin_timberlake_3.png,blur_1,blur,{'sigma': 1.0},True,1.0,1.0,5d2b0ede,True,False,36.1125,0.894502,35.6122,0.1.0,not-a-git-repository,3.12.10,macOS-26.6.2-arm64-arm-64bit,2.5.2,42,cpu,opencv_yunet,landmark,insightface,spectral,dct,0.16,2026-09-02T04:14:05.967125+00:00
watermark_robustness,justin_timberlake_3.png,noise_5,noise,{'sigma': 5.0},True,1.0,1.0,5d2b0ede,True,False,36.1125,0.894502,34.276,0.1.0,not-a-git-repository,3.12.10,macOS-26.6.2-arm64-arm-64bit,2.5.2,42,cpu,opencv_yunet,landmark,insightface,spectral,dct,0.16,2026-09-02T04:14:05.967125+00:00
watermark_robustness,justin_timberlake_3.png,brightness_up,brightness,{'factor': 1.2},True,1.0,1.0,5d2b0ede,True,False,36.1125,0.894502,22.982,0.1.0,not-a-git-repository,3.12.10,macOS-26.6.2-arm64-arm-64bit,2.5.2,42,cpu,opencv_yunet,landmark,insightface,spectral,dct,0.16,2026-09-02T04:14:05.967125+00:00
watermark_robustness,justin_timberlake_3.png,contrast_down,contrast,{'factor': 0.8},True,1.0,1.0,5d2b0ede,True,False,36.1125,0.894502,27.4179,0.1.0,not-a-git-repository,3.12.10,macOS-26.6.2-arm64-arm-64bit,2.5.2,42,cpu,opencv_yunet,landmark,insightface,spectral,dct,0.16,2026-09-02T04:14:05.967125+00:00
watermark_robustness,justin_timberlake_3.png,webp_q80,webp,{'quality': 80},True,0.995443,1.0,5d2b0ede,True,False,36.1125,0.894502,37.5198,0.1.0,not-a-git-repository,3.12.10,macOS-26.6.2-arm64-arm-64bit,2.5.2,42,cpu,opencv_yunet,landmark,insightface,spectral,dct,0.16,2026-09-02T04:14:05.967125+00:00
watermark_robustness,justin_timberlake_3.png,screenshot,screenshot_simulation,"{'scale': 0.9, 'quality': 85}",True,0.996094,1.0,5d2b0ede,True,False,36.1125,0.894502,41.3425,0.1.0,not-a-git-repository,3.12.10,macOS-26.6.2-arm64-arm-64bit,2.5.2,42,cpu,opencv_yunet,landmark,insightface,spectral,dct,0.16,2026-09-02T04:14:05.967125+00:00
watermark_robustness,justin_timberlake_4.png,jpeg_q90,jpeg_compression,{'quality': 90},True,1.0,1.0,b75bc739,True,False,36.28,0.910325,43.2367,0.1.0,not-a-git-repository,3.12.10,macOS-26.6.2-arm64-arm-64bit,2.5.2,42,cpu,opencv_yunet,landmark,insightface,spectral,dct,0.16,2026-09-02T04:14:05.967125+00:00
watermark_robustness,justin_timberlake_4.png,jpeg_q70,jpeg_compression,{'quality': 70},True,0.958333,1.0,b75bc739,True,False,36.28,0.910325,37.4299,0.1.0,not-a-git-repository,3.12.10,macOS-26.6.2-arm64-arm-64bit,2.5.2,42,cpu,opencv_yunet,landmark,insightface,spectral,dct,0.16,2026-09-02T04:14:05.967125+00:00
watermark_robustness,justin_timberlake_4.png,jpeg_q50,jpeg_compression,{'quality': 50},False,0.554688,0.578125,,False,False,36.28,0.910325,34.4035,0.1.0,not-a-git-repository,3.12.10,macOS-26.6.2-arm64-arm-64bit,2.5.2,42,cpu,opencv_yunet,landmark,insightface,spectral,dct,0.16,2026-09-02T04:14:05.967125+00:00
watermark_robustness,justin_timberlake_4.png,resize_75,resize,{'scale': 0.75},True,1.0,1.0,b75bc739,True,False,36.28,0.910325,42.7421,0.1.0,not-a-git-repository,3.12.10,macOS-26.6.2-arm64-arm-64bit,2.5.2,42,cpu,opencv_yunet,landmark,insightface,spectral,dct,0.16,2026-09-02T04:14:05.967125+00:00
watermark_robustness,justin_timberlake_4.png,resize_50,resize,{'scale': 0.5},True,0.121063,0.90625,b75bc739,True,False,36.28,0.910325,36.7147,0.1.0,not-a-git-repository,3.12.10,macOS-26.6.2-arm64-arm-64bit,2.5.2,42,cpu,opencv_yunet,landmark,insightface,spectral,dct,0.16,2026-09-02T04:14:05.967125+00:00
watermark_robustness,justin_timberlake_4.png,resize_25,resize,{'scale': 0.25},False,0.523438,0.515625,,False,False,36.28,0.910325,31.6187,0.1.0,not-a-git-repository,3.12.10,macOS-26.6.2-arm64-arm-64bit,2.5.2,42,cpu,opencv_yunet,landmark,insightface,spectral,dct,0.16,2026-09-02T04:14:05.967125+00:00
watermark_robustness,justin_timberlake_4.png,crop_10,crop,{'ratio': 0.1},True,1.0,0.546875,b75bc739,True,False,36.28,0.910325,11.1884,0.1.0,not-a-git-repository,3.12.10,macOS-26.6.2-arm64-arm-64bit,2.5.2,42,cpu,opencv_yunet,landmark,insightface,spectral,dct,0.16,2026-09-02T04:14:05.967125+00:00
watermark_robustness,justin_timberlake_4.png,crop_30,crop,{'ratio': 0.3},False,0.523438,0.53125,,False,False,36.28,0.910325,8.0521,0.1.0,not-a-git-repository,3.12.10,macOS-26.6.2-arm64-arm-64bit,2.5.2,42,cpu,opencv_yunet,landmark,insightface,spectral,dct,0.16,2026-09-02T04:14:05.967125+00:00
watermark_robustness,justin_timberlake_4.png,rotate_5,rotation,{'degrees': 5},False,0.515625,0.5,,False,False,36.28,0.910325,17.3793,0.1.0,not-a-git-repository,3.12.10,macOS-26.6.2-arm64-arm-64bit,2.5.2,42,cpu,opencv_yunet,landmark,insightface,spectral,dct,0.16,2026-09-02T04:14:05.967125+00:00
watermark_robustness,justin_timberlake_4.png,blur_1,blur,{'sigma': 1.0},True,1.0,1.0,b75bc739,True,False,36.28,0.910325,35.4328,0.1.0,not-a-git-repository,3.12.10,macOS-26.6.2-arm64-arm-64bit,2.5.2,42,cpu,opencv_yunet,landmark,insightface,spectral,dct,0.16,2026-09-02T04:14:05.967125+00:00
watermark_robustness,justin_timberlake_4.png,noise_5,noise,{'sigma': 5.0},True,1.0,1.0,b75bc739,True,False,36.28,0.910325,34.4625,0.1.0,not-a-git-repository,3.12.10,macOS-26.6.2-arm64-arm-64bit,2.5.2,42,cpu,opencv_yunet,landmark,insightface,spectral,dct,0.16,2026-09-02T04:14:05.967125+00:00
watermark_robustness,justin_timberlake_4.png,brightness_up,brightness,{'factor': 1.2},True,0.984375,1.0,b75bc739,True,False,36.28,0.910325,22.2417,0.1.0,not-a-git-repository,3.12.10,macOS-26.6.2-arm64-arm-64bit,2.5.2,42,cpu,opencv_yunet,landmark,insightface,spectral,dct,0.16,2026-09-02T04:14:05.967125+00:00
watermark_robustness,justin_timberlake_4.png,contrast_down,contrast,{'factor': 0.8},True,1.0,1.0,b75bc739,True,False,36.28,0.910325,24.8917,0.1.0,not-a-git-repository,3.12.10,macOS-26.6.2-arm64-arm-64bit,2.5.2,42,cpu,opencv_yunet,landmark,insightface,spectral,dct,0.16,2026-09-02T04:14:05.967125+00:00
watermark_robustness,justin_timberlake_4.png,webp_q80,webp,{'quality': 80},True,0.988932,1.0,b75bc739,True,False,36.28,0.910325,36.8602,0.1.0,not-a-git-repository,3.12.10,macOS-26.6.2-arm64-arm-64bit,2.5.2,42,cpu,opencv_yunet,landmark,insightface,spectral,dct,0.16,2026-09-02T04:14:05.967125+00:00
watermark_robustness,justin_timberlake_4.png,screenshot,screenshot_simulation,"{'scale': 0.9, 'quality': 85}",True,1.0,1.0,b75bc739,True,False,36.28,0.910325,41.3441,0.1.0,not-a-git-repository,3.12.10,macOS-26.6.2-arm64-arm-64bit,2.5.2,42,cpu,opencv_yunet,landmark,insightface,spectral,dct,0.16,2026-09-02T04:14:05.967125+00:00
watermark_robustness,justin_timberlake_5.png,jpeg_q90,jpeg_compression,{'quality': 90},True,1.0,1.0,212370ba,True,False,36.2038,0.907145,44.5004,0.1.0,not-a-git-repository,3.12.10,macOS-26.6.2-arm64-arm-64bit,2.5.2,42,cpu,opencv_yunet,landmark,insightface,spectral,dct,0.16,2026-09-02T04:14:05.967125+00:00
watermark_robustness,justin_timberlake_5.png,jpeg_q70,jpeg_compression,{'quality': 70},True,0.886719,1.0,212370ba,True,False,36.2038,0.907145,38.0321,0.1.0,not-a-git-repository,3.12.10,macOS-26.6.2-arm64-arm-64bit,2.5.2,42,cpu,opencv_yunet,landmark,insightface,spectral,dct,0.16,2026-09-02T04:14:05.967125+00:00
watermark_robustness,justin_timberlake_5.png,jpeg_q50,jpeg_compression,{'quality': 50},False,0.507812,0.46875,,False,False,36.2038,0.907145,34.8789,0.1.0,not-a-git-repository,3.12.10,macOS-26.6.2-arm64-arm-64bit,2.5.2,42,cpu,opencv_yunet,landmark,insightface,spectral,dct,0.16,2026-09-02T04:14:05.967125+00:00
watermark_robustness,justin_timberlake_5.png,resize_75,resize,{'scale': 0.75},True,1.0,1.0,212370ba,True,False,36.2038,0.907145,42.3059,0.1.0,not-a-git-repository,3.12.10,macOS-26.6.2-arm64-arm-64bit,2.5.2,42,cpu,opencv_yunet,landmark,insightface,spectral,dct,0.16,2026-09-02T04:14:05.967125+00:00
watermark_robustness,justin_timberlake_5.png,resize_50,resize,{'scale': 0.5},False,0.870226,0.90625,,False,False,36.2038,0.907145,35.9691,0.1.0,not-a-git-repository,3.12.10,macOS-26.6.2-arm64-arm-64bit,2.5.2,42,cpu,opencv_yunet,landmark,insightface,spectral,dct,0.16,2026-09-02T04:14:05.967125+00:00
watermark_robustness,justin_timberlake_5.png,resize_25,resize,{'scale': 0.25},False,0.5,0.515625,,False,False,36.2038,0.907145,29.9217,0.1.0,not-a-git-repository,3.12.10,macOS-26.6.2-arm64-arm-64bit,2.5.2,42,cpu,opencv_yunet,landmark,insightface,spectral,dct,0.16,2026-09-02T04:14:05.967125+00:00
watermark_robustness,justin_timberlake_5.png,crop_10,crop,{'ratio': 0.1},True,1.0,0.453125,212370ba,True,False,36.2038,0.907145,11.7894,0.1.0,not-a-git-repository,3.12.10,macOS-26.6.2-arm64-arm-64bit,2.5.2,42,cpu,opencv_yunet,landmark,insightface,spectral,dct,0.16,2026-09-02T04:14:05.967125+00:00
watermark_robustness,justin_timberlake_5.png,crop_30,crop,{'ratio': 0.3},False,0.492188,0.390625,,False,False,36.2038,0.907145,8.2675,0.1.0,not-a-git-repository,3.12.10,macOS-26.6.2-arm64-arm-64bit,2.5.2,42,cpu,opencv_yunet,landmark,insightface,spectral,dct,0.16,2026-09-02T04:14:05.967125+00:00
watermark_robustness,justin_timberlake_5.png,rotate_5,rotation,{'degrees': 5},False,0.53125,0.5,,False,False,36.2038,0.907145,15.8568,0.1.0,not-a-git-repository,3.12.10,macOS-26.6.2-arm64-arm-64bit,2.5.2,42,cpu,opencv_yunet,landmark,insightface,spectral,dct,0.16,2026-09-02T04:14:05.967125+00:00
watermark_robustness,justin_timberlake_5.png,blur_1,blur,{'sigma': 1.0},True,1.0,1.0,212370ba,True,False,36.2038,0.907145,34.3794,0.1.0,not-a-git-repository,3.12.10,macOS-26.6.2-arm64-arm-64bit,2.5.2,42,cpu,opencv_yunet,landmark,insightface,spectral,dct,0.16,2026-09-02T04:14:05.967125+00:00
watermark_robustness,justin_timberlake_5.png,noise_5,noise,{'sigma': 5.0},True,1.0,1.0,212370ba,True,False,36.2038,0.907145,34.371,0.1.0,not-a-git-repository,3.12.10,macOS-26.6.2-arm64-arm-64bit,2.5.2,42,cpu,opencv_yunet,landmark,insightface,spectral,dct,0.16,2026-09-02T04:14:05.967125+00:00
watermark_robustness,justin_timberlake_5.png,brightness_up,brightness,{'factor': 1.2},True,1.0,1.0,212370ba,True,False,36.2038,0.907145,20.0298,0.1.0,not-a-git-repository,3.12.10,macOS-26.6.2-arm64-arm-64bit,2.5.2,42,cpu,opencv_yunet,landmark,insightface,spectral,dct,0.16,2026-09-02T04:14:05.967125+00:00
watermark_robustness,justin_timberlake_5.png,contrast_down,contrast,{'factor': 0.8},True,1.0,1.0,212370ba,True,False,36.2038,0.907145,25.5797,0.1.0,not-a-git-repository,3.12.10,macOS-26.6.2-arm64-arm-64bit,2.5.2,42,cpu,opencv_yunet,landmark,insightface,spectral,dct,0.16,2026-09-02T04:14:05.967125+00:00
watermark_robustness,justin_timberlake_5.png,webp_q80,webp,{'quality': 80},True,0.936849,1.0,212370ba,True,False,36.2038,0.907145,37.2879,0.1.0,not-a-git-repository,3.12.10,macOS-26.6.2-arm64-arm-64bit,2.5.2,42,cpu,opencv_yunet,landmark,insightface,spectral,dct,0.16,2026-09-02T04:14:05.967125+00:00
watermark_robustness,justin_timberlake_5.png,screenshot,screenshot_simulation,"{'scale': 0.9, 'quality': 85}",True,0.950521,1.0,212370ba,True,False,36.2038,0.907145,41.5512,0.1.0,not-a-git-repository,3.12.10,macOS-26.6.2-arm64-arm-64bit,2.5.2,42,cpu,opencv_yunet,landmark,insightface,spectral,dct,0.16,2026-09-02T04:14:05.967125+00:00
watermark_robustness,justin_timberlake_6.png,jpeg_q90,jpeg_compression,{'quality': 90},True,1.0,1.0,48ae03f9,True,False,36.3164,0.897691,44.113,0.1.0,not-a-git-repository,3.12.10,macOS-26.6.2-arm64-arm-64bit,2.5.2,42,cpu,opencv_yunet,landmark,insightface,spectral,dct,0.16,2026-09-02T04:14:05.967125+00:00
watermark_robustness,justin_timberlake_6.png,jpeg_q70,jpeg_compression,{'quality': 70},True,0.871745,1.0,48ae03f9,True,False,36.3164,0.897691,37.7502,0.1.0,not-a-git-repository,3.12.10,macOS-26.6.2-arm64-arm-64bit,2.5.2,42,cpu,opencv_yunet,landmark,insightface,spectral,dct,0.16,2026-09-02T04:14:05.967125+00:00
watermark_robustness,justin_timberlake_6.png,jpeg_q50,jpeg_compression,{'quality': 50},False,0.507812,0.53125,,False,False,36.3164,0.897691,34.7,0.1.0,not-a-git-repository,3.12.10,macOS-26.6.2-arm64-arm-64bit,2.5.2,42,cpu,opencv_yunet,landmark,insightface,spectral,dct,0.16,2026-09-02T04:14:05.967125+00:00
watermark_robustness,justin_timberlake_6.png,resize_75,resize,{'scale': 0.75},True,1.0,1.0,48ae03f9,True,False,36.3164,0.897691,40.5316,0.1.0,not-a-git-repository,3.12.10,macOS-26.6.2-arm64-arm-64bit,2.5.2,42,cpu,opencv_yunet,landmark,insightface,spectral,dct,0.16,2026-09-02T04:14:05.967125+00:00
watermark_robustness,justin_timberlake_6.png,resize_50,resize,{'scale': 0.5},True,0.402018,0.984375,48ae03f9,True,False,36.3164,0.897691,35.2833,0.1.0,not-a-git-repository,3.12.10,macOS-26.6.2-arm64-arm-64bit,2.5.2,42,cpu,opencv_yunet,landmark,insightface,spectral,dct,0.16,2026-09-02T04:14:05.967125+00:00
watermark_robustness,justin_timberlake_6.png,resize_25,resize,{'scale': 0.25},False,0.53125,0.546875,,False,False,36.3164,0.897691,31.2696,0.1.0,not-a-git-repository,3.12.10,macOS-26.6.2-arm64-arm-64bit,2.5.2,42,cpu,opencv_yunet,landmark,insightface,spectral,dct,0.16,2026-09-02T04:14:05.967125+00:00
watermark_robustness,justin_timberlake_6.png,crop_10,crop,{'ratio': 0.1},True,1.0,0.609375,48ae03f9,True,False,36.3164,0.897691,12.8707,0.1.0,not-a-git-repository,3.12.10,macOS-26.6.2-arm64-arm-64bit,2.5.2,42,cpu,opencv_yunet,landmark,insightface,spectral,dct,0.16,2026-09-02T04:14:05.967125+00:00
watermark_robustness,justin_timberlake_6.png,crop_30,crop,{'ratio': 0.3},False,0.554688,0.4375,,False,False,36.3164,0.897691,10.101,0.1.0,not-a-git-repository,3.12.10,macOS-26.6.2-arm64-arm-64bit,2.5.2,42,cpu,opencv_yunet,landmark,insightface,spectral,dct,0.16,2026-09-02T04:14:05.967125+00:00
watermark_robustness,justin_timberlake_6.png,rotate_5,rotation,{'degrees': 5},False,0.539062,0.40625,,False,False,36.3164,0.897691,17.6875,0.1.0,not-a-git-repository,3.12.10,macOS-26.6.2-arm64-arm-64bit,2.5.2,42,cpu,opencv_yunet,landmark,insightface,spectral,dct,0.16,2026-09-02T04:14:05.967125+00:00
watermark_robustness,justin_timberlake_6.png,blur_1,blur,{'sigma': 1.0},True,1.0,1.0,48ae03f9,True,False,36.3164,0.897691,34.8596,0.1.0,not-a-git-repository,3.12.10,macOS-26.6.2-arm64-arm-64bit,2.5.2,42,cpu,opencv_yunet,landmark,insightface,spectral,dct,0.16,2026-09-02T04:14:05.967125+00:00
watermark_robustness,justin_timberlake_6.png,noise_5,noise,{'sigma': 5.0},True,1.0,1.0,48ae03f9,True,False,36.3164,0.897691,34.3987,0.1.0,not-a-git-repository,3.12.10,macOS-26.6.2-arm64-arm-64bit,2.5.2,42,cpu,opencv_yunet,landmark,insightface,spectral,dct,0.16,2026-09-02T04:14:05.967125+00:00
watermark_robustness,justin_timberlake_6.png,brightness_up,brightness,{'factor': 1.2},True,1.0,1.0,48ae03f9,True,False,36.3164,0.897691,22.2469,0.1.0,not-a-git-repository,3.12.10,macOS-26.6.2-arm64-arm-64bit,2.5.2,42,cpu,opencv_yunet,landmark,insightface,spectral,dct,0.16,2026-09-02T04:14:05.967125+00:00
watermark_robustness,justin_timberlake_6.png,contrast_down,contrast,{'factor': 0.8},True,1.0,1.0,48ae03f9,True,False,36.3164,0.897691,26.2243,0.1.0,not-a-git-repository,3.12.10,macOS-26.6.2-arm64-arm-64bit,2.5.2,42,cpu,opencv_yunet,landmark,insightface,spectral,dct,0.16,2026-09-02T04:14:05.967125+00:00
watermark_robustness,justin_timberlake_6.png,webp_q80,webp,{'quality': 80},True,0.898438,1.0,48ae03f9,True,False,36.3164,0.897691,37.1854,0.1.0,not-a-git-repository,3.12.10,macOS-26.6.2-arm64-arm-64bit,2.5.2,42,cpu,opencv_yunet,landmark,insightface,spectral,dct,0.16,2026-09-02T04:14:05.967125+00:00
watermark_robustness,justin_timberlake_6.png,screenshot,screenshot_simulation,"{'scale': 0.9, 'quality': 85}",True,0.917318,1.0,48ae03f9,True,False,36.3164,0.897691,40.3378,0.1.0,not-a-git-repository,3.12.10,macOS-26.6.2-arm64-arm-64bit,2.5.2,42,cpu,opencv_yunet,landmark,insightface,spectral,dct,0.16,2026-09-02T04:14:05.967125+00:00
watermark_robustness,kim_clijsters_0.png,jpeg_q90,jpeg_compression,{'quality': 90},True,1.0,1.0,ae8274d9,True,False,36.5783,0.907258,41.37,0.1.0,not-a-git-repository,3.12.10,macOS-26.6.2-arm64-arm-64bit,2.5.2,42,cpu,opencv_yunet,landmark,insightface,spectral,dct,0.16,2026-09-02T04:14:05.967125+00:00
watermark_robustness,kim_clijsters_0.png,jpeg_q70,jpeg_compression,{'quality': 70},True,0.827474,1.0,ae8274d9,True,False,36.5783,0.907258,36.1154,0.1.0,not-a-git-repository,3.12.10,macOS-26.6.2-arm64-arm-64bit,2.5.2,42,cpu,opencv_yunet,landmark,insightface,spectral,dct,0.16,2026-09-02T04:14:05.967125+00:00
watermark_robustness,kim_clijsters_0.png,jpeg_q50,jpeg_compression,{'quality': 50},False,0.539062,0.5625,,False,False,36.5783,0.907258,33.5955,0.1.0,not-a-git-repository,3.12.10,macOS-26.6.2-arm64-arm-64bit,2.5.2,42,cpu,opencv_yunet,landmark,insightface,spectral,dct,0.16,2026-09-02T04:14:05.967125+00:00
watermark_robustness,kim_clijsters_0.png,resize_75,resize,{'scale': 0.75},True,0.998047,1.0,ae8274d9,True,False,36.5783,0.907258,36.8468,0.1.0,not-a-git-repository,3.12.10,macOS-26.6.2-arm64-arm-64bit,2.5.2,42,cpu,opencv_yunet,landmark,insightface,spectral,dct,0.16,2026-09-02T04:14:05.967125+00:00
watermark_robustness,kim_clijsters_0.png,resize_50,resize,{'scale': 0.5},False,0.808811,0.96875,,False,False,36.5783,0.907258,32.2263,0.1.0,not-a-git-repository,3.12.10,macOS-26.6.2-arm64-arm-64bit,2.5.2,42,cpu,opencv_yunet,landmark,insightface,spectral,dct,0.16,2026-09-02T04:14:05.967125+00:00
watermark_robustness,kim_clijsters_0.png,resize_25,resize,{'scale': 0.25},False,0.546875,0.546875,,False,False,36.5783,0.907258,26.9026,0.1.0,not-a-git-repository,3.12.10,macOS-26.6.2-arm64-arm-64bit,2.5.2,42,cpu,opencv_yunet,landmark,insightface,spectral,dct,0.16,2026-09-02T04:14:05.967125+00:00
watermark_robustness,kim_clijsters_0.png,crop_10,crop,{'ratio': 0.1},True,1.0,0.46875,ae8274d9,True,False,36.5783,0.907258,10.6849,0.1.0,not-a-git-repository,3.12.10,macOS-26.6.2-arm64-arm-64bit,2.5.2,42,cpu,opencv_yunet,landmark,insightface,spectral,dct,0.16,2026-09-02T04:14:05.967125+00:00
watermark_robustness,kim_clijsters_0.png,crop_30,crop,{'ratio': 0.3},False,0.59375,0.578125,,False,False,36.5783,0.907258,10.2176,0.1.0,not-a-git-repository,3.12.10,macOS-26.6.2-arm64-arm-64bit,2.5.2,42,cpu,opencv_yunet,landmark,insightface,spectral,dct,0.16,2026-09-02T04:14:05.967125+00:00
watermark_robustness,kim_clijsters_0.png,rotate_5,rotation,{'degrees': 5},False,0.523438,0.453125,,False,False,36.5783,0.907258,16.1526,0.1.0,not-a-git-repository,3.12.10,macOS-26.6.2-arm64-arm-64bit,2.5.2,42,cpu,opencv_yunet,landmark,insightface,spectral,dct,0.16,2026-09-02T04:14:05.967125+00:00
watermark_robustness,kim_clijsters_0.png,blur_1,blur,{'sigma': 1.0},True,1.0,1.0,ae8274d9,True,False,36.5783,0.907258,31.0319,0.1.0,not-a-git-repository,3.12.10,macOS-26.6.2-arm64-arm-64bit,2.5.2,42,cpu,opencv_yunet,landmark,insightface,spectral,dct,0.16,2026-09-02T04:14:05.967125+00:00
watermark_robustness,kim_clijsters_0.png,noise_5,noise,{'sigma': 5.0},True,1.0,1.0,ae8274d9,True,False,36.5783,0.907258,34.6458,0.1.0,not-a-git-repository,3.12.10,macOS-26.6.2-arm64-arm-64bit,2.5.2,42,cpu,opencv_yunet,landmark,insightface,spectral,dct,0.16,2026-09-02T04:14:05.967125+00:00
watermark_robustness,kim_clijsters_0.png,brightness_up,brightness,{'factor': 1.2},True,0.996094,1.0,ae8274d9,True,False,36.5783,0.907258,23.2744,0.1.0,not-a-git-repository,3.12.10,macOS-26.6.2-arm64-arm-64bit,2.5.2,42,cpu,opencv_yunet,landmark,insightface,spectral,dct,0.16,2026-09-02T04:14:05.967125+00:00
watermark_robustness,kim_clijsters_0.png,contrast_down,contrast,{'factor': 0.8},True,1.0,1.0,ae8274d9,True,False,36.5783,0.907258,25.6468,0.1.0,not-a-git-repository,3.12.10,macOS-26.6.2-arm64-arm-64bit,2.5.2,42,cpu,opencv_yunet,landmark,insightface,spectral,dct,0.16,2026-09-02T04:14:05.967125+00:00
watermark_robustness,kim_clijsters_0.png,webp_q80,webp,{'quality': 80},True,0.867839,1.0,ae8274d9,True,False,36.5783,0.907258,36.7847,0.1.0,not-a-git-repository,3.12.10,macOS-26.6.2-arm64-arm-64bit,2.5.2,42,cpu,opencv_yunet,landmark,insightface,spectral,dct,0.16,2026-09-02T04:14:05.967125+00:00
watermark_robustness,kim_clijsters_0.png,screenshot,screenshot_simulation,"{'scale': 0.9, 'quality': 85}",True,0.895833,1.0,ae8274d9,True,False,36.5783,0.907258,37.1565,0.1.0,not-a-git-repository,3.12.10,macOS-26.6.2-arm64-arm-64bit,2.5.2,42,cpu,opencv_yunet,landmark,insightface,spectral,dct,0.16,2026-09-02T04:14:05.967125+00:00
watermark_robustness,kim_clijsters_1.png,jpeg_q90,jpeg_compression,{'quality': 90},True,1.0,1.0,7a3f49a6,True,False,35.9979,0.90572,43.416,0.1.0,not-a-git-repository,3.12.10,macOS-26.6.2-arm64-arm-64bit,2.5.2,42,cpu,opencv_yunet,landmark,insightface,spectral,dct,0.16,2026-09-02T04:14:05.967125+00:00
watermark_robustness,kim_clijsters_1.png,jpeg_q70,jpeg_compression,{'quality': 70},True,0.981771,1.0,7a3f49a6,True,False,35.9979,0.90572,37.5481,0.1.0,not-a-git-repository,3.12.10,macOS-26.6.2-arm64-arm-64bit,2.5.2,42,cpu,opencv_yunet,landmark,insightface,spectral,dct,0.16,2026-09-02T04:14:05.967125+00:00
watermark_robustness,kim_clijsters_1.png,jpeg_q50,jpeg_compression,{'quality': 50},False,0.539062,0.609375,,False,False,35.9979,0.90572,34.3851,0.1.0,not-a-git-repository,3.12.10,macOS-26.6.2-arm64-arm-64bit,2.5.2,42,cpu,opencv_yunet,landmark,insightface,spectral,dct,0.16,2026-09-02T04:14:05.967125+00:00
watermark_robustness,kim_clijsters_1.png,resize_75,resize,{'scale': 0.75},True,1.0,1.0,7a3f49a6,True,False,35.9979,0.90572,42.6647,0.1.0,not-a-git-repository,3.12.10,macOS-26.6.2-arm64-arm-64bit,2.5.2,42,cpu,opencv_yunet,landmark,insightface,spectral,dct,0.16,2026-09-02T04:14:05.967125+00:00
watermark_robustness,kim_clijsters_1.png,resize_50,resize,{'scale': 0.5},False,0.808377,0.953125,,False,False,35.9979,0.90572,36.4043,0.1.0,not-a-git-repository,3.12.10,macOS-26.6.2-arm64-arm-64bit,2.5.2,42,cpu,opencv_yunet,landmark,insightface,spectral,dct,0.16,2026-09-02T04:14:05.967125+00:00
watermark_robustness,kim_clijsters_1.png,resize_25,resize,{'scale': 0.25},False,0.578125,0.59375,,False,False,35.9979,0.90572,31.5859,0.1.0,not-a-git-repository,3.12.10,macOS-26.6.2-arm64-arm-64bit,2.5.2,42,cpu,opencv_yunet,landmark,insightface,spectral,dct,0.16,2026-09-02T04:14:05.967125+00:00
watermark_robustness,kim_clijsters_1.png,crop_10,crop,{'ratio': 0.1},True,1.0,0.46875,7a3f49a6,True,False,35.9979,0.90572,11.0212,0.1.0,not-a-git-repository,3.12.10,macOS-26.6.2-arm64-arm-64bit,2.5.2,42,cpu,opencv_yunet,landmark,insightface,spectral,dct,0.16,2026-09-02T04:14:05.967125+00:00
watermark_robustness,kim_clijsters_1.png,crop_30,crop,{'ratio': 0.3},False,0.539062,0.484375,,False,False,35.9979,0.90572,11.1722,0.1.0,not-a-git-repository,3.12.10,macOS-26.6.2-arm64-arm-64bit,2.5.2,42,cpu,opencv_yunet,landmark,insightface,spectral,dct,0.16,2026-09-02T04:14:05.967125+00:00
watermark_robustness,kim_clijsters_1.png,rotate_5,rotation,{'degrees': 5},False,0.554688,0.4375,,False,False,35.9979,0.90572,17.0237,0.1.0,not-a-git-repository,3.12.10,macOS-26.6.2-arm64-arm-64bit,2.5.2,42,cpu,opencv_yunet,landmark,insightface,spectral,dct,0.16,2026-09-02T04:14:05.967125+00:00
watermark_robustness,kim_clijsters_1.png,blur_1,blur,{'sigma': 1.0},True,1.0,1.0,7a3f49a6,True,False,35.9979,0.90572,35.227,0.1.0,not-a-git-repository,3.12.10,macOS-26.6.2-arm64-arm-64bit,2.5.2,42,cpu,opencv_yunet,landmark,insightface,spectral,dct,0.16,2026-09-02T04:14:05.967125+00:00
watermark_robustness,kim_clijsters_1.png,noise_5,noise,{'sigma': 5.0},True,1.0,1.0,7a3f49a6,True,False,35.9979,0.90572,34.199,0.1.0,not-a-git-repository,3.12.10,macOS-26.6.2-arm64-arm-64bit,2.5.2,42,cpu,opencv_yunet,landmark,insightface,spectral,dct,0.16,2026-09-02T04:14:05.967125+00:00
watermark_robustness,kim_clijsters_1.png,brightness_up,brightness,{'factor': 1.2},True,0.985677,1.0,7a3f49a6,True,False,35.9979,0.90572,21.4891,0.1.0,not-a-git-repository,3.12.10,macOS-26.6.2-arm64-arm-64bit,2.5.2,42,cpu,opencv_yunet,landmark,insightface,spectral,dct,0.16,2026-09-02T04:14:05.967125+00:00
watermark_robustness,kim_clijsters_1.png,contrast_down,contrast,{'factor': 0.8},True,1.0,1.0,7a3f49a6,True,False,35.9979,0.90572,27.1859,0.1.0,not-a-git-repository,3.12.10,macOS-26.6.2-arm64-arm-64bit,2.5.2,42,cpu,opencv_yunet,landmark,insightface,spectral,dct,0.16,2026-09-02T04:14:05.967125+00:00
watermark_robustness,kim_clijsters_1.png,webp_q80,webp,{'quality': 80},True,0.990885,1.0,7a3f49a6,True,False,35.9979,0.90572,37.1159,0.1.0,not-a-git-repository,3.12.10,macOS-26.6.2-arm64-arm-64bit,2.5.2,42,cpu,opencv_yunet,landmark,insightface,spectral,dct,0.16,2026-09-02T04:14:05.967125+00:00
watermark_robustness,kim_clijsters_1.png,screenshot,screenshot_simulation,"{'scale': 0.9, 'quality': 85}",True,1.0,1.0,7a3f49a6,True,False,35.9979,0.90572,41.3732,0.1.0,not-a-git-repository,3.12.10,macOS-26.6.2-arm64-arm-64bit,2.5.2,42,cpu,opencv_yunet,landmark,insightface,spectral,dct,0.16,2026-09-02T04:14:05.967125+00:00
watermark_robustness,kim_clijsters_2.png,jpeg_q90,jpeg_compression,{'quality': 90},True,1.0,1.0,3b8774d6,True,False,36.2809,0.923023,43.8012,0.1.0,not-a-git-repository,3.12.10,macOS-26.6.2-arm64-arm-64bit,2.5.2,42,cpu,opencv_yunet,landmark,insightface,spectral,dct,0.16,2026-09-02T04:14:05.967125+00:00
watermark_robustness,kim_clijsters_2.png,jpeg_q70,jpeg_compression,{'quality': 70},True,0.926866,1.0,3b8774d6,True,False,36.2809,0.923023,37.6926,0.1.0,not-a-git-repository,3.12.10,macOS-26.6.2-arm64-arm-64bit,2.5.2,42,cpu,opencv_yunet,landmark,insightface,spectral,dct,0.16,2026-09-02T04:14:05.967125+00:00
watermark_robustness,kim_clijsters_2.png,jpeg_q50,jpeg_compression,{'quality': 50},False,0.523438,0.5625,,False,False,36.2809,0.923023,34.5472,0.1.0,not-a-git-repository,3.12.10,macOS-26.6.2-arm64-arm-64bit,2.5.2,42,cpu,opencv_yunet,landmark,insightface,spectral,dct,0.16,2026-09-02T04:14:05.967125+00:00
watermark_robustness,kim_clijsters_2.png,resize_75,resize,{'scale': 0.75},True,1.0,1.0,3b8774d6,True,False,36.2809,0.923023,42.6083,0.1.0,not-a-git-repository,3.12.10,macOS-26.6.2-arm64-arm-64bit,2.5.2,42,cpu,opencv_yunet,landmark,insightface,spectral,dct,0.16,2026-09-02T04:14:05.967125+00:00
watermark_robustness,kim_clijsters_2.png,resize_50,resize,{'scale': 0.5},False,0.792969,0.96875,,False,False,36.2809,0.923023,36.1107,0.1.0,not-a-git-repository,3.12.10,macOS-26.6.2-arm64-arm-64bit,2.5.2,42,cpu,opencv_yunet,landmark,insightface,spectral,dct,0.16,2026-09-02T04:14:05.967125+00:00
watermark_robustness,kim_clijsters_2.png,resize_25,resize,{'scale': 0.25},False,0.617188,0.578125,,False,False,36.2809,0.923023,30.5747,0.1.0,not-a-git-repository,3.12.10,macOS-26.6.2-arm64-arm-64bit,2.5.2,42,cpu,opencv_yunet,landmark,insightface,spectral,dct,0.16,2026-09-02T04:14:05.967125+00:00
watermark_robustness,kim_clijsters_2.png,crop_10,crop,{'ratio': 0.1},True,1.0,0.421875,3b8774d6,True,False,36.2809,0.923023,13.4124,0.1.0,not-a-git-repository,3.12.10,macOS-26.6.2-arm64-arm-64bit,2.5.2,42,cpu,opencv_yunet,landmark,insightface,spectral,dct,0.16,2026-09-02T04:14:05.967125+00:00
watermark_robustness,kim_clijsters_2.png,crop_30,crop,{'ratio': 0.3},False,0.59375,0.375,,False,False,36.2809,0.923023,8.7218,0.1.0,not-a-git-repository,3.12.10,macOS-26.6.2-arm64-arm-64bit,2.5.2,42,cpu,opencv_yunet,landmark,insightface,spectral,dct,0.16,2026-09-02T04:14:05.967125+00:00
watermark_robustness,kim_clijsters_2.png,rotate_5,rotation,{'degrees': 5},False,0.53125,0.46875,,False,False,36.2809,0.923023,16.0351,0.1.0,not-a-git-repository,3.12.10,macOS-26.6.2-arm64-arm-64bit,2.5.2,42,cpu,opencv_yunet,landmark,insightface,spectral,dct,0.16,2026-09-02T04:14:05.967125+00:00
watermark_robustness,kim_clijsters_2.png,blur_1,blur,{'sigma': 1.0},True,0.998047,1.0,3b8774d6,True,False,36.2809,0.923023,34.5366,0.1.0,not-a-git-repository,3.12.10,macOS-26.6.2-arm64-arm-64bit,2.5.2,42,cpu,opencv_yunet,landmark,insightface,spectral,dct,0.16,2026-09-02T04:14:05.967125+00:00
watermark_robustness,kim_clijsters_2.png,noise_5,noise,{'sigma': 5.0},True,1.0,1.0,3b8774d6,True,False,36.2809,0.923023,34.3751,0.1.0,not-a-git-repository,3.12.10,macOS-26.6.2-arm64-arm-64bit,2.5.2,42,cpu,opencv_yunet,landmark,insightface,spectral,dct,0.16,2026-09-02T04:14:05.967125+00:00
watermark_robustness,kim_clijsters_2.png,brightness_up,brightness,{'factor': 1.2},True,0.992188,1.0,3b8774d6,True,False,36.2809,0.923023,21.343,0.1.0,not-a-git-repository,3.12.10,macOS-26.6.2-arm64-arm-64bit,2.5.2,42,cpu,opencv_yunet,landmark,insightface,spectral,dct,0.16,2026-09-02T04:14:05.967125+00:00
watermark_robustness,kim_clijsters_2.png,contrast_down,contrast,{'factor': 0.8},True,1.0,1.0,3b8774d6,True,False,36.2809,0.923023,24.4745,0.1.0,not-a-git-repository,3.12.10,macOS-26.6.2-arm64-arm-64bit,2.5.2,42,cpu,opencv_yunet,landmark,insightface,spectral,dct,0.16,2026-09-02T04:14:05.967125+00:00
watermark_robustness,kim_clijsters_2.png,webp_q80,webp,{'quality': 80},True,0.964844,1.0,3b8774d6,True,False,36.2809,0.923023,37.1849,0.1.0,not-a-git-repository,3.12.10,macOS-26.6.2-arm64-arm-64bit,2.5.2,42,cpu,opencv_yunet,landmark,insightface,spectral,dct,0.16,2026-09-02T04:14:05.967125+00:00
watermark_robustness,kim_clijsters_2.png,screenshot,screenshot_simulation,"{'scale': 0.9, 'quality': 85}",True,0.962023,1.0,3b8774d6,True,False,36.2809,0.923023,41.493,0.1.0,not-a-git-repository,3.12.10,macOS-26.6.2-arm64-arm-64bit,2.5.2,42,cpu,opencv_yunet,landmark,insightface,spectral,dct,0.16,2026-09-02T04:14:05.967125+00:00
watermark_robustness,kim_clijsters_3.png,jpeg_q90,jpeg_compression,{'quality': 90},True,1.0,1.0,bfdbb5d1,True,False,36.0246,0.929402,42.1008,0.1.0,not-a-git-repository,3.12.10,macOS-26.6.2-arm64-arm-64bit,2.5.2,42,cpu,opencv_yunet,landmark,insightface,spectral,dct,0.16,2026-09-02T04:14:05.967125+00:00
watermark_robustness,kim_clijsters_3.png,jpeg_q70,jpeg_compression,{'quality': 70},True,0.92513,1.0,bfdbb5d1,True,False,36.0246,0.929402,36.4839,0.1.0,not-a-git-repository,3.12.10,macOS-26.6.2-arm64-arm-64bit,2.5.2,42,cpu,opencv_yunet,landmark,insightface,spectral,dct,0.16,2026-09-02T04:14:05.967125+00:00
watermark_robustness,kim_clijsters_3.png,jpeg_q50,jpeg_compression,{'quality': 50},False,0.539062,0.4375,,False,False,36.0246,0.929402,33.5389,0.1.0,not-a-git-repository,3.12.10,macOS-26.6.2-arm64-arm-64bit,2.5.2,42,cpu,opencv_yunet,landmark,insightface,spectral,dct,0.16,2026-09-02T04:14:05.967125+00:00
watermark_robustness,kim_clijsters_3.png,resize_75,resize,{'scale': 0.75},True,1.0,1.0,bfdbb5d1,True,False,36.0246,0.929402,33.7207,0.1.0,not-a-git-repository,3.12.10,macOS-26.6.2-arm64-arm-64bit,2.5.2,42,cpu,opencv_yunet,landmark,insightface,spectral,dct,0.16,2026-09-02T04:14:05.967125+00:00
watermark_robustness,kim_clijsters_3.png,resize_50,resize,{'scale': 0.5},False,0.628255,0.875,,False,False,36.0246,0.929402,29.9158,0.1.0,not-a-git-repository,3.12.10,macOS-26.6.2-arm64-arm-64bit,2.5.2,42,cpu,opencv_yunet,landmark,insightface,spectral,dct,0.16,2026-09-02T04:14:05.967125+00:00
watermark_robustness,kim_clijsters_3.png,resize_25,resize,{'scale': 0.25},False,0.5625,0.546875,,False,False,36.0246,0.929402,24.4873,0.1.0,not-a-git-repository,3.12.10,macOS-26.6.2-arm64-arm-64bit,2.5.2,42,cpu,opencv_yunet,landmark,insightface,spectral,dct,0.16,2026-09-02T04:14:05.967125+00:00
watermark_robustness,kim_clijsters_3.png,crop_10,crop,{'ratio': 0.1},False,1.0,0.421875,,False,False,36.0246,0.929402,10.1409,0.1.0,not-a-git-repository,3.12.10,macOS-26.6.2-arm64-arm-64bit,2.5.2,42,cpu,opencv_yunet,landmark,insightface,spectral,dct,0.16,2026-09-02T04:14:05.967125+00:00
watermark_robustness,kim_clijsters_3.png,crop_30,crop,{'ratio': 0.3},False,0.546875,0.375,,False,False,36.0246,0.929402,9.7945,0.1.0,not-a-git-repository,3.12.10,macOS-26.6.2-arm64-arm-64bit,2.5.2,42,cpu,opencv_yunet,landmark,insightface,spectral,dct,0.16,2026-09-02T04:14:05.967125+00:00
watermark_robustness,kim_clijsters_3.png,rotate_5,rotation,{'degrees': 5},False,0.507812,0.515625,,False,False,36.0246,0.929402,13.0296,0.1.0,not-a-git-repository,3.12.10,macOS-26.6.2-arm64-arm-64bit,2.5.2,42,cpu,opencv_yunet,landmark,insightface,spectral,dct,0.16,2026-09-02T04:14:05.967125+00:00
watermark_robustness,kim_clijsters_3.png,blur_1,blur,{'sigma': 1.0},True,0.985677,1.0,bfdbb5d1,True,False,36.0246,0.929402,28.8108,0.1.0,not-a-git-repository,3.12.10,macOS-26.6.2-arm64-arm-64bit,2.5.2,42,cpu,opencv_yunet,landmark,insightface,spectral,dct,0.16,2026-09-02T04:14:05.967125+00:00
watermark_robustness,kim_clijsters_3.png,noise_5,noise,{'sigma': 5.0},True,1.0,1.0,bfdbb5d1,True,False,36.0246,0.929402,34.3528,0.1.0,not-a-git-repository,3.12.10,macOS-26.6.2-arm64-arm-64bit,2.5.2,42,cpu,opencv_yunet,landmark,insightface,spectral,dct,0.16,2026-09-02T04:14:05.967125+00:00
watermark_robustness,kim_clijsters_3.png,brightness_up,brightness,{'factor': 1.2},True,0.940755,1.0,bfdbb5d1,True,False,36.0246,0.929402,22.1926,0.1.0,not-a-git-repository,3.12.10,macOS-26.6.2-arm64-arm-64bit,2.5.2,42,cpu,opencv_yunet,landmark,insightface,spectral,dct,0.16,2026-09-02T04:14:05.967125+00:00
watermark_robustness,kim_clijsters_3.png,contrast_down,contrast,{'factor': 0.8},True,1.0,1.0,bfdbb5d1,True,False,36.0246,0.929402,24.1283,0.1.0,not-a-git-repository,3.12.10,macOS-26.6.2-arm64-arm-64bit,2.5.2,42,cpu,opencv_yunet,landmark,insightface,spectral,dct,0.16,2026-09-02T04:14:05.967125+00:00
watermark_robustness,kim_clijsters_3.png,webp_q80,webp,{'quality': 80},True,0.996094,1.0,bfdbb5d1,True,False,36.0246,0.929402,36.9376,0.1.0,not-a-git-repository,3.12.10,macOS-26.6.2-arm64-arm-64bit,2.5.2,42,cpu,opencv_yunet,landmark,insightface,spectral,dct,0.16,2026-09-02T04:14:05.967125+00:00
watermark_robustness,kim_clijsters_3.png,screenshot,screenshot_simulation,"{'scale': 0.9, 'quality': 85}",True,0.996094,1.0,bfdbb5d1,True,False,36.0246,0.929402,34.7317,0.1.0,not-a-git-repository,3.12.10,macOS-26.6.2-arm64-arm-64bit,2.5.2,42,cpu,opencv_yunet,landmark,insightface,spectral,dct,0.16,2026-09-02T04:14:05.967125+00:00
watermark_robustness,kim_clijsters_4.png,jpeg_q90,jpeg_compression,{'quality': 90},True,1.0,1.0,b34eb882,True,False,35.6567,0.934377,39.2204,0.1.0,not-a-git-repository,3.12.10,macOS-26.6.2-arm64-arm-64bit,2.5.2,42,cpu,opencv_yunet,landmark,insightface,spectral,dct,0.16,2026-09-02T04:14:05.967125+00:00
watermark_robustness,kim_clijsters_4.png,jpeg_q70,jpeg_compression,{'quality': 70},True,1.0,1.0,b34eb882,True,False,35.6567,0.934377,34.5011,0.1.0,not-a-git-repository,3.12.10,macOS-26.6.2-arm64-arm-64bit,2.5.2,42,cpu,opencv_yunet,landmark,insightface,spectral,dct,0.16,2026-09-02T04:14:05.967125+00:00
watermark_robustness,kim_clijsters_4.png,jpeg_q50,jpeg_compression,{'quality': 50},False,0.539062,0.71875,,False,False,35.6567,0.934377,32.0025,0.1.0,not-a-git-repository,3.12.10,macOS-26.6.2-arm64-arm-64bit,2.5.2,42,cpu,opencv_yunet,landmark,insightface,spectral,dct,0.16,2026-09-02T04:14:05.967125+00:00
watermark_robustness,kim_clijsters_4.png,resize_75,resize,{'scale': 0.75},True,1.0,1.0,b34eb882,True,False,35.6567,0.934377,38.5913,0.1.0,not-a-git-repository,3.12.10,macOS-26.6.2-arm64-arm-64bit,2.5.2,42,cpu,opencv_yunet,landmark,insightface,spectral,dct,0.16,2026-09-02T04:14:05.967125+00:00
watermark_robustness,kim_clijsters_4.png,resize_50,resize,{'scale': 0.5},True,0.342014,0.984375,b34eb882,True,False,35.6567,0.934377,32.9825,0.1.0,not-a-git-repository,3.12.10,macOS-26.6.2-arm64-arm-64bit,2.5.2,42,cpu,opencv_yunet,landmark,insightface,spectral,dct,0.16,2026-09-02T04:14:05.967125+00:00
watermark_robustness,kim_clijsters_4.png,resize_25,resize,{'scale': 0.25},False,0.59375,0.5,,False,False,35.6567,0.934377,27.6279,0.1.0,not-a-git-repository,3.12.10,macOS-26.6.2-arm64-arm-64bit,2.5.2,42,cpu,opencv_yunet,landmark,insightface,spectral,dct,0.16,2026-09-02T04:14:05.967125+00:00
watermark_robustness,kim_clijsters_4.png,crop_10,crop,{'ratio': 0.1},True,1.0,0.484375,b34eb882,True,False,35.6567,0.934377,11.5461,0.1.0,not-a-git-repository,3.12.10,macOS-26.6.2-arm64-arm-64bit,2.5.2,42,cpu,opencv_yunet,landmark,insightface,spectral,dct,0.16,2026-09-02T04:14:05.967125+00:00
watermark_robustness,kim_clijsters_4.png,crop_30,crop,{'ratio': 0.3},False,0.53125,0.53125,,False,False,35.6567,0.934377,11.2561,0.1.0,not-a-git-repository,3.12.10,macOS-26.6.2-arm64-arm-64bit,2.5.2,42,cpu,opencv_yunet,landmark,insightface,spectral,dct,0.16,2026-09-02T04:14:05.967125+00:00
watermark_robustness,kim_clijsters_4.png,rotate_5,rotation,{'degrees': 5},False,0.546875,0.375,,False,False,35.6567,0.934377,14.254,0.1.0,not-a-git-repository,3.12.10,macOS-26.6.2-arm64-arm-64bit,2.5.2,42,cpu,opencv_yunet,landmark,insightface,spectral,dct,0.16,2026-09-02T04:14:05.967125+00:00
watermark_robustness,kim_clijsters_4.png,blur_1,blur,{'sigma': 1.0},True,0.99349,1.0,b34eb882,True,False,35.6567,0.934377,31.4812,0.1.0,not-a-git-repository,3.12.10,macOS-26.6.2-arm64-arm-64bit,2.5.2,42,cpu,opencv_yunet,landmark,insightface,spectral,dct,0.16,2026-09-02T04:14:05.967125+00:00
watermark_robustness,kim_clijsters_4.png,noise_5,noise,{'sigma': 5.0},True,1.0,1.0,b34eb882,True,False,35.6567,0.934377,34.1299,0.1.0,not-a-git-repository,3.12.10,macOS-26.6.2-arm64-arm-64bit,2.5.2,42,cpu,opencv_yunet,landmark,insightface,spectral,dct,0.16,2026-09-02T04:14:05.967125+00:00
watermark_robustness,kim_clijsters_4.png,brightness_up,brightness,{'factor': 1.2},True,1.0,1.0,b34eb882,True,False,35.6567,0.934377,20.3413,0.1.0,not-a-git-repository,3.12.10,macOS-26.6.2-arm64-arm-64bit,2.5.2,42,cpu,opencv_yunet,landmark,insightface,spectral,dct,0.16,2026-09-02T04:14:05.967125+00:00
watermark_robustness,kim_clijsters_4.png,contrast_down,contrast,{'factor': 0.8},True,1.0,1.0,b34eb882,True,False,35.6567,0.934377,26.7238,0.1.0,not-a-git-repository,3.12.10,macOS-26.6.2-arm64-arm-64bit,2.5.2,42,cpu,opencv_yunet,landmark,insightface,spectral,dct,0.16,2026-09-02T04:14:05.967125+00:00
watermark_robustness,kim_clijsters_4.png,webp_q80,webp,{'quality': 80},True,1.0,1.0,b34eb882,True,False,35.6567,0.934377,35.9322,0.1.0,not-a-git-repository,3.12.10,macOS-26.6.2-arm64-arm-64bit,2.5.2,42,cpu,opencv_yunet,landmark,insightface,spectral,dct,0.16,2026-09-02T04:14:05.967125+00:00
watermark_robustness,kim_clijsters_4.png,screenshot,screenshot_simulation,"{'scale': 0.9, 'quality': 85}",True,1.0,1.0,b34eb882,True,False,35.6567,0.934377,37.0419,0.1.0,not-a-git-repository,3.12.10,macOS-26.6.2-arm64-arm-64bit,2.5.2,42,cpu,opencv_yunet,landmark,insightface,spectral,dct,0.16,2026-09-02T04:14:05.967125+00:00
watermark_robustness,kim_clijsters_5.png,jpeg_q90,jpeg_compression,{'quality': 90},True,1.0,1.0,01a3ecd8,True,False,35.8842,0.89526,44.0058,0.1.0,not-a-git-repository,3.12.10,macOS-26.6.2-arm64-arm-64bit,2.5.2,42,cpu,opencv_yunet,landmark,insightface,spectral,dct,0.16,2026-09-02T04:14:05.967125+00:00
watermark_robustness,kim_clijsters_5.png,jpeg_q70,jpeg_compression,{'quality': 70},True,1.0,1.0,01a3ecd8,True,False,35.8842,0.89526,37.877,0.1.0,not-a-git-repository,3.12.10,macOS-26.6.2-arm64-arm-64bit,2.5.2,42,cpu,opencv_yunet,landmark,insightface,spectral,dct,0.16,2026-09-02T04:14:05.967125+00:00
watermark_robustness,kim_clijsters_5.png,jpeg_q50,jpeg_compression,{'quality': 50},False,0.515625,0.515625,,False,False,35.8842,0.89526,34.5093,0.1.0,not-a-git-repository,3.12.10,macOS-26.6.2-arm64-arm-64bit,2.5.2,42,cpu,opencv_yunet,landmark,insightface,spectral,dct,0.16,2026-09-02T04:14:05.967125+00:00
watermark_robustness,kim_clijsters_5.png,resize_75,resize,{'scale': 0.75},True,1.0,1.0,01a3ecd8,True,False,35.8842,0.89526,42.8488,0.1.0,not-a-git-repository,3.12.10,macOS-26.6.2-arm64-arm-64bit,2.5.2,42,cpu,opencv_yunet,landmark,insightface,spectral,dct,0.16,2026-09-02T04:14:05.967125+00:00
watermark_robustness,kim_clijsters_5.png,resize_50,resize,{'scale': 0.5},False,0.845052,0.9375,,False,False,35.8842,0.89526,36.4267,0.1.0,not-a-git-repository,3.12.10,macOS-26.6.2-arm64-arm-64bit,2.5.2,42,cpu,opencv_yunet,landmark,insightface,spectral,dct,0.16,2026-09-02T04:14:05.967125+00:00
watermark_robustness,kim_clijsters_5.png,resize_25,resize,{'scale': 0.25},False,0.53125,0.484375,,False,False,35.8842,0.89526,32.0148,0.1.0,not-a-git-repository,3.12.10,macOS-26.6.2-arm64-arm-64bit,2.5.2,42,cpu,opencv_yunet,landmark,insightface,spectral,dct,0.16,2026-09-02T04:14:05.967125+00:00
watermark_robustness,kim_clijsters_5.png,crop_10,crop,{'ratio': 0.1},True,1.0,0.53125,01a3ecd8,True,False,35.8842,0.89526,14.4495,0.1.0,not-a-git-repository,3.12.10,macOS-26.6.2-arm64-arm-64bit,2.5.2,42,cpu,opencv_yunet,landmark,insightface,spectral,dct,0.16,2026-09-02T04:14:05.967125+00:00
watermark_robustness,kim_clijsters_5.png,crop_30,crop,{'ratio': 0.3},False,0.523438,0.546875,,False,False,35.8842,0.89526,11.6411,0.1.0,not-a-git-repository,3.12.10,macOS-26.6.2-arm64-arm-64bit,2.5.2,42,cpu,opencv_yunet,landmark,insightface,spectral,dct,0.16,2026-09-02T04:14:05.967125+00:00
watermark_robustness,kim_clijsters_5.png,rotate_5,rotation,{'degrees': 5},False,0.523438,0.65625,,False,False,35.8842,0.89526,15.2608,0.1.0,not-a-git-repository,3.12.10,macOS-26.6.2-arm64-arm-64bit,2.5.2,42,cpu,opencv_yunet,landmark,insightface,spectral,dct,0.16,2026-09-02T04:14:05.967125+00:00
watermark_robustness,kim_clijsters_5.png,blur_1,blur,{'sigma': 1.0},True,0.996094,1.0,01a3ecd8,True,False,35.8842,0.89526,35.6405,0.1.0,not-a-git-repository,3.12.10,macOS-26.6.2-arm64-arm-64bit,2.5.2,42,cpu,opencv_yunet,landmark,insightface,spectral,dct,0.16,2026-09-02T04:14:05.967125+00:00
watermark_robustness,kim_clijsters_5.png,noise_5,noise,{'sigma': 5.0},True,1.0,1.0,01a3ecd8,True,False,35.8842,0.89526,34.1282,0.1.0,not-a-git-repository,3.12.10,macOS-26.6.2-arm64-arm-64bit,2.5.2,42,cpu,opencv_yunet,landmark,insightface,spectral,dct,0.16,2026-09-02T04:14:05.967125+00:00
watermark_robustness,kim_clijsters_5.png,brightness_up,brightness,{'factor': 1.2},True,0.996094,1.0,01a3ecd8,True,False,35.8842,0.89526,19.834,0.1.0,not-a-git-repository,3.12.10,macOS-26.6.2-arm64-arm-64bit,2.5.2,42,cpu,opencv_yunet,landmark,insightface,spectral,dct,0.16,2026-09-02T04:14:05.967125+00:00
watermark_robustness,kim_clijsters_5.png,contrast_down,contrast,{'factor': 0.8},True,1.0,1.0,01a3ecd8,True,False,35.8842,0.89526,27.2971,0.1.0,not-a-git-repository,3.12.10,macOS-26.6.2-arm64-arm-64bit,2.5.2,42,cpu,opencv_yunet,landmark,insightface,spectral,dct,0.16,2026-09-02T04:14:05.967125+00:00
watermark_robustness,kim_clijsters_5.png,webp_q80,webp,{'quality': 80},True,0.996094,1.0,01a3ecd8,True,False,35.8842,0.89526,37.0937,0.1.0,not-a-git-repository,3.12.10,macOS-26.6.2-arm64-arm-64bit,2.5.2,42,cpu,opencv_yunet,landmark,insightface,spectral,dct,0.16,2026-09-02T04:14:05.967125+00:00
watermark_robustness,kim_clijsters_5.png,screenshot,screenshot_simulation,"{'scale': 0.9, 'quality': 85}",True,1.0,1.0,01a3ecd8,True,False,35.8842,0.89526,41.8589,0.1.0,not-a-git-repository,3.12.10,macOS-26.6.2-arm64-arm-64bit,2.5.2,42,cpu,opencv_yunet,landmark,insightface,spectral,dct,0.16,2026-09-02T04:14:05.967125+00:00
watermark_robustness,kim_clijsters_6.png,jpeg_q90,jpeg_compression,{'quality': 90},True,1.0,1.0,a8cec0e6,True,False,35.9893,0.914963,41.5873,0.1.0,not-a-git-repository,3.12.10,macOS-26.6.2-arm64-arm-64bit,2.5.2,42,cpu,opencv_yunet,landmark,insightface,spectral,dct,0.16,2026-09-02T04:14:05.967125+00:00
watermark_robustness,kim_clijsters_6.png,jpeg_q70,jpeg_compression,{'quality': 70},True,0.977865,1.0,a8cec0e6,True,False,35.9893,0.914963,36.4099,0.1.0,not-a-git-repository,3.12.10,macOS-26.6.2-arm64-arm-64bit,2.5.2,42,cpu,opencv_yunet,landmark,insightface,spectral,dct,0.16,2026-09-02T04:14:05.967125+00:00
watermark_robustness,kim_clijsters_6.png,jpeg_q50,jpeg_compression,{'quality': 50},False,0.515625,0.59375,,False,False,35.9893,0.914963,33.5222,0.1.0,not-a-git-repository,3.12.10,macOS-26.6.2-arm64-arm-64bit,2.5.2,42,cpu,opencv_yunet,landmark,insightface,spectral,dct,0.16,2026-09-02T04:14:05.967125+00:00
watermark_robustness,kim_clijsters_6.png,resize_75,resize,{'scale': 0.75},True,1.0,1.0,a8cec0e6,True,False,35.9893,0.914963,38.7978,0.1.0,not-a-git-repository,3.12.10,macOS-26.6.2-arm64-arm-64bit,2.5.2,42,cpu,opencv_yunet,landmark,insightface,spectral,dct,0.16,2026-09-02T04:14:05.967125+00:00
watermark_robustness,kim_clijsters_6.png,resize_50,resize,{'scale': 0.5},True,0.390408,0.984375,a8cec0e6,True,False,35.9893,0.914963,33.4092,0.1.0,not-a-git-repository,3.12.10,macOS-26.6.2-arm64-arm-64bit,2.5.2,42,cpu,opencv_yunet,landmark,insightface,spectral,dct,0.16,2026-09-02T04:14:05.967125+00:00
watermark_robustness,kim_clijsters_6.png,resize_25,resize,{'scale': 0.25},False,0.523438,0.5,,False,False,35.9893,0.914963,28.6178,0.1.0,not-a-git-repository,3.12.10,macOS-26.6.2-arm64-arm-64bit,2.5.2,42,cpu,opencv_yunet,landmark,insightface,spectral,dct,0.16,2026-09-02T04:14:05.967125+00:00
watermark_robustness,kim_clijsters_6.png,crop_10,crop,{'ratio': 0.1},True,1.0,0.609375,a8cec0e6,True,False,35.9893,0.914963,11.6586,0.1.0,not-a-git-repository,3.12.10,macOS-26.6.2-arm64-arm-64bit,2.5.2,42,cpu,opencv_yunet,landmark,insightface,spectral,dct,0.16,2026-09-02T04:14:05.967125+00:00
watermark_robustness,kim_clijsters_6.png,crop_30,crop,{'ratio': 0.3},False,0.664062,0.40625,,False,False,35.9893,0.914963,9.6444,0.1.0,not-a-git-repository,3.12.10,macOS-26.6.2-arm64-arm-64bit,2.5.2,42,cpu,opencv_yunet,landmark,insightface,spectral,dct,0.16,2026-09-02T04:14:05.967125+00:00
watermark_robustness,kim_clijsters_6.png,rotate_5,rotation,{'degrees': 5},False,0.53125,0.375,,False,False,35.9893,0.914963,14.4495,0.1.0,not-a-git-repository,3.12.10,macOS-26.6.2-arm64-arm-64bit,2.5.2,42,cpu,opencv_yunet,landmark,insightface,spectral,dct,0.16,2026-09-02T04:14:05.967125+00:00
watermark_robustness,kim_clijsters_6.png,blur_1,blur,{'sigma': 1.0},True,0.998047,1.0,a8cec0e6,True,False,35.9893,0.914963,32.954,0.1.0,not-a-git-repository,3.12.10,macOS-26.6.2-arm64-arm-64bit,2.5.2,42,cpu,opencv_yunet,landmark,insightface,spectral,dct,0.16,2026-09-02T04:14:05.967125+00:00
watermark_robustness,kim_clijsters_6.png,noise_5,noise,{'sigma': 5.0},True,1.0,1.0,a8cec0e6,True,False,35.9893,0.914963,34.216,0.1.0,not-a-git-repository,3.12.10,macOS-26.6.2-arm64-arm-64bit,2.5.2,42,cpu,opencv_yunet,landmark,insightface,spectral,dct,0.16,2026-09-02T04:14:05.967125+00:00
watermark_robustness,kim_clijsters_6.png,brightness_up,brightness,{'factor': 1.2},True,0.978516,1.0,a8cec0e6,True,False,35.9893,0.914963,20.504,0.1.0,not-a-git-repository,3.12.10,macOS-26.6.2-arm64-arm-64bit,2.5.2,42,cpu,opencv_yunet,landmark,insightface,spectral,dct,0.16,2026-09-02T04:14:05.967125+00:00
watermark_robustness,kim_clijsters_6.png,contrast_down,contrast,{'factor': 0.8},True,1.0,1.0,a8cec0e6,True,False,35.9893,0.914963,25.8984,0.1.0,not-a-git-repository,3.12.10,macOS-26.6.2-arm64-arm-64bit,2.5.2,42,cpu,opencv_yunet,landmark,insightface,spectral,dct,0.16,2026-09-02T04:14:05.967125+00:00
watermark_robustness,kim_clijsters_6.png,webp_q80,webp,{'quality': 80},True,0.975911,1.0,a8cec0e6,True,False,35.9893,0.914963,36.5402,0.1.0,not-a-git-repository,3.12.10,macOS-26.6.2-arm64-arm-64bit,2.5.2,42,cpu,opencv_yunet,landmark,insightface,spectral,dct,0.16,2026-09-02T04:14:05.967125+00:00
watermark_robustness,kim_clijsters_6.png,screenshot,screenshot_simulation,"{'scale': 0.9, 'quality': 85}",True,0.975911,1.0,a8cec0e6,True,False,35.9893,0.914963,39.2724,0.1.0,not-a-git-repository,3.12.10,macOS-26.6.2-arm64-arm-64bit,2.5.2,42,cpu,opencv_yunet,landmark,insightface,spectral,dct,0.16,2026-09-02T04:14:05.967125+00:00
watermark_robustness,kim_clijsters_7.png,jpeg_q90,jpeg_compression,{'quality': 90},True,1.0,1.0,efc1f5d0,True,False,36.0522,0.920984,42.7725,0.1.0,not-a-git-repository,3.12.10,macOS-26.6.2-arm64-arm-64bit,2.5.2,42,cpu,opencv_yunet,landmark,insightface,spectral,dct,0.16,2026-09-02T04:14:05.967125+00:00
watermark_robustness,kim_clijsters_7.png,jpeg_q70,jpeg_compression,{'quality': 70},True,0.963542,1.0,efc1f5d0,True,False,36.0522,0.920984,37.0345,0.1.0,not-a-git-repository,3.12.10,macOS-26.6.2-arm64-arm-64bit,2.5.2,42,cpu,opencv_yunet,landmark,insightface,spectral,dct,0.16,2026-09-02T04:14:05.967125+00:00
watermark_robustness,kim_clijsters_7.png,jpeg_q50,jpeg_compression,{'quality': 50},False,0.578125,0.515625,,False,False,36.0522,0.920984,34.0517,0.1.0,not-a-git-repository,3.12.10,macOS-26.6.2-arm64-arm-64bit,2.5.2,42,cpu,opencv_yunet,landmark,insightface,spectral,dct,0.16,2026-09-02T04:14:05.967125+00:00
watermark_robustness,kim_clijsters_7.png,resize_75,resize,{'scale': 0.75},True,1.0,1.0,efc1f5d0,True,False,36.0522,0.920984,42.6033,0.1.0,not-a-git-repository,3.12.10,macOS-26.6.2-arm64-arm-64bit,2.5.2,42,cpu,opencv_yunet,landmark,insightface,spectral,dct,0.16,2026-09-02T04:14:05.967125+00:00
watermark_robustness,kim_clijsters_7.png,resize_50,resize,{'scale': 0.5},True,0.15803,0.9375,efc1f5d0,True,False,36.0522,0.920984,36.4373,0.1.0,not-a-git-repository,3.12.10,macOS-26.6.2-arm64-arm-64bit,2.5.2,42,cpu,opencv_yunet,landmark,insightface,spectral,dct,0.16,2026-09-02T04:14:05.967125+00:00
watermark_robustness,kim_clijsters_7.png,resize_25,resize,{'scale': 0.25},False,0.523438,0.484375,,False,False,36.0522,0.920984,31.1479,0.1.0,not-a-git-repository,3.12.10,macOS-26.6.2-arm64-arm-64bit,2.5.2,42,cpu,opencv_yunet,landmark,insightface,spectral,dct,0.16,2026-09-02T04:14:05.967125+00:00
watermark_robustness,kim_clijsters_7.png,crop_10,crop,{'ratio': 0.1},True,1.0,0.59375,efc1f5d0,True,False,36.0522,0.920984,10.3758,0.1.0,not-a-git-repository,3.12.10,macOS-26.6.2-arm64-arm-64bit,2.5.2,42,cpu,opencv_yunet,landmark,insightface,spectral,dct,0.16,2026-09-02T04:14:05.967125+00:00
watermark_robustness,kim_clijsters_7.png,crop_30,crop,{'ratio': 0.3},False,0.601562,0.59375,,False,False,36.0522,0.920984,10.2639,0.1.0,not-a-git-repository,3.12.10,macOS-26.6.2-arm64-arm-64bit,2.5.2,42,cpu,opencv_yunet,landmark,insightface,spectral,dct,0.16,2026-09-02T04:14:05.967125+00:00
watermark_robustness,kim_clijsters_7.png,rotate_5,rotation,{'degrees': 5},False,0.539062,0.484375,,False,False,36.0522,0.920984,15.3893,0.1.0,not-a-git-repository,3.12.10,macOS-26.6.2-arm64-arm-64bit,2.5.2,42,cpu,opencv_yunet,landmark,insightface,spectral,dct,0.16,2026-09-02T04:14:05.967125+00:00
watermark_robustness,kim_clijsters_7.png,blur_1,blur,{'sigma': 1.0},True,1.0,1.0,efc1f5d0,True,False,36.0522,0.920984,35.0196,0.1.0,not-a-git-repository,3.12.10,macOS-26.6.2-arm64-arm-64bit,2.5.2,42,cpu,opencv_yunet,landmark,insightface,spectral,dct,0.16,2026-09-02T04:14:05.967125+00:00
watermark_robustness,kim_clijsters_7.png,noise_5,noise,{'sigma': 5.0},True,1.0,1.0,efc1f5d0,True,False,36.0522,0.920984,34.2555,0.1.0,not-a-git-repository,3.12.10,macOS-26.6.2-arm64-arm-64bit,2.5.2,42,cpu,opencv_yunet,landmark,insightface,spectral,dct,0.16,2026-09-02T04:14:05.967125+00:00
watermark_robustness,kim_clijsters_7.png,brightness_up,brightness,{'factor': 1.2},True,0.94184,1.0,efc1f5d0,True,False,36.0522,0.920984,21.7907,0.1.0,not-a-git-repository,3.12.10,macOS-26.6.2-arm64-arm-64bit,2.5.2,42,cpu,opencv_yunet,landmark,insightface,spectral,dct,0.16,2026-09-02T04:14:05.967125+00:00
watermark_robustness,kim_clijsters_7.png,contrast_down,contrast,{'factor': 0.8},True,1.0,1.0,efc1f5d0,True,False,36.0522,0.920984,25.279,0.1.0,not-a-git-repository,3.12.10,macOS-26.6.2-arm64-arm-64bit,2.5.2,42,cpu,opencv_yunet,landmark,insightface,spectral,dct,0.16,2026-09-02T04:14:05.967125+00:00
watermark_robustness,kim_clijsters_7.png,webp_q80,webp,{'quality': 80},True,0.98112,1.0,efc1f5d0,True,False,36.0522,0.920984,36.8386,0.1.0,not-a-git-repository,3.12.10,macOS-26.6.2-arm64-arm-64bit,2.5.2,42,cpu,opencv_yunet,landmark,insightface,spectral,dct,0.16,2026-09-02T04:14:05.967125+00:00
watermark_robustness,kim_clijsters_7.png,screenshot,screenshot_simulation,"{'scale': 0.9, 'quality': 85}",True,1.0,1.0,efc1f5d0,True,False,36.0522,0.920984,40.904,0.1.0,not-a-git-repository,3.12.10,macOS-26.6.2-arm64-arm-64bit,2.5.2,42,cpu,opencv_yunet,landmark,insightface,spectral,dct,0.16,2026-09-02T04:14:05.967125+00:00
watermark_robustness,larry_thompson_0.png,jpeg_q90,jpeg_compression,{'quality': 90},True,1.0,1.0,76d97b3b,True,False,36.4426,0.914627,42.4804,0.1.0,not-a-git-repository,3.12.10,macOS-26.6.2-arm64-arm-64bit,2.5.2,42,cpu,opencv_yunet,landmark,insightface,spectral,dct,0.16,2026-09-02T04:14:05.967125+00:00
watermark_robustness,larry_thompson_0.png,jpeg_q70,jpeg_compression,{'quality': 70},True,0.863281,1.0,76d97b3b,True,False,36.4426,0.914627,36.7278,0.1.0,not-a-git-repository,3.12.10,macOS-26.6.2-arm64-arm-64bit,2.5.2,42,cpu,opencv_yunet,landmark,insightface,spectral,dct,0.16,2026-09-02T04:14:05.967125+00:00
watermark_robustness,larry_thompson_0.png,jpeg_q50,jpeg_compression,{'quality': 50},False,0.53125,0.625,,False,False,36.4426,0.914627,33.8642,0.1.0,not-a-git-repository,3.12.10,macOS-26.6.2-arm64-arm-64bit,2.5.2,42,cpu,opencv_yunet,landmark,insightface,spectral,dct,0.16,2026-09-02T04:14:05.967125+00:00
watermark_robustness,larry_thompson_0.png,resize_75,resize,{'scale': 0.75},True,1.0,1.0,76d97b3b,True,False,36.4426,0.914627,35.5756,0.1.0,not-a-git-repository,3.12.10,macOS-26.6.2-arm64-arm-64bit,2.5.2,42,cpu,opencv_yunet,landmark,insightface,spectral,dct,0.16,2026-09-02T04:14:05.967125+00:00
watermark_robustness,larry_thompson_0.png,resize_50,resize,{'scale': 0.5},True,0.099516,0.90625,76d97b3b,True,False,36.4426,0.914627,31.4277,0.1.0,not-a-git-repository,3.12.10,macOS-26.6.2-arm64-arm-64bit,2.5.2,42,cpu,opencv_yunet,landmark,insightface,spectral,dct,0.16,2026-09-02T04:14:05.967125+00:00
watermark_robustness,larry_thompson_0.png,resize_25,resize,{'scale': 0.25},False,0.570312,0.546875,,False,False,36.4426,0.914627,27.3791,0.1.0,not-a-git-repository,3.12.10,macOS-26.6.2-arm64-arm-64bit,2.5.2,42,cpu,opencv_yunet,landmark,insightface,spectral,dct,0.16,2026-09-02T04:14:05.967125+00:00
watermark_robustness,larry_thompson_0.png,crop_10,crop,{'ratio': 0.1},True,1.0,0.484375,76d97b3b,True,False,36.4426,0.914627,11.4914,0.1.0,not-a-git-repository,3.12.10,macOS-26.6.2-arm64-arm-64bit,2.5.2,42,cpu,opencv_yunet,landmark,insightface,spectral,dct,0.16,2026-09-02T04:14:05.967125+00:00
watermark_robustness,larry_thompson_0.png,crop_30,crop,{'ratio': 0.3},False,0.585938,0.453125,,False,False,36.4426,0.914627,12.1907,0.1.0,not-a-git-repository,3.12.10,macOS-26.6.2-arm64-arm-64bit,2.5.2,42,cpu,opencv_yunet,landmark,insightface,spectral,dct,0.16,2026-09-02T04:14:05.967125+00:00
watermark_robustness,larry_thompson_0.png,rotate_5,rotation,{'degrees': 5},False,0.539062,0.46875,,False,False,36.4426,0.914627,15.6067,0.1.0,not-a-git-repository,3.12.10,macOS-26.6.2-arm64-arm-64bit,2.5.2,42,cpu,opencv_yunet,landmark,insightface,spectral,dct,0.16,2026-09-02T04:14:05.967125+00:00
watermark_robustness,larry_thompson_0.png,blur_1,blur,{'sigma': 1.0},True,1.0,1.0,76d97b3b,True,False,36.4426,0.914627,30.9885,0.1.0,not-a-git-repository,3.12.10,macOS-26.6.2-arm64-arm-64bit,2.5.2,42,cpu,opencv_yunet,landmark,insightface,spectral,dct,0.16,2026-09-02T04:14:05.967125+00:00
watermark_robustness,larry_thompson_0.png,noise_5,noise,{'sigma': 5.0},True,1.0,1.0,76d97b3b,True,False,36.4426,0.914627,34.5295,0.1.0,not-a-git-repository,3.12.10,macOS-26.6.2-arm64-arm-64bit,2.5.2,42,cpu,opencv_yunet,landmark,insightface,spectral,dct,0.16,2026-09-02T04:14:05.967125+00:00
watermark_robustness,larry_thompson_0.png,brightness_up,brightness,{'factor': 1.2},True,0.998047,1.0,76d97b3b,True,False,36.4426,0.914627,23.369,0.1.0,not-a-git-repository,3.12.10,macOS-26.6.2-arm64-arm-64bit,2.5.2,42,cpu,opencv_yunet,landmark,insightface,spectral,dct,0.16,2026-09-02T04:14:05.967125+00:00
watermark_robustness,larry_thompson_0.png,contrast_down,contrast,{'factor': 0.8},True,1.0,1.0,76d97b3b,True,False,36.4426,0.914627,27.0572,0.1.0,not-a-git-repository,3.12.10,macOS-26.6.2-arm64-arm-64bit,2.5.2,42,cpu,opencv_yunet,landmark,insightface,spectral,dct,0.16,2026-09-02T04:14:05.967125+00:00
watermark_robustness,larry_thompson_0.png,webp_q80,webp,{'quality': 80},True,0.889974,1.0,76d97b3b,True,False,36.4426,0.914627,37.0413,0.1.0,not-a-git-repository,3.12.10,macOS-26.6.2-arm64-arm-64bit,2.5.2,42,cpu,opencv_yunet,landmark,insightface,spectral,dct,0.16,2026-09-02T04:14:05.967125+00:00
watermark_robustness,larry_thompson_0.png,screenshot,screenshot_simulation,"{'scale': 0.9, 'quality': 85}",True,0.890625,1.0,76d97b3b,True,False,36.4426,0.914627,37.0895,0.1.0,not-a-git-repository,3.12.10,macOS-26.6.2-arm64-arm-64bit,2.5.2,42,cpu,opencv_yunet,landmark,insightface,spectral,dct,0.16,2026-09-02T04:14:05.967125+00:00
watermark_robustness,larry_thompson_1.png,jpeg_q90,jpeg_compression,{'quality': 90},True,1.0,1.0,700f5d82,True,False,35.9421,0.917159,44.313,0.1.0,not-a-git-repository,3.12.10,macOS-26.6.2-arm64-arm-64bit,2.5.2,42,cpu,opencv_yunet,landmark,insightface,spectral,dct,0.16,2026-09-02T04:14:05.967125+00:00
watermark_robustness,larry_thompson_1.png,jpeg_q70,jpeg_compression,{'quality': 70},True,1.0,1.0,700f5d82,True,False,35.9421,0.917159,37.7948,0.1.0,not-a-git-repository,3.12.10,macOS-26.6.2-arm64-arm-64bit,2.5.2,42,cpu,opencv_yunet,landmark,insightface,spectral,dct,0.16,2026-09-02T04:14:05.967125+00:00
watermark_robustness,larry_thompson_1.png,jpeg_q50,jpeg_compression,{'quality': 50},False,0.5625,0.453125,,False,False,35.9421,0.917159,34.471,0.1.0,not-a-git-repository,3.12.10,macOS-26.6.2-arm64-arm-64bit,2.5.2,42,cpu,opencv_yunet,landmark,insightface,spectral,dct,0.16,2026-09-02T04:14:05.967125+00:00
watermark_robustness,larry_thompson_1.png,resize_75,resize,{'scale': 0.75},True,1.0,1.0,700f5d82,True,False,35.9421,0.917159,40.2005,0.1.0,not-a-git-repository,3.12.10,macOS-26.6.2-arm64-arm-64bit,2.5.2,42,cpu,opencv_yunet,landmark,insightface,spectral,dct,0.16,2026-09-02T04:14:05.967125+00:00
watermark_robustness,larry_thompson_1.png,resize_50,resize,{'scale': 0.5},True,0.270978,0.96875,700f5d82,True,False,35.9421,0.917159,34.82,0.1.0,not-a-git-repository,3.12.10,macOS-26.6.2-arm64-arm-64bit,2.5.2,42,cpu,opencv_yunet,landmark,insightface,spectral,dct,0.16,2026-09-02T04:14:05.967125+00:00
watermark_robustness,larry_thompson_1.png,resize_25,resize,{'scale': 0.25},False,0.546875,0.5625,,False,False,35.9421,0.917159,30.1096,0.1.0,not-a-git-repository,3.12.10,macOS-26.6.2-arm64-arm-64bit,2.5.2,42,cpu,opencv_yunet,landmark,insightface,spectral,dct,0.16,2026-09-02T04:14:05.967125+00:00
watermark_robustness,larry_thompson_1.png,crop_10,crop,{'ratio': 0.1},True,1.0,0.625,700f5d82,True,False,35.9421,0.917159,11.1212,0.1.0,not-a-git-repository,3.12.10,macOS-26.6.2-arm64-arm-64bit,2.5.2,42,cpu,opencv_yunet,landmark,insightface,spectral,dct,0.16,2026-09-02T04:14:05.967125+00:00
watermark_robustness,larry_thompson_1.png,crop_30,crop,{'ratio': 0.3},False,0.554688,0.53125,,False,False,35.9421,0.917159,10.7119,0.1.0,not-a-git-repository,3.12.10,macOS-26.6.2-arm64-arm-64bit,2.5.2,42,cpu,opencv_yunet,landmark,insightface,spectral,dct,0.16,2026-09-02T04:14:05.967125+00:00
watermark_robustness,larry_thompson_1.png,rotate_5,rotation,{'degrees': 5},False,0.546875,0.515625,,False,False,35.9421,0.917159,14.6709,0.1.0,not-a-git-repository,3.12.10,macOS-26.6.2-arm64-arm-64bit,2.5.2,42,cpu,opencv_yunet,landmark,insightface,spectral,dct,0.16,2026-09-02T04:14:05.967125+00:00
watermark_robustness,larry_thompson_1.png,blur_1,blur,{'sigma': 1.0},True,1.0,1.0,700f5d82,True,False,35.9421,0.917159,33.9945,0.1.0,not-a-git-repository,3.12.10,macOS-26.6.2-arm64-arm-64bit,2.5.2,42,cpu,opencv_yunet,landmark,insightface,spectral,dct,0.16,2026-09-02T04:14:05.967125+00:00
watermark_robustness,larry_thompson_1.png,noise_5,noise,{'sigma': 5.0},True,1.0,1.0,700f5d82,True,False,35.9421,0.917159,34.1174,0.1.0,not-a-git-repository,3.12.10,macOS-26.6.2-arm64-arm-64bit,2.5.2,42,cpu,opencv_yunet,landmark,insightface,spectral,dct,0.16,2026-09-02T04:14:05.967125+00:00
watermark_robustness,larry_thompson_1.png,brightness_up,brightness,{'factor': 1.2},True,0.998047,1.0,700f5d82,True,False,35.9421,0.917159,19.5019,0.1.0,not-a-git-repository,3.12.10,macOS-26.6.2-arm64-arm-64bit,2.5.2,42,cpu,opencv_yunet,landmark,insightface,spectral,dct,0.16,2026-09-02T04:14:05.967125+00:00
watermark_robustness,larry_thompson_1.png,contrast_down,contrast,{'factor': 0.8},True,1.0,1.0,700f5d82,True,False,35.9421,0.917159,26.3709,0.1.0,not-a-git-repository,3.12.10,macOS-26.6.2-arm64-arm-64bit,2.5.2,42,cpu,opencv_yunet,landmark,insightface,spectral,dct,0.16,2026-09-02T04:14:05.967125+00:00
watermark_robustness,larry_thompson_1.png,webp_q80,webp,{'quality': 80},True,1.0,1.0,700f5d82,True,False,35.9421,0.917159,37.3145,0.1.0,not-a-git-repository,3.12.10,macOS-26.6.2-arm64-arm-64bit,2.5.2,42,cpu,opencv_yunet,landmark,insightface,spectral,dct,0.16,2026-09-02T04:14:05.967125+00:00
watermark_robustness,larry_thompson_1.png,screenshot,screenshot_simulation,"{'scale': 0.9, 'quality': 85}",True,0.998047,1.0,700f5d82,True,False,35.9421,0.917159,40.6096,0.1.0,not-a-git-repository,3.12.10,macOS-26.6.2-arm64-arm-64bit,2.5.2,42,cpu,opencv_yunet,landmark,insightface,spectral,dct,0.16,2026-09-02T04:14:05.967125+00:00
watermark_robustness,larry_thompson_2.png,jpeg_q90,jpeg_compression,{'quality': 90},True,1.0,1.0,a14808d8,True,False,35.9893,0.90958,42.3348,0.1.0,not-a-git-repository,3.12.10,macOS-26.6.2-arm64-arm-64bit,2.5.2,42,cpu,opencv_yunet,landmark,insightface,spectral,dct,0.16,2026-09-02T04:14:05.967125+00:00
watermark_robustness,larry_thompson_2.png,jpeg_q70,jpeg_compression,{'quality': 70},True,0.954427,1.0,a14808d8,True,False,35.9893,0.90958,36.7131,0.1.0,not-a-git-repository,3.12.10,macOS-26.6.2-arm64-arm-64bit,2.5.2,42,cpu,opencv_yunet,landmark,insightface,spectral,dct,0.16,2026-09-02T04:14:05.967125+00:00
watermark_robustness,larry_thompson_2.png,jpeg_q50,jpeg_compression,{'quality': 50},False,0.578125,0.609375,,False,False,35.9893,0.90958,33.7159,0.1.0,not-a-git-repository,3.12.10,macOS-26.6.2-arm64-arm-64bit,2.5.2,42,cpu,opencv_yunet,landmark,insightface,spectral,dct,0.16,2026-09-02T04:14:05.967125+00:00
watermark_robustness,larry_thompson_2.png,resize_75,resize,{'scale': 0.75},True,1.0,1.0,a14808d8,True,False,35.9893,0.90958,38.707,0.1.0,not-a-git-repository,3.12.10,macOS-26.6.2-arm64-arm-64bit,2.5.2,42,cpu,opencv_yunet,landmark,insightface,spectral,dct,0.16,2026-09-02T04:14:05.967125+00:00
watermark_robustness,larry_thompson_2.png,resize_50,resize,{'scale': 0.5},False,0.801866,0.90625,,False,False,35.9893,0.90958,34.3342,0.1.0,not-a-git-repository,3.12.10,macOS-26.6.2-arm64-arm-64bit,2.5.2,42,cpu,opencv_yunet,landmark,insightface,spectral,dct,0.16,2026-09-02T04:14:05.967125+00:00
watermark_robustness,larry_thompson_2.png,resize_25,resize,{'scale': 0.25},False,0.585938,0.453125,,False,False,35.9893,0.90958,29.0784,0.1.0,not-a-git-repository,3.12.10,macOS-26.6.2-arm64-arm-64bit,2.5.2,42,cpu,opencv_yunet,landmark,insightface,spectral,dct,0.16,2026-09-02T04:14:05.967125+00:00
watermark_robustness,larry_thompson_2.png,crop_10,crop,{'ratio': 0.1},True,1.0,0.5,a14808d8,True,False,35.9893,0.90958,13.8489,0.1.0,not-a-git-repository,3.12.10,macOS-26.6.2-arm64-arm-64bit,2.5.2,42,cpu,opencv_yunet,landmark,insightface,spectral,dct,0.16,2026-09-02T04:14:05.967125+00:00
watermark_robustness,larry_thompson_2.png,crop_30,crop,{'ratio': 0.3},False,0.546875,0.5625,,False,False,35.9893,0.90958,10.9343,0.1.0,not-a-git-repository,3.12.10,macOS-26.6.2-arm64-arm-64bit,2.5.2,42,cpu,opencv_yunet,landmark,insightface,spectral,dct,0.16,2026-09-02T04:14:05.967125+00:00
watermark_robustness,larry_thompson_2.png,rotate_5,rotation,{'degrees': 5},False,0.554688,0.5625,,False,False,35.9893,0.90958,16.5292,0.1.0,not-a-git-repository,3.12.10,macOS-26.6.2-arm64-arm-64bit,2.5.2,42,cpu,opencv_yunet,landmark,insightface,spectral,dct,0.16,2026-09-02T04:14:05.967125+00:00
watermark_robustness,larry_thompson_2.png,blur_1,blur,{'sigma': 1.0},True,1.0,1.0,a14808d8,True,False,35.9893,0.90958,33.602,0.1.0,not-a-git-repository,3.12.10,macOS-26.6.2-arm64-arm-64bit,2.5.2,42,cpu,opencv_yunet,landmark,insightface,spectral,dct,0.16,2026-09-02T04:14:05.967125+00:00
watermark_robustness,larry_thompson_2.png,noise_5,noise,{'sigma': 5.0},True,1.0,1.0,a14808d8,True,False,35.9893,0.90958,34.2661,0.1.0,not-a-git-repository,3.12.10,macOS-26.6.2-arm64-arm-64bit,2.5.2,42,cpu,opencv_yunet,landmark,insightface,spectral,dct,0.16,2026-09-02T04:14:05.967125+00:00
watermark_robustness,larry_thompson_2.png,brightness_up,brightness,{'factor': 1.2},True,0.98763,1.0,a14808d8,True,False,35.9893,0.90958,23.0796,0.1.0,not-a-git-repository,3.12.10,macOS-26.6.2-arm64-arm-64bit,2.5.2,42,cpu,opencv_yunet,landmark,insightface,spectral,dct,0.16,2026-09-02T04:14:05.967125+00:00
watermark_robustness,larry_thompson_2.png,contrast_down,contrast,{'factor': 0.8},True,1.0,1.0,a14808d8,True,False,35.9893,0.90958,27.853,0.1.0,not-a-git-repository,3.12.10,macOS-26.6.2-arm64-arm-64bit,2.5.2,42,cpu,opencv_yunet,landmark,insightface,spectral,dct,0.16,2026-09-02T04:14:05.967125+00:00
watermark_robustness,larry_thompson_2.png,webp_q80,webp,{'quality': 80},True,0.960938,1.0,a14808d8,True,False,35.9893,0.90958,36.7949,0.1.0,not-a-git-repository,3.12.10,macOS-26.6.2-arm64-arm-64bit,2.5.2,42,cpu,opencv_yunet,landmark,insightface,spectral,dct,0.16,2026-09-02T04:14:05.967125+00:00
watermark_robustness,larry_thompson_2.png,screenshot,screenshot_simulation,"{'scale': 0.9, 'quality': 85}",True,0.966797,1.0,a14808d8,True,False,35.9893,0.90958,39.4143,0.1.0,not-a-git-repository,3.12.10,macOS-26.6.2-arm64-arm-64bit,2.5.2,42,cpu,opencv_yunet,landmark,insightface,spectral,dct,0.16,2026-09-02T04:14:05.967125+00:00
watermark_robustness,larry_thompson_3.png,jpeg_q90,jpeg_compression,{'quality': 90},True,1.0,1.0,9ef411fc,True,False,35.9231,0.940459,43.6872,0.1.0,not-a-git-repository,3.12.10,macOS-26.6.2-arm64-arm-64bit,2.5.2,42,cpu,opencv_yunet,landmark,insightface,spectral,dct,0.16,2026-09-02T04:14:05.967125+00:00
watermark_robustness,larry_thompson_3.png,jpeg_q70,jpeg_compression,{'quality': 70},True,1.0,1.0,9ef411fc,True,False,35.9231,0.940459,37.4868,0.1.0,not-a-git-repository,3.12.10,macOS-26.6.2-arm64-arm-64bit,2.5.2,42,cpu,opencv_yunet,landmark,insightface,spectral,dct,0.16,2026-09-02T04:14:05.967125+00:00
watermark_robustness,larry_thompson_3.png,jpeg_q50,jpeg_compression,{'quality': 50},False,0.523438,0.390625,,False,False,35.9231,0.940459,34.2949,0.1.0,not-a-git-repository,3.12.10,macOS-26.6.2-arm64-arm-64bit,2.5.2,42,cpu,opencv_yunet,landmark,insightface,spectral,dct,0.16,2026-09-02T04:14:05.967125+00:00
watermark_robustness,larry_thompson_3.png,resize_75,resize,{'scale': 0.75},True,1.0,1.0,9ef411fc,True,False,35.9231,0.940459,42.567,0.1.0,not-a-git-repository,3.12.10,macOS-26.6.2-arm64-arm-64bit,2.5.2,42,cpu,opencv_yunet,landmark,insightface,spectral,dct,0.16,2026-09-02T04:14:05.967125+00:00
watermark_robustness,larry_thompson_3.png,resize_50,resize,{'scale': 0.5},True,0.431098,0.984375,9ef411fc,True,False,35.9231,0.940459,36.393,0.1.0,not-a-git-repository,3.12.10,macOS-26.6.2-arm64-arm-64bit,2.5.2,42,cpu,opencv_yunet,landmark,insightface,spectral,dct,0.16,2026-09-02T04:14:05.967125+00:00
watermark_robustness,larry_thompson_3.png,resize_25,resize,{'scale': 0.25},False,0.5,0.625,,False,False,35.9231,0.940459,31.0594,0.1.0,not-a-git-repository,3.12.10,macOS-26.6.2-arm64-arm-64bit,2.5.2,42,cpu,opencv_yunet,landmark,insightface,spectral,dct,0.16,2026-09-02T04:14:05.967125+00:00
watermark_robustness,larry_thompson_3.png,crop_10,crop,{'ratio': 0.1},True,1.0,0.53125,9ef411fc,True,False,35.9231,0.940459,12.8344,0.1.0,not-a-git-repository,3.12.10,macOS-26.6.2-arm64-arm-64bit,2.5.2,42,cpu,opencv_yunet,landmark,insightface,spectral,dct,0.16,2026-09-02T04:14:05.967125+00:00
watermark_robustness,larry_thompson_3.png,crop_30,crop,{'ratio': 0.3},False,0.609375,0.375,,False,False,35.9231,0.940459,10.4407,0.1.0,not-a-git-repository,3.12.10,macOS-26.6.2-arm64-arm-64bit,2.5.2,42,cpu,opencv_yunet,landmark,insightface,spectral,dct,0.16,2026-09-02T04:14:05.967125+00:00
watermark_robustness,larry_thompson_3.png,rotate_5,rotation,{'degrees': 5},False,0.546875,0.515625,,False,False,35.9231,0.940459,14.7592,0.1.0,not-a-git-repository,3.12.10,macOS-26.6.2-arm64-arm-64bit,2.5.2,42,cpu,opencv_yunet,landmark,insightface,spectral,dct,0.16,2026-09-02T04:14:05.967125+00:00
watermark_robustness,larry_thompson_3.png,blur_1,blur,{'sigma': 1.0},True,1.0,1.0,9ef411fc,True,False,35.9231,0.940459,35.0141,0.1.0,not-a-git-repository,3.12.10,macOS-26.6.2-arm64-arm-64bit,2.5.2,42,cpu,opencv_yunet,landmark,insightface,spectral,dct,0.16,2026-09-02T04:14:05.967125+00:00
watermark_robustness,larry_thompson_3.png,noise_5,noise,{'sigma': 5.0},True,1.0,1.0,9ef411fc,True,False,35.9231,0.940459,34.1381,0.1.0,not-a-git-repository,3.12.10,macOS-26.6.2-arm64-arm-64bit,2.5.2,42,cpu,opencv_yunet,landmark,insightface,spectral,dct,0.16,2026-09-02T04:14:05.967125+00:00
watermark_robustness,larry_thompson_3.png,brightness_up,brightness,{'factor': 1.2},True,0.996094,1.0,9ef411fc,True,False,35.9231,0.940459,21.1898,0.1.0,not-a-git-repository,3.12.10,macOS-26.6.2-arm64-arm-64bit,2.5.2,42,cpu,opencv_yunet,landmark,insightface,spectral,dct,0.16,2026-09-02T04:14:05.967125+00:00
watermark_robustness,larry_thompson_3.png,contrast_down,contrast,{'factor': 0.8},True,1.0,1.0,9ef411fc,True,False,35.9231,0.940459,26.9187,0.1.0,not-a-git-repository,3.12.10,macOS-26.6.2-arm64-arm-64bit,2.5.2,42,cpu,opencv_yunet,landmark,insightface,spectral,dct,0.16,2026-09-02T04:14:05.967125+00:00
watermark_robustness,larry_thompson_3.png,webp_q80,webp,{'quality': 80},True,1.0,1.0,9ef411fc,True,False,35.9231,0.940459,36.9346,0.1.0,not-a-git-repository,3.12.10,macOS-26.6.2-arm64-arm-64bit,2.5.2,42,cpu,opencv_yunet,landmark,insightface,spectral,dct,0.16,2026-09-02T04:14:05.967125+00:00
watermark_robustness,larry_thompson_3.png,screenshot,screenshot_simulation,"{'scale': 0.9, 'quality': 85}",True,1.0,1.0,9ef411fc,True,False,35.9231,0.940459,41.3726,0.1.0,not-a-git-repository,3.12.10,macOS-26.6.2-arm64-arm-64bit,2.5.2,42,cpu,opencv_yunet,landmark,insightface,spectral,dct,0.16,2026-09-02T04:14:05.967125+00:00
watermark_robustness,mark_hurlbert_0.png,jpeg_q90,jpeg_compression,{'quality': 90},True,1.0,1.0,b78a8fa1,True,False,36.1436,0.922363,43.2346,0.1.0,not-a-git-repository,3.12.10,macOS-26.6.2-arm64-arm-64bit,2.5.2,42,cpu,opencv_yunet,landmark,insightface,spectral,dct,0.16,2026-09-02T04:14:05.967125+00:00
watermark_robustness,mark_hurlbert_0.png,jpeg_q70,jpeg_compression,{'quality': 70},True,0.940104,1.0,b78a8fa1,True,False,36.1436,0.922363,37.1936,0.1.0,not-a-git-repository,3.12.10,macOS-26.6.2-arm64-arm-64bit,2.5.2,42,cpu,opencv_yunet,landmark,insightface,spectral,dct,0.16,2026-09-02T04:14:05.967125+00:00
watermark_robustness,mark_hurlbert_0.png,jpeg_q50,jpeg_compression,{'quality': 50},False,0.492188,0.578125,,False,False,36.1436,0.922363,34.075,0.1.0,not-a-git-repository,3.12.10,macOS-26.6.2-arm64-arm-64bit,2.5.2,42,cpu,opencv_yunet,landmark,insightface,spectral,dct,0.16,2026-09-02T04:14:05.967125+00:00
watermark_robustness,mark_hurlbert_0.png,resize_75,resize,{'scale': 0.75},True,1.0,1.0,b78a8fa1,True,False,36.1436,0.922363,36.6422,0.1.0,not-a-git-repository,3.12.10,macOS-26.6.2-arm64-arm-64bit,2.5.2,42,cpu,opencv_yunet,landmark,insightface,spectral,dct,0.16,2026-09-02T04:14:05.967125+00:00
watermark_robustness,mark_hurlbert_0.png,resize_50,resize,{'scale': 0.5},False,0.755208,0.921875,,False,False,36.1436,0.922363,32.4349,0.1.0,not-a-git-repository,3.12.10,macOS-26.6.2-arm64-arm-64bit,2.5.2,42,cpu,opencv_yunet,landmark,insightface,spectral,dct,0.16,2026-09-02T04:14:05.967125+00:00
watermark_robustness,mark_hurlbert_0.png,resize_25,resize,{'scale': 0.25},False,0.507812,0.546875,,False,False,36.1436,0.922363,27.2598,0.1.0,not-a-git-repository,3.12.10,macOS-26.6.2-arm64-arm-64bit,2.5.2,42,cpu,opencv_yunet,landmark,insightface,spectral,dct,0.16,2026-09-02T04:14:05.967125+00:00
watermark_robustness,mark_hurlbert_0.png,crop_10,crop,{'ratio': 0.1},True,1.0,0.484375,b78a8fa1,True,False,36.1436,0.922363,12.7097,0.1.0,not-a-git-repository,3.12.10,macOS-26.6.2-arm64-arm-64bit,2.5.2,42,cpu,opencv_yunet,landmark,insightface,spectral,dct,0.16,2026-09-02T04:14:05.967125+00:00
watermark_robustness,mark_hurlbert_0.png,crop_30,crop,{'ratio': 0.3},False,0.546875,0.390625,,False,False,36.1436,0.922363,8.884,0.1.0,not-a-git-repository,3.12.10,macOS-26.6.2-arm64-arm-64bit,2.5.2,42,cpu,opencv_yunet,landmark,insightface,spectral,dct,0.16,2026-09-02T04:14:05.967125+00:00
watermark_robustness,mark_hurlbert_0.png,rotate_5,rotation,{'degrees': 5},False,0.554688,0.578125,,False,False,36.1436,0.922363,15.1002,0.1.0,not-a-git-repository,3.12.10,macOS-26.6.2-arm64-arm-64bit,2.5.2,42,cpu,opencv_yunet,landmark,insightface,spectral,dct,0.16,2026-09-02T04:14:05.967125+00:00
watermark_robustness,mark_hurlbert_0.png,blur_1,blur,{'sigma': 1.0},True,0.998047,1.0,b78a8fa1,True,False,36.1436,0.922363,31.6618,0.1.0,not-a-git-repository,3.12.10,macOS-26.6.2-arm64-arm-64bit,2.5.2,42,cpu,opencv_yunet,landmark,insightface,spectral,dct,0.16,2026-09-02T04:14:05.967125+00:00
watermark_robustness,mark_hurlbert_0.png,noise_5,noise,{'sigma': 5.0},True,1.0,1.0,b78a8fa1,True,False,36.1436,0.922363,34.2969,0.1.0,not-a-git-repository,3.12.10,macOS-26.6.2-arm64-arm-64bit,2.5.2,42,cpu,opencv_yunet,landmark,insightface,spectral,dct,0.16,2026-09-02T04:14:05.967125+00:00
watermark_robustness,mark_hurlbert_0.png,brightness_up,brightness,{'factor': 1.2},True,0.99349,1.0,b78a8fa1,True,False,36.1436,0.922363,22.2366,0.1.0,not-a-git-repository,3.12.10,macOS-26.6.2-arm64-arm-64bit,2.5.2,42,cpu,opencv_yunet,landmark,insightface,spectral,dct,0.16,2026-09-02T04:14:05.967125+00:00
watermark_robustness,mark_hurlbert_0.png,contrast_down,contrast,{'factor': 0.8},True,1.0,1.0,b78a8fa1,True,False,36.1436,0.922363,25.889,0.1.0,not-a-git-repository,3.12.10,macOS-26.6.2-arm64-arm-64bit,2.5.2,42,cpu,opencv_yunet,landmark,insightface,spectral,dct,0.16,2026-09-02T04:14:05.967125+00:00
watermark_robustness,mark_hurlbert_0.png,webp_q80,webp,{'quality': 80},True,0.973958,1.0,b78a8fa1,True,False,36.1436,0.922363,37.1384,0.1.0,not-a-git-repository,3.12.10,macOS-26.6.2-arm64-arm-64bit,2.5.2,42,cpu,opencv_yunet,landmark,insightface,spectral,dct,0.16,2026-09-02T04:14:05.967125+00:00
watermark_robustness,mark_hurlbert_0.png,screenshot,screenshot_simulation,"{'scale': 0.9, 'quality': 85}",True,0.972656,1.0,b78a8fa1,True,False,36.1436,0.922363,38.2309,0.1.0,not-a-git-repository,3.12.10,macOS-26.6.2-arm64-arm-64bit,2.5.2,42,cpu,opencv_yunet,landmark,insightface,spectral,dct,0.16,2026-09-02T04:14:05.967125+00:00
watermark_robustness,mark_hurlbert_1.png,jpeg_q90,jpeg_compression,{'quality': 90},True,1.0,1.0,260e44d1,True,False,36.4964,0.885692,44.0071,0.1.0,not-a-git-repository,3.12.10,macOS-26.6.2-arm64-arm-64bit,2.5.2,42,cpu,opencv_yunet,landmark,insightface,spectral,dct,0.16,2026-09-02T04:14:05.967125+00:00
watermark_robustness,mark_hurlbert_1.png,jpeg_q70,jpeg_compression,{'quality': 70},True,0.841797,1.0,260e44d1,True,False,36.4964,0.885692,37.9536,0.1.0,not-a-git-repository,3.12.10,macOS-26.6.2-arm64-arm-64bit,2.5.2,42,cpu,opencv_yunet,landmark,insightface,spectral,dct,0.16,2026-09-02T04:14:05.967125+00:00
watermark_robustness,mark_hurlbert_1.png,jpeg_q50,jpeg_compression,{'quality': 50},False,0.546875,0.484375,,False,False,36.4964,0.885692,34.9786,0.1.0,not-a-git-repository,3.12.10,macOS-26.6.2-arm64-arm-64bit,2.5.2,42,cpu,opencv_yunet,landmark,insightface,spectral,dct,0.16,2026-09-02T04:14:05.967125+00:00
watermark_robustness,mark_hurlbert_1.png,resize_75,resize,{'scale': 0.75},True,1.0,1.0,260e44d1,True,False,36.4964,0.885692,38.2861,0.1.0,not-a-git-repository,3.12.10,macOS-26.6.2-arm64-arm-64bit,2.5.2,42,cpu,opencv_yunet,landmark,insightface,spectral,dct,0.16,2026-09-02T04:14:05.967125+00:00
watermark_robustness,mark_hurlbert_1.png,resize_50,resize,{'scale': 0.5},False,0.759983,0.953125,,False,False,36.4964,0.885692,34.3014,0.1.0,not-a-git-repository,3.12.10,macOS-26.6.2-arm64-arm-64bit,2.5.2,42,cpu,opencv_yunet,landmark,insightface,spectral,dct,0.16,2026-09-02T04:14:05.967125+00:00
watermark_robustness,mark_hurlbert_1.png,resize_25,resize,{'scale': 0.25},False,0.578125,0.546875,,False,False,36.4964,0.885692,28.8728,0.1.0,not-a-git-repository,3.12.10,macOS-26.6.2-arm64-arm-64bit,2.5.2,42,cpu,opencv_yunet,landmark,insightface,spectral,dct,0.16,2026-09-02T04:14:05.967125+00:00
watermark_robustness,mark_hurlbert_1.png,crop_10,crop,{'ratio': 0.1},True,1.0,0.40625,260e44d1,True,False,36.4964,0.885692,13.1571,0.1.0,not-a-git-repository,3.12.10,macOS-26.6.2-arm64-arm-64bit,2.5.2,42,cpu,opencv_yunet,landmark,insightface,spectral,dct,0.16,2026-09-02T04:14:05.967125+00:00
watermark_robustness,mark_hurlbert_1.png,crop_30,crop,{'ratio': 0.3},False,0.523438,0.578125,,False,False,36.4964,0.885692,9.8074,0.1.0,not-a-git-repository,3.12.10,macOS-26.6.2-arm64-arm-64bit,2.5.2,42,cpu,opencv_yunet,landmark,insightface,spectral,dct,0.16,2026-09-02T04:14:05.967125+00:00
watermark_robustness,mark_hurlbert_1.png,rotate_5,rotation,{'degrees': 5},False,0.507812,0.515625,,False,False,36.4964,0.885692,18.0,0.1.0,not-a-git-repository,3.12.10,macOS-26.6.2-arm64-arm-64bit,2.5.2,42,cpu,opencv_yunet,landmark,insightface,spectral,dct,0.16,2026-09-02T04:14:05.967125+00:00
watermark_robustness,mark_hurlbert_1.png,blur_1,blur,{'sigma': 1.0},True,0.998047,1.0,260e44d1,True,False,36.4964,0.885692,33.3618,0.1.0,not-a-git-repository,3.12.10,macOS-26.6.2-arm64-arm-64bit,2.5.2,42,cpu,opencv_yunet,landmark,insightface,spectral,dct,0.16,2026-09-02T04:14:05.967125+00:00
watermark_robustness,mark_hurlbert_1.png,noise_5,noise,{'sigma': 5.0},True,1.0,1.0,260e44d1,True,False,36.4964,0.885692,34.6418,0.1.0,not-a-git-repository,3.12.10,macOS-26.6.2-arm64-arm-64bit,2.5.2,42,cpu,opencv_yunet,landmark,insightface,spectral,dct,0.16,2026-09-02T04:14:05.967125+00:00
watermark_robustness,mark_hurlbert_1.png,brightness_up,brightness,{'factor': 1.2},True,0.996094,1.0,260e44d1,True,False,36.4964,0.885692,24.0269,0.1.0,not-a-git-repository,3.12.10,macOS-26.6.2-arm64-arm-64bit,2.5.2,42,cpu,opencv_yunet,landmark,insightface,spectral,dct,0.16,2026-09-02T04:14:05.967125+00:00
watermark_robustness,mark_hurlbert_1.png,contrast_down,contrast,{'factor': 0.8},True,1.0,1.0,260e44d1,True,False,36.4964,0.885692,26.7814,0.1.0,not-a-git-repository,3.12.10,macOS-26.6.2-arm64-arm-64bit,2.5.2,42,cpu,opencv_yunet,landmark,insightface,spectral,dct,0.16,2026-09-02T04:14:05.967125+00:00
watermark_robustness,mark_hurlbert_1.png,webp_q80,webp,{'quality': 80},True,0.906901,1.0,260e44d1,True,False,36.4964,0.885692,37.6515,0.1.0,not-a-git-repository,3.12.10,macOS-26.6.2-arm64-arm-64bit,2.5.2,42,cpu,opencv_yunet,landmark,insightface,spectral,dct,0.16,2026-09-02T04:14:05.967125+00:00
watermark_robustness,mark_hurlbert_1.png,screenshot,screenshot_simulation,"{'scale': 0.9, 'quality': 85}",True,0.914714,1.0,260e44d1,True,False,36.4964,0.885692,39.7746,0.1.0,not-a-git-repository,3.12.10,macOS-26.6.2-arm64-arm-64bit,2.5.2,42,cpu,opencv_yunet,landmark,insightface,spectral,dct,0.16,2026-09-02T04:14:05.967125+00:00
watermark_robustness,mark_hurlbert_2.png,jpeg_q90,jpeg_compression,{'quality': 90},True,1.0,1.0,c8892cf1,True,False,36.3905,0.90302,43.8161,0.1.0,not-a-git-repository,3.12.10,macOS-26.6.2-arm64-arm-64bit,2.5.2,42,cpu,opencv_yunet,landmark,insightface,spectral,dct,0.16,2026-09-02T04:14:05.967125+00:00
watermark_robustness,mark_hurlbert_2.png,jpeg_q70,jpeg_compression,{'quality': 70},True,0.888672,1.0,c8892cf1,True,False,36.3905,0.90302,37.6421,0.1.0,not-a-git-repository,3.12.10,macOS-26.6.2-arm64-arm-64bit,2.5.2,42,cpu,opencv_yunet,landmark,insightface,spectral,dct,0.16,2026-09-02T04:14:05.967125+00:00
watermark_robustness,mark_hurlbert_2.png,jpeg_q50,jpeg_compression,{'quality': 50},False,0.625,0.5625,,False,False,36.3905,0.90302,34.5355,0.1.0,not-a-git-repository,3.12.10,macOS-26.6.2-arm64-arm-64bit,2.5.2,42,cpu,opencv_yunet,landmark,insightface,spectral,dct,0.16,2026-09-02T04:14:05.967125+00:00
watermark_robustness,mark_hurlbert_2.png,resize_75,resize,{'scale': 0.75},True,1.0,1.0,c8892cf1,True,False,36.3905,0.90302,41.8091,0.1.0,not-a-git-repository,3.12.10,macOS-26.6.2-arm64-arm-64bit,2.5.2,42,cpu,opencv_yunet,landmark,insightface,spectral,dct,0.16,2026-09-02T04:14:05.967125+00:00
watermark_robustness,mark_hurlbert_2.png,resize_50,resize,{'scale': 0.5},True,0.394206,0.984375,c8892cf1,True,False,36.3905,0.90302,35.1225,0.1.0,not-a-git-repository,3.12.10,macOS-26.6.2-arm64-arm-64bit,2.5.2,42,cpu,opencv_yunet,landmark,insightface,spectral,dct,0.16,2026-09-02T04:14:05.967125+00:00
watermark_robustness,mark_hurlbert_2.png,resize_25,resize,{'scale': 0.25},False,0.53125,0.59375,,False,False,36.3905,0.90302,29.9756,0.1.0,not-a-git-repository,3.12.10,macOS-26.6.2-arm64-arm-64bit,2.5.2,42,cpu,opencv_yunet,landmark,insightface,spectral,dct,0.16,2026-09-02T04:14:05.967125+00:00
watermark_robustness,mark_hurlbert_2.png,crop_10,crop,{'ratio': 0.1},True,1.0,0.359375,c8892cf1,True,False,36.3905,0.90302,12.0647,0.1.0,not-a-git-repository,3.12.10,macOS-26.6.2-arm64-arm-64bit,2.5.2,42,cpu,opencv_yunet,landmark,insightface,spectral,dct,0.16,2026-09-02T04:14:05.967125+00:00
watermark_robustness,mark_hurlbert_2.png,crop_30,crop,{'ratio': 0.3},False,0.570312,0.46875,,False,False,36.3905,0.90302,10.3221,0.1.0,not-a-git-repository,3.12.10,macOS-26.6.2-arm64-arm-64bit,2.5.2,42,cpu,opencv_yunet,landmark,insightface,spectral,dct,0.16,2026-09-02T04:14:05.967125+00:00
watermark_robustness,mark_hurlbert_2.png,rotate_5,rotation,{'degrees': 5},False,0.5,0.5,,False,False,36.3905,0.90302,15.7951,0.1.0,not-a-git-repository,3.12.10,macOS-26.6.2-arm64-arm-64bit,2.5.2,42,cpu,opencv_yunet,landmark,insightface,spectral,dct,0.16,2026-09-02T04:14:05.967125+00:00
watermark_robustness,mark_hurlbert_2.png,blur_1,blur,{'sigma': 1.0},True,0.998047,1.0,c8892cf1,True,False,36.3905,0.90302,34.1327,0.1.0,not-a-git-repository,3.12.10,macOS-26.6.2-arm64-arm-64bit,2.5.2,42,cpu,opencv_yunet,landmark,insightface,spectral,dct,0.16,2026-09-02T04:14:05.967125+00:00
watermark_robustness,mark_hurlbert_2.png,noise_5,noise,{'sigma': 5.0},True,1.0,1.0,c8892cf1,True,False,36.3905,0.90302,34.4841,0.1.0,not-a-git-repository,3.12.10,macOS-26.6.2-arm64-arm-64bit,2.5.2,42,cpu,opencv_yunet,landmark,insightface,spectral,dct,0.16,2026-09-02T04:14:05.967125+00:00
watermark_robustness,mark_hurlbert_2.png,brightness_up,brightness,{'factor': 1.2},True,0.990234,1.0,c8892cf1,True,False,36.3905,0.90302,21.7388,0.1.0,not-a-git-repository,3.12.10,macOS-26.6.2-arm64-arm-64bit,2.5.2,42,cpu,opencv_yunet,landmark,insightface,spectral,dct,0.16,2026-09-02T04:14:05.967125+00:00
watermark_robustness,mark_hurlbert_2.png,contrast_down,contrast,{'factor': 0.8},True,1.0,1.0,c8892cf1,True,False,36.3905,0.90302,26.0611,0.1.0,not-a-git-repository,3.12.10,macOS-26.6.2-arm64-arm-64bit,2.5.2,42,cpu,opencv_yunet,landmark,insightface,spectral,dct,0.16,2026-09-02T04:14:05.967125+00:00
watermark_robustness,mark_hurlbert_2.png,webp_q80,webp,{'quality': 80},True,0.912109,1.0,c8892cf1,True,False,36.3905,0.90302,37.3086,0.1.0,not-a-git-repository,3.12.10,macOS-26.6.2-arm64-arm-64bit,2.5.2,42,cpu,opencv_yunet,landmark,insightface,spectral,dct,0.16,2026-09-02T04:14:05.967125+00:00
watermark_robustness,mark_hurlbert_2.png,screenshot,screenshot_simulation,"{'scale': 0.9, 'quality': 85}",True,0.940755,1.0,c8892cf1,True,False,36.3905,0.90302,41.1714,0.1.0,not-a-git-repository,3.12.10,macOS-26.6.2-arm64-arm-64bit,2.5.2,42,cpu,opencv_yunet,landmark,insightface,spectral,dct,0.16,2026-09-02T04:14:05.967125+00:00
watermark_robustness,mark_hurlbert_3.png,jpeg_q90,jpeg_compression,{'quality': 90},True,1.0,1.0,1d2fd2c2,True,False,36.3773,0.916728,42.2784,0.1.0,not-a-git-repository,3.12.10,macOS-26.6.2-arm64-arm-64bit,2.5.2,42,cpu,opencv_yunet,landmark,insightface,spectral,dct,0.16,2026-09-02T04:14:05.967125+00:00
watermark_robustness,mark_hurlbert_3.png,jpeg_q70,jpeg_compression,{'quality': 70},True,0.871745,1.0,1d2fd2c2,True,False,36.3773,0.916728,36.7674,0.1.0,not-a-git-repository,3.12.10,macOS-26.6.2-arm64-arm-64bit,2.5.2,42,cpu,opencv_yunet,landmark,insightface,spectral,dct,0.16,2026-09-02T04:14:05.967125+00:00
watermark_robustness,mark_hurlbert_3.png,jpeg_q50,jpeg_compression,{'quality': 50},False,0.515625,0.671875,,False,False,36.3773,0.916728,33.9579,0.1.0,not-a-git-repository,3.12.10,macOS-26.6.2-arm64-arm-64bit,2.5.2,42,cpu,opencv_yunet,landmark,insightface,spectral,dct,0.16,2026-09-02T04:14:05.967125+00:00
watermark_robustness,mark_hurlbert_3.png,resize_75,resize,{'scale': 0.75},True,1.0,1.0,1d2fd2c2,True,False,36.3773,0.916728,33.1059,0.1.0,not-a-git-repository,3.12.10,macOS-26.6.2-arm64-arm-64bit,2.5.2,42,cpu,opencv_yunet,landmark,insightface,spectral,dct,0.16,2026-09-02T04:14:05.967125+00:00
watermark_robustness,mark_hurlbert_3.png,resize_50,resize,{'scale': 0.5},False,0.76888,0.9375,,False,False,36.3773,0.916728,30.1689,0.1.0,not-a-git-repository,3.12.10,macOS-26.6.2-arm64-arm-64bit,2.5.2,42,cpu,opencv_yunet,landmark,insightface,spectral,dct,0.16,2026-09-02T04:14:05.967125+00:00
watermark_robustness,mark_hurlbert_3.png,resize_25,resize,{'scale': 0.25},False,0.523438,0.453125,,False,False,36.3773,0.916728,25.1243,0.1.0,not-a-git-repository,3.12.10,macOS-26.6.2-arm64-arm-64bit,2.5.2,42,cpu,opencv_yunet,landmark,insightface,spectral,dct,0.16,2026-09-02T04:14:05.967125+00:00
watermark_robustness,mark_hurlbert_3.png,crop_10,crop,{'ratio': 0.1},True,1.0,0.546875,1d2fd2c2,True,False,36.3773,0.916728,10.6361,0.1.0,not-a-git-repository,3.12.10,macOS-26.6.2-arm64-arm-64bit,2.5.2,42,cpu,opencv_yunet,landmark,insightface,spectral,dct,0.16,2026-09-02T04:14:05.967125+00:00
watermark_robustness,mark_hurlbert_3.png,crop_30,crop,{'ratio': 0.3},False,0.578125,0.625,,False,False,36.3773,0.916728,9.8044,0.1.0,not-a-git-repository,3.12.10,macOS-26.6.2-arm64-arm-64bit,2.5.2,42,cpu,opencv_yunet,landmark,insightface,spectral,dct,0.16,2026-09-02T04:14:05.967125+00:00
watermark_robustness,mark_hurlbert_3.png,rotate_5,rotation,{'degrees': 5},False,0.5625,0.546875,,False,False,36.3773,0.916728,14.2688,0.1.0,not-a-git-repository,3.12.10,macOS-26.6.2-arm64-arm-64bit,2.5.2,42,cpu,opencv_yunet,landmark,insightface,spectral,dct,0.16,2026-09-02T04:14:05.967125+00:00
watermark_robustness,mark_hurlbert_3.png,blur_1,blur,{'sigma': 1.0},True,0.994141,1.0,1d2fd2c2,True,False,36.3773,0.916728,29.4623,0.1.0,not-a-git-repository,3.12.10,macOS-26.6.2-arm64-arm-64bit,2.5.2,42,cpu,opencv_yunet,landmark,insightface,spectral,dct,0.16,2026-09-02T04:14:05.967125+00:00
watermark_robustness,mark_hurlbert_3.png,noise_5,noise,{'sigma': 5.0},True,1.0,1.0,1d2fd2c2,True,False,36.3773,0.916728,34.5496,0.1.0,not-a-git-repository,3.12.10,macOS-26.6.2-arm64-arm-64bit,2.5.2,42,cpu,opencv_yunet,landmark,insightface,spectral,dct,0.16,2026-09-02T04:14:05.967125+00:00
watermark_robustness,mark_hurlbert_3.png,brightness_up,brightness,{'factor': 1.2},True,0.972656,1.0,1d2fd2c2,True,False,36.3773,0.916728,21.6851,0.1.0,not-a-git-repository,3.12.10,macOS-26.6.2-arm64-arm-64bit,2.5.2,42,cpu,opencv_yunet,landmark,insightface,spectral,dct,0.16,2026-09-02T04:14:05.967125+00:00
watermark_robustness,mark_hurlbert_3.png,contrast_down,contrast,{'factor': 0.8},True,1.0,1.0,1d2fd2c2,True,False,36.3773,0.916728,24.1814,0.1.0,not-a-git-repository,3.12.10,macOS-26.6.2-arm64-arm-64bit,2.5.2,42,cpu,opencv_yunet,landmark,insightface,spectral,dct,0.16,2026-09-02T04:14:05.967125+00:00
watermark_robustness,mark_hurlbert_3.png,webp_q80,webp,{'quality': 80},True,0.915365,1.0,1d2fd2c2,True,False,36.3773,0.916728,37.0761,0.1.0,not-a-git-repository,3.12.10,macOS-26.6.2-arm64-arm-64bit,2.5.2,42,cpu,opencv_yunet,landmark,insightface,spectral,dct,0.16,2026-09-02T04:14:05.967125+00:00
watermark_robustness,mark_hurlbert_3.png,screenshot,screenshot_simulation,"{'scale': 0.9, 'quality': 85}",True,0.924479,1.0,1d2fd2c2,True,False,36.3773,0.916728,37.2157,0.1.0,not-a-git-repository,3.12.10,macOS-26.6.2-arm64-arm-64bit,2.5.2,42,cpu,opencv_yunet,landmark,insightface,spectral,dct,0.16,2026-09-02T04:14:05.967125+00:00
watermark_robustness,monica_bellucci_0.png,jpeg_q90,jpeg_compression,{'quality': 90},True,1.0,1.0,6d515903,True,False,36.0914,0.91111,43.8741,0.1.0,not-a-git-repository,3.12.10,macOS-26.6.2-arm64-arm-64bit,2.5.2,42,cpu,opencv_yunet,landmark,insightface,spectral,dct,0.16,2026-09-02T04:14:05.967125+00:00
watermark_robustness,monica_bellucci_0.png,jpeg_q70,jpeg_compression,{'quality': 70},True,1.0,1.0,6d515903,True,False,36.0914,0.91111,37.786,0.1.0,not-a-git-repository,3.12.10,macOS-26.6.2-arm64-arm-64bit,2.5.2,42,cpu,opencv_yunet,landmark,insightface,spectral,dct,0.16,2026-09-02T04:14:05.967125+00:00
watermark_robustness,monica_bellucci_0.png,jpeg_q50,jpeg_compression,{'quality': 50},False,0.53125,0.453125,,False,False,36.0914,0.91111,34.4084,0.1.0,not-a-git-repository,3.12.10,macOS-26.6.2-arm64-arm-64bit,2.5.2,42,cpu,opencv_yunet,landmark,insightface,spectral,dct,0.16,2026-09-02T04:14:05.967125+00:00
watermark_robustness,monica_bellucci_0.png,resize_75,resize,{'scale': 0.75},True,1.0,1.0,6d515903,True,False,36.0914,0.91111,43.0069,0.1.0,not-a-git-repository,3.12.10,macOS-26.6.2-arm64-arm-64bit,2.5.2,42,cpu,opencv_yunet,landmark,insightface,spectral,dct,0.16,2026-09-02T04:14:05.967125+00:00
watermark_robustness,monica_bellucci_0.png,resize_50,resize,{'scale': 0.5},True,0.206055,0.953125,6d515903,True,False,36.0914,0.91111,36.5602,0.1.0,not-a-git-repository,3.12.10,macOS-26.6.2-arm64-arm-64bit,2.5.2,42,cpu,opencv_yunet,landmark,insightface,spectral,dct,0.16,2026-09-02T04:14:05.967125+00:00
watermark_robustness,monica_bellucci_0.png,resize_25,resize,{'scale': 0.25},False,0.492188,0.421875,,False,False,36.0914,0.91111,32.0216,0.1.0,not-a-git-repository,3.12.10,macOS-26.6.2-arm64-arm-64bit,2.5.2,42,cpu,opencv_yunet,landmark,insightface,spectral,dct,0.16,2026-09-02T04:14:05.967125+00:00
watermark_robustness,monica_bellucci_0.png,crop_10,crop,{'ratio': 0.1},True,1.0,0.515625,6d515903,True,False,36.0914,0.91111,9.847,0.1.0,not-a-git-repository,3.12.10,macOS-26.6.2-arm64-arm-64bit,2.5.2,42,cpu,opencv_yunet,landmark,insightface,spectral,dct,0.16,2026-09-02T04:14:05.967125+00:00
watermark_robustness,monica_bellucci_0.png,crop_30,crop,{'ratio': 0.3},False,0.548611,0.515625,,False,False,36.0914,0.91111,6.4115,0.1.0,not-a-git-repository,3.12.10,macOS-26.6.2-arm64-arm-64bit,2.5.2,42,cpu,opencv_yunet,landmark,insightface,spectral,dct,0.16,2026-09-02T04:14:05.967125+00:00
watermark_robustness,monica_bellucci_0.png,rotate_5,rotation,{'degrees': 5},False,0.53125,0.515625,,False,False,36.0914,0.91111,13.9318,0.1.0,not-a-git-repository,3.12.10,macOS-26.6.2-arm64-arm-64bit,2.5.2,42,cpu,opencv_yunet,landmark,insightface,spectral,dct,0.16,2026-09-02T04:14:05.967125+00:00
watermark_robustness,monica_bellucci_0.png,blur_1,blur,{'sigma': 1.0},True,1.0,1.0,6d515903,True,False,36.0914,0.91111,35.5911,0.1.0,not-a-git-repository,3.12.10,macOS-26.6.2-arm64-arm-64bit,2.5.2,42,cpu,opencv_yunet,landmark,insightface,spectral,dct,0.16,2026-09-02T04:14:05.967125+00:00
watermark_robustness,monica_bellucci_0.png,noise_5,noise,{'sigma': 5.0},True,1.0,1.0,6d515903,True,False,36.0914,0.91111,34.3389,0.1.0,not-a-git-repository,3.12.10,macOS-26.6.2-arm64-arm-64bit,2.5.2,42,cpu,opencv_yunet,landmark,insightface,spectral,dct,0.16,2026-09-02T04:14:05.967125+00:00
watermark_robustness,monica_bellucci_0.png,brightness_up,brightness,{'factor': 1.2},True,1.0,1.0,6d515903,True,False,36.0914,0.91111,22.389,0.1.0,not-a-git-repository,3.12.10,macOS-26.6.2-arm64-arm-64bit,2.5.2,42,cpu,opencv_yunet,landmark,insightface,spectral,dct,0.16,2026-09-02T04:14:05.967125+00:00
watermark_robustness,monica_bellucci_0.png,contrast_down,contrast,{'factor': 0.8},True,1.0,1.0,6d515903,True,False,36.0914,0.91111,24.0196,0.1.0,not-a-git-repository,3.12.10,macOS-26.6.2-arm64-arm-64bit,2.5.2,42,cpu,opencv_yunet,landmark,insightface,spectral,dct,0.16,2026-09-02T04:14:05.967125+00:00
watermark_robustness,monica_bellucci_0.png,webp_q80,webp,{'quality': 80},True,0.998047,1.0,6d515903,True,False,36.0914,0.91111,36.8733,0.1.0,not-a-git-repository,3.12.10,macOS-26.6.2-arm64-arm-64bit,2.5.2,42,cpu,opencv_yunet,landmark,insightface,spectral,dct,0.16,2026-09-02T04:14:05.967125+00:00
watermark_robustness,monica_bellucci_0.png,screenshot,screenshot_simulation,"{'scale': 0.9, 'quality': 85}",True,1.0,1.0,6d515903,True,False,36.0914,0.91111,41.7152,0.1.0,not-a-git-repository,3.12.10,macOS-26.6.2-arm64-arm-64bit,2.5.2,42,cpu,opencv_yunet,landmark,insightface,spectral,dct,0.16,2026-09-02T04:14:05.967125+00:00
watermark_robustness,monica_bellucci_1.png,jpeg_q90,jpeg_compression,{'quality': 90},True,1.0,1.0,e09b7d8a,True,False,35.8401,0.912867,43.6823,0.1.0,not-a-git-repository,3.12.10,macOS-26.6.2-arm64-arm-64bit,2.5.2,42,cpu,opencv_yunet,landmark,insightface,spectral,dct,0.16,2026-09-02T04:14:05.967125+00:00
watermark_robustness,monica_bellucci_1.png,jpeg_q70,jpeg_compression,{'quality': 70},True,1.0,1.0,e09b7d8a,True,False,35.8401,0.912867,37.4607,0.1.0,not-a-git-repository,3.12.10,macOS-26.6.2-arm64-arm-64bit,2.5.2,42,cpu,opencv_yunet,landmark,insightface,spectral,dct,0.16,2026-09-02T04:14:05.967125+00:00
watermark_robustness,monica_bellucci_1.png,jpeg_q50,jpeg_compression,{'quality': 50},False,0.539062,0.65625,,False,False,35.8401,0.912867,34.2038,0.1.0,not-a-git-repository,3.12.10,macOS-26.6.2-arm64-arm-64bit,2.5.2,42,cpu,opencv_yunet,landmark,insightface,spectral,dct,0.16,2026-09-02T04:14:05.967125+00:00
watermark_robustness,monica_bellucci_1.png,resize_75,resize,{'scale': 0.75},True,1.0,1.0,e09b7d8a,True,False,35.8401,0.912867,37.7837,0.1.0,not-a-git-repository,3.12.10,macOS-26.6.2-arm64-arm-64bit,2.5.2,42,cpu,opencv_yunet,landmark,insightface,spectral,dct,0.16,2026-09-02T04:14:05.967125+00:00
watermark_robustness,monica_bellucci_1.png,resize_50,resize,{'scale': 0.5},False,0.805339,0.9375,,False,False,35.8401,0.912867,33.2827,0.1.0,not-a-git-repository,3.12.10,macOS-26.6.2-arm64-arm-64bit,2.5.2,42,cpu,opencv_yunet,landmark,insightface,spectral,dct,0.16,2026-09-02T04:14:05.967125+00:00
watermark_robustness,monica_bellucci_1.png,resize_25,resize,{'scale': 0.25},False,0.53125,0.59375,,False,False,35.8401,0.912867,28.0847,0.1.0,not-a-git-repository,3.12.10,macOS-26.6.2-arm64-arm-64bit,2.5.2,42,cpu,opencv_yunet,landmark,insightface,spectral,dct,0.16,2026-09-02T04:14:05.967125+00:00
watermark_robustness,monica_bellucci_1.png,crop_10,crop,{'ratio': 0.1},True,1.0,0.515625,e09b7d8a,True,False,35.8401,0.912867,11.6621,0.1.0,not-a-git-repository,3.12.10,macOS-26.6.2-arm64-arm-64bit,2.5.2,42,cpu,opencv_yunet,landmark,insightface,spectral,dct,0.16,2026-09-02T04:14:05.967125+00:00
watermark_robustness,monica_bellucci_1.png,crop_30,crop,{'ratio': 0.3},False,0.523438,0.484375,,False,False,35.8401,0.912867,9.7779,0.1.0,not-a-git-repository,3.12.10,macOS-26.6.2-arm64-arm-64bit,2.5.2,42,cpu,opencv_yunet,landmark,insightface,spectral,dct,0.16,2026-09-02T04:14:05.967125+00:00
watermark_robustness,monica_bellucci_1.png,rotate_5,rotation,{'degrees': 5},False,0.539062,0.4375,,False,False,35.8401,0.912867,14.1944,0.1.0,not-a-git-repository,3.12.10,macOS-26.6.2-arm64-arm-64bit,2.5.2,42,cpu,opencv_yunet,landmark,insightface,spectral,dct,0.16,2026-09-02T04:14:05.967125+00:00
watermark_robustness,monica_bellucci_1.png,blur_1,blur,{'sigma': 1.0},True,1.0,1.0,e09b7d8a,True,False,35.8401,0.912867,32.6132,0.1.0,not-a-git-repository,3.12.10,macOS-26.6.2-arm64-arm-64bit,2.5.2,42,cpu,opencv_yunet,landmark,insightface,spectral,dct,0.16,2026-09-02T04:14:05.967125+00:00
watermark_robustness,monica_bellucci_1.png,noise_5,noise,{'sigma': 5.0},True,1.0,1.0,e09b7d8a,True,False,35.8401,0.912867,34.1236,0.1.0,not-a-git-repository,3.12.10,macOS-26.6.2-arm64-arm-64bit,2.5.2,42,cpu,opencv_yunet,landmark,insightface,spectral,dct,0.16,2026-09-02T04:14:05.967125+00:00
watermark_robustness,monica_bellucci_1.png,brightness_up,brightness,{'factor': 1.2},True,1.0,1.0,e09b7d8a,True,False,35.8401,0.912867,19.6673,0.1.0,not-a-git-repository,3.12.10,macOS-26.6.2-arm64-arm-64bit,2.5.2,42,cpu,opencv_yunet,landmark,insightface,spectral,dct,0.16,2026-09-02T04:14:05.967125+00:00
watermark_robustness,monica_bellucci_1.png,contrast_down,contrast,{'factor': 0.8},True,1.0,1.0,e09b7d8a,True,False,35.8401,0.912867,25.2838,0.1.0,not-a-git-repository,3.12.10,macOS-26.6.2-arm64-arm-64bit,2.5.2,42,cpu,opencv_yunet,landmark,insightface,spectral,dct,0.16,2026-09-02T04:14:05.967125+00:00
watermark_robustness,monica_bellucci_1.png,webp_q80,webp,{'quality': 80},True,1.0,1.0,e09b7d8a,True,False,35.8401,0.912867,37.036,0.1.0,not-a-git-repository,3.12.10,macOS-26.6.2-arm64-arm-64bit,2.5.2,42,cpu,opencv_yunet,landmark,insightface,spectral,dct,0.16,2026-09-02T04:14:05.967125+00:00
watermark_robustness,monica_bellucci_1.png,screenshot,screenshot_simulation,"{'scale': 0.9, 'quality': 85}",True,1.0,1.0,e09b7d8a,True,False,35.8401,0.912867,39.0356,0.1.0,not-a-git-repository,3.12.10,macOS-26.6.2-arm64-arm-64bit,2.5.2,42,cpu,opencv_yunet,landmark,insightface,spectral,dct,0.16,2026-09-02T04:14:05.967125+00:00
watermark_robustness,monica_bellucci_2.png,jpeg_q90,jpeg_compression,{'quality': 90},True,1.0,1.0,cd54441c,True,False,37.0622,0.909857,43.6278,0.1.0,not-a-git-repository,3.12.10,macOS-26.6.2-arm64-arm-64bit,2.5.2,42,cpu,opencv_yunet,landmark,insightface,spectral,dct,0.16,2026-09-02T04:14:05.967125+00:00
watermark_robustness,monica_bellucci_2.png,jpeg_q70,jpeg_compression,{'quality': 70},True,0.697917,1.0,cd54441c,True,False,37.0622,0.909857,37.7694,0.1.0,not-a-git-repository,3.12.10,macOS-26.6.2-arm64-arm-64bit,2.5.2,42,cpu,opencv_yunet,landmark,insightface,spectral,dct,0.16,2026-09-02T04:14:05.967125+00:00
watermark_robustness,monica_bellucci_2.png,jpeg_q50,jpeg_compression,{'quality': 50},False,0.515625,0.34375,,False,False,37.0622,0.909857,34.9723,0.1.0,not-a-git-repository,3.12.10,macOS-26.6.2-arm64-arm-64bit,2.5.2,42,cpu,opencv_yunet,landmark,insightface,spectral,dct,0.16,2026-09-02T04:14:05.967125+00:00
watermark_robustness,monica_bellucci_2.png,resize_75,resize,{'scale': 0.75},True,1.0,1.0,cd54441c,True,False,37.0622,0.909857,43.0303,0.1.0,not-a-git-repository,3.12.10,macOS-26.6.2-arm64-arm-64bit,2.5.2,42,cpu,opencv_yunet,landmark,insightface,spectral,dct,0.16,2026-09-02T04:14:05.967125+00:00
watermark_robustness,monica_bellucci_2.png,resize_50,resize,{'scale': 0.5},True,0.147461,0.953125,cd54441c,True,False,37.0622,0.909857,36.6992,0.1.0,not-a-git-repository,3.12.10,macOS-26.6.2-arm64-arm-64bit,2.5.2,42,cpu,opencv_yunet,landmark,insightface,spectral,dct,0.16,2026-09-02T04:14:05.967125+00:00
watermark_robustness,monica_bellucci_2.png,resize_25,resize,{'scale': 0.25},False,0.5,0.46875,,False,False,37.0622,0.909857,30.6779,0.1.0,not-a-git-repository,3.12.10,macOS-26.6.2-arm64-arm-64bit,2.5.2,42,cpu,opencv_yunet,landmark,insightface,spectral,dct,0.16,2026-09-02T04:14:05.967125+00:00
watermark_robustness,monica_bellucci_2.png,crop_10,crop,{'ratio': 0.1},True,1.0,0.390625,cd54441c,True,False,37.0622,0.909857,13.909,0.1.0,not-a-git-repository,3.12.10,macOS-26.6.2-arm64-arm-64bit,2.5.2,42,cpu,opencv_yunet,landmark,insightface,spectral,dct,0.16,2026-09-02T04:14:05.967125+00:00
watermark_robustness,monica_bellucci_2.png,crop_30,crop,{'ratio': 0.3},False,0.53125,0.53125,,False,False,37.0622,0.909857,6.9483,0.1.0,not-a-git-repository,3.12.10,macOS-26.6.2-arm64-arm-64bit,2.5.2,42,cpu,opencv_yunet,landmark,insightface,spectral,dct,0.16,2026-09-02T04:14:05.967125+00:00
watermark_robustness,monica_bellucci_2.png,rotate_5,rotation,{'degrees': 5},False,0.554688,0.5,,False,False,37.0622,0.909857,17.8921,0.1.0,not-a-git-repository,3.12.10,macOS-26.6.2-arm64-arm-64bit,2.5.2,42,cpu,opencv_yunet,landmark,insightface,spectral,dct,0.16,2026-09-02T04:14:05.967125+00:00
watermark_robustness,monica_bellucci_2.png,blur_1,blur,{'sigma': 1.0},True,0.997396,1.0,cd54441c,True,False,37.0622,0.909857,34.7821,0.1.0,not-a-git-repository,3.12.10,macOS-26.6.2-arm64-arm-64bit,2.5.2,42,cpu,opencv_yunet,landmark,insightface,spectral,dct,0.16,2026-09-02T04:14:05.967125+00:00
watermark_robustness,monica_bellucci_2.png,noise_5,noise,{'sigma': 5.0},True,1.0,1.0,cd54441c,True,False,37.0622,0.909857,35.0888,0.1.0,not-a-git-repository,3.12.10,macOS-26.6.2-arm64-arm-64bit,2.5.2,42,cpu,opencv_yunet,landmark,insightface,spectral,dct,0.16,2026-09-02T04:14:05.967125+00:00
watermark_robustness,monica_bellucci_2.png,brightness_up,brightness,{'factor': 1.2},True,1.0,1.0,cd54441c,True,False,37.0622,0.909857,25.0664,0.1.0,not-a-git-repository,3.12.10,macOS-26.6.2-arm64-arm-64bit,2.5.2,42,cpu,opencv_yunet,landmark,insightface,spectral,dct,0.16,2026-09-02T04:14:05.967125+00:00
watermark_robustness,monica_bellucci_2.png,contrast_down,contrast,{'factor': 0.8},True,1.0,1.0,cd54441c,True,False,37.0622,0.909857,26.1881,0.1.0,not-a-git-repository,3.12.10,macOS-26.6.2-arm64-arm-64bit,2.5.2,42,cpu,opencv_yunet,landmark,insightface,spectral,dct,0.16,2026-09-02T04:14:05.967125+00:00
watermark_robustness,monica_bellucci_2.png,webp_q80,webp,{'quality': 80},True,0.850911,1.0,cd54441c,True,False,37.0622,0.909857,37.2015,0.1.0,not-a-git-repository,3.12.10,macOS-26.6.2-arm64-arm-64bit,2.5.2,42,cpu,opencv_yunet,landmark,insightface,spectral,dct,0.16,2026-09-02T04:14:05.967125+00:00
watermark_robustness,monica_bellucci_2.png,screenshot,screenshot_simulation,"{'scale': 0.9, 'quality': 85}",True,0.857422,1.0,cd54441c,True,False,37.0622,0.909857,41.2832,0.1.0,not-a-git-repository,3.12.10,macOS-26.6.2-arm64-arm-64bit,2.5.2,42,cpu,opencv_yunet,landmark,insightface,spectral,dct,0.16,2026-09-02T04:14:05.967125+00:00
watermark_robustness,paul_burrell_0.png,jpeg_q90,jpeg_compression,{'quality': 90},True,1.0,1.0,68186ef2,True,False,35.8915,0.938584,41.0701,0.1.0,not-a-git-repository,3.12.10,macOS-26.6.2-arm64-arm-64bit,2.5.2,42,cpu,opencv_yunet,landmark,insightface,spectral,dct,0.16,2026-09-02T04:14:05.967125+00:00
watermark_robustness,paul_burrell_0.png,jpeg_q70,jpeg_compression,{'quality': 70},True,0.979167,1.0,68186ef2,True,False,35.8915,0.938584,35.5568,0.1.0,not-a-git-repository,3.12.10,macOS-26.6.2-arm64-arm-64bit,2.5.2,42,cpu,opencv_yunet,landmark,insightface,spectral,dct,0.16,2026-09-02T04:14:05.967125+00:00
watermark_robustness,paul_burrell_0.png,jpeg_q50,jpeg_compression,{'quality': 50},False,0.5,0.78125,,False,False,35.8915,0.938584,32.6897,0.1.0,not-a-git-repository,3.12.10,macOS-26.6.2-arm64-arm-64bit,2.5.2,42,cpu,opencv_yunet,landmark,insightface,spectral,dct,0.16,2026-09-02T04:14:05.967125+00:00
watermark_robustness,paul_burrell_0.png,resize_75,resize,{'scale': 0.75},True,0.998047,1.0,68186ef2,True,False,35.8915,0.938584,36.2941,0.1.0,not-a-git-repository,3.12.10,macOS-26.6.2-arm64-arm-64bit,2.5.2,42,cpu,opencv_yunet,landmark,insightface,spectral,dct,0.16,2026-09-02T04:14:05.967125+00:00
watermark_robustness,paul_burrell_0.png,resize_50,resize,{'scale': 0.5},False,0.645616,0.9375,,False,False,35.8915,0.938584,31.2648,0.1.0,not-a-git-repository,3.12.10,macOS-26.6.2-arm64-arm-64bit,2.5.2,42,cpu,opencv_yunet,landmark,insightface,spectral,dct,0.16,2026-09-02T04:14:05.967125+00:00
watermark_robustness,paul_burrell_0.png,resize_25,resize,{'scale': 0.25},False,0.546875,0.5625,,False,False,35.8915,0.938584,25.5419,0.1.0,not-a-git-repository,3.12.10,macOS-26.6.2-arm64-arm-64bit,2.5.2,42,cpu,opencv_yunet,landmark,insightface,spectral,dct,0.16,2026-09-02T04:14:05.967125+00:00
watermark_robustness,paul_burrell_0.png,crop_10,crop,{'ratio': 0.1},True,1.0,0.5625,68186ef2,True,False,35.8915,0.938584,11.2236,0.1.0,not-a-git-repository,3.12.10,macOS-26.6.2-arm64-arm-64bit,2.5.2,42,cpu,opencv_yunet,landmark,insightface,spectral,dct,0.16,2026-09-02T04:14:05.967125+00:00
watermark_robustness,paul_burrell_0.png,crop_30,crop,{'ratio': 0.3},False,0.53125,0.515625,,False,False,35.8915,0.938584,9.734,0.1.0,not-a-git-repository,3.12.10,macOS-26.6.2-arm64-arm-64bit,2.5.2,42,cpu,opencv_yunet,landmark,insightface,spectral,dct,0.16,2026-09-02T04:14:05.967125+00:00
watermark_robustness,paul_burrell_0.png,rotate_5,rotation,{'degrees': 5},False,0.570312,0.4375,,False,False,35.8915,0.938584,13.3134,0.1.0,not-a-git-repository,3.12.10,macOS-26.6.2-arm64-arm-64bit,2.5.2,42,cpu,opencv_yunet,landmark,insightface,spectral,dct,0.16,2026-09-02T04:14:05.967125+00:00
watermark_robustness,paul_burrell_0.png,blur_1,blur,{'sigma': 1.0},True,0.977865,1.0,68186ef2,True,False,35.8915,0.938584,29.6838,0.1.0,not-a-git-repository,3.12.10,macOS-26.6.2-arm64-arm-64bit,2.5.2,42,cpu,opencv_yunet,landmark,insightface,spectral,dct,0.16,2026-09-02T04:14:05.967125+00:00
watermark_robustness,paul_burrell_0.png,noise_5,noise,{'sigma': 5.0},True,1.0,1.0,68186ef2,True,False,35.8915,0.938584,34.2586,0.1.0,not-a-git-repository,3.12.10,macOS-26.6.2-arm64-arm-64bit,2.5.2,42,cpu,opencv_yunet,landmark,insightface,spectral,dct,0.16,2026-09-02T04:14:05.967125+00:00
watermark_robustness,paul_burrell_0.png,brightness_up,brightness,{'factor': 1.2},True,0.965495,1.0,68186ef2,True,False,35.8915,0.938584,22.5255,0.1.0,not-a-git-repository,3.12.10,macOS-26.6.2-arm64-arm-64bit,2.5.2,42,cpu,opencv_yunet,landmark,insightface,spectral,dct,0.16,2026-09-02T04:14:05.967125+00:00
watermark_robustness,paul_burrell_0.png,contrast_down,contrast,{'factor': 0.8},True,1.0,1.0,68186ef2,True,False,35.8915,0.938584,24.8749,0.1.0,not-a-git-repository,3.12.10,macOS-26.6.2-arm64-arm-64bit,2.5.2,42,cpu,opencv_yunet,landmark,insightface,spectral,dct,0.16,2026-09-02T04:14:05.967125+00:00
watermark_robustness,paul_burrell_0.png,webp_q80,webp,{'quality': 80},True,0.984375,1.0,68186ef2,True,False,35.8915,0.938584,36.8733,0.1.0,not-a-git-repository,3.12.10,macOS-26.6.2-arm64-arm-64bit,2.5.2,42,cpu,opencv_yunet,landmark,insightface,spectral,dct,0.16,2026-09-02T04:14:05.967125+00:00
watermark_robustness,paul_burrell_0.png,screenshot,screenshot_simulation,"{'scale': 0.9, 'quality': 85}",True,0.990234,1.0,68186ef2,True,False,35.8915,0.938584,36.8032,0.1.0,not-a-git-repository,3.12.10,macOS-26.6.2-arm64-arm-64bit,2.5.2,42,cpu,opencv_yunet,landmark,insightface,spectral,dct,0.16,2026-09-02T04:14:05.967125+00:00
watermark_robustness,paul_burrell_1.png,jpeg_q90,jpeg_compression,{'quality': 90},True,1.0,1.0,4b2fe932,True,False,36.0652,0.922175,44.2754,0.1.0,not-a-git-repository,3.12.10,macOS-26.6.2-arm64-arm-64bit,2.5.2,42,cpu,opencv_yunet,landmark,insightface,spectral,dct,0.16,2026-09-02T04:14:05.967125+00:00
watermark_robustness,paul_burrell_1.png,jpeg_q70,jpeg_compression,{'quality': 70},True,0.964844,1.0,4b2fe932,True,False,36.0652,0.922175,37.7483,0.1.0,not-a-git-repository,3.12.10,macOS-26.6.2-arm64-arm-64bit,2.5.2,42,cpu,opencv_yunet,landmark,insightface,spectral,dct,0.16,2026-09-02T04:14:05.967125+00:00
watermark_robustness,paul_burrell_1.png,jpeg_q50,jpeg_compression,{'quality': 50},False,0.53125,0.46875,,False,False,36.0652,0.922175,34.5347,0.1.0,not-a-git-repository,3.12.10,macOS-26.6.2-arm64-arm-64bit,2.5.2,42,cpu,opencv_yunet,landmark,insightface,spectral,dct,0.16,2026-09-02T04:14:05.967125+00:00
watermark_robustness,paul_burrell_1.png,resize_75,resize,{'scale': 0.75},True,1.0,1.0,4b2fe932,True,False,36.0652,0.922175,38.8359,0.1.0,not-a-git-repository,3.12.10,macOS-26.6.2-arm64-arm-64bit,2.5.2,42,cpu,opencv_yunet,landmark,insightface,spectral,dct,0.16,2026-09-02T04:14:05.967125+00:00
watermark_robustness,paul_burrell_1.png,resize_50,resize,{'scale': 0.5},True,0.393229,0.984375,4b2fe932,True,False,36.0652,0.922175,33.6142,0.1.0,not-a-git-repository,3.12.10,macOS-26.6.2-arm64-arm-64bit,2.5.2,42,cpu,opencv_yunet,landmark,insightface,spectral,dct,0.16,2026-09-02T04:14:05.967125+00:00
watermark_robustness,paul_burrell_1.png,resize_25,resize,{'scale': 0.25},False,0.53125,0.453125,,False,False,36.0652,0.922175,28.0838,0.1.0,not-a-git-repository,3.12.10,macOS-26.6.2-arm64-arm-64bit,2.5.2,42,cpu,opencv_yunet,landmark,insightface,spectral,dct,0.16,2026-09-02T04:14:05.967125+00:00
watermark_robustness,paul_burrell_1.png,crop_10,crop,{'ratio': 0.1},True,1.0,0.546875,4b2fe932,True,False,36.0652,0.922175,11.9339,0.1.0,not-a-git-repository,3.12.10,macOS-26.6.2-arm64-arm-64bit,2.5.2,42,cpu,opencv_yunet,landmark,insightface,spectral,dct,0.16,2026-09-02T04:14:05.967125+00:00
watermark_robustness,paul_burrell_1.png,crop_30,crop,{'ratio': 0.3},False,0.53125,0.53125,,False,False,36.0652,0.922175,12.1131,0.1.0,not-a-git-repository,3.12.10,macOS-26.6.2-arm64-arm-64bit,2.5.2,42,cpu,opencv_yunet,landmark,insightface,spectral,dct,0.16,2026-09-02T04:14:05.967125+00:00
watermark_robustness,paul_burrell_1.png,rotate_5,rotation,{'degrees': 5},False,0.546875,0.59375,,False,False,36.0652,0.922175,14.6032,0.1.0,not-a-git-repository,3.12.10,macOS-26.6.2-arm64-arm-64bit,2.5.2,42,cpu,opencv_yunet,landmark,insightface,spectral,dct,0.16,2026-09-02T04:14:05.967125+00:00
watermark_robustness,paul_burrell_1.png,blur_1,blur,{'sigma': 1.0},True,1.0,1.0,4b2fe932,True,False,36.0652,0.922175,32.7405,0.1.0,not-a-git-repository,3.12.10,macOS-26.6.2-arm64-arm-64bit,2.5.2,42,cpu,opencv_yunet,landmark,insightface,spectral,dct,0.16,2026-09-02T04:14:05.967125+00:00
watermark_robustness,paul_burrell_1.png,noise_5,noise,{'sigma': 5.0},True,1.0,1.0,4b2fe932,True,False,36.0652,0.922175,34.215,0.1.0,not-a-git-repository,3.12.10,macOS-26.6.2-arm64-arm-64bit,2.5.2,42,cpu,opencv_yunet,landmark,insightface,spectral,dct,0.16,2026-09-02T04:14:05.967125+00:00
watermark_robustness,paul_burrell_1.png,brightness_up,brightness,{'factor': 1.2},True,0.98112,1.0,4b2fe932,True,False,36.0652,0.922175,20.1231,0.1.0,not-a-git-repository,3.12.10,macOS-26.6.2-arm64-arm-64bit,2.5.2,42,cpu,opencv_yunet,landmark,insightface,spectral,dct,0.16,2026-09-02T04:14:05.967125+00:00
watermark_robustness,paul_burrell_1.png,contrast_down,contrast,{'factor': 0.8},True,1.0,1.0,4b2fe932,True,False,36.0652,0.922175,26.8853,0.1.0,not-a-git-repository,3.12.10,macOS-26.6.2-arm64-arm-64bit,2.5.2,42,cpu,opencv_yunet,landmark,insightface,spectral,dct,0.16,2026-09-02T04:14:05.967125+00:00
watermark_robustness,paul_burrell_1.png,webp_q80,webp,{'quality': 80},True,0.974609,1.0,4b2fe932,True,False,36.0652,0.922175,37.5787,0.1.0,not-a-git-repository,3.12.10,macOS-26.6.2-arm64-arm-64bit,2.5.2,42,cpu,opencv_yunet,landmark,insightface,spectral,dct,0.16,2026-09-02T04:14:05.967125+00:00
watermark_robustness,paul_burrell_1.png,screenshot,screenshot_simulation,"{'scale': 0.9, 'quality': 85}",True,0.988281,1.0,4b2fe932,True,False,36.0652,0.922175,40.4858,0.1.0,not-a-git-repository,3.12.10,macOS-26.6.2-arm64-arm-64bit,2.5.2,42,cpu,opencv_yunet,landmark,insightface,spectral,dct,0.16,2026-09-02T04:14:05.967125+00:00
watermark_robustness,paul_burrell_2.png,jpeg_q90,jpeg_compression,{'quality': 90},True,1.0,1.0,44a1eac6,True,False,36.2612,0.929814,42.0346,0.1.0,not-a-git-repository,3.12.10,macOS-26.6.2-arm64-arm-64bit,2.5.2,42,cpu,opencv_yunet,landmark,insightface,spectral,dct,0.16,2026-09-02T04:14:05.967125+00:00
watermark_robustness,paul_burrell_2.png,jpeg_q70,jpeg_compression,{'quality': 70},True,0.915365,1.0,44a1eac6,True,False,36.2612,0.929814,36.3702,0.1.0,not-a-git-repository,3.12.10,macOS-26.6.2-arm64-arm-64bit,2.5.2,42,cpu,opencv_yunet,landmark,insightface,spectral,dct,0.16,2026-09-02T04:14:05.967125+00:00
watermark_robustness,paul_burrell_2.png,jpeg_q50,jpeg_compression,{'quality': 50},False,0.515625,0.609375,,False,False,36.2612,0.929814,33.4909,0.1.0,not-a-git-repository,3.12.10,macOS-26.6.2-arm64-arm-64bit,2.5.2,42,cpu,opencv_yunet,landmark,insightface,spectral,dct,0.16,2026-09-02T04:14:05.967125+00:00
watermark_robustness,paul_burrell_2.png,resize_75,resize,{'scale': 0.75},True,1.0,1.0,44a1eac6,True,False,36.2612,0.929814,38.8777,0.1.0,not-a-git-repository,3.12.10,macOS-26.6.2-arm64-arm-64bit,2.5.2,42,cpu,opencv_yunet,landmark,insightface,spectral,dct,0.16,2026-09-02T04:14:05.967125+00:00
watermark_robustness,paul_burrell_2.png,resize_50,resize,{'scale': 0.5},False,0.703559,0.921875,,False,False,36.2612,0.929814,33.0086,0.1.0,not-a-git-repository,3.12.10,macOS-26.6.2-arm64-arm-64bit,2.5.2,42,cpu,opencv_yunet,landmark,insightface,spectral,dct,0.16,2026-09-02T04:14:05.967125+00:00
watermark_robustness,paul_burrell_2.png,resize_25,resize,{'scale': 0.25},False,0.492188,0.5625,,False,False,36.2612,0.929814,26.8879,0.1.0,not-a-git-repository,3.12.10,macOS-26.6.2-arm64-arm-64bit,2.5.2,42,cpu,opencv_yunet,landmark,insightface,spectral,dct,0.16,2026-09-02T04:14:05.967125+00:00
watermark_robustness,paul_burrell_2.png,crop_10,crop,{'ratio': 0.1},True,1.0,0.546875,44a1eac6,True,False,36.2612,0.929814,11.1261,0.1.0,not-a-git-repository,3.12.10,macOS-26.6.2-arm64-arm-64bit,2.5.2,42,cpu,opencv_yunet,landmark,insightface,spectral,dct,0.16,2026-09-02T04:14:05.967125+00:00
watermark_robustness,paul_burrell_2.png,crop_30,crop,{'ratio': 0.3},False,0.507812,0.5,,False,False,36.2612,0.929814,9.0446,0.1.0,not-a-git-repository,3.12.10,macOS-26.6.2-arm64-arm-64bit,2.5.2,42,cpu,opencv_yunet,landmark,insightface,spectral,dct,0.16,2026-09-02T04:14:05.967125+00:00
watermark_robustness,paul_burrell_2.png,rotate_5,rotation,{'degrees': 5},False,0.515625,0.53125,,False,False,36.2612,0.929814,13.9955,0.1.0,not-a-git-repository,3.12.10,macOS-26.6.2-arm64-arm-64bit,2.5.2,42,cpu,opencv_yunet,landmark,insightface,spectral,dct,0.16,2026-09-02T04:14:05.967125+00:00
watermark_robustness,paul_burrell_2.png,blur_1,blur,{'sigma': 1.0},True,0.989583,1.0,44a1eac6,True,False,36.2612,0.929814,31.3334,0.1.0,not-a-git-repository,3.12.10,macOS-26.6.2-arm64-arm-64bit,2.5.2,42,cpu,opencv_yunet,landmark,insightface,spectral,dct,0.16,2026-09-02T04:14:05.967125+00:00
watermark_robustness,paul_burrell_2.png,noise_5,noise,{'sigma': 5.0},True,1.0,1.0,44a1eac6,True,False,36.2612,0.929814,34.4213,0.1.0,not-a-git-repository,3.12.10,macOS-26.6.2-arm64-arm-64bit,2.5.2,42,cpu,opencv_yunet,landmark,insightface,spectral,dct,0.16,2026-09-02T04:14:05.967125+00:00
watermark_robustness,paul_burrell_2.png,brightness_up,brightness,{'factor': 1.2},True,0.998047,1.0,44a1eac6,True,False,36.2612,0.929814,22.6544,0.1.0,not-a-git-repository,3.12.10,macOS-26.6.2-arm64-arm-64bit,2.5.2,42,cpu,opencv_yunet,landmark,insightface,spectral,dct,0.16,2026-09-02T04:14:05.967125+00:00
watermark_robustness,paul_burrell_2.png,contrast_down,contrast,{'factor': 0.8},True,1.0,1.0,44a1eac6,True,False,36.2612,0.929814,26.0051,0.1.0,not-a-git-repository,3.12.10,macOS-26.6.2-arm64-arm-64bit,2.5.2,42,cpu,opencv_yunet,landmark,insightface,spectral,dct,0.16,2026-09-02T04:14:05.967125+00:00
watermark_robustness,paul_burrell_2.png,webp_q80,webp,{'quality': 80},True,0.951823,1.0,44a1eac6,True,False,36.2612,0.929814,36.7454,0.1.0,not-a-git-repository,3.12.10,macOS-26.6.2-arm64-arm-64bit,2.5.2,42,cpu,opencv_yunet,landmark,insightface,spectral,dct,0.16,2026-09-02T04:14:05.967125+00:00
watermark_robustness,paul_burrell_2.png,screenshot,screenshot_simulation,"{'scale': 0.9, 'quality': 85}",True,0.949219,1.0,44a1eac6,True,False,36.2612,0.929814,38.946,0.1.0,not-a-git-repository,3.12.10,macOS-26.6.2-arm64-arm-64bit,2.5.2,42,cpu,opencv_yunet,landmark,insightface,spectral,dct,0.16,2026-09-02T04:14:05.967125+00:00
watermark_robustness,paul_burrell_3.png,jpeg_q90,jpeg_compression,{'quality': 90},True,1.0,1.0,5598e42a,True,False,36.224,0.891057,44.5549,0.1.0,not-a-git-repository,3.12.10,macOS-26.6.2-arm64-arm-64bit,2.5.2,42,cpu,opencv_yunet,landmark,insightface,spectral,dct,0.16,2026-09-02T04:14:05.967125+00:00
watermark_robustness,paul_burrell_3.png,jpeg_q70,jpeg_compression,{'quality': 70},True,0.899089,1.0,5598e42a,True,False,36.224,0.891057,38.0927,0.1.0,not-a-git-repository,3.12.10,macOS-26.6.2-arm64-arm-64bit,2.5.2,42,cpu,opencv_yunet,landmark,insightface,spectral,dct,0.16,2026-09-02T04:14:05.967125+00:00
watermark_robustness,paul_burrell_3.png,jpeg_q50,jpeg_compression,{'quality': 50},False,0.554688,0.421875,,False,False,36.224,0.891057,34.8761,0.1.0,not-a-git-repository,3.12.10,macOS-26.6.2-arm64-arm-64bit,2.5.2,42,cpu,opencv_yunet,landmark,insightface,spectral,dct,0.16,2026-09-02T04:14:05.967125+00:00
watermark_robustness,paul_burrell_3.png,resize_75,resize,{'scale': 0.75},True,1.0,1.0,5598e42a,True,False,36.224,0.891057,41.8727,0.1.0,not-a-git-repository,3.12.10,macOS-26.6.2-arm64-arm-64bit,2.5.2,42,cpu,opencv_yunet,landmark,insightface,spectral,dct,0.16,2026-09-02T04:14:05.967125+00:00
watermark_robustness,paul_burrell_3.png,resize_50,resize,{'scale': 0.5},False,0.8227,0.953125,,False,False,36.224,0.891057,35.7104,0.1.0,not-a-git-repository,3.12.10,macOS-26.6.2-arm64-arm-64bit,2.5.2,42,cpu,opencv_yunet,landmark,insightface,spectral,dct,0.16,2026-09-02T04:14:05.967125+00:00
watermark_robustness,paul_burrell_3.png,resize_25,resize,{'scale': 0.25},False,0.5625,0.34375,,False,False,36.224,0.891057,31.0524,0.1.0,not-a-git-repository,3.12.10,macOS-26.6.2-arm64-arm-64bit,2.5.2,42,cpu,opencv_yunet,landmark,insightface,spectral,dct,0.16,2026-09-02T04:14:05.967125+00:00
watermark_robustness,paul_burrell_3.png,crop_10,crop,{'ratio': 0.1},True,1.0,0.53125,5598e42a,True,False,36.224,0.891057,11.6436,0.1.0,not-a-git-repository,3.12.10,macOS-26.6.2-arm64-arm-64bit,2.5.2,42,cpu,opencv_yunet,landmark,insightface,spectral,dct,0.16,2026-09-02T04:14:05.967125+00:00
watermark_robustness,paul_burrell_3.png,crop_30,crop,{'ratio': 0.3},False,0.517361,0.4375,,False,False,36.224,0.891057,9.0311,0.1.0,not-a-git-repository,3.12.10,macOS-26.6.2-arm64-arm-64bit,2.5.2,42,cpu,opencv_yunet,landmark,insightface,spectral,dct,0.16,2026-09-02T04:14:05.967125+00:00
watermark_robustness,paul_burrell_3.png,rotate_5,rotation,{'degrees': 5},False,0.546875,0.59375,,False,False,36.224,0.891057,16.5232,0.1.0,not-a-git-repository,3.12.10,macOS-26.6.2-arm64-arm-64bit,2.5.2,42,cpu,opencv_yunet,landmark,insightface,spectral,dct,0.16,2026-09-02T04:14:05.967125+00:00
watermark_robustness,paul_burrell_3.png,blur_1,blur,{'sigma': 1.0},True,1.0,1.0,5598e42a,True,False,36.224,0.891057,34.7399,0.1.0,not-a-git-repository,3.12.10,macOS-26.6.2-arm64-arm-64bit,2.5.2,42,cpu,opencv_yunet,landmark,insightface,spectral,dct,0.16,2026-09-02T04:14:05.967125+00:00
watermark_robustness,paul_burrell_3.png,noise_5,noise,{'sigma': 5.0},True,1.0,1.0,5598e42a,True,False,36.224,0.891057,34.3532,0.1.0,not-a-git-repository,3.12.10,macOS-26.6.2-arm64-arm-64bit,2.5.2,42,cpu,opencv_yunet,landmark,insightface,spectral,dct,0.16,2026-09-02T04:14:05.967125+00:00
watermark_robustness,paul_burrell_3.png,brightness_up,brightness,{'factor': 1.2},True,0.997396,1.0,5598e42a,True,False,36.224,0.891057,19.6186,0.1.0,not-a-git-repository,3.12.10,macOS-26.6.2-arm64-arm-64bit,2.5.2,42,cpu,opencv_yunet,landmark,insightface,spectral,dct,0.16,2026-09-02T04:14:05.967125+00:00
watermark_robustness,paul_burrell_3.png,contrast_down,contrast,{'factor': 0.8},True,1.0,1.0,5598e42a,True,False,36.224,0.891057,25.3372,0.1.0,not-a-git-repository,3.12.10,macOS-26.6.2-arm64-arm-64bit,2.5.2,42,cpu,opencv_yunet,landmark,insightface,spectral,dct,0.16,2026-09-02T04:14:05.967125+00:00
watermark_robustness,paul_burrell_3.png,webp_q80,webp,{'quality': 80},True,0.899089,1.0,5598e42a,True,False,36.224,0.891057,37.4711,0.1.0,not-a-git-repository,3.12.10,macOS-26.6.2-arm64-arm-64bit,2.5.2,42,cpu,opencv_yunet,landmark,insightface,spectral,dct,0.16,2026-09-02T04:14:05.967125+00:00
watermark_robustness,paul_burrell_3.png,screenshot,screenshot_simulation,"{'scale': 0.9, 'quality': 85}",True,0.910156,1.0,5598e42a,True,False,36.224,0.891057,41.2375,0.1.0,not-a-git-repository,3.12.10,macOS-26.6.2-arm64-arm-64bit,2.5.2,42,cpu,opencv_yunet,landmark,insightface,spectral,dct,0.16,2026-09-02T04:14:05.967125+00:00
watermark_robustness,paul_burrell_4.png,jpeg_q90,jpeg_compression,{'quality': 90},True,1.0,1.0,3f790a7b,True,False,36.1471,0.95233,42.5986,0.1.0,not-a-git-repository,3.12.10,macOS-26.6.2-arm64-arm-64bit,2.5.2,42,cpu,opencv_yunet,landmark,insightface,spectral,dct,0.16,2026-09-02T04:14:05.967125+00:00
watermark_robustness,paul_burrell_4.png,jpeg_q70,jpeg_compression,{'quality': 70},True,0.933377,1.0,3f790a7b,True,False,36.1471,0.95233,36.8125,0.1.0,not-a-git-repository,3.12.10,macOS-26.6.2-arm64-arm-64bit,2.5.2,42,cpu,opencv_yunet,landmark,insightface,spectral,dct,0.16,2026-09-02T04:14:05.967125+00:00
watermark_robustness,paul_burrell_4.png,jpeg_q50,jpeg_compression,{'quality': 50},False,0.523438,0.6875,,False,False,36.1471,0.95233,33.7444,0.1.0,not-a-git-repository,3.12.10,macOS-26.6.2-arm64-arm-64bit,2.5.2,42,cpu,opencv_yunet,landmark,insightface,spectral,dct,0.16,2026-09-02T04:14:05.967125+00:00
watermark_robustness,paul_burrell_4.png,resize_75,resize,{'scale': 0.75},True,1.0,1.0,3f790a7b,True,False,36.1471,0.95233,34.7708,0.1.0,not-a-git-repository,3.12.10,macOS-26.6.2-arm64-arm-64bit,2.5.2,42,cpu,opencv_yunet,landmark,insightface,spectral,dct,0.16,2026-09-02T04:14:05.967125+00:00
watermark_robustness,paul_burrell_4.png,resize_50,resize,{'scale': 0.5},False,0.758464,0.90625,,False,False,36.1471,0.95233,30.2506,0.1.0,not-a-git-repository,3.12.10,macOS-26.6.2-arm64-arm-64bit,2.5.2,42,cpu,opencv_yunet,landmark,insightface,spectral,dct,0.16,2026-09-02T04:14:05.967125+00:00
watermark_robustness,paul_burrell_4.png,resize_25,resize,{'scale': 0.25},False,0.5625,0.4375,,False,False,36.1471,0.95233,25.7338,0.1.0,not-a-git-repository,3.12.10,macOS-26.6.2-arm64-arm-64bit,2.5.2,42,cpu,opencv_yunet,landmark,insightface,spectral,dct,0.16,2026-09-02T04:14:05.967125+00:00
watermark_robustness,paul_burrell_4.png,crop_10,crop,{'ratio': 0.1},True,1.0,0.59375,3f790a7b,True,False,36.1471,0.95233,9.7659,0.1.0,not-a-git-repository,3.12.10,macOS-26.6.2-arm64-arm-64bit,2.5.2,42,cpu,opencv_yunet,landmark,insightface,spectral,dct,0.16,2026-09-02T04:14:05.967125+00:00
watermark_robustness,paul_burrell_4.png,crop_30,crop,{'ratio': 0.3},False,0.53125,0.5,,False,False,36.1471,0.95233,9.0312,0.1.0,not-a-git-repository,3.12.10,macOS-26.6.2-arm64-arm-64bit,2.5.2,42,cpu,opencv_yunet,landmark,insightface,spectral,dct,0.16,2026-09-02T04:14:05.967125+00:00
watermark_robustness,paul_burrell_4.png,rotate_5,rotation,{'degrees': 5},False,0.554688,0.5,,False,False,36.1471,0.95233,12.5102,0.1.0,not-a-git-repository,3.12.10,macOS-26.6.2-arm64-arm-64bit,2.5.2,42,cpu,opencv_yunet,landmark,insightface,spectral,dct,0.16,2026-09-02T04:14:05.967125+00:00
watermark_robustness,paul_burrell_4.png,blur_1,blur,{'sigma': 1.0},True,0.994792,1.0,3f790a7b,True,False,36.1471,0.95233,30.4065,0.1.0,not-a-git-repository,3.12.10,macOS-26.6.2-arm64-arm-64bit,2.5.2,42,cpu,opencv_yunet,landmark,insightface,spectral,dct,0.16,2026-09-02T04:14:05.967125+00:00
watermark_robustness,paul_burrell_4.png,noise_5,noise,{'sigma': 5.0},True,1.0,1.0,3f790a7b,True,False,36.1471,0.95233,34.3315,0.1.0,not-a-git-repository,3.12.10,macOS-26.6.2-arm64-arm-64bit,2.5.2,42,cpu,opencv_yunet,landmark,insightface,spectral,dct,0.16,2026-09-02T04:14:05.967125+00:00
watermark_robustness,paul_burrell_4.png,brightness_up,brightness,{'factor': 1.2},True,0.970052,1.0,3f790a7b,True,False,36.1471,0.95233,20.5976,0.1.0,not-a-git-repository,3.12.10,macOS-26.6.2-arm64-arm-64bit,2.5.2,42,cpu,opencv_yunet,landmark,insightface,spectral,dct,0.16,2026-09-02T04:14:05.967125+00:00
watermark_robustness,paul_burrell_4.png,contrast_down,contrast,{'factor': 0.8},True,1.0,1.0,3f790a7b,True,False,36.1471,0.95233,24.9311,0.1.0,not-a-git-repository,3.12.10,macOS-26.6.2-arm64-arm-64bit,2.5.2,42,cpu,opencv_yunet,landmark,insightface,spectral,dct,0.16,2026-09-02T04:14:05.967125+00:00
watermark_robustness,paul_burrell_4.png,webp_q80,webp,{'quality': 80},True,0.973958,1.0,3f790a7b,True,False,36.1471,0.95233,36.8201,0.1.0,not-a-git-repository,3.12.10,macOS-26.6.2-arm64-arm-64bit,2.5.2,42,cpu,opencv_yunet,landmark,insightface,spectral,dct,0.16,2026-09-02T04:14:05.967125+00:00
watermark_robustness,paul_burrell_4.png,screenshot,screenshot_simulation,"{'scale': 0.9, 'quality': 85}",True,0.988281,1.0,3f790a7b,True,False,36.1471,0.95233,38.8119,0.1.0,not-a-git-repository,3.12.10,macOS-26.6.2-arm64-arm-64bit,2.5.2,42,cpu,opencv_yunet,landmark,insightface,spectral,dct,0.16,2026-09-02T04:14:05.967125+00:00
watermark_robustness,paul_burrell_5.png,jpeg_q90,jpeg_compression,{'quality': 90},True,1.0,1.0,0fabb93d,True,False,36.1331,0.899532,44.3748,0.1.0,not-a-git-repository,3.12.10,macOS-26.6.2-arm64-arm-64bit,2.5.2,42,cpu,opencv_yunet,landmark,insightface,spectral,dct,0.16,2026-09-02T04:14:05.967125+00:00
watermark_robustness,paul_burrell_5.png,jpeg_q70,jpeg_compression,{'quality': 70},True,0.973307,1.0,0fabb93d,True,False,36.1331,0.899532,38.1404,0.1.0,not-a-git-repository,3.12.10,macOS-26.6.2-arm64-arm-64bit,2.5.2,42,cpu,opencv_yunet,landmark,insightface,spectral,dct,0.16,2026-09-02T04:14:05.967125+00:00
watermark_robustness,paul_burrell_5.png,jpeg_q50,jpeg_compression,{'quality': 50},False,0.523438,0.453125,,False,False,36.1331,0.899532,34.8109,0.1.0,not-a-git-repository,3.12.10,macOS-26.6.2-arm64-arm-64bit,2.5.2,42,cpu,opencv_yunet,landmark,insightface,spectral,dct,0.16,2026-09-02T04:14:05.967125+00:00
watermark_robustness,paul_burrell_5.png,resize_75,resize,{'scale': 0.75},True,1.0,1.0,0fabb93d,True,False,36.1331,0.899532,43.234,0.1.0,not-a-git-repository,3.12.10,macOS-26.6.2-arm64-arm-64bit,2.5.2,42,cpu,opencv_yunet,landmark,insightface,spectral,dct,0.16,2026-09-02T04:14:05.967125+00:00
watermark_robustness,paul_burrell_5.png,resize_50,resize,{'scale': 0.5},False,0.854167,0.9375,,False,False,36.1331,0.899532,36.8599,0.1.0,not-a-git-repository,3.12.10,macOS-26.6.2-arm64-arm-64bit,2.5.2,42,cpu,opencv_yunet,landmark,insightface,spectral,dct,0.16,2026-09-02T04:14:05.967125+00:00
watermark_robustness,paul_burrell_5.png,resize_25,resize,{'scale': 0.25},False,0.59375,0.453125,,False,False,36.1331,0.899532,32.9855,0.1.0,not-a-git-repository,3.12.10,macOS-26.6.2-arm64-arm-64bit,2.5.2,42,cpu,opencv_yunet,landmark,insightface,spectral,dct,0.16,2026-09-02T04:14:05.967125+00:00
watermark_robustness,paul_burrell_5.png,crop_10,crop,{'ratio': 0.1},True,1.0,0.609375,0fabb93d,True,False,36.1331,0.899532,13.1349,0.1.0,not-a-git-repository,3.12.10,macOS-26.6.2-arm64-arm-64bit,2.5.2,42,cpu,opencv_yunet,landmark,insightface,spectral,dct,0.16,2026-09-02T04:14:05.967125+00:00
watermark_robustness,paul_burrell_5.png,crop_30,crop,{'ratio': 0.3},False,0.523438,0.546875,,False,False,36.1331,0.899532,7.1326,0.1.0,not-a-git-repository,3.12.10,macOS-26.6.2-arm64-arm-64bit,2.5.2,42,cpu,opencv_yunet,landmark,insightface,spectral,dct,0.16,2026-09-02T04:14:05.967125+00:00
watermark_robustness,paul_burrell_5.png,rotate_5,rotation,{'degrees': 5},False,0.5625,0.421875,,False,False,36.1331,0.899532,17.3276,0.1.0,not-a-git-repository,3.12.10,macOS-26.6.2-arm64-arm-64bit,2.5.2,42,cpu,opencv_yunet,landmark,insightface,spectral,dct,0.16,2026-09-02T04:14:05.967125+00:00
watermark_robustness,paul_burrell_5.png,blur_1,blur,{'sigma': 1.0},True,1.0,1.0,0fabb93d,True,False,36.1331,0.899532,36.4208,0.1.0,not-a-git-repository,3.12.10,macOS-26.6.2-arm64-arm-64bit,2.5.2,42,cpu,opencv_yunet,landmark,insightface,spectral,dct,0.16,2026-09-02T04:14:05.967125+00:00
watermark_robustness,paul_burrell_5.png,noise_5,noise,{'sigma': 5.0},True,1.0,1.0,0fabb93d,True,False,36.1331,0.899532,34.3266,0.1.0,not-a-git-repository,3.12.10,macOS-26.6.2-arm64-arm-64bit,2.5.2,42,cpu,opencv_yunet,landmark,insightface,spectral,dct,0.16,2026-09-02T04:14:05.967125+00:00
watermark_robustness,paul_burrell_5.png,brightness_up,brightness,{'factor': 1.2},True,0.994141,1.0,0fabb93d,True,False,36.1331,0.899532,23.1674,0.1.0,not-a-git-repository,3.12.10,macOS-26.6.2-arm64-arm-64bit,2.5.2,42,cpu,opencv_yunet,landmark,insightface,spectral,dct,0.16,2026-09-02T04:14:05.967125+00:00
watermark_robustness,paul_burrell_5.png,contrast_down,contrast,{'factor': 0.8},True,1.0,1.0,0fabb93d,True,False,36.1331,0.899532,25.3816,0.1.0,not-a-git-repository,3.12.10,macOS-26.6.2-arm64-arm-64bit,2.5.2,42,cpu,opencv_yunet,landmark,insightface,spectral,dct,0.16,2026-09-02T04:14:05.967125+00:00
watermark_robustness,paul_burrell_5.png,webp_q80,webp,{'quality': 80},True,0.990234,1.0,0fabb93d,True,False,36.1331,0.899532,37.3513,0.1.0,not-a-git-repository,3.12.10,macOS-26.6.2-arm64-arm-64bit,2.5.2,42,cpu,opencv_yunet,landmark,insightface,spectral,dct,0.16,2026-09-02T04:14:05.967125+00:00
watermark_robustness,paul_burrell_5.png,screenshot,screenshot_simulation,"{'scale': 0.9, 'quality': 85}",True,0.994141,1.0,0fabb93d,True,False,36.1331,0.899532,42.2016,0.1.0,not-a-git-repository,3.12.10,macOS-26.6.2-arm64-arm-64bit,2.5.2,42,cpu,opencv_yunet,landmark,insightface,spectral,dct,0.16,2026-09-02T04:14:05.967125+00:00
watermark_robustness,paul_burrell_6.png,jpeg_q90,jpeg_compression,{'quality': 90},True,1.0,1.0,cc433ba1,True,False,36.016,0.92896,42.3834,0.1.0,not-a-git-repository,3.12.10,macOS-26.6.2-arm64-arm-64bit,2.5.2,42,cpu,opencv_yunet,landmark,insightface,spectral,dct,0.16,2026-09-02T04:14:05.967125+00:00
watermark_robustness,paul_burrell_6.png,jpeg_q70,jpeg_compression,{'quality': 70},True,0.990234,1.0,cc433ba1,True,False,36.016,0.92896,36.5901,0.1.0,not-a-git-repository,3.12.10,macOS-26.6.2-arm64-arm-64bit,2.5.2,42,cpu,opencv_yunet,landmark,insightface,spectral,dct,0.16,2026-09-02T04:14:05.967125+00:00
watermark_robustness,paul_burrell_6.png,jpeg_q50,jpeg_compression,{'quality': 50},False,0.53125,0.578125,,False,False,36.016,0.92896,33.4801,0.1.0,not-a-git-repository,3.12.10,macOS-26.6.2-arm64-arm-64bit,2.5.2,42,cpu,opencv_yunet,landmark,insightface,spectral,dct,0.16,2026-09-02T04:14:05.967125+00:00
watermark_robustness,paul_burrell_6.png,resize_75,resize,{'scale': 0.75},True,1.0,1.0,cc433ba1,True,False,36.016,0.92896,37.3181,0.1.0,not-a-git-repository,3.12.10,macOS-26.6.2-arm64-arm-64bit,2.5.2,42,cpu,opencv_yunet,landmark,insightface,spectral,dct,0.16,2026-09-02T04:14:05.967125+00:00
watermark_robustness,paul_burrell_6.png,resize_50,resize,{'scale': 0.5},False,0.815104,0.9375,,False,False,36.016,0.92896,32.8701,0.1.0,not-a-git-repository,3.12.10,macOS-26.6.2-arm64-arm-64bit,2.5.2,42,cpu,opencv_yunet,landmark,insightface,spectral,dct,0.16,2026-09-02T04:14:05.967125+00:00
watermark_robustness,paul_burrell_6.png,resize_25,resize,{'scale': 0.25},False,0.554688,0.625,,False,False,36.016,0.92896,28.0041,0.1.0,not-a-git-repository,3.12.10,macOS-26.6.2-arm64-arm-64bit,2.5.2,42,cpu,opencv_yunet,landmark,insightface,spectral,dct,0.16,2026-09-02T04:14:05.967125+00:00
watermark_robustness,paul_burrell_6.png,crop_10,crop,{'ratio': 0.1},True,1.0,0.40625,cc433ba1,True,False,36.016,0.92896,11.7629,0.1.0,not-a-git-repository,3.12.10,macOS-26.6.2-arm64-arm-64bit,2.5.2,42,cpu,opencv_yunet,landmark,insightface,spectral,dct,0.16,2026-09-02T04:14:05.967125+00:00
watermark_robustness,paul_burrell_6.png,crop_30,crop,{'ratio': 0.3},False,0.53125,0.546875,,False,False,36.016,0.92896,8.5462,0.1.0,not-a-git-repository,3.12.10,macOS-26.6.2-arm64-arm-64bit,2.5.2,42,cpu,opencv_yunet,landmark,insightface,spectral,dct,0.16,2026-09-02T04:14:05.967125+00:00
watermark_robustness,paul_burrell_6.png,rotate_5,rotation,{'degrees': 5},False,0.539062,0.546875,,False,False,36.016,0.92896,14.6446,0.1.0,not-a-git-repository,3.12.10,macOS-26.6.2-arm64-arm-64bit,2.5.2,42,cpu,opencv_yunet,landmark,insightface,spectral,dct,0.16,2026-09-02T04:14:05.967125+00:00
watermark_robustness,paul_burrell_6.png,blur_1,blur,{'sigma': 1.0},True,0.998047,1.0,cc433ba1,True,False,36.016,0.92896,31.9853,0.1.0,not-a-git-repository,3.12.10,macOS-26.6.2-arm64-arm-64bit,2.5.2,42,cpu,opencv_yunet,landmark,insightface,spectral,dct,0.16,2026-09-02T04:14:05.967125+00:00
watermark_robustness,paul_burrell_6.png,noise_5,noise,{'sigma': 5.0},True,1.0,1.0,cc433ba1,True,False,36.016,0.92896,34.2706,0.1.0,not-a-git-repository,3.12.10,macOS-26.6.2-arm64-arm-64bit,2.5.2,42,cpu,opencv_yunet,landmark,insightface,spectral,dct,0.16,2026-09-02T04:14:05.967125+00:00
watermark_robustness,paul_burrell_6.png,brightness_up,brightness,{'factor': 1.2},True,0.99349,1.0,cc433ba1,True,False,36.016,0.92896,21.948,0.1.0,not-a-git-repository,3.12.10,macOS-26.6.2-arm64-arm-64bit,2.5.2,42,cpu,opencv_yunet,landmark,insightface,spectral,dct,0.16,2026-09-02T04:14:05.967125+00:00
watermark_robustness,paul_burrell_6.png,contrast_down,contrast,{'factor': 0.8},True,1.0,1.0,cc433ba1,True,False,36.016,0.92896,25.0209,0.1.0,not-a-git-repository,3.12.10,macOS-26.6.2-arm64-arm-64bit,2.5.2,42,cpu,opencv_yunet,landmark,insightface,spectral,dct,0.16,2026-09-02T04:14:05.967125+00:00
watermark_robustness,paul_burrell_6.png,webp_q80,webp,{'quality': 80},True,0.996094,1.0,cc433ba1,True,False,36.016,0.92896,36.6794,0.1.0,not-a-git-repository,3.12.10,macOS-26.6.2-arm64-arm-64bit,2.5.2,42,cpu,opencv_yunet,landmark,insightface,spectral,dct,0.16,2026-09-02T04:14:05.967125+00:00
watermark_robustness,paul_burrell_6.png,screenshot,screenshot_simulation,"{'scale': 0.9, 'quality': 85}",True,0.998047,1.0,cc433ba1,True,False,36.016,0.92896,38.2329,0.1.0,not-a-git-repository,3.12.10,macOS-26.6.2-arm64-arm-64bit,2.5.2,42,cpu,opencv_yunet,landmark,insightface,spectral,dct,0.16,2026-09-02T04:14:05.967125+00:00
watermark_robustness,paul_burrell_7.png,jpeg_q90,jpeg_compression,{'quality': 90},True,0.998047,1.0,95681e22,True,False,36.2055,0.904413,44.2961,0.1.0,not-a-git-repository,3.12.10,macOS-26.6.2-arm64-arm-64bit,2.5.2,42,cpu,opencv_yunet,landmark,insightface,spectral,dct,0.16,2026-09-02T04:14:05.967125+00:00
watermark_robustness,paul_burrell_7.png,jpeg_q70,jpeg_compression,{'quality': 70},True,0.911458,1.0,95681e22,True,False,36.2055,0.904413,37.8644,0.1.0,not-a-git-repository,3.12.10,macOS-26.6.2-arm64-arm-64bit,2.5.2,42,cpu,opencv_yunet,landmark,insightface,spectral,dct,0.16,2026-09-02T04:14:05.967125+00:00
watermark_robustness,paul_burrell_7.png,jpeg_q50,jpeg_compression,{'quality': 50},False,0.539062,0.453125,,False,False,36.2055,0.904413,34.7198,0.1.0,not-a-git-repository,3.12.10,macOS-26.6.2-arm64-arm-64bit,2.5.2,42,cpu,opencv_yunet,landmark,insightface,spectral,dct,0.16,2026-09-02T04:14:05.967125+00:00
watermark_robustness,paul_burrell_7.png,resize_75,resize,{'scale': 0.75},True,1.0,1.0,95681e22,True,False,36.2055,0.904413,40.4054,0.1.0,not-a-git-repository,3.12.10,macOS-26.6.2-arm64-arm-64bit,2.5.2,42,cpu,opencv_yunet,landmark,insightface,spectral,dct,0.16,2026-09-02T04:14:05.967125+00:00
watermark_robustness,paul_burrell_7.png,resize_50,resize,{'scale': 0.5},False,0.858073,0.96875,,False,False,36.2055,0.904413,35.1763,0.1.0,not-a-git-repository,3.12.10,macOS-26.6.2-arm64-arm-64bit,2.5.2,42,cpu,opencv_yunet,landmark,insightface,spectral,dct,0.16,2026-09-02T04:14:05.967125+00:00
watermark_robustness,paul_burrell_7.png,resize_25,resize,{'scale': 0.25},False,0.546875,0.515625,,False,False,36.2055,0.904413,31.0014,0.1.0,not-a-git-repository,3.12.10,macOS-26.6.2-arm64-arm-64bit,2.5.2,42,cpu,opencv_yunet,landmark,insightface,spectral,dct,0.16,2026-09-02T04:14:05.967125+00:00
watermark_robustness,paul_burrell_7.png,crop_10,crop,{'ratio': 0.1},True,1.0,0.515625,95681e22,True,False,36.2055,0.904413,13.5932,0.1.0,not-a-git-repository,3.12.10,macOS-26.6.2-arm64-arm-64bit,2.5.2,42,cpu,opencv_yunet,landmark,insightface,spectral,dct,0.16,2026-09-02T04:14:05.967125+00:00
watermark_robustness,paul_burrell_7.png,crop_30,crop,{'ratio': 0.3},False,0.578125,0.484375,,False,False,36.2055,0.904413,10.8285,0.1.0,not-a-git-repository,3.12.10,macOS-26.6.2-arm64-arm-64bit,2.5.2,42,cpu,opencv_yunet,landmark,insightface,spectral,dct,0.16,2026-09-02T04:14:05.967125+00:00
watermark_robustness,paul_burrell_7.png,rotate_5,rotation,{'degrees': 5},False,0.570312,0.46875,,False,False,36.2055,0.904413,17.8805,0.1.0,not-a-git-repository,3.12.10,macOS-26.6.2-arm64-arm-64bit,2.5.2,42,cpu,opencv_yunet,landmark,insightface,spectral,dct,0.16,2026-09-02T04:14:05.967125+00:00
watermark_robustness,paul_burrell_7.png,blur_1,blur,{'sigma': 1.0},True,1.0,1.0,95681e22,True,False,36.2055,0.904413,34.6085,0.1.0,not-a-git-repository,3.12.10,macOS-26.6.2-arm64-arm-64bit,2.5.2,42,cpu,opencv_yunet,landmark,insightface,spectral,dct,0.16,2026-09-02T04:14:05.967125+00:00
watermark_robustness,paul_burrell_7.png,noise_5,noise,{'sigma': 5.0},True,0.998047,1.0,95681e22,True,False,36.2055,0.904413,34.3328,0.1.0,not-a-git-repository,3.12.10,macOS-26.6.2-arm64-arm-64bit,2.5.2,42,cpu,opencv_yunet,landmark,insightface,spectral,dct,0.16,2026-09-02T04:14:05.967125+00:00
watermark_robustness,paul_burrell_7.png,brightness_up,brightness,{'factor': 1.2},True,0.996094,1.0,95681e22,True,False,36.2055,0.904413,22.3421,0.1.0,not-a-git-repository,3.12.10,macOS-26.6.2-arm64-arm-64bit,2.5.2,42,cpu,opencv_yunet,landmark,insightface,spectral,dct,0.16,2026-09-02T04:14:05.967125+00:00
watermark_robustness,paul_burrell_7.png,contrast_down,contrast,{'factor': 0.8},True,1.0,1.0,95681e22,True,False,36.2055,0.904413,26.9698,0.1.0,not-a-git-repository,3.12.10,macOS-26.6.2-arm64-arm-64bit,2.5.2,42,cpu,opencv_yunet,landmark,insightface,spectral,dct,0.16,2026-09-02T04:14:05.967125+00:00
watermark_robustness,paul_burrell_7.png,webp_q80,webp,{'quality': 80},True,0.930339,1.0,95681e22,True,False,36.2055,0.904413,37.3104,0.1.0,not-a-git-repository,3.12.10,macOS-26.6.2-arm64-arm-64bit,2.5.2,42,cpu,opencv_yunet,landmark,insightface,spectral,dct,0.16,2026-09-02T04:14:05.967125+00:00
watermark_robustness,paul_burrell_7.png,screenshot,screenshot_simulation,"{'scale': 0.9, 'quality': 85}",True,0.941406,1.0,95681e22,True,False,36.2055,0.904413,40.8432,0.1.0,not-a-git-repository,3.12.10,macOS-26.6.2-arm64-arm-64bit,2.5.2,42,cpu,opencv_yunet,landmark,insightface,spectral,dct,0.16,2026-09-02T04:14:05.967125+00:00
watermark_robustness,rick_carlisle_0.png,jpeg_q90,jpeg_compression,{'quality': 90},True,1.0,1.0,be8322b4,True,False,35.9846,0.915117,43.8083,0.1.0,not-a-git-repository,3.12.10,macOS-26.6.2-arm64-arm-64bit,2.5.2,42,cpu,opencv_yunet,landmark,insightface,spectral,dct,0.16,2026-09-02T04:14:05.967125+00:00
watermark_robustness,rick_carlisle_0.png,jpeg_q70,jpeg_compression,{'quality': 70},True,0.985026,1.0,be8322b4,True,False,35.9846,0.915117,37.6174,0.1.0,not-a-git-repository,3.12.10,macOS-26.6.2-arm64-arm-64bit,2.5.2,42,cpu,opencv_yunet,landmark,insightface,spectral,dct,0.16,2026-09-02T04:14:05.967125+00:00
watermark_robustness,rick_carlisle_0.png,jpeg_q50,jpeg_compression,{'quality': 50},False,0.523438,0.546875,,False,False,35.9846,0.915117,34.3333,0.1.0,not-a-git-repository,3.12.10,macOS-26.6.2-arm64-arm-64bit,2.5.2,42,cpu,opencv_yunet,landmark,insightface,spectral,dct,0.16,2026-09-02T04:14:05.967125+00:00
watermark_robustness,rick_carlisle_0.png,resize_75,resize,{'scale': 0.75},True,1.0,1.0,be8322b4,True,False,35.9846,0.915117,41.1363,0.1.0,not-a-git-repository,3.12.10,macOS-26.6.2-arm64-arm-64bit,2.5.2,42,cpu,opencv_yunet,landmark,insightface,spectral,dct,0.16,2026-09-02T04:14:05.967125+00:00
watermark_robustness,rick_carlisle_0.png,resize_50,resize,{'scale': 0.5},True,0.160156,0.9375,be8322b4,True,False,35.9846,0.915117,35.2886,0.1.0,not-a-git-repository,3.12.10,macOS-26.6.2-arm64-arm-64bit,2.5.2,42,cpu,opencv_yunet,landmark,insightface,spectral,dct,0.16,2026-09-02T04:14:05.967125+00:00
watermark_robustness,rick_carlisle_0.png,resize_25,resize,{'scale': 0.25},False,0.546875,0.515625,,False,False,35.9846,0.915117,30.6395,0.1.0,not-a-git-repository,3.12.10,macOS-26.6.2-arm64-arm-64bit,2.5.2,42,cpu,opencv_yunet,landmark,insightface,spectral,dct,0.16,2026-09-02T04:14:05.967125+00:00
watermark_robustness,rick_carlisle_0.png,crop_10,crop,{'ratio': 0.1},True,1.0,0.515625,be8322b4,True,False,35.9846,0.915117,12.4502,0.1.0,not-a-git-repository,3.12.10,macOS-26.6.2-arm64-arm-64bit,2.5.2,42,cpu,opencv_yunet,landmark,insightface,spectral,dct,0.16,2026-09-02T04:14:05.967125+00:00
watermark_robustness,rick_carlisle_0.png,crop_30,crop,{'ratio': 0.3},False,0.53125,0.515625,,False,False,35.9846,0.915117,9.3188,0.1.0,not-a-git-repository,3.12.10,macOS-26.6.2-arm64-arm-64bit,2.5.2,42,cpu,opencv_yunet,landmark,insightface,spectral,dct,0.16,2026-09-02T04:14:05.967125+00:00
watermark_robustness,rick_carlisle_0.png,rotate_5,rotation,{'degrees': 5},False,0.523438,0.53125,,False,False,35.9846,0.915117,16.4132,0.1.0,not-a-git-repository,3.12.10,macOS-26.6.2-arm64-arm-64bit,2.5.2,42,cpu,opencv_yunet,landmark,insightface,spectral,dct,0.16,2026-09-02T04:14:05.967125+00:00
watermark_robustness,rick_carlisle_0.png,blur_1,blur,{'sigma': 1.0},True,1.0,1.0,be8322b4,True,False,35.9846,0.915117,34.5044,0.1.0,not-a-git-repository,3.12.10,macOS-26.6.2-arm64-arm-64bit,2.5.2,42,cpu,opencv_yunet,landmark,insightface,spectral,dct,0.16,2026-09-02T04:14:05.967125+00:00
watermark_robustness,rick_carlisle_0.png,noise_5,noise,{'sigma': 5.0},True,1.0,1.0,be8322b4,True,False,35.9846,0.915117,34.1847,0.1.0,not-a-git-repository,3.12.10,macOS-26.6.2-arm64-arm-64bit,2.5.2,42,cpu,opencv_yunet,landmark,insightface,spectral,dct,0.16,2026-09-02T04:14:05.967125+00:00
watermark_robustness,rick_carlisle_0.png,brightness_up,brightness,{'factor': 1.2},True,0.990234,1.0,be8322b4,True,False,35.9846,0.915117,21.828,0.1.0,not-a-git-repository,3.12.10,macOS-26.6.2-arm64-arm-64bit,2.5.2,42,cpu,opencv_yunet,landmark,insightface,spectral,dct,0.16,2026-09-02T04:14:05.967125+00:00
watermark_robustness,rick_carlisle_0.png,contrast_down,contrast,{'factor': 0.8},True,1.0,1.0,be8322b4,True,False,35.9846,0.915117,26.2529,0.1.0,not-a-git-repository,3.12.10,macOS-26.6.2-arm64-arm-64bit,2.5.2,42,cpu,opencv_yunet,landmark,insightface,spectral,dct,0.16,2026-09-02T04:14:05.967125+00:00
watermark_robustness,rick_carlisle_0.png,webp_q80,webp,{'quality': 80},True,0.998047,1.0,be8322b4,True,False,35.9846,0.915117,37.1276,0.1.0,not-a-git-repository,3.12.10,macOS-26.6.2-arm64-arm-64bit,2.5.2,42,cpu,opencv_yunet,landmark,insightface,spectral,dct,0.16,2026-09-02T04:14:05.967125+00:00
watermark_robustness,rick_carlisle_0.png,screenshot,screenshot_simulation,"{'scale': 0.9, 'quality': 85}",True,1.0,1.0,be8322b4,True,False,35.9846,0.915117,41.2391,0.1.0,not-a-git-repository,3.12.10,macOS-26.6.2-arm64-arm-64bit,2.5.2,42,cpu,opencv_yunet,landmark,insightface,spectral,dct,0.16,2026-09-02T04:14:05.967125+00:00
watermark_robustness,rick_carlisle_1.png,jpeg_q90,jpeg_compression,{'quality': 90},True,1.0,1.0,2e3be1de,True,False,35.9796,0.903601,44.7034,0.1.0,not-a-git-repository,3.12.10,macOS-26.6.2-arm64-arm-64bit,2.5.2,42,cpu,opencv_yunet,landmark,insightface,spectral,dct,0.16,2026-09-02T04:14:05.967125+00:00
watermark_robustness,rick_carlisle_1.png,jpeg_q70,jpeg_compression,{'quality': 70},True,0.997396,1.0,2e3be1de,True,False,35.9796,0.903601,38.1043,0.1.0,not-a-git-repository,3.12.10,macOS-26.6.2-arm64-arm-64bit,2.5.2,42,cpu,opencv_yunet,landmark,insightface,spectral,dct,0.16,2026-09-02T04:14:05.967125+00:00
watermark_robustness,rick_carlisle_1.png,jpeg_q50,jpeg_compression,{'quality': 50},False,0.546875,0.46875,,False,False,35.9796,0.903601,34.747,0.1.0,not-a-git-repository,3.12.10,macOS-26.6.2-arm64-arm-64bit,2.5.2,42,cpu,opencv_yunet,landmark,insightface,spectral,dct,0.16,2026-09-02T04:14:05.967125+00:00
watermark_robustness,rick_carlisle_1.png,resize_75,resize,{'scale': 0.75},True,1.0,1.0,2e3be1de,True,False,35.9796,0.903601,42.9558,0.1.0,not-a-git-repository,3.12.10,macOS-26.6.2-arm64-arm-64bit,2.5.2,42,cpu,opencv_yunet,landmark,insightface,spectral,dct,0.16,2026-09-02T04:14:05.967125+00:00
watermark_robustness,rick_carlisle_1.png,resize_50,resize,{'scale': 0.5},True,0.78776,1.0,2e3be1de,True,False,35.9796,0.903601,36.4328,0.1.0,not-a-git-repository,3.12.10,macOS-26.6.2-arm64-arm-64bit,2.5.2,42,cpu,opencv_yunet,landmark,insightface,spectral,dct,0.16,2026-09-02T04:14:05.967125+00:00
watermark_robustness,rick_carlisle_1.png,resize_25,resize,{'scale': 0.25},False,0.5625,0.546875,,False,False,35.9796,0.903601,32.1721,0.1.0,not-a-git-repository,3.12.10,macOS-26.6.2-arm64-arm-64bit,2.5.2,42,cpu,opencv_yunet,landmark,insightface,spectral,dct,0.16,2026-09-02T04:14:05.967125+00:00
watermark_robustness,rick_carlisle_1.png,crop_10,crop,{'ratio': 0.1},True,1.0,0.5625,2e3be1de,True,False,35.9796,0.903601,14.4714,0.1.0,not-a-git-repository,3.12.10,macOS-26.6.2-arm64-arm-64bit,2.5.2,42,cpu,opencv_yunet,landmark,insightface,spectral,dct,0.16,2026-09-02T04:14:05.967125+00:00
watermark_robustness,rick_carlisle_1.png,crop_30,crop,{'ratio': 0.3},False,0.570312,0.421875,,False,False,35.9796,0.903601,10.4202,0.1.0,not-a-git-repository,3.12.10,macOS-26.6.2-arm64-arm-64bit,2.5.2,42,cpu,opencv_yunet,landmark,insightface,spectral,dct,0.16,2026-09-02T04:14:05.967125+00:00
watermark_robustness,rick_carlisle_1.png,rotate_5,rotation,{'degrees': 5},False,0.484375,0.53125,,False,False,35.9796,0.903601,17.7472,0.1.0,not-a-git-repository,3.12.10,macOS-26.6.2-arm64-arm-64bit,2.5.2,42,cpu,opencv_yunet,landmark,insightface,spectral,dct,0.16,2026-09-02T04:14:05.967125+00:00
watermark_robustness,rick_carlisle_1.png,blur_1,blur,{'sigma': 1.0},True,1.0,1.0,2e3be1de,True,False,35.9796,0.903601,35.6851,0.1.0,not-a-git-repository,3.12.10,macOS-26.6.2-arm64-arm-64bit,2.5.2,42,cpu,opencv_yunet,landmark,insightface,spectral,dct,0.16,2026-09-02T04:14:05.967125+00:00
watermark_robustness,rick_carlisle_1.png,noise_5,noise,{'sigma': 5.0},True,1.0,1.0,2e3be1de,True,False,35.9796,0.903601,34.1142,0.1.0,not-a-git-repository,3.12.10,macOS-26.6.2-arm64-arm-64bit,2.5.2,42,cpu,opencv_yunet,landmark,insightface,spectral,dct,0.16,2026-09-02T04:14:05.967125+00:00
watermark_robustness,rick_carlisle_1.png,brightness_up,brightness,{'factor': 1.2},True,0.982422,1.0,2e3be1de,True,False,35.9796,0.903601,21.5544,0.1.0,not-a-git-repository,3.12.10,macOS-26.6.2-arm64-arm-64bit,2.5.2,42,cpu,opencv_yunet,landmark,insightface,spectral,dct,0.16,2026-09-02T04:14:05.967125+00:00
watermark_robustness,rick_carlisle_1.png,contrast_down,contrast,{'factor': 0.8},True,1.0,1.0,2e3be1de,True,False,35.9796,0.903601,28.1466,0.1.0,not-a-git-repository,3.12.10,macOS-26.6.2-arm64-arm-64bit,2.5.2,42,cpu,opencv_yunet,landmark,insightface,spectral,dct,0.16,2026-09-02T04:14:05.967125+00:00
watermark_robustness,rick_carlisle_1.png,webp_q80,webp,{'quality': 80},True,0.998047,1.0,2e3be1de,True,False,35.9796,0.903601,37.438,0.1.0,not-a-git-repository,3.12.10,macOS-26.6.2-arm64-arm-64bit,2.5.2,42,cpu,opencv_yunet,landmark,insightface,spectral,dct,0.16,2026-09-02T04:14:05.967125+00:00
watermark_robustness,rick_carlisle_1.png,screenshot,screenshot_simulation,"{'scale': 0.9, 'quality': 85}",True,1.0,1.0,2e3be1de,True,False,35.9796,0.903601,42.2895,0.1.0,not-a-git-repository,3.12.10,macOS-26.6.2-arm64-arm-64bit,2.5.2,42,cpu,opencv_yunet,landmark,insightface,spectral,dct,0.16,2026-09-02T04:14:05.967125+00:00
watermark_robustness,rick_carlisle_2.png,jpeg_q90,jpeg_compression,{'quality': 90},True,1.0,1.0,e0374d65,True,False,36.1247,0.916609,44.1247,0.1.0,not-a-git-repository,3.12.10,macOS-26.6.2-arm64-arm-64bit,2.5.2,42,cpu,opencv_yunet,landmark,insightface,spectral,dct,0.16,2026-09-02T04:14:05.967125+00:00
watermark_robustness,rick_carlisle_2.png,jpeg_q70,jpeg_compression,{'quality': 70},True,0.934896,1.0,e0374d65,True,False,36.1247,0.916609,37.68,0.1.0,not-a-git-repository,3.12.10,macOS-26.6.2-arm64-arm-64bit,2.5.2,42,cpu,opencv_yunet,landmark,insightface,spectral,dct,0.16,2026-09-02T04:14:05.967125+00:00
watermark_robustness,rick_carlisle_2.png,jpeg_q50,jpeg_compression,{'quality': 50},False,0.53125,0.546875,,False,False,36.1247,0.916609,34.4484,0.1.0,not-a-git-repository,3.12.10,macOS-26.6.2-arm64-arm-64bit,2.5.2,42,cpu,opencv_yunet,landmark,insightface,spectral,dct,0.16,2026-09-02T04:14:05.967125+00:00
watermark_robustness,rick_carlisle_2.png,resize_75,resize,{'scale': 0.75},True,1.0,1.0,e0374d65,True,False,36.1247,0.916609,42.3337,0.1.0,not-a-git-repository,3.12.10,macOS-26.6.2-arm64-arm-64bit,2.5.2,42,cpu,opencv_yunet,landmark,insightface,spectral,dct,0.16,2026-09-02T04:14:05.967125+00:00
watermark_robustness,rick_carlisle_2.png,resize_50,resize,{'scale': 0.5},True,0.398655,0.984375,e0374d65,True,False,36.1247,0.916609,35.9685,0.1.0,not-a-git-repository,3.12.10,macOS-26.6.2-arm64-arm-64bit,2.5.2,42,cpu,opencv_yunet,landmark,insightface,spectral,dct,0.16,2026-09-02T04:14:05.967125+00:00
watermark_robustness,rick_carlisle_2.png,resize_25,resize,{'scale': 0.25},False,0.523438,0.53125,,False,False,36.1247,0.916609,30.6965,0.1.0,not-a-git-repository,3.12.10,macOS-26.6.2-arm64-arm-64bit,2.5.2,42,cpu,opencv_yunet,landmark,insightface,spectral,dct,0.16,2026-09-02T04:14:05.967125+00:00
watermark_robustness,rick_carlisle_2.png,crop_10,crop,{'ratio': 0.1},True,1.0,0.4375,e0374d65,True,False,36.1247,0.916609,11.6399,0.1.0,not-a-git-repository,3.12.10,macOS-26.6.2-arm64-arm-64bit,2.5.2,42,cpu,opencv_yunet,landmark,insightface,spectral,dct,0.16,2026-09-02T04:14:05.967125+00:00
watermark_robustness,rick_carlisle_2.png,crop_30,crop,{'ratio': 0.3},False,0.565972,0.578125,,False,False,36.1247,0.916609,10.0131,0.1.0,not-a-git-repository,3.12.10,macOS-26.6.2-arm64-arm-64bit,2.5.2,42,cpu,opencv_yunet,landmark,insightface,spectral,dct,0.16,2026-09-02T04:14:05.967125+00:00
watermark_robustness,rick_carlisle_2.png,rotate_5,rotation,{'degrees': 5},False,0.554688,0.4375,,False,False,36.1247,0.916609,15.9213,0.1.0,not-a-git-repository,3.12.10,macOS-26.6.2-arm64-arm-64bit,2.5.2,42,cpu,opencv_yunet,landmark,insightface,spectral,dct,0.16,2026-09-02T04:14:05.967125+00:00
watermark_robustness,rick_carlisle_2.png,blur_1,blur,{'sigma': 1.0},True,0.998047,1.0,e0374d65,True,False,36.1247,0.916609,34.6625,0.1.0,not-a-git-repository,3.12.10,macOS-26.6.2-arm64-arm-64bit,2.5.2,42,cpu,opencv_yunet,landmark,insightface,spectral,dct,0.16,2026-09-02T04:14:05.967125+00:00
watermark_robustness,rick_carlisle_2.png,noise_5,noise,{'sigma': 5.0},True,1.0,1.0,e0374d65,True,False,36.1247,0.916609,34.2471,0.1.0,not-a-git-repository,3.12.10,macOS-26.6.2-arm64-arm-64bit,2.5.2,42,cpu,opencv_yunet,landmark,insightface,spectral,dct,0.16,2026-09-02T04:14:05.967125+00:00
watermark_robustness,rick_carlisle_2.png,brightness_up,brightness,{'factor': 1.2},True,0.989583,1.0,e0374d65,True,False,36.1247,0.916609,20.8423,0.1.0,not-a-git-repository,3.12.10,macOS-26.6.2-arm64-arm-64bit,2.5.2,42,cpu,opencv_yunet,landmark,insightface,spectral,dct,0.16,2026-09-02T04:14:05.967125+00:00
watermark_robustness,rick_carlisle_2.png,contrast_down,contrast,{'factor': 0.8},True,1.0,1.0,e0374d65,True,False,36.1247,0.916609,26.6776,0.1.0,not-a-git-repository,3.12.10,macOS-26.6.2-arm64-arm-64bit,2.5.2,42,cpu,opencv_yunet,landmark,insightface,spectral,dct,0.16,2026-09-02T04:14:05.967125+00:00
watermark_robustness,rick_carlisle_2.png,webp_q80,webp,{'quality': 80},True,0.955078,1.0,e0374d65,True,False,36.1247,0.916609,37.346,0.1.0,not-a-git-repository,3.12.10,macOS-26.6.2-arm64-arm-64bit,2.5.2,42,cpu,opencv_yunet,landmark,insightface,spectral,dct,0.16,2026-09-02T04:14:05.967125+00:00
watermark_robustness,rick_carlisle_2.png,screenshot,screenshot_simulation,"{'scale': 0.9, 'quality': 85}",True,0.968099,1.0,e0374d65,True,False,36.1247,0.916609,41.5398,0.1.0,not-a-git-repository,3.12.10,macOS-26.6.2-arm64-arm-64bit,2.5.2,42,cpu,opencv_yunet,landmark,insightface,spectral,dct,0.16,2026-09-02T04:14:05.967125+00:00
watermark_robustness,roger_moore_0.png,jpeg_q90,jpeg_compression,{'quality': 90},True,1.0,1.0,cef0b257,True,False,37.0718,0.879585,44.3476,0.1.0,not-a-git-repository,3.12.10,macOS-26.6.2-arm64-arm-64bit,2.5.2,42,cpu,opencv_yunet,landmark,insightface,spectral,dct,0.16,2026-09-02T04:14:05.967125+00:00
watermark_robustness,roger_moore_0.png,jpeg_q70,jpeg_compression,{'quality': 70},True,0.776693,1.0,cef0b257,True,False,37.0718,0.879585,38.3602,0.1.0,not-a-git-repository,3.12.10,macOS-26.6.2-arm64-arm-64bit,2.5.2,42,cpu,opencv_yunet,landmark,insightface,spectral,dct,0.16,2026-09-02T04:14:05.967125+00:00
watermark_robustness,roger_moore_0.png,jpeg_q50,jpeg_compression,{'quality': 50},False,0.523438,0.5625,,False,False,37.0718,0.879585,35.5773,0.1.0,not-a-git-repository,3.12.10,macOS-26.6.2-arm64-arm-64bit,2.5.2,42,cpu,opencv_yunet,landmark,insightface,spectral,dct,0.16,2026-09-02T04:14:05.967125+00:00
watermark_robustness,roger_moore_0.png,resize_75,resize,{'scale': 0.75},True,1.0,1.0,cef0b257,True,False,37.0718,0.879585,42.8349,0.1.0,not-a-git-repository,3.12.10,macOS-26.6.2-arm64-arm-64bit,2.5.2,42,cpu,opencv_yunet,landmark,insightface,spectral,dct,0.16,2026-09-02T04:14:05.967125+00:00
watermark_robustness,roger_moore_0.png,resize_50,resize,{'scale': 0.5},True,0.395182,0.984375,cef0b257,True,False,37.0718,0.879585,36.9832,0.1.0,not-a-git-repository,3.12.10,macOS-26.6.2-arm64-arm-64bit,2.5.2,42,cpu,opencv_yunet,landmark,insightface,spectral,dct,0.16,2026-09-02T04:14:05.967125+00:00
watermark_robustness,roger_moore_0.png,resize_25,resize,{'scale': 0.25},False,0.523438,0.5625,,False,False,37.0718,0.879585,32.1061,0.1.0,not-a-git-repository,3.12.10,macOS-26.6.2-arm64-arm-64bit,2.5.2,42,cpu,opencv_yunet,landmark,insightface,spectral,dct,0.16,2026-09-02T04:14:05.967125+00:00
watermark_robustness,roger_moore_0.png,crop_10,crop,{'ratio': 0.1},True,1.0,0.53125,cef0b257,True,False,37.0718,0.879585,15.3013,0.1.0,not-a-git-repository,3.12.10,macOS-26.6.2-arm64-arm-64bit,2.5.2,42,cpu,opencv_yunet,landmark,insightface,spectral,dct,0.16,2026-09-02T04:14:05.967125+00:00
watermark_robustness,roger_moore_0.png,crop_30,crop,{'ratio': 0.3},False,0.513889,0.484375,,False,False,37.0718,0.879585,9.2367,0.1.0,not-a-git-repository,3.12.10,macOS-26.6.2-arm64-arm-64bit,2.5.2,42,cpu,opencv_yunet,landmark,insightface,spectral,dct,0.16,2026-09-02T04:14:05.967125+00:00
watermark_robustness,roger_moore_0.png,rotate_5,rotation,{'degrees': 5},False,0.507812,0.453125,,False,False,37.0718,0.879585,17.9256,0.1.0,not-a-git-repository,3.12.10,macOS-26.6.2-arm64-arm-64bit,2.5.2,42,cpu,opencv_yunet,landmark,insightface,spectral,dct,0.16,2026-09-02T04:14:05.967125+00:00
watermark_robustness,roger_moore_0.png,blur_1,blur,{'sigma': 1.0},True,1.0,1.0,cef0b257,True,False,37.0718,0.879585,36.2447,0.1.0,not-a-git-repository,3.12.10,macOS-26.6.2-arm64-arm-64bit,2.5.2,42,cpu,opencv_yunet,landmark,insightface,spectral,dct,0.16,2026-09-02T04:14:05.967125+00:00
watermark_robustness,roger_moore_0.png,noise_5,noise,{'sigma': 5.0},True,1.0,1.0,cef0b257,True,False,37.0718,0.879585,35.0903,0.1.0,not-a-git-repository,3.12.10,macOS-26.6.2-arm64-arm-64bit,2.5.2,42,cpu,opencv_yunet,landmark,insightface,spectral,dct,0.16,2026-09-02T04:14:05.967125+00:00
watermark_robustness,roger_moore_0.png,brightness_up,brightness,{'factor': 1.2},True,1.0,1.0,cef0b257,True,False,37.0718,0.879585,26.5406,0.1.0,not-a-git-repository,3.12.10,macOS-26.6.2-arm64-arm-64bit,2.5.2,42,cpu,opencv_yunet,landmark,insightface,spectral,dct,0.16,2026-09-02T04:14:05.967125+00:00
watermark_robustness,roger_moore_0.png,contrast_down,contrast,{'factor': 0.8},True,1.0,1.0,cef0b257,True,False,37.0718,0.879585,27.8682,0.1.0,not-a-git-repository,3.12.10,macOS-26.6.2-arm64-arm-64bit,2.5.2,42,cpu,opencv_yunet,landmark,insightface,spectral,dct,0.16,2026-09-02T04:14:05.967125+00:00
watermark_robustness,roger_moore_0.png,webp_q80,webp,{'quality': 80},True,0.876302,1.0,cef0b257,True,False,37.0718,0.879585,37.8127,0.1.0,not-a-git-repository,3.12.10,macOS-26.6.2-arm64-arm-64bit,2.5.2,42,cpu,opencv_yunet,landmark,insightface,spectral,dct,0.16,2026-09-02T04:14:05.967125+00:00
watermark_robustness,roger_moore_0.png,screenshot,screenshot_simulation,"{'scale': 0.9, 'quality': 85}",True,0.921224,1.0,cef0b257,True,False,37.0718,0.879585,42.1788,0.1.0,not-a-git-repository,3.12.10,macOS-26.6.2-arm64-arm-64bit,2.5.2,42,cpu,opencv_yunet,landmark,insightface,spectral,dct,0.16,2026-09-02T04:14:05.967125+00:00
watermark_robustness,roger_moore_1.png,jpeg_q90,jpeg_compression,{'quality': 90},True,1.0,1.0,d075822f,True,False,36.4015,0.910287,42.753,0.1.0,not-a-git-repository,3.12.10,macOS-26.6.2-arm64-arm-64bit,2.5.2,42,cpu,opencv_yunet,landmark,insightface,spectral,dct,0.16,2026-09-02T04:14:05.967125+00:00
watermark_robustness,roger_moore_1.png,jpeg_q70,jpeg_compression,{'quality': 70},True,0.836589,1.0,d075822f,True,False,36.4015,0.910287,37.0316,0.1.0,not-a-git-repository,3.12.10,macOS-26.6.2-arm64-arm-64bit,2.5.2,42,cpu,opencv_yunet,landmark,insightface,spectral,dct,0.16,2026-09-02T04:14:05.967125+00:00
watermark_robustness,roger_moore_1.png,jpeg_q50,jpeg_compression,{'quality': 50},False,0.53125,0.59375,,False,False,36.4015,0.910287,34.0926,0.1.0,not-a-git-repository,3.12.10,macOS-26.6.2-arm64-arm-64bit,2.5.2,42,cpu,opencv_yunet,landmark,insightface,spectral,dct,0.16,2026-09-02T04:14:05.967125+00:00
watermark_robustness,roger_moore_1.png,resize_75,resize,{'scale': 0.75},True,1.0,1.0,d075822f,True,False,36.4015,0.910287,35.7986,0.1.0,not-a-git-repository,3.12.10,macOS-26.6.2-arm64-arm-64bit,2.5.2,42,cpu,opencv_yunet,landmark,insightface,spectral,dct,0.16,2026-09-02T04:14:05.967125+00:00
watermark_robustness,roger_moore_1.png,resize_50,resize,{'scale': 0.5},True,0.247613,0.96875,d075822f,True,False,36.4015,0.910287,32.1605,0.1.0,not-a-git-repository,3.12.10,macOS-26.6.2-arm64-arm-64bit,2.5.2,42,cpu,opencv_yunet,landmark,insightface,spectral,dct,0.16,2026-09-02T04:14:05.967125+00:00
watermark_robustness,roger_moore_1.png,resize_25,resize,{'scale': 0.25},False,0.523438,0.5625,,False,False,36.4015,0.910287,25.8762,0.1.0,not-a-git-repository,3.12.10,macOS-26.6.2-arm64-arm-64bit,2.5.2,42,cpu,opencv_yunet,landmark,insightface,spectral,dct,0.16,2026-09-02T04:14:05.967125+00:00
watermark_robustness,roger_moore_1.png,crop_10,crop,{'ratio': 0.1},True,1.0,0.421875,d075822f,True,False,36.4015,0.910287,10.0848,0.1.0,not-a-git-repository,3.12.10,macOS-26.6.2-arm64-arm-64bit,2.5.2,42,cpu,opencv_yunet,landmark,insightface,spectral,dct,0.16,2026-09-02T04:14:05.967125+00:00
watermark_robustness,roger_moore_1.png,crop_30,crop,{'ratio': 0.3},False,0.539062,0.421875,,False,False,36.4015,0.910287,8.8316,0.1.0,not-a-git-repository,3.12.10,macOS-26.6.2-arm64-arm-64bit,2.5.2,42,cpu,opencv_yunet,landmark,insightface,spectral,dct,0.16,2026-09-02T04:14:05.967125+00:00
watermark_robustness,roger_moore_1.png,rotate_5,rotation,{'degrees': 5},False,0.515625,0.546875,,False,False,36.4015,0.910287,14.2261,0.1.0,not-a-git-repository,3.12.10,macOS-26.6.2-arm64-arm-64bit,2.5.2,42,cpu,opencv_yunet,landmark,insightface,spectral,dct,0.16,2026-09-02T04:14:05.967125+00:00
watermark_robustness,roger_moore_1.png,blur_1,blur,{'sigma': 1.0},True,1.0,1.0,d075822f,True,False,36.4015,0.910287,30.7219,0.1.0,not-a-git-repository,3.12.10,macOS-26.6.2-arm64-arm-64bit,2.5.2,42,cpu,opencv_yunet,landmark,insightface,spectral,dct,0.16,2026-09-02T04:14:05.967125+00:00
watermark_robustness,roger_moore_1.png,noise_5,noise,{'sigma': 5.0},True,1.0,1.0,d075822f,True,False,36.4015,0.910287,34.483,0.1.0,not-a-git-repository,3.12.10,macOS-26.6.2-arm64-arm-64bit,2.5.2,42,cpu,opencv_yunet,landmark,insightface,spectral,dct,0.16,2026-09-02T04:14:05.967125+00:00
watermark_robustness,roger_moore_1.png,brightness_up,brightness,{'factor': 1.2},True,0.972656,1.0,d075822f,True,False,36.4015,0.910287,20.2886,0.1.0,not-a-git-repository,3.12.10,macOS-26.6.2-arm64-arm-64bit,2.5.2,42,cpu,opencv_yunet,landmark,insightface,spectral,dct,0.16,2026-09-02T04:14:05.967125+00:00
watermark_robustness,roger_moore_1.png,contrast_down,contrast,{'factor': 0.8},True,1.0,1.0,d075822f,True,False,36.4015,0.910287,23.7334,0.1.0,not-a-git-repository,3.12.10,macOS-26.6.2-arm64-arm-64bit,2.5.2,42,cpu,opencv_yunet,landmark,insightface,spectral,dct,0.16,2026-09-02T04:14:05.967125+00:00
watermark_robustness,roger_moore_1.png,webp_q80,webp,{'quality': 80},True,0.865234,1.0,d075822f,True,False,36.4015,0.910287,36.9374,0.1.0,not-a-git-repository,3.12.10,macOS-26.6.2-arm64-arm-64bit,2.5.2,42,cpu,opencv_yunet,landmark,insightface,spectral,dct,0.16,2026-09-02T04:14:05.967125+00:00
watermark_robustness,roger_moore_1.png,screenshot,screenshot_simulation,"{'scale': 0.9, 'quality': 85}",True,0.904948,1.0,d075822f,True,False,36.4015,0.910287,38.3954,0.1.0,not-a-git-repository,3.12.10,macOS-26.6.2-arm64-arm-64bit,2.5.2,42,cpu,opencv_yunet,landmark,insightface,spectral,dct,0.16,2026-09-02T04:14:05.967125+00:00
watermark_robustness,roger_moore_2.png,jpeg_q90,jpeg_compression,{'quality': 90},True,1.0,1.0,c4295fe7,True,False,36.1186,0.925807,41.6357,0.1.0,not-a-git-repository,3.12.10,macOS-26.6.2-arm64-arm-64bit,2.5.2,42,cpu,opencv_yunet,landmark,insightface,spectral,dct,0.16,2026-09-02T04:14:05.967125+00:00
watermark_robustness,roger_moore_2.png,jpeg_q70,jpeg_compression,{'quality': 70},True,0.866536,1.0,c4295fe7,True,False,36.1186,0.925807,36.176,0.1.0,not-a-git-repository,3.12.10,macOS-26.6.2-arm64-arm-64bit,2.5.2,42,cpu,opencv_yunet,landmark,insightface,spectral,dct,0.16,2026-09-02T04:14:05.967125+00:00
watermark_robustness,roger_moore_2.png,jpeg_q50,jpeg_compression,{'quality': 50},False,0.5,0.609375,,False,False,36.1186,0.925807,33.3227,0.1.0,not-a-git-repository,3.12.10,macOS-26.6.2-arm64-arm-64bit,2.5.2,42,cpu,opencv_yunet,landmark,insightface,spectral,dct,0.16,2026-09-02T04:14:05.967125+00:00
watermark_robustness,roger_moore_2.png,resize_75,resize,{'scale': 0.75},True,1.0,1.0,c4295fe7,True,False,36.1186,0.925807,38.0478,0.1.0,not-a-git-repository,3.12.10,macOS-26.6.2-arm64-arm-64bit,2.5.2,42,cpu,opencv_yunet,landmark,insightface,spectral,dct,0.16,2026-09-02T04:14:05.967125+00:00
watermark_robustness,roger_moore_2.png,resize_50,resize,{'scale': 0.5},True,0.130035,0.9375,c4295fe7,True,False,36.1186,0.925807,32.5093,0.1.0,not-a-git-repository,3.12.10,macOS-26.6.2-arm64-arm-64bit,2.5.2,42,cpu,opencv_yunet,landmark,insightface,spectral,dct,0.16,2026-09-02T04:14:05.967125+00:00
watermark_robustness,roger_moore_2.png,resize_25,resize,{'scale': 0.25},False,0.507812,0.40625,,False,False,36.1186,0.925807,26.3505,0.1.0,not-a-git-repository,3.12.10,macOS-26.6.2-arm64-arm-64bit,2.5.2,42,cpu,opencv_yunet,landmark,insightface,spectral,dct,0.16,2026-09-02T04:14:05.967125+00:00
watermark_robustness,roger_moore_2.png,crop_10,crop,{'ratio': 0.1},True,1.0,0.578125,c4295fe7,True,False,36.1186,0.925807,9.69,0.1.0,not-a-git-repository,3.12.10,macOS-26.6.2-arm64-arm-64bit,2.5.2,42,cpu,opencv_yunet,landmark,insightface,spectral,dct,0.16,2026-09-02T04:14:05.967125+00:00
watermark_robustness,roger_moore_2.png,crop_30,crop,{'ratio': 0.3},False,0.539062,0.515625,,False,False,36.1186,0.925807,8.0733,0.1.0,not-a-git-repository,3.12.10,macOS-26.6.2-arm64-arm-64bit,2.5.2,42,cpu,opencv_yunet,landmark,insightface,spectral,dct,0.16,2026-09-02T04:14:05.967125+00:00
watermark_robustness,roger_moore_2.png,rotate_5,rotation,{'degrees': 5},False,0.53125,0.5,,False,False,36.1186,0.925807,13.4455,0.1.0,not-a-git-repository,3.12.10,macOS-26.6.2-arm64-arm-64bit,2.5.2,42,cpu,opencv_yunet,landmark,insightface,spectral,dct,0.16,2026-09-02T04:14:05.967125+00:00
watermark_robustness,roger_moore_2.png,blur_1,blur,{'sigma': 1.0},True,0.975043,1.0,c4295fe7,True,False,36.1186,0.925807,30.6244,0.1.0,not-a-git-repository,3.12.10,macOS-26.6.2-arm64-arm-64bit,2.5.2,42,cpu,opencv_yunet,landmark,insightface,spectral,dct,0.16,2026-09-02T04:14:05.967125+00:00
watermark_robustness,roger_moore_2.png,noise_5,noise,{'sigma': 5.0},True,1.0,1.0,c4295fe7,True,False,36.1186,0.925807,34.4971,0.1.0,not-a-git-repository,3.12.10,macOS-26.6.2-arm64-arm-64bit,2.5.2,42,cpu,opencv_yunet,landmark,insightface,spectral,dct,0.16,2026-09-02T04:14:05.967125+00:00
watermark_robustness,roger_moore_2.png,brightness_up,brightness,{'factor': 1.2},True,0.961589,1.0,c4295fe7,True,False,36.1186,0.925807,22.7108,0.1.0,not-a-git-repository,3.12.10,macOS-26.6.2-arm64-arm-64bit,2.5.2,42,cpu,opencv_yunet,landmark,insightface,spectral,dct,0.16,2026-09-02T04:14:05.967125+00:00
watermark_robustness,roger_moore_2.png,contrast_down,contrast,{'factor': 0.8},True,1.0,1.0,c4295fe7,True,False,36.1186,0.925807,24.3779,0.1.0,not-a-git-repository,3.12.10,macOS-26.6.2-arm64-arm-64bit,2.5.2,42,cpu,opencv_yunet,landmark,insightface,spectral,dct,0.16,2026-09-02T04:14:05.967125+00:00
watermark_robustness,roger_moore_2.png,webp_q80,webp,{'quality': 80},True,0.89974,1.0,c4295fe7,True,False,36.1186,0.925807,36.8234,0.1.0,not-a-git-repository,3.12.10,macOS-26.6.2-arm64-arm-64bit,2.5.2,42,cpu,opencv_yunet,landmark,insightface,spectral,dct,0.16,2026-09-02T04:14:05.967125+00:00
watermark_robustness,roger_moore_2.png,screenshot,screenshot_simulation,"{'scale': 0.9, 'quality': 85}",True,0.909505,1.0,c4295fe7,True,False,36.1186,0.925807,38.391,0.1.0,not-a-git-repository,3.12.10,macOS-26.6.2-arm64-arm-64bit,2.5.2,42,cpu,opencv_yunet,landmark,insightface,spectral,dct,0.16,2026-09-02T04:14:05.967125+00:00
watermark_robustness,roger_moore_3.png,jpeg_q90,jpeg_compression,{'quality': 90},True,1.0,1.0,c72afc9b,True,False,36.3654,0.895189,43.5065,0.1.0,not-a-git-repository,3.12.10,macOS-26.6.2-arm64-arm-64bit,2.5.2,42,cpu,opencv_yunet,landmark,insightface,spectral,dct,0.16,2026-09-02T04:14:05.967125+00:00
watermark_robustness,roger_moore_3.png,jpeg_q70,jpeg_compression,{'quality': 70},True,0.95638,1.0,c72afc9b,True,False,36.3654,0.895189,37.628,0.1.0,not-a-git-repository,3.12.10,macOS-26.6.2-arm64-arm-64bit,2.5.2,42,cpu,opencv_yunet,landmark,insightface,spectral,dct,0.16,2026-09-02T04:14:05.967125+00:00
watermark_robustness,roger_moore_3.png,jpeg_q50,jpeg_compression,{'quality': 50},False,0.53125,0.578125,,False,False,36.3654,0.895189,34.5395,0.1.0,not-a-git-repository,3.12.10,macOS-26.6.2-arm64-arm-64bit,2.5.2,42,cpu,opencv_yunet,landmark,insightface,spectral,dct,0.16,2026-09-02T04:14:05.967125+00:00
watermark_robustness,roger_moore_3.png,resize_75,resize,{'scale': 0.75},True,1.0,1.0,c72afc9b,True,False,36.3654,0.895189,42.4564,0.1.0,not-a-git-repository,3.12.10,macOS-26.6.2-arm64-arm-64bit,2.5.2,42,cpu,opencv_yunet,landmark,insightface,spectral,dct,0.16,2026-09-02T04:14:05.967125+00:00
watermark_robustness,roger_moore_3.png,resize_50,resize,{'scale': 0.5},True,0.413737,0.984375,c72afc9b,True,False,36.3654,0.895189,36.227,0.1.0,not-a-git-repository,3.12.10,macOS-26.6.2-arm64-arm-64bit,2.5.2,42,cpu,opencv_yunet,landmark,insightface,spectral,dct,0.16,2026-09-02T04:14:05.967125+00:00
watermark_robustness,roger_moore_3.png,resize_25,resize,{'scale': 0.25},False,0.570312,0.625,,False,False,36.3654,0.895189,30.8808,0.1.0,not-a-git-repository,3.12.10,macOS-26.6.2-arm64-arm-64bit,2.5.2,42,cpu,opencv_yunet,landmark,insightface,spectral,dct,0.16,2026-09-02T04:14:05.967125+00:00
watermark_robustness,roger_moore_3.png,crop_10,crop,{'ratio': 0.1},True,1.0,0.53125,c72afc9b,True,False,36.3654,0.895189,14.5999,0.1.0,not-a-git-repository,3.12.10,macOS-26.6.2-arm64-arm-64bit,2.5.2,42,cpu,opencv_yunet,landmark,insightface,spectral,dct,0.16,2026-09-02T04:14:05.967125+00:00
watermark_robustness,roger_moore_3.png,crop_30,crop,{'ratio': 0.3},False,0.492188,0.5,,False,False,36.3654,0.895189,9.4978,0.1.0,not-a-git-repository,3.12.10,macOS-26.6.2-arm64-arm-64bit,2.5.2,42,cpu,opencv_yunet,landmark,insightface,spectral,dct,0.16,2026-09-02T04:14:05.967125+00:00
watermark_robustness,roger_moore_3.png,rotate_5,rotation,{'degrees': 5},False,0.507812,0.5,,False,False,36.3654,0.895189,19.1893,0.1.0,not-a-git-repository,3.12.10,macOS-26.6.2-arm64-arm-64bit,2.5.2,42,cpu,opencv_yunet,landmark,insightface,spectral,dct,0.16,2026-09-02T04:14:05.967125+00:00
watermark_robustness,roger_moore_3.png,blur_1,blur,{'sigma': 1.0},True,1.0,1.0,c72afc9b,True,False,36.3654,0.895189,35.0331,0.1.0,not-a-git-repository,3.12.10,macOS-26.6.2-arm64-arm-64bit,2.5.2,42,cpu,opencv_yunet,landmark,insightface,spectral,dct,0.16,2026-09-02T04:14:05.967125+00:00
watermark_robustness,roger_moore_3.png,noise_5,noise,{'sigma': 5.0},True,1.0,1.0,c72afc9b,True,False,36.3654,0.895189,34.5567,0.1.0,not-a-git-repository,3.12.10,macOS-26.6.2-arm64-arm-64bit,2.5.2,42,cpu,opencv_yunet,landmark,insightface,spectral,dct,0.16,2026-09-02T04:14:05.967125+00:00
watermark_robustness,roger_moore_3.png,brightness_up,brightness,{'factor': 1.2},True,0.998047,1.0,c72afc9b,True,False,36.3654,0.895189,25.3995,0.1.0,not-a-git-repository,3.12.10,macOS-26.6.2-arm64-arm-64bit,2.5.2,42,cpu,opencv_yunet,landmark,insightface,spectral,dct,0.16,2026-09-02T04:14:05.967125+00:00
watermark_robustness,roger_moore_3.png,contrast_down,contrast,{'factor': 0.8},True,1.0,1.0,c72afc9b,True,False,36.3654,0.895189,27.6889,0.1.0,not-a-git-repository,3.12.10,macOS-26.6.2-arm64-arm-64bit,2.5.2,42,cpu,opencv_yunet,landmark,insightface,spectral,dct,0.16,2026-09-02T04:14:05.967125+00:00
watermark_robustness,roger_moore_3.png,webp_q80,webp,{'quality': 80},True,0.970052,1.0,c72afc9b,True,False,36.3654,0.895189,37.2968,0.1.0,not-a-git-repository,3.12.10,macOS-26.6.2-arm64-arm-64bit,2.5.2,42,cpu,opencv_yunet,landmark,insightface,spectral,dct,0.16,2026-09-02T04:14:05.967125+00:00
watermark_robustness,roger_moore_3.png,screenshot,screenshot_simulation,"{'scale': 0.9, 'quality': 85}",True,0.966146,1.0,c72afc9b,True,False,36.3654,0.895189,41.3131,0.1.0,not-a-git-repository,3.12.10,macOS-26.6.2-arm64-arm-64bit,2.5.2,42,cpu,opencv_yunet,landmark,insightface,spectral,dct,0.16,2026-09-02T04:14:05.967125+00:00
watermark_robustness,roger_moore_4.png,jpeg_q90,jpeg_compression,{'quality': 90},True,0.998047,1.0,790f81bf,True,False,36.3411,0.909382,40.7775,0.1.0,not-a-git-repository,3.12.10,macOS-26.6.2-arm64-arm-64bit,2.5.2,42,cpu,opencv_yunet,landmark,insightface,spectral,dct,0.16,2026-09-02T04:14:05.967125+00:00
watermark_robustness,roger_moore_4.png,jpeg_q70,jpeg_compression,{'quality': 70},True,0.908203,1.0,790f81bf,True,False,36.3411,0.909382,35.6259,0.1.0,not-a-git-repository,3.12.10,macOS-26.6.2-arm64-arm-64bit,2.5.2,42,cpu,opencv_yunet,landmark,insightface,spectral,dct,0.16,2026-09-02T04:14:05.967125+00:00
watermark_robustness,roger_moore_4.png,jpeg_q50,jpeg_compression,{'quality': 50},False,0.53125,0.609375,,False,False,36.3411,0.909382,32.9876,0.1.0,not-a-git-repository,3.12.10,macOS-26.6.2-arm64-arm-64bit,2.5.2,42,cpu,opencv_yunet,landmark,insightface,spectral,dct,0.16,2026-09-02T04:14:05.967125+00:00
watermark_robustness,roger_moore_4.png,resize_75,resize,{'scale': 0.75},True,0.998047,1.0,790f81bf,True,False,36.3411,0.909382,35.4291,0.1.0,not-a-git-repository,3.12.10,macOS-26.6.2-arm64-arm-64bit,2.5.2,42,cpu,opencv_yunet,landmark,insightface,spectral,dct,0.16,2026-09-02T04:14:05.967125+00:00
watermark_robustness,roger_moore_4.png,resize_50,resize,{'scale': 0.5},False,0.761936,0.921875,,False,False,36.3411,0.909382,31.0416,0.1.0,not-a-git-repository,3.12.10,macOS-26.6.2-arm64-arm-64bit,2.5.2,42,cpu,opencv_yunet,landmark,insightface,spectral,dct,0.16,2026-09-02T04:14:05.967125+00:00
watermark_robustness,roger_moore_4.png,resize_25,resize,{'scale': 0.25},False,0.53125,0.609375,,False,False,36.3411,0.909382,26.5646,0.1.0,not-a-git-repository,3.12.10,macOS-26.6.2-arm64-arm-64bit,2.5.2,42,cpu,opencv_yunet,landmark,insightface,spectral,dct,0.16,2026-09-02T04:14:05.967125+00:00
watermark_robustness,roger_moore_4.png,crop_10,crop,{'ratio': 0.1},True,1.0,0.546875,790f81bf,True,False,36.3411,0.909382,10.6308,0.1.0,not-a-git-repository,3.12.10,macOS-26.6.2-arm64-arm-64bit,2.5.2,42,cpu,opencv_yunet,landmark,insightface,spectral,dct,0.16,2026-09-02T04:14:05.967125+00:00
watermark_robustness,roger_moore_4.png,crop_30,crop,{'ratio': 0.3},False,0.539062,0.53125,,False,False,36.3411,0.909382,9.5987,0.1.0,not-a-git-repository,3.12.10,macOS-26.6.2-arm64-arm-64bit,2.5.2,42,cpu,opencv_yunet,landmark,insightface,spectral,dct,0.16,2026-09-02T04:14:05.967125+00:00
watermark_robustness,roger_moore_4.png,rotate_5,rotation,{'degrees': 5},False,0.5625,0.484375,,False,False,36.3411,0.909382,14.7792,0.1.0,not-a-git-repository,3.12.10,macOS-26.6.2-arm64-arm-64bit,2.5.2,42,cpu,opencv_yunet,landmark,insightface,spectral,dct,0.16,2026-09-02T04:14:05.967125+00:00
watermark_robustness,roger_moore_4.png,blur_1,blur,{'sigma': 1.0},True,0.996094,1.0,790f81bf,True,False,36.3411,0.909382,30.4056,0.1.0,not-a-git-repository,3.12.10,macOS-26.6.2-arm64-arm-64bit,2.5.2,42,cpu,opencv_yunet,landmark,insightface,spectral,dct,0.16,2026-09-02T04:14:05.967125+00:00
watermark_robustness,roger_moore_4.png,noise_5,noise,{'sigma': 5.0},True,0.998047,1.0,790f81bf,True,False,36.3411,0.909382,34.5314,0.1.0,not-a-git-repository,3.12.10,macOS-26.6.2-arm64-arm-64bit,2.5.2,42,cpu,opencv_yunet,landmark,insightface,spectral,dct,0.16,2026-09-02T04:14:05.967125+00:00
watermark_robustness,roger_moore_4.png,brightness_up,brightness,{'factor': 1.2},True,0.908203,1.0,790f81bf,True,False,36.3411,0.909382,21.2452,0.1.0,not-a-git-repository,3.12.10,macOS-26.6.2-arm64-arm-64bit,2.5.2,42,cpu,opencv_yunet,landmark,insightface,spectral,dct,0.16,2026-09-02T04:14:05.967125+00:00
watermark_robustness,roger_moore_4.png,contrast_down,contrast,{'factor': 0.8},True,0.998047,1.0,790f81bf,True,False,36.3411,0.909382,23.7247,0.1.0,not-a-git-repository,3.12.10,macOS-26.6.2-arm64-arm-64bit,2.5.2,42,cpu,opencv_yunet,landmark,insightface,spectral,dct,0.16,2026-09-02T04:14:05.967125+00:00
watermark_robustness,roger_moore_4.png,webp_q80,webp,{'quality': 80},True,0.917318,1.0,790f81bf,True,False,36.3411,0.909382,36.4438,0.1.0,not-a-git-repository,3.12.10,macOS-26.6.2-arm64-arm-64bit,2.5.2,42,cpu,opencv_yunet,landmark,insightface,spectral,dct,0.16,2026-09-02T04:14:05.967125+00:00
watermark_robustness,roger_moore_4.png,screenshot,screenshot_simulation,"{'scale': 0.9, 'quality': 85}",True,0.936849,1.0,790f81bf,True,False,36.3411,0.909382,35.6584,0.1.0,not-a-git-repository,3.12.10,macOS-26.6.2-arm64-arm-64bit,2.5.2,42,cpu,opencv_yunet,landmark,insightface,spectral,dct,0.16,2026-09-02T04:14:05.967125+00:00
watermark_robustness,thomas_fargo_0.png,jpeg_q90,jpeg_compression,{'quality': 90},True,1.0,1.0,2eb62dfe,True,False,36.1561,0.903839,42.8444,0.1.0,not-a-git-repository,3.12.10,macOS-26.6.2-arm64-arm-64bit,2.5.2,42,cpu,opencv_yunet,landmark,insightface,spectral,dct,0.16,2026-09-02T04:14:05.967125+00:00
watermark_robustness,thomas_fargo_0.png,jpeg_q70,jpeg_compression,{'quality': 70},True,0.91862,1.0,2eb62dfe,True,False,36.1561,0.903839,37.0791,0.1.0,not-a-git-repository,3.12.10,macOS-26.6.2-arm64-arm-64bit,2.5.2,42,cpu,opencv_yunet,landmark,insightface,spectral,dct,0.16,2026-09-02T04:14:05.967125+00:00
watermark_robustness,thomas_fargo_0.png,jpeg_q50,jpeg_compression,{'quality': 50},False,0.53125,0.421875,,False,False,36.1561,0.903839,33.9959,0.1.0,not-a-git-repository,3.12.10,macOS-26.6.2-arm64-arm-64bit,2.5.2,42,cpu,opencv_yunet,landmark,insightface,spectral,dct,0.16,2026-09-02T04:14:05.967125+00:00
watermark_robustness,thomas_fargo_0.png,resize_75,resize,{'scale': 0.75},True,1.0,1.0,2eb62dfe,True,False,36.1561,0.903839,41.6978,0.1.0,not-a-git-repository,3.12.10,macOS-26.6.2-arm64-arm-64bit,2.5.2,42,cpu,opencv_yunet,landmark,insightface,spectral,dct,0.16,2026-09-02T04:14:05.967125+00:00
watermark_robustness,thomas_fargo_0.png,resize_50,resize,{'scale': 0.5},False,0.769965,0.90625,,False,False,36.1561,0.903839,35.4544,0.1.0,not-a-git-repository,3.12.10,macOS-26.6.2-arm64-arm-64bit,2.5.2,42,cpu,opencv_yunet,landmark,insightface,spectral,dct,0.16,2026-09-02T04:14:05.967125+00:00
watermark_robustness,thomas_fargo_0.png,resize_25,resize,{'scale': 0.25},False,0.523438,0.5625,,False,False,36.1561,0.903839,28.9213,0.1.0,not-a-git-repository,3.12.10,macOS-26.6.2-arm64-arm-64bit,2.5.2,42,cpu,opencv_yunet,landmark,insightface,spectral,dct,0.16,2026-09-02T04:14:05.967125+00:00
watermark_robustness,thomas_fargo_0.png,crop_10,crop,{'ratio': 0.1},True,1.0,0.59375,2eb62dfe,True,False,36.1561,0.903839,8.875,0.1.0,not-a-git-repository,3.12.10,macOS-26.6.2-arm64-arm-64bit,2.5.2,42,cpu,opencv_yunet,landmark,insightface,spectral,dct,0.16,2026-09-02T04:14:05.967125+00:00
watermark_robustness,thomas_fargo_0.png,crop_30,crop,{'ratio': 0.3},False,0.507812,0.515625,,False,False,36.1561,0.903839,9.4126,0.1.0,not-a-git-repository,3.12.10,macOS-26.6.2-arm64-arm-64bit,2.5.2,42,cpu,opencv_yunet,landmark,insightface,spectral,dct,0.16,2026-09-02T04:14:05.967125+00:00
watermark_robustness,thomas_fargo_0.png,rotate_5,rotation,{'degrees': 5},False,0.507812,0.359375,,False,False,36.1561,0.903839,12.7028,0.1.0,not-a-git-repository,3.12.10,macOS-26.6.2-arm64-arm-64bit,2.5.2,42,cpu,opencv_yunet,landmark,insightface,spectral,dct,0.16,2026-09-02T04:14:05.967125+00:00
watermark_robustness,thomas_fargo_0.png,blur_1,blur,{'sigma': 1.0},True,0.995443,1.0,2eb62dfe,True,False,36.1561,0.903839,33.2201,0.1.0,not-a-git-repository,3.12.10,macOS-26.6.2-arm64-arm-64bit,2.5.2,42,cpu,opencv_yunet,landmark,insightface,spectral,dct,0.16,2026-09-02T04:14:05.967125+00:00
watermark_robustness,thomas_fargo_0.png,noise_5,noise,{'sigma': 5.0},True,1.0,1.0,2eb62dfe,True,False,36.1561,0.903839,34.3003,0.1.0,not-a-git-repository,3.12.10,macOS-26.6.2-arm64-arm-64bit,2.5.2,42,cpu,opencv_yunet,landmark,insightface,spectral,dct,0.16,2026-09-02T04:14:05.967125+00:00
watermark_robustness,thomas_fargo_0.png,brightness_up,brightness,{'factor': 1.2},True,0.986328,1.0,2eb62dfe,True,False,36.1561,0.903839,20.1725,0.1.0,not-a-git-repository,3.12.10,macOS-26.6.2-arm64-arm-64bit,2.5.2,42,cpu,opencv_yunet,landmark,insightface,spectral,dct,0.16,2026-09-02T04:14:05.967125+00:00
watermark_robustness,thomas_fargo_0.png,contrast_down,contrast,{'factor': 0.8},True,1.0,1.0,2eb62dfe,True,False,36.1561,0.903839,24.1191,0.1.0,not-a-git-repository,3.12.10,macOS-26.6.2-arm64-arm-64bit,2.5.2,42,cpu,opencv_yunet,landmark,insightface,spectral,dct,0.16,2026-09-02T04:14:05.967125+00:00
watermark_robustness,thomas_fargo_0.png,webp_q80,webp,{'quality': 80},True,0.953776,1.0,2eb62dfe,True,False,36.1561,0.903839,36.8869,0.1.0,not-a-git-repository,3.12.10,macOS-26.6.2-arm64-arm-64bit,2.5.2,42,cpu,opencv_yunet,landmark,insightface,spectral,dct,0.16,2026-09-02T04:14:05.967125+00:00
watermark_robustness,thomas_fargo_0.png,screenshot,screenshot_simulation,"{'scale': 0.9, 'quality': 85}",True,0.955729,1.0,2eb62dfe,True,False,36.1561,0.903839,40.563,0.1.0,not-a-git-repository,3.12.10,macOS-26.6.2-arm64-arm-64bit,2.5.2,42,cpu,opencv_yunet,landmark,insightface,spectral,dct,0.16,2026-09-02T04:14:05.967125+00:00
watermark_robustness,thomas_fargo_1.png,jpeg_q90,jpeg_compression,{'quality': 90},True,1.0,1.0,dd163bbf,True,False,37.2883,0.907776,42.4454,0.1.0,not-a-git-repository,3.12.10,macOS-26.6.2-arm64-arm-64bit,2.5.2,42,cpu,opencv_yunet,landmark,insightface,spectral,dct,0.16,2026-09-02T04:14:05.967125+00:00
watermark_robustness,thomas_fargo_1.png,jpeg_q70,jpeg_compression,{'quality': 70},True,0.673177,1.0,dd163bbf,True,False,37.2883,0.907776,37.1575,0.1.0,not-a-git-repository,3.12.10,macOS-26.6.2-arm64-arm-64bit,2.5.2,42,cpu,opencv_yunet,landmark,insightface,spectral,dct,0.16,2026-09-02T04:14:05.967125+00:00
watermark_robustness,thomas_fargo_1.png,jpeg_q50,jpeg_compression,{'quality': 50},False,0.5,0.625,,False,False,37.2883,0.907776,34.7192,0.1.0,not-a-git-repository,3.12.10,macOS-26.6.2-arm64-arm-64bit,2.5.2,42,cpu,opencv_yunet,landmark,insightface,spectral,dct,0.16,2026-09-02T04:14:05.967125+00:00
watermark_robustness,thomas_fargo_1.png,resize_75,resize,{'scale': 0.75},True,1.0,1.0,dd163bbf,True,False,37.2883,0.907776,39.2814,0.1.0,not-a-git-repository,3.12.10,macOS-26.6.2-arm64-arm-64bit,2.5.2,42,cpu,opencv_yunet,landmark,insightface,spectral,dct,0.16,2026-09-02T04:14:05.967125+00:00
watermark_robustness,thomas_fargo_1.png,resize_50,resize,{'scale': 0.5},False,0.794705,0.921875,,False,False,37.2883,0.907776,34.0391,0.1.0,not-a-git-repository,3.12.10,macOS-26.6.2-arm64-arm-64bit,2.5.2,42,cpu,opencv_yunet,landmark,insightface,spectral,dct,0.16,2026-09-02T04:14:05.967125+00:00
watermark_robustness,thomas_fargo_1.png,resize_25,resize,{'scale': 0.25},False,0.53125,0.59375,,False,False,37.2883,0.907776,28.9936,0.1.0,not-a-git-repository,3.12.10,macOS-26.6.2-arm64-arm-64bit,2.5.2,42,cpu,opencv_yunet,landmark,insightface,spectral,dct,0.16,2026-09-02T04:14:05.967125+00:00
watermark_robustness,thomas_fargo_1.png,crop_10,crop,{'ratio': 0.1},True,1.0,0.46875,dd163bbf,True,False,37.2883,0.907776,12.2948,0.1.0,not-a-git-repository,3.12.10,macOS-26.6.2-arm64-arm-64bit,2.5.2,42,cpu,opencv_yunet,landmark,insightface,spectral,dct,0.16,2026-09-02T04:14:05.967125+00:00
watermark_robustness,thomas_fargo_1.png,crop_30,crop,{'ratio': 0.3},False,0.545139,0.375,,False,False,37.2883,0.907776,6.7707,0.1.0,not-a-git-repository,3.12.10,macOS-26.6.2-arm64-arm-64bit,2.5.2,42,cpu,opencv_yunet,landmark,insightface,spectral,dct,0.16,2026-09-02T04:14:05.967125+00:00
watermark_robustness,thomas_fargo_1.png,rotate_5,rotation,{'degrees': 5},False,0.546875,0.4375,,False,False,37.2883,0.907776,13.9989,0.1.0,not-a-git-repository,3.12.10,macOS-26.6.2-arm64-arm-64bit,2.5.2,42,cpu,opencv_yunet,landmark,insightface,spectral,dct,0.16,2026-09-02T04:14:05.967125+00:00
watermark_robustness,thomas_fargo_1.png,blur_1,blur,{'sigma': 1.0},True,0.998047,1.0,dd163bbf,True,False,37.2883,0.907776,33.1013,0.1.0,not-a-git-repository,3.12.10,macOS-26.6.2-arm64-arm-64bit,2.5.2,42,cpu,opencv_yunet,landmark,insightface,spectral,dct,0.16,2026-09-02T04:14:05.967125+00:00
watermark_robustness,thomas_fargo_1.png,noise_5,noise,{'sigma': 5.0},True,1.0,1.0,dd163bbf,True,False,37.2883,0.907776,35.0909,0.1.0,not-a-git-repository,3.12.10,macOS-26.6.2-arm64-arm-64bit,2.5.2,42,cpu,opencv_yunet,landmark,insightface,spectral,dct,0.16,2026-09-02T04:14:05.967125+00:00
watermark_robustness,thomas_fargo_1.png,brightness_up,brightness,{'factor': 1.2},True,0.938802,1.0,dd163bbf,True,False,37.2883,0.907776,22.8084,0.1.0,not-a-git-repository,3.12.10,macOS-26.6.2-arm64-arm-64bit,2.5.2,42,cpu,opencv_yunet,landmark,insightface,spectral,dct,0.16,2026-09-02T04:14:05.967125+00:00
watermark_robustness,thomas_fargo_1.png,contrast_down,contrast,{'factor': 0.8},True,1.0,1.0,dd163bbf,True,False,37.2883,0.907776,22.8258,0.1.0,not-a-git-repository,3.12.10,macOS-26.6.2-arm64-arm-64bit,2.5.2,42,cpu,opencv_yunet,landmark,insightface,spectral,dct,0.16,2026-09-02T04:14:05.967125+00:00
watermark_robustness,thomas_fargo_1.png,webp_q80,webp,{'quality': 80},True,0.836589,1.0,dd163bbf,True,False,37.2883,0.907776,37.2153,0.1.0,not-a-git-repository,3.12.10,macOS-26.6.2-arm64-arm-64bit,2.5.2,42,cpu,opencv_yunet,landmark,insightface,spectral,dct,0.16,2026-09-02T04:14:05.967125+00:00
watermark_robustness,thomas_fargo_1.png,screenshot,screenshot_simulation,"{'scale': 0.9, 'quality': 85}",True,0.914062,1.0,dd163bbf,True,False,37.2883,0.907776,38.2317,0.1.0,not-a-git-repository,3.12.10,macOS-26.6.2-arm64-arm-64bit,2.5.2,42,cpu,opencv_yunet,landmark,insightface,spectral,dct,0.16,2026-09-02T04:14:05.967125+00:00
watermark_robustness,thomas_fargo_2.png,jpeg_q90,jpeg_compression,{'quality': 90},True,1.0,1.0,8f8b5771,True,False,36.0375,0.900527,43.6483,0.1.0,not-a-git-repository,3.12.10,macOS-26.6.2-arm64-arm-64bit,2.5.2,42,cpu,opencv_yunet,landmark,insightface,spectral,dct,0.16,2026-09-02T04:14:05.967125+00:00
watermark_robustness,thomas_fargo_2.png,jpeg_q70,jpeg_compression,{'quality': 70},True,0.96875,1.0,8f8b5771,True,False,36.0375,0.900527,37.6699,0.1.0,not-a-git-repository,3.12.10,macOS-26.6.2-arm64-arm-64bit,2.5.2,42,cpu,opencv_yunet,landmark,insightface,spectral,dct,0.16,2026-09-02T04:14:05.967125+00:00
watermark_robustness,thomas_fargo_2.png,jpeg_q50,jpeg_compression,{'quality': 50},False,0.570312,0.5,,False,False,36.0375,0.900527,34.4068,0.1.0,not-a-git-repository,3.12.10,macOS-26.6.2-arm64-arm-64bit,2.5.2,42,cpu,opencv_yunet,landmark,insightface,spectral,dct,0.16,2026-09-02T04:14:05.967125+00:00
watermark_robustness,thomas_fargo_2.png,resize_75,resize,{'scale': 0.75},True,1.0,1.0,8f8b5771,True,False,36.0375,0.900527,42.9866,0.1.0,not-a-git-repository,3.12.10,macOS-26.6.2-arm64-arm-64bit,2.5.2,42,cpu,opencv_yunet,landmark,insightface,spectral,dct,0.16,2026-09-02T04:14:05.967125+00:00
watermark_robustness,thomas_fargo_2.png,resize_50,resize,{'scale': 0.5},False,0.853516,0.953125,,False,False,36.0375,0.900527,36.7293,0.1.0,not-a-git-repository,3.12.10,macOS-26.6.2-arm64-arm-64bit,2.5.2,42,cpu,opencv_yunet,landmark,insightface,spectral,dct,0.16,2026-09-02T04:14:05.967125+00:00
watermark_robustness,thomas_fargo_2.png,resize_25,resize,{'scale': 0.25},False,0.539062,0.5,,False,False,36.0375,0.900527,32.5542,0.1.0,not-a-git-repository,3.12.10,macOS-26.6.2-arm64-arm-64bit,2.5.2,42,cpu,opencv_yunet,landmark,insightface,spectral,dct,0.16,2026-09-02T04:14:05.967125+00:00
watermark_robustness,thomas_fargo_2.png,crop_10,crop,{'ratio': 0.1},True,1.0,0.625,8f8b5771,True,False,36.0375,0.900527,12.9635,0.1.0,not-a-git-repository,3.12.10,macOS-26.6.2-arm64-arm-64bit,2.5.2,42,cpu,opencv_yunet,landmark,insightface,spectral,dct,0.16,2026-09-02T04:14:05.967125+00:00
watermark_robustness,thomas_fargo_2.png,crop_30,crop,{'ratio': 0.3},False,0.601562,0.4375,,False,False,36.0375,0.900527,6.6375,0.1.0,not-a-git-repository,3.12.10,macOS-26.6.2-arm64-arm-64bit,2.5.2,42,cpu,opencv_yunet,landmark,insightface,spectral,dct,0.16,2026-09-02T04:14:05.967125+00:00
watermark_robustness,thomas_fargo_2.png,rotate_5,rotation,{'degrees': 5},False,0.59375,0.515625,,False,False,36.0375,0.900527,16.8501,0.1.0,not-a-git-repository,3.12.10,macOS-26.6.2-arm64-arm-64bit,2.5.2,42,cpu,opencv_yunet,landmark,insightface,spectral,dct,0.16,2026-09-02T04:14:05.967125+00:00
watermark_robustness,thomas_fargo_2.png,blur_1,blur,{'sigma': 1.0},True,0.998047,1.0,8f8b5771,True,False,36.0375,0.900527,36.0295,0.1.0,not-a-git-repository,3.12.10,macOS-26.6.2-arm64-arm-64bit,2.5.2,42,cpu,opencv_yunet,landmark,insightface,spectral,dct,0.16,2026-09-02T04:14:05.967125+00:00
watermark_robustness,thomas_fargo_2.png,noise_5,noise,{'sigma': 5.0},True,1.0,1.0,8f8b5771,True,False,36.0375,0.900527,34.2608,0.1.0,not-a-git-repository,3.12.10,macOS-26.6.2-arm64-arm-64bit,2.5.2,42,cpu,opencv_yunet,landmark,insightface,spectral,dct,0.16,2026-09-02T04:14:05.967125+00:00
watermark_robustness,thomas_fargo_2.png,brightness_up,brightness,{'factor': 1.2},True,0.980469,1.0,8f8b5771,True,False,36.0375,0.900527,23.8119,0.1.0,not-a-git-repository,3.12.10,macOS-26.6.2-arm64-arm-64bit,2.5.2,42,cpu,opencv_yunet,landmark,insightface,spectral,dct,0.16,2026-09-02T04:14:05.967125+00:00
watermark_robustness,thomas_fargo_2.png,contrast_down,contrast,{'factor': 0.8},True,1.0,1.0,8f8b5771,True,False,36.0375,0.900527,25.4583,0.1.0,not-a-git-repository,3.12.10,macOS-26.6.2-arm64-arm-64bit,2.5.2,42,cpu,opencv_yunet,landmark,insightface,spectral,dct,0.16,2026-09-02T04:14:05.967125+00:00
watermark_robustness,thomas_fargo_2.png,webp_q80,webp,{'quality': 80},True,0.971354,1.0,8f8b5771,True,False,36.0375,0.900527,37.228,0.1.0,not-a-git-repository,3.12.10,macOS-26.6.2-arm64-arm-64bit,2.5.2,42,cpu,opencv_yunet,landmark,insightface,spectral,dct,0.16,2026-09-02T04:14:05.967125+00:00
watermark_robustness,thomas_fargo_2.png,screenshot,screenshot_simulation,"{'scale': 0.9, 'quality': 85}",True,0.98112,1.0,8f8b5771,True,False,36.0375,0.900527,41.6254,0.1.0,not-a-git-repository,3.12.10,macOS-26.6.2-arm64-arm-64bit,2.5.2,42,cpu,opencv_yunet,landmark,insightface,spectral,dct,0.16,2026-09-02T04:14:05.967125+00:00
watermark_robustness,thomas_fargo_3.png,jpeg_q90,jpeg_compression,{'quality': 90},True,1.0,1.0,e72bcc8a,True,False,36.7976,0.894118,42.9549,0.1.0,not-a-git-repository,3.12.10,macOS-26.6.2-arm64-arm-64bit,2.5.2,42,cpu,opencv_yunet,landmark,insightface,spectral,dct,0.16,2026-09-02T04:14:05.967125+00:00
watermark_robustness,thomas_fargo_3.png,jpeg_q70,jpeg_compression,{'quality': 70},True,0.872396,1.0,e72bcc8a,True,False,36.7976,0.894118,37.3593,0.1.0,not-a-git-repository,3.12.10,macOS-26.6.2-arm64-arm-64bit,2.5.2,42,cpu,opencv_yunet,landmark,insightface,spectral,dct,0.16,2026-09-02T04:14:05.967125+00:00
watermark_robustness,thomas_fargo_3.png,jpeg_q50,jpeg_compression,{'quality': 50},False,0.523438,0.546875,,False,False,36.7976,0.894118,34.8127,0.1.0,not-a-git-repository,3.12.10,macOS-26.6.2-arm64-arm-64bit,2.5.2,42,cpu,opencv_yunet,landmark,insightface,spectral,dct,0.16,2026-09-02T04:14:05.967125+00:00
watermark_robustness,thomas_fargo_3.png,resize_75,resize,{'scale': 0.75},True,1.0,1.0,e72bcc8a,True,False,36.7976,0.894118,42.953,0.1.0,not-a-git-repository,3.12.10,macOS-26.6.2-arm64-arm-64bit,2.5.2,42,cpu,opencv_yunet,landmark,insightface,spectral,dct,0.16,2026-09-02T04:14:05.967125+00:00
watermark_robustness,thomas_fargo_3.png,resize_50,resize,{'scale': 0.5},False,0.825304,0.953125,,False,False,36.7976,0.894118,36.9158,0.1.0,not-a-git-repository,3.12.10,macOS-26.6.2-arm64-arm-64bit,2.5.2,42,cpu,opencv_yunet,landmark,insightface,spectral,dct,0.16,2026-09-02T04:14:05.967125+00:00
watermark_robustness,thomas_fargo_3.png,resize_25,resize,{'scale': 0.25},False,0.546875,0.46875,,False,False,36.7976,0.894118,31.7204,0.1.0,not-a-git-repository,3.12.10,macOS-26.6.2-arm64-arm-64bit,2.5.2,42,cpu,opencv_yunet,landmark,insightface,spectral,dct,0.16,2026-09-02T04:14:05.967125+00:00
watermark_robustness,thomas_fargo_3.png,crop_10,crop,{'ratio': 0.1},True,1.0,0.4375,e72bcc8a,True,False,36.7976,0.894118,13.554,0.1.0,not-a-git-repository,3.12.10,macOS-26.6.2-arm64-arm-64bit,2.5.2,42,cpu,opencv_yunet,landmark,insightface,spectral,dct,0.16,2026-09-02T04:14:05.967125+00:00
watermark_robustness,thomas_fargo_3.png,crop_30,crop,{'ratio': 0.3},False,0.5,0.578125,,False,False,36.7976,0.894118,8.0729,0.1.0,not-a-git-repository,3.12.10,macOS-26.6.2-arm64-arm-64bit,2.5.2,42,cpu,opencv_yunet,landmark,insightface,spectral,dct,0.16,2026-09-02T04:14:05.967125+00:00
watermark_robustness,thomas_fargo_3.png,rotate_5,rotation,{'degrees': 5},False,0.53125,0.59375,,False,False,36.7976,0.894118,17.4252,0.1.0,not-a-git-repository,3.12.10,macOS-26.6.2-arm64-arm-64bit,2.5.2,42,cpu,opencv_yunet,landmark,insightface,spectral,dct,0.16,2026-09-02T04:14:05.967125+00:00
watermark_robustness,thomas_fargo_3.png,blur_1,blur,{'sigma': 1.0},True,1.0,1.0,e72bcc8a,True,False,36.7976,0.894118,35.7488,0.1.0,not-a-git-repository,3.12.10,macOS-26.6.2-arm64-arm-64bit,2.5.2,42,cpu,opencv_yunet,landmark,insightface,spectral,dct,0.16,2026-09-02T04:14:05.967125+00:00
watermark_robustness,thomas_fargo_3.png,noise_5,noise,{'sigma': 5.0},True,1.0,1.0,e72bcc8a,True,False,36.7976,0.894118,34.8845,0.1.0,not-a-git-repository,3.12.10,macOS-26.6.2-arm64-arm-64bit,2.5.2,42,cpu,opencv_yunet,landmark,insightface,spectral,dct,0.16,2026-09-02T04:14:05.967125+00:00
watermark_robustness,thomas_fargo_3.png,brightness_up,brightness,{'factor': 1.2},True,0.990234,1.0,e72bcc8a,True,False,36.7976,0.894118,25.242,0.1.0,not-a-git-repository,3.12.10,macOS-26.6.2-arm64-arm-64bit,2.5.2,42,cpu,opencv_yunet,landmark,insightface,spectral,dct,0.16,2026-09-02T04:14:05.967125+00:00
watermark_robustness,thomas_fargo_3.png,contrast_down,contrast,{'factor': 0.8},True,1.0,1.0,e72bcc8a,True,False,36.7976,0.894118,26.141,0.1.0,not-a-git-repository,3.12.10,macOS-26.6.2-arm64-arm-64bit,2.5.2,42,cpu,opencv_yunet,landmark,insightface,spectral,dct,0.16,2026-09-02T04:14:05.967125+00:00
watermark_robustness,thomas_fargo_3.png,webp_q80,webp,{'quality': 80},True,0.949219,1.0,e72bcc8a,True,False,36.7976,0.894118,37.3369,0.1.0,not-a-git-repository,3.12.10,macOS-26.6.2-arm64-arm-64bit,2.5.2,42,cpu,opencv_yunet,landmark,insightface,spectral,dct,0.16,2026-09-02T04:14:05.967125+00:00
watermark_robustness,thomas_fargo_3.png,screenshot,screenshot_simulation,"{'scale': 0.9, 'quality': 85}",True,0.963542,1.0,e72bcc8a,True,False,36.7976,0.894118,41.1944,0.1.0,not-a-git-repository,3.12.10,macOS-26.6.2-arm64-arm-64bit,2.5.2,42,cpu,opencv_yunet,landmark,insightface,spectral,dct,0.16,2026-09-02T04:14:05.967125+00:00
watermark_robustness,tim_duncan_0.png,jpeg_q90,jpeg_compression,{'quality': 90},True,1.0,1.0,35f792be,True,False,36.4282,0.890906,43.9855,0.1.0,not-a-git-repository,3.12.10,macOS-26.6.2-arm64-arm-64bit,2.5.2,42,cpu,opencv_yunet,landmark,insightface,spectral,dct,0.16,2026-09-02T04:14:05.967125+00:00
watermark_robustness,tim_duncan_0.png,jpeg_q70,jpeg_compression,{'quality': 70},True,0.879557,1.0,35f792be,True,False,36.4282,0.890906,37.8102,0.1.0,not-a-git-repository,3.12.10,macOS-26.6.2-arm64-arm-64bit,2.5.2,42,cpu,opencv_yunet,landmark,insightface,spectral,dct,0.16,2026-09-02T04:14:05.967125+00:00
watermark_robustness,tim_duncan_0.png,jpeg_q50,jpeg_compression,{'quality': 50},False,0.5625,0.671875,,False,False,36.4282,0.890906,34.7215,0.1.0,not-a-git-repository,3.12.10,macOS-26.6.2-arm64-arm-64bit,2.5.2,42,cpu,opencv_yunet,landmark,insightface,spectral,dct,0.16,2026-09-02T04:14:05.967125+00:00
watermark_robustness,tim_duncan_0.png,resize_75,resize,{'scale': 0.75},True,1.0,1.0,35f792be,True,False,36.4282,0.890906,40.2763,0.1.0,not-a-git-repository,3.12.10,macOS-26.6.2-arm64-arm-64bit,2.5.2,42,cpu,opencv_yunet,landmark,insightface,spectral,dct,0.16,2026-09-02T04:14:05.967125+00:00
watermark_robustness,tim_duncan_0.png,resize_50,resize,{'scale': 0.5},False,0.826172,0.984375,,False,False,36.4282,0.890906,34.7719,0.1.0,not-a-git-repository,3.12.10,macOS-26.6.2-arm64-arm-64bit,2.5.2,42,cpu,opencv_yunet,landmark,insightface,spectral,dct,0.16,2026-09-02T04:14:05.967125+00:00
watermark_robustness,tim_duncan_0.png,resize_25,resize,{'scale': 0.25},False,0.554688,0.46875,,False,False,36.4282,0.890906,28.3183,0.1.0,not-a-git-repository,3.12.10,macOS-26.6.2-arm64-arm-64bit,2.5.2,42,cpu,opencv_yunet,landmark,insightface,spectral,dct,0.16,2026-09-02T04:14:05.967125+00:00
watermark_robustness,tim_duncan_0.png,crop_10,crop,{'ratio': 0.1},True,1.0,0.5,35f792be,True,False,36.4282,0.890906,14.1112,0.1.0,not-a-git-repository,3.12.10,macOS-26.6.2-arm64-arm-64bit,2.5.2,42,cpu,opencv_yunet,landmark,insightface,spectral,dct,0.16,2026-09-02T04:14:05.967125+00:00
watermark_robustness,tim_duncan_0.png,crop_30,crop,{'ratio': 0.3},False,0.515625,0.546875,,False,False,36.4282,0.890906,10.0956,0.1.0,not-a-git-repository,3.12.10,macOS-26.6.2-arm64-arm-64bit,2.5.2,42,cpu,opencv_yunet,landmark,insightface,spectral,dct,0.16,2026-09-02T04:14:05.967125+00:00
watermark_robustness,tim_duncan_0.png,rotate_5,rotation,{'degrees': 5},False,0.578125,0.484375,,False,False,36.4282,0.890906,16.0029,0.1.0,not-a-git-repository,3.12.10,macOS-26.6.2-arm64-arm-64bit,2.5.2,42,cpu,opencv_yunet,landmark,insightface,spectral,dct,0.16,2026-09-02T04:14:05.967125+00:00
watermark_robustness,tim_duncan_0.png,blur_1,blur,{'sigma': 1.0},True,0.984375,1.0,35f792be,True,False,36.4282,0.890906,32.8639,0.1.0,not-a-git-repository,3.12.10,macOS-26.6.2-arm64-arm-64bit,2.5.2,42,cpu,opencv_yunet,landmark,insightface,spectral,dct,0.16,2026-09-02T04:14:05.967125+00:00
watermark_robustness,tim_duncan_0.png,noise_5,noise,{'sigma': 5.0},True,1.0,1.0,35f792be,True,False,36.4282,0.890906,34.5237,0.1.0,not-a-git-repository,3.12.10,macOS-26.6.2-arm64-arm-64bit,2.5.2,42,cpu,opencv_yunet,landmark,insightface,spectral,dct,0.16,2026-09-02T04:14:05.967125+00:00
watermark_robustness,tim_duncan_0.png,brightness_up,brightness,{'factor': 1.2},True,0.977865,1.0,35f792be,True,False,36.4282,0.890906,25.3852,0.1.0,not-a-git-repository,3.12.10,macOS-26.6.2-arm64-arm-64bit,2.5.2,42,cpu,opencv_yunet,landmark,insightface,spectral,dct,0.16,2026-09-02T04:14:05.967125+00:00
watermark_robustness,tim_duncan_0.png,contrast_down,contrast,{'factor': 0.8},True,1.0,1.0,35f792be,True,False,36.4282,0.890906,26.8108,0.1.0,not-a-git-repository,3.12.10,macOS-26.6.2-arm64-arm-64bit,2.5.2,42,cpu,opencv_yunet,landmark,insightface,spectral,dct,0.16,2026-09-02T04:14:05.967125+00:00
watermark_robustness,tim_duncan_0.png,webp_q80,webp,{'quality': 80},True,0.919922,1.0,35f792be,True,False,36.4282,0.890906,37.7447,0.1.0,not-a-git-repository,3.12.10,macOS-26.6.2-arm64-arm-64bit,2.5.2,42,cpu,opencv_yunet,landmark,insightface,spectral,dct,0.16,2026-09-02T04:14:05.967125+00:00
watermark_robustness,tim_duncan_0.png,screenshot,screenshot_simulation,"{'scale': 0.9, 'quality': 85}",True,0.926432,1.0,35f792be,True,False,36.4282,0.890906,40.6713,0.1.0,not-a-git-repository,3.12.10,macOS-26.6.2-arm64-arm-64bit,2.5.2,42,cpu,opencv_yunet,landmark,insightface,spectral,dct,0.16,2026-09-02T04:14:05.967125+00:00
watermark_robustness,tim_duncan_1.png,jpeg_q90,jpeg_compression,{'quality': 90},True,1.0,1.0,d7499d62,True,False,36.2548,0.919547,42.6377,0.1.0,not-a-git-repository,3.12.10,macOS-26.6.2-arm64-arm-64bit,2.5.2,42,cpu,opencv_yunet,landmark,insightface,spectral,dct,0.16,2026-09-02T04:14:05.967125+00:00
watermark_robustness,tim_duncan_1.png,jpeg_q70,jpeg_compression,{'quality': 70},True,0.880859,1.0,d7499d62,True,False,36.2548,0.919547,36.8736,0.1.0,not-a-git-repository,3.12.10,macOS-26.6.2-arm64-arm-64bit,2.5.2,42,cpu,opencv_yunet,landmark,insightface,spectral,dct,0.16,2026-09-02T04:14:05.967125+00:00
watermark_robustness,tim_duncan_1.png,jpeg_q50,jpeg_compression,{'quality': 50},False,0.53125,0.5625,,False,False,36.2548,0.919547,33.8976,0.1.0,not-a-git-repository,3.12.10,macOS-26.6.2-arm64-arm-64bit,2.5.2,42,cpu,opencv_yunet,landmark,insightface,spectral,dct,0.16,2026-09-02T04:14:05.967125+00:00
watermark_robustness,tim_duncan_1.png,resize_75,resize,{'scale': 0.75},True,1.0,1.0,d7499d62,True,False,36.2548,0.919547,41.2565,0.1.0,not-a-git-repository,3.12.10,macOS-26.6.2-arm64-arm-64bit,2.5.2,42,cpu,opencv_yunet,landmark,insightface,spectral,dct,0.16,2026-09-02T04:14:05.967125+00:00
watermark_robustness,tim_duncan_1.png,resize_50,resize,{'scale': 0.5},True,0.205512,0.96875,d7499d62,True,False,36.2548,0.919547,34.7602,0.1.0,not-a-git-repository,3.12.10,macOS-26.6.2-arm64-arm-64bit,2.5.2,42,cpu,opencv_yunet,landmark,insightface,spectral,dct,0.16,2026-09-02T04:14:05.967125+00:00
watermark_robustness,tim_duncan_1.png,resize_25,resize,{'scale': 0.25},False,0.59375,0.5625,,False,False,36.2548,0.919547,27.5101,0.1.0,not-a-git-repository,3.12.10,macOS-26.6.2-arm64-arm-64bit,2.5.2,42,cpu,opencv_yunet,landmark,insightface,spectral,dct,0.16,2026-09-02T04:14:05.967125+00:00
watermark_robustness,tim_duncan_1.png,crop_10,crop,{'ratio': 0.1},True,1.0,0.421875,d7499d62,True,False,36.2548,0.919547,12.9787,0.1.0,not-a-git-repository,3.12.10,macOS-26.6.2-arm64-arm-64bit,2.5.2,42,cpu,opencv_yunet,landmark,insightface,spectral,dct,0.16,2026-09-02T04:14:05.967125+00:00
watermark_robustness,tim_duncan_1.png,crop_30,crop,{'ratio': 0.3},False,0.510417,0.453125,,False,False,36.2548,0.919547,10.0657,0.1.0,not-a-git-repository,3.12.10,macOS-26.6.2-arm64-arm-64bit,2.5.2,42,cpu,opencv_yunet,landmark,insightface,spectral,dct,0.16,2026-09-02T04:14:05.967125+00:00
watermark_robustness,tim_duncan_1.png,rotate_5,rotation,{'degrees': 5},False,0.601562,0.4375,,False,False,36.2548,0.919547,14.5869,0.1.0,not-a-git-repository,3.12.10,macOS-26.6.2-arm64-arm-64bit,2.5.2,42,cpu,opencv_yunet,landmark,insightface,spectral,dct,0.16,2026-09-02T04:14:05.967125+00:00
watermark_robustness,tim_duncan_1.png,blur_1,blur,{'sigma': 1.0},True,0.994141,1.0,d7499d62,True,False,36.2548,0.919547,32.3432,0.1.0,not-a-git-repository,3.12.10,macOS-26.6.2-arm64-arm-64bit,2.5.2,42,cpu,opencv_yunet,landmark,insightface,spectral,dct,0.16,2026-09-02T04:14:05.967125+00:00
watermark_robustness,tim_duncan_1.png,noise_5,noise,{'sigma': 5.0},True,1.0,1.0,d7499d62,True,False,36.2548,0.919547,34.4595,0.1.0,not-a-git-repository,3.12.10,macOS-26.6.2-arm64-arm-64bit,2.5.2,42,cpu,opencv_yunet,landmark,insightface,spectral,dct,0.16,2026-09-02T04:14:05.967125+00:00
watermark_robustness,tim_duncan_1.png,brightness_up,brightness,{'factor': 1.2},True,1.0,1.0,d7499d62,True,False,36.2548,0.919547,24.8032,0.1.0,not-a-git-repository,3.12.10,macOS-26.6.2-arm64-arm-64bit,2.5.2,42,cpu,opencv_yunet,landmark,insightface,spectral,dct,0.16,2026-09-02T04:14:05.967125+00:00
watermark_robustness,tim_duncan_1.png,contrast_down,contrast,{'factor': 0.8},True,1.0,1.0,d7499d62,True,False,36.2548,0.919547,27.7228,0.1.0,not-a-git-repository,3.12.10,macOS-26.6.2-arm64-arm-64bit,2.5.2,42,cpu,opencv_yunet,landmark,insightface,spectral,dct,0.16,2026-09-02T04:14:05.967125+00:00
watermark_robustness,tim_duncan_1.png,webp_q80,webp,{'quality': 80},True,0.911458,1.0,d7499d62,True,False,36.2548,0.919547,36.8013,0.1.0,not-a-git-repository,3.12.10,macOS-26.6.2-arm64-arm-64bit,2.5.2,42,cpu,opencv_yunet,landmark,insightface,spectral,dct,0.16,2026-09-02T04:14:05.967125+00:00
watermark_robustness,tim_duncan_1.png,screenshot,screenshot_simulation,"{'scale': 0.9, 'quality': 85}",True,0.908203,1.0,d7499d62,True,False,36.2548,0.919547,40.0917,0.1.0,not-a-git-repository,3.12.10,macOS-26.6.2-arm64-arm-64bit,2.5.2,42,cpu,opencv_yunet,landmark,insightface,spectral,dct,0.16,2026-09-02T04:14:05.967125+00:00
watermark_robustness,tim_duncan_2.png,jpeg_q90,jpeg_compression,{'quality': 90},True,1.0,1.0,807b076c,True,False,36.6147,0.886108,44.718,0.1.0,not-a-git-repository,3.12.10,macOS-26.6.2-arm64-arm-64bit,2.5.2,42,cpu,opencv_yunet,landmark,insightface,spectral,dct,0.16,2026-09-02T04:14:05.967125+00:00
watermark_robustness,tim_duncan_2.png,jpeg_q70,jpeg_compression,{'quality': 70},True,0.79362,1.0,807b076c,True,False,36.6147,0.886108,38.2787,0.1.0,not-a-git-repository,3.12.10,macOS-26.6.2-arm64-arm-64bit,2.5.2,42,cpu,opencv_yunet,landmark,insightface,spectral,dct,0.16,2026-09-02T04:14:05.967125+00:00
watermark_robustness,tim_duncan_2.png,jpeg_q50,jpeg_compression,{'quality': 50},False,0.539062,0.59375,,False,False,36.6147,0.886108,35.2043,0.1.0,not-a-git-repository,3.12.10,macOS-26.6.2-arm64-arm-64bit,2.5.2,42,cpu,opencv_yunet,landmark,insightface,spectral,dct,0.16,2026-09-02T04:14:05.967125+00:00
watermark_robustness,tim_duncan_2.png,resize_75,resize,{'scale': 0.75},True,1.0,1.0,807b076c,True,False,36.6147,0.886108,39.4047,0.1.0,not-a-git-repository,3.12.10,macOS-26.6.2-arm64-arm-64bit,2.5.2,42,cpu,opencv_yunet,landmark,insightface,spectral,dct,0.16,2026-09-02T04:14:05.967125+00:00
watermark_robustness,tim_duncan_2.png,resize_50,resize,{'scale': 0.5},True,0.134115,0.921875,807b076c,True,False,36.6147,0.886108,34.2202,0.1.0,not-a-git-repository,3.12.10,macOS-26.6.2-arm64-arm-64bit,2.5.2,42,cpu,opencv_yunet,landmark,insightface,spectral,dct,0.16,2026-09-02T04:14:05.967125+00:00
watermark_robustness,tim_duncan_2.png,resize_25,resize,{'scale': 0.25},False,0.53125,0.5,,False,False,36.6147,0.886108,29.5833,0.1.0,not-a-git-repository,3.12.10,macOS-26.6.2-arm64-arm-64bit,2.5.2,42,cpu,opencv_yunet,landmark,insightface,spectral,dct,0.16,2026-09-02T04:14:05.967125+00:00
watermark_robustness,tim_duncan_2.png,crop_10,crop,{'ratio': 0.1},True,1.0,0.34375,807b076c,True,False,36.6147,0.886108,14.658,0.1.0,not-a-git-repository,3.12.10,macOS-26.6.2-arm64-arm-64bit,2.5.2,42,cpu,opencv_yunet,landmark,insightface,spectral,dct,0.16,2026-09-02T04:14:05.967125+00:00
watermark_robustness,tim_duncan_2.png,crop_30,crop,{'ratio': 0.3},False,0.53125,0.515625,,False,False,36.6147,0.886108,9.7214,0.1.0,not-a-git-repository,3.12.10,macOS-26.6.2-arm64-arm-64bit,2.5.2,42,cpu,opencv_yunet,landmark,insightface,spectral,dct,0.16,2026-09-02T04:14:05.967125+00:00
watermark_robustness,tim_duncan_2.png,rotate_5,rotation,{'degrees': 5},False,0.507812,0.640625,,False,False,36.6147,0.886108,16.9908,0.1.0,not-a-git-repository,3.12.10,macOS-26.6.2-arm64-arm-64bit,2.5.2,42,cpu,opencv_yunet,landmark,insightface,spectral,dct,0.16,2026-09-02T04:14:05.967125+00:00
watermark_robustness,tim_duncan_2.png,blur_1,blur,{'sigma': 1.0},True,0.998047,1.0,807b076c,True,False,36.6147,0.886108,33.6903,0.1.0,not-a-git-repository,3.12.10,macOS-26.6.2-arm64-arm-64bit,2.5.2,42,cpu,opencv_yunet,landmark,insightface,spectral,dct,0.16,2026-09-02T04:14:05.967125+00:00
watermark_robustness,tim_duncan_2.png,noise_5,noise,{'sigma': 5.0},True,1.0,1.0,807b076c,True,False,36.6147,0.886108,34.6345,0.1.0,not-a-git-repository,3.12.10,macOS-26.6.2-arm64-arm-64bit,2.5.2,42,cpu,opencv_yunet,landmark,insightface,spectral,dct,0.16,2026-09-02T04:14:05.967125+00:00
watermark_robustness,tim_duncan_2.png,brightness_up,brightness,{'factor': 1.2},True,0.998047,1.0,807b076c,True,False,36.6147,0.886108,23.3171,0.1.0,not-a-git-repository,3.12.10,macOS-26.6.2-arm64-arm-64bit,2.5.2,42,cpu,opencv_yunet,landmark,insightface,spectral,dct,0.16,2026-09-02T04:14:05.967125+00:00
watermark_robustness,tim_duncan_2.png,contrast_down,contrast,{'factor': 0.8},True,1.0,1.0,807b076c,True,False,36.6147,0.886108,26.3814,0.1.0,not-a-git-repository,3.12.10,macOS-26.6.2-arm64-arm-64bit,2.5.2,42,cpu,opencv_yunet,landmark,insightface,spectral,dct,0.16,2026-09-02T04:14:05.967125+00:00
watermark_robustness,tim_duncan_2.png,webp_q80,webp,{'quality': 80},True,0.820312,1.0,807b076c,True,False,36.6147,0.886108,37.5194,0.1.0,not-a-git-repository,3.12.10,macOS-26.6.2-arm64-arm-64bit,2.5.2,42,cpu,opencv_yunet,landmark,insightface,spectral,dct,0.16,2026-09-02T04:14:05.967125+00:00
watermark_robustness,tim_duncan_2.png,screenshot,screenshot_simulation,"{'scale': 0.9, 'quality': 85}",True,0.879557,1.0,807b076c,True,False,36.6147,0.886108,40.2027,0.1.0,not-a-git-repository,3.12.10,macOS-26.6.2-arm64-arm-64bit,2.5.2,42,cpu,opencv_yunet,landmark,insightface,spectral,dct,0.16,2026-09-02T04:14:05.967125+00:00
watermark_robustness,tim_duncan_3.png,jpeg_q90,jpeg_compression,{'quality': 90},True,1.0,1.0,5fcefdfd,True,False,36.0066,0.894752,45.3846,0.1.0,not-a-git-repository,3.12.10,macOS-26.6.2-arm64-arm-64bit,2.5.2,42,cpu,opencv_yunet,landmark,insightface,spectral,dct,0.16,2026-09-02T04:14:05.967125+00:00
watermark_robustness,tim_duncan_3.png,jpeg_q70,jpeg_compression,{'quality': 70},True,0.951823,1.0,5fcefdfd,True,False,36.0066,0.894752,38.4862,0.1.0,not-a-git-repository,3.12.10,macOS-26.6.2-arm64-arm-64bit,2.5.2,42,cpu,opencv_yunet,landmark,insightface,spectral,dct,0.16,2026-09-02T04:14:05.967125+00:00
watermark_robustness,tim_duncan_3.png,jpeg_q50,jpeg_compression,{'quality': 50},False,0.515625,0.515625,,False,False,36.0066,0.894752,35.1357,0.1.0,not-a-git-repository,3.12.10,macOS-26.6.2-arm64-arm-64bit,2.5.2,42,cpu,opencv_yunet,landmark,insightface,spectral,dct,0.16,2026-09-02T04:14:05.967125+00:00
watermark_robustness,tim_duncan_3.png,resize_75,resize,{'scale': 0.75},True,1.0,1.0,5fcefdfd,True,False,36.0066,0.894752,42.9706,0.1.0,not-a-git-repository,3.12.10,macOS-26.6.2-arm64-arm-64bit,2.5.2,42,cpu,opencv_yunet,landmark,insightface,spectral,dct,0.16,2026-09-02T04:14:05.967125+00:00
watermark_robustness,tim_duncan_3.png,resize_50,resize,{'scale': 0.5},False,0.792969,0.890625,,False,False,36.0066,0.894752,36.6612,0.1.0,not-a-git-repository,3.12.10,macOS-26.6.2-arm64-arm-64bit,2.5.2,42,cpu,opencv_yunet,landmark,insightface,spectral,dct,0.16,2026-09-02T04:14:05.967125+00:00
watermark_robustness,tim_duncan_3.png,resize_25,resize,{'scale': 0.25},False,0.554688,0.421875,,False,False,36.0066,0.894752,32.5983,0.1.0,not-a-git-repository,3.12.10,macOS-26.6.2-arm64-arm-64bit,2.5.2,42,cpu,opencv_yunet,landmark,insightface,spectral,dct,0.16,2026-09-02T04:14:05.967125+00:00
watermark_robustness,tim_duncan_3.png,crop_10,crop,{'ratio': 0.1},True,1.0,0.5,5fcefdfd,True,False,36.0066,0.894752,14.0128,0.1.0,not-a-git-repository,3.12.10,macOS-26.6.2-arm64-arm-64bit,2.5.2,42,cpu,opencv_yunet,landmark,insightface,spectral,dct,0.16,2026-09-02T04:14:05.967125+00:00
watermark_robustness,tim_duncan_3.png,crop_30,crop,{'ratio': 0.3},False,0.539062,0.59375,,False,False,36.0066,0.894752,12.8939,0.1.0,not-a-git-repository,3.12.10,macOS-26.6.2-arm64-arm-64bit,2.5.2,42,cpu,opencv_yunet,landmark,insightface,spectral,dct,0.16,2026-09-02T04:14:05.967125+00:00
watermark_robustness,tim_duncan_3.png,rotate_5,rotation,{'degrees': 5},False,0.5625,0.390625,,False,False,36.0066,0.894752,16.0997,0.1.0,not-a-git-repository,3.12.10,macOS-26.6.2-arm64-arm-64bit,2.5.2,42,cpu,opencv_yunet,landmark,insightface,spectral,dct,0.16,2026-09-02T04:14:05.967125+00:00
watermark_robustness,tim_duncan_3.png,blur_1,blur,{'sigma': 1.0},True,1.0,1.0,5fcefdfd,True,False,36.0066,0.894752,36.1601,0.1.0,not-a-git-repository,3.12.10,macOS-26.6.2-arm64-arm-64bit,2.5.2,42,cpu,opencv_yunet,landmark,insightface,spectral,dct,0.16,2026-09-02T04:14:05.967125+00:00
watermark_robustness,tim_duncan_3.png,noise_5,noise,{'sigma': 5.0},True,1.0,1.0,5fcefdfd,True,False,36.0066,0.894752,34.2519,0.1.0,not-a-git-repository,3.12.10,macOS-26.6.2-arm64-arm-64bit,2.5.2,42,cpu,opencv_yunet,landmark,insightface,spectral,dct,0.16,2026-09-02T04:14:05.967125+00:00
watermark_robustness,tim_duncan_3.png,brightness_up,brightness,{'factor': 1.2},True,0.996094,1.0,5fcefdfd,True,False,36.0066,0.894752,22.4678,0.1.0,not-a-git-repository,3.12.10,macOS-26.6.2-arm64-arm-64bit,2.5.2,42,cpu,opencv_yunet,landmark,insightface,spectral,dct,0.16,2026-09-02T04:14:05.967125+00:00
watermark_robustness,tim_duncan_3.png,contrast_down,contrast,{'factor': 0.8},True,1.0,1.0,5fcefdfd,True,False,36.0066,0.894752,28.2699,0.1.0,not-a-git-repository,3.12.10,macOS-26.6.2-arm64-arm-64bit,2.5.2,42,cpu,opencv_yunet,landmark,insightface,spectral,dct,0.16,2026-09-02T04:14:05.967125+00:00
watermark_robustness,tim_duncan_3.png,webp_q80,webp,{'quality': 80},True,0.974609,1.0,5fcefdfd,True,False,36.0066,0.894752,37.5856,0.1.0,not-a-git-repository,3.12.10,macOS-26.6.2-arm64-arm-64bit,2.5.2,42,cpu,opencv_yunet,landmark,insightface,spectral,dct,0.16,2026-09-02T04:14:05.967125+00:00
watermark_robustness,tim_duncan_3.png,screenshot,screenshot_simulation,"{'scale': 0.9, 'quality': 85}",True,0.970052,1.0,5fcefdfd,True,False,36.0066,0.894752,42.6435,0.1.0,not-a-git-repository,3.12.10,macOS-26.6.2-arm64-arm-64bit,2.5.2,42,cpu,opencv_yunet,landmark,insightface,spectral,dct,0.16,2026-09-02T04:14:05.967125+00:00
watermark_robustness,tom_hanks_0.png,jpeg_q90,jpeg_compression,{'quality': 90},True,1.0,1.0,bd6cfdb8,True,False,36.0667,0.907838,42.2954,0.1.0,not-a-git-repository,3.12.10,macOS-26.6.2-arm64-arm-64bit,2.5.2,42,cpu,opencv_yunet,landmark,insightface,spectral,dct,0.16,2026-09-02T04:14:05.967125+00:00
watermark_robustness,tom_hanks_0.png,jpeg_q70,jpeg_compression,{'quality': 70},True,0.947266,1.0,bd6cfdb8,True,False,36.0667,0.907838,36.683,0.1.0,not-a-git-repository,3.12.10,macOS-26.6.2-arm64-arm-64bit,2.5.2,42,cpu,opencv_yunet,landmark,insightface,spectral,dct,0.16,2026-09-02T04:14:05.967125+00:00
watermark_robustness,tom_hanks_0.png,jpeg_q50,jpeg_compression,{'quality': 50},False,0.546875,0.609375,,False,False,36.0667,0.907838,33.8071,0.1.0,not-a-git-repository,3.12.10,macOS-26.6.2-arm64-arm-64bit,2.5.2,42,cpu,opencv_yunet,landmark,insightface,spectral,dct,0.16,2026-09-02T04:14:05.967125+00:00
watermark_robustness,tom_hanks_0.png,resize_75,resize,{'scale': 0.75},True,1.0,1.0,bd6cfdb8,True,False,36.0667,0.907838,39.7929,0.1.0,not-a-git-repository,3.12.10,macOS-26.6.2-arm64-arm-64bit,2.5.2,42,cpu,opencv_yunet,landmark,insightface,spectral,dct,0.16,2026-09-02T04:14:05.967125+00:00
watermark_robustness,tom_hanks_0.png,resize_50,resize,{'scale': 0.5},True,0.144878,0.9375,bd6cfdb8,True,False,36.0667,0.907838,34.477,0.1.0,not-a-git-repository,3.12.10,macOS-26.6.2-arm64-arm-64bit,2.5.2,42,cpu,opencv_yunet,landmark,insightface,spectral,dct,0.16,2026-09-02T04:14:05.967125+00:00
watermark_robustness,tom_hanks_0.png,resize_25,resize,{'scale': 0.25},False,0.570312,0.578125,,False,False,36.0667,0.907838,29.9939,0.1.0,not-a-git-repository,3.12.10,macOS-26.6.2-arm64-arm-64bit,2.5.2,42,cpu,opencv_yunet,landmark,insightface,spectral,dct,0.16,2026-09-02T04:14:05.967125+00:00
watermark_robustness,tom_hanks_0.png,crop_10,crop,{'ratio': 0.1},True,1.0,0.328125,bd6cfdb8,True,False,36.0667,0.907838,12.7577,0.1.0,not-a-git-repository,3.12.10,macOS-26.6.2-arm64-arm-64bit,2.5.2,42,cpu,opencv_yunet,landmark,insightface,spectral,dct,0.16,2026-09-02T04:14:05.967125+00:00
watermark_robustness,tom_hanks_0.png,crop_30,crop,{'ratio': 0.3},False,0.640625,0.453125,,False,False,36.0667,0.907838,9.651,0.1.0,not-a-git-repository,3.12.10,macOS-26.6.2-arm64-arm-64bit,2.5.2,42,cpu,opencv_yunet,landmark,insightface,spectral,dct,0.16,2026-09-02T04:14:05.967125+00:00
watermark_robustness,tom_hanks_0.png,rotate_5,rotation,{'degrees': 5},False,0.539062,0.390625,,False,False,36.0667,0.907838,16.6389,0.1.0,not-a-git-repository,3.12.10,macOS-26.6.2-arm64-arm-64bit,2.5.2,42,cpu,opencv_yunet,landmark,insightface,spectral,dct,0.16,2026-09-02T04:14:05.967125+00:00
watermark_robustness,tom_hanks_0.png,blur_1,blur,{'sigma': 1.0},True,1.0,1.0,bd6cfdb8,True,False,36.0667,0.907838,33.575,0.1.0,not-a-git-repository,3.12.10,macOS-26.6.2-arm64-arm-64bit,2.5.2,42,cpu,opencv_yunet,landmark,insightface,spectral,dct,0.16,2026-09-02T04:14:05.967125+00:00
watermark_robustness,tom_hanks_0.png,noise_5,noise,{'sigma': 5.0},True,1.0,1.0,bd6cfdb8,True,False,36.0667,0.907838,34.2781,0.1.0,not-a-git-repository,3.12.10,macOS-26.6.2-arm64-arm-64bit,2.5.2,42,cpu,opencv_yunet,landmark,insightface,spectral,dct,0.16,2026-09-02T04:14:05.967125+00:00
watermark_robustness,tom_hanks_0.png,brightness_up,brightness,{'factor': 1.2},True,0.979818,1.0,bd6cfdb8,True,False,36.0667,0.907838,21.9948,0.1.0,not-a-git-repository,3.12.10,macOS-26.6.2-arm64-arm-64bit,2.5.2,42,cpu,opencv_yunet,landmark,insightface,spectral,dct,0.16,2026-09-02T04:14:05.967125+00:00
watermark_robustness,tom_hanks_0.png,contrast_down,contrast,{'factor': 0.8},True,1.0,1.0,bd6cfdb8,True,False,36.0667,0.907838,26.0392,0.1.0,not-a-git-repository,3.12.10,macOS-26.6.2-arm64-arm-64bit,2.5.2,42,cpu,opencv_yunet,landmark,insightface,spectral,dct,0.16,2026-09-02T04:14:05.967125+00:00
watermark_robustness,tom_hanks_0.png,webp_q80,webp,{'quality': 80},True,0.998047,1.0,bd6cfdb8,True,False,36.0667,0.907838,36.8654,0.1.0,not-a-git-repository,3.12.10,macOS-26.6.2-arm64-arm-64bit,2.5.2,42,cpu,opencv_yunet,landmark,insightface,spectral,dct,0.16,2026-09-02T04:14:05.967125+00:00
watermark_robustness,tom_hanks_0.png,screenshot,screenshot_simulation,"{'scale': 0.9, 'quality': 85}",True,1.0,1.0,bd6cfdb8,True,False,36.0667,0.907838,38.9672,0.1.0,not-a-git-repository,3.12.10,macOS-26.6.2-arm64-arm-64bit,2.5.2,42,cpu,opencv_yunet,landmark,insightface,spectral,dct,0.16,2026-09-02T04:14:05.967125+00:00
watermark_robustness,tom_hanks_1.png,jpeg_q90,jpeg_compression,{'quality': 90},True,1.0,1.0,b9299d1a,True,False,35.9198,0.877954,44.8088,0.1.0,not-a-git-repository,3.12.10,macOS-26.6.2-arm64-arm-64bit,2.5.2,42,cpu,opencv_yunet,landmark,insightface,spectral,dct,0.16,2026-09-02T04:14:05.967125+00:00
watermark_robustness,tom_hanks_1.png,jpeg_q70,jpeg_compression,{'quality': 70},True,0.984375,1.0,b9299d1a,True,False,35.9198,0.877954,38.1025,0.1.0,not-a-git-repository,3.12.10,macOS-26.6.2-arm64-arm-64bit,2.5.2,42,cpu,opencv_yunet,landmark,insightface,spectral,dct,0.16,2026-09-02T04:14:05.967125+00:00
watermark_robustness,tom_hanks_1.png,jpeg_q50,jpeg_compression,{'quality': 50},False,0.523438,0.59375,,False,False,35.9198,0.877954,34.9096,0.1.0,not-a-git-repository,3.12.10,macOS-26.6.2-arm64-arm-64bit,2.5.2,42,cpu,opencv_yunet,landmark,insightface,spectral,dct,0.16,2026-09-02T04:14:05.967125+00:00
watermark_robustness,tom_hanks_1.png,resize_75,resize,{'scale': 0.75},True,1.0,1.0,b9299d1a,True,False,35.9198,0.877954,41.5454,0.1.0,not-a-git-repository,3.12.10,macOS-26.6.2-arm64-arm-64bit,2.5.2,42,cpu,opencv_yunet,landmark,insightface,spectral,dct,0.16,2026-09-02T04:14:05.967125+00:00
watermark_robustness,tom_hanks_1.png,resize_50,resize,{'scale': 0.5},True,0.272352,0.96875,b9299d1a,True,False,35.9198,0.877954,35.2866,0.1.0,not-a-git-repository,3.12.10,macOS-26.6.2-arm64-arm-64bit,2.5.2,42,cpu,opencv_yunet,landmark,insightface,spectral,dct,0.16,2026-09-02T04:14:05.967125+00:00
watermark_robustness,tom_hanks_1.png,resize_25,resize,{'scale': 0.25},False,0.5625,0.390625,,False,False,35.9198,0.877954,30.4656,0.1.0,not-a-git-repository,3.12.10,macOS-26.6.2-arm64-arm-64bit,2.5.2,42,cpu,opencv_yunet,landmark,insightface,spectral,dct,0.16,2026-09-02T04:14:05.967125+00:00
watermark_robustness,tom_hanks_1.png,crop_10,crop,{'ratio': 0.1},True,1.0,0.46875,b9299d1a,True,False,35.9198,0.877954,15.0719,0.1.0,not-a-git-repository,3.12.10,macOS-26.6.2-arm64-arm-64bit,2.5.2,42,cpu,opencv_yunet,landmark,insightface,spectral,dct,0.16,2026-09-02T04:14:05.967125+00:00
watermark_robustness,tom_hanks_1.png,crop_30,crop,{'ratio': 0.3},False,0.601562,0.40625,,False,False,35.9198,0.877954,9.6654,0.1.0,not-a-git-repository,3.12.10,macOS-26.6.2-arm64-arm-64bit,2.5.2,42,cpu,opencv_yunet,landmark,insightface,spectral,dct,0.16,2026-09-02T04:14:05.967125+00:00
watermark_robustness,tom_hanks_1.png,rotate_5,rotation,{'degrees': 5},False,0.554688,0.59375,,False,False,35.9198,0.877954,17.9924,0.1.0,not-a-git-repository,3.12.10,macOS-26.6.2-arm64-arm-64bit,2.5.2,42,cpu,opencv_yunet,landmark,insightface,spectral,dct,0.16,2026-09-02T04:14:05.967125+00:00
watermark_robustness,tom_hanks_1.png,blur_1,blur,{'sigma': 1.0},True,1.0,1.0,b9299d1a,True,False,35.9198,0.877954,34.5241,0.1.0,not-a-git-repository,3.12.10,macOS-26.6.2-arm64-arm-64bit,2.5.2,42,cpu,opencv_yunet,landmark,insightface,spectral,dct,0.16,2026-09-02T04:14:05.967125+00:00
watermark_robustness,tom_hanks_1.png,noise_5,noise,{'sigma': 5.0},True,1.0,1.0,b9299d1a,True,False,35.9198,0.877954,34.3376,0.1.0,not-a-git-repository,3.12.10,macOS-26.6.2-arm64-arm-64bit,2.5.2,42,cpu,opencv_yunet,landmark,insightface,spectral,dct,0.16,2026-09-02T04:14:05.967125+00:00
watermark_robustness,tom_hanks_1.png,brightness_up,brightness,{'factor': 1.2},True,0.998047,1.0,b9299d1a,True,False,35.9198,0.877954,24.389,0.1.0,not-a-git-repository,3.12.10,macOS-26.6.2-arm64-arm-64bit,2.5.2,42,cpu,opencv_yunet,landmark,insightface,spectral,dct,0.16,2026-09-02T04:14:05.967125+00:00
watermark_robustness,tom_hanks_1.png,contrast_down,contrast,{'factor': 0.8},True,1.0,1.0,b9299d1a,True,False,35.9198,0.877954,27.0721,0.1.0,not-a-git-repository,3.12.10,macOS-26.6.2-arm64-arm-64bit,2.5.2,42,cpu,opencv_yunet,landmark,insightface,spectral,dct,0.16,2026-09-02T04:14:05.967125+00:00
watermark_robustness,tom_hanks_1.png,webp_q80,webp,{'quality': 80},True,0.997396,1.0,b9299d1a,True,False,35.9198,0.877954,37.822,0.1.0,not-a-git-repository,3.12.10,macOS-26.6.2-arm64-arm-64bit,2.5.2,42,cpu,opencv_yunet,landmark,insightface,spectral,dct,0.16,2026-09-02T04:14:05.967125+00:00
watermark_robustness,tom_hanks_1.png,screenshot,screenshot_simulation,"{'scale': 0.9, 'quality': 85}",True,1.0,1.0,b9299d1a,True,False,35.9198,0.877954,41.6867,0.1.0,not-a-git-repository,3.12.10,macOS-26.6.2-arm64-arm-64bit,2.5.2,42,cpu,opencv_yunet,landmark,insightface,spectral,dct,0.16,2026-09-02T04:14:05.967125+00:00
watermark_robustness,tom_hanks_2.png,jpeg_q90,jpeg_compression,{'quality': 90},True,0.998047,1.0,fc74205c,True,False,37.0022,0.904243,43.3368,0.1.0,not-a-git-repository,3.12.10,macOS-26.6.2-arm64-arm-64bit,2.5.2,42,cpu,opencv_yunet,landmark,insightface,spectral,dct,0.16,2026-09-02T04:14:05.967125+00:00
watermark_robustness,tom_hanks_2.png,jpeg_q70,jpeg_compression,{'quality': 70},True,0.785807,1.0,fc74205c,True,False,37.0022,0.904243,37.418,0.1.0,not-a-git-repository,3.12.10,macOS-26.6.2-arm64-arm-64bit,2.5.2,42,cpu,opencv_yunet,landmark,insightface,spectral,dct,0.16,2026-09-02T04:14:05.967125+00:00
watermark_robustness,tom_hanks_2.png,jpeg_q50,jpeg_compression,{'quality': 50},False,0.523438,0.671875,,False,False,37.0022,0.904243,34.7482,0.1.0,not-a-git-repository,3.12.10,macOS-26.6.2-arm64-arm-64bit,2.5.2,42,cpu,opencv_yunet,landmark,insightface,spectral,dct,0.16,2026-09-02T04:14:05.967125+00:00
watermark_robustness,tom_hanks_2.png,resize_75,resize,{'scale': 0.75},True,0.998047,1.0,fc74205c,True,False,37.0022,0.904243,36.0682,0.1.0,not-a-git-repository,3.12.10,macOS-26.6.2-arm64-arm-64bit,2.5.2,42,cpu,opencv_yunet,landmark,insightface,spectral,dct,0.16,2026-09-02T04:14:05.967125+00:00
watermark_robustness,tom_hanks_2.png,resize_50,resize,{'scale': 0.5},False,0.757161,0.84375,,False,False,37.0022,0.904243,32.0004,0.1.0,not-a-git-repository,3.12.10,macOS-26.6.2-arm64-arm-64bit,2.5.2,42,cpu,opencv_yunet,landmark,insightface,spectral,dct,0.16,2026-09-02T04:14:05.967125+00:00
watermark_robustness,tom_hanks_2.png,resize_25,resize,{'scale': 0.25},False,0.523438,0.53125,,False,False,37.0022,0.904243,27.686,0.1.0,not-a-git-repository,3.12.10,macOS-26.6.2-arm64-arm-64bit,2.5.2,42,cpu,opencv_yunet,landmark,insightface,spectral,dct,0.16,2026-09-02T04:14:05.967125+00:00
watermark_robustness,tom_hanks_2.png,crop_10,crop,{'ratio': 0.1},True,1.0,0.46875,fc74205c,True,False,37.0022,0.904243,10.9691,0.1.0,not-a-git-repository,3.12.10,macOS-26.6.2-arm64-arm-64bit,2.5.2,42,cpu,opencv_yunet,landmark,insightface,spectral,dct,0.16,2026-09-02T04:14:05.967125+00:00
watermark_robustness,tom_hanks_2.png,crop_30,crop,{'ratio': 0.3},False,0.578125,0.5625,,False,False,37.0022,0.904243,9.0577,0.1.0,not-a-git-repository,3.12.10,macOS-26.6.2-arm64-arm-64bit,2.5.2,42,cpu,opencv_yunet,landmark,insightface,spectral,dct,0.16,2026-09-02T04:14:05.967125+00:00
watermark_robustness,tom_hanks_2.png,rotate_5,rotation,{'degrees': 5},False,0.476562,0.421875,,False,False,37.0022,0.904243,16.4279,0.1.0,not-a-git-repository,3.12.10,macOS-26.6.2-arm64-arm-64bit,2.5.2,42,cpu,opencv_yunet,landmark,insightface,spectral,dct,0.16,2026-09-02T04:14:05.967125+00:00
watermark_robustness,tom_hanks_2.png,blur_1,blur,{'sigma': 1.0},True,0.998047,1.0,fc74205c,True,False,37.0022,0.904243,31.3865,0.1.0,not-a-git-repository,3.12.10,macOS-26.6.2-arm64-arm-64bit,2.5.2,42,cpu,opencv_yunet,landmark,insightface,spectral,dct,0.16,2026-09-02T04:14:05.967125+00:00
watermark_robustness,tom_hanks_2.png,noise_5,noise,{'sigma': 5.0},True,0.998047,1.0,fc74205c,True,False,37.0022,0.904243,34.9509,0.1.0,not-a-git-repository,3.12.10,macOS-26.6.2-arm64-arm-64bit,2.5.2,42,cpu,opencv_yunet,landmark,insightface,spectral,dct,0.16,2026-09-02T04:14:05.967125+00:00
watermark_robustness,tom_hanks_2.png,brightness_up,brightness,{'factor': 1.2},True,0.996094,1.0,fc74205c,True,False,37.0022,0.904243,22.3961,0.1.0,not-a-git-repository,3.12.10,macOS-26.6.2-arm64-arm-64bit,2.5.2,42,cpu,opencv_yunet,landmark,insightface,spectral,dct,0.16,2026-09-02T04:14:05.967125+00:00
watermark_robustness,tom_hanks_2.png,contrast_down,contrast,{'factor': 0.8},True,1.0,1.0,fc74205c,True,False,37.0022,0.904243,24.5487,0.1.0,not-a-git-repository,3.12.10,macOS-26.6.2-arm64-arm-64bit,2.5.2,42,cpu,opencv_yunet,landmark,insightface,spectral,dct,0.16,2026-09-02T04:14:05.967125+00:00
watermark_robustness,tom_hanks_2.png,webp_q80,webp,{'quality': 80},True,0.854818,1.0,fc74205c,True,False,37.0022,0.904243,37.2031,0.1.0,not-a-git-repository,3.12.10,macOS-26.6.2-arm64-arm-64bit,2.5.2,42,cpu,opencv_yunet,landmark,insightface,spectral,dct,0.16,2026-09-02T04:14:05.967125+00:00
watermark_robustness,tom_hanks_2.png,screenshot,screenshot_simulation,"{'scale': 0.9, 'quality': 85}",True,0.894531,1.0,fc74205c,True,False,37.0022,0.904243,37.8002,0.1.0,not-a-git-repository,3.12.10,macOS-26.6.2-arm64-arm-64bit,2.5.2,42,cpu,opencv_yunet,landmark,insightface,spectral,dct,0.16,2026-09-02T04:14:05.967125+00:00
watermark_robustness,tom_hanks_3.png,jpeg_q90,jpeg_compression,{'quality': 90},True,0.998047,1.0,69bb8d0c,True,False,36.0999,0.909876,43.8899,0.1.0,not-a-git-repository,3.12.10,macOS-26.6.2-arm64-arm-64bit,2.5.2,42,cpu,opencv_yunet,landmark,insightface,spectral,dct,0.16,2026-09-02T04:14:05.967125+00:00
watermark_robustness,tom_hanks_3.png,jpeg_q70,jpeg_compression,{'quality': 70},True,0.942057,1.0,69bb8d0c,True,False,36.0999,0.909876,37.3919,0.1.0,not-a-git-repository,3.12.10,macOS-26.6.2-arm64-arm-64bit,2.5.2,42,cpu,opencv_yunet,landmark,insightface,spectral,dct,0.16,2026-09-02T04:14:05.967125+00:00
watermark_robustness,tom_hanks_3.png,jpeg_q50,jpeg_compression,{'quality': 50},False,0.554688,0.578125,,False,False,36.0999,0.909876,34.1454,0.1.0,not-a-git-repository,3.12.10,macOS-26.6.2-arm64-arm-64bit,2.5.2,42,cpu,opencv_yunet,landmark,insightface,spectral,dct,0.16,2026-09-02T04:14:05.967125+00:00
watermark_robustness,tom_hanks_3.png,resize_75,resize,{'scale': 0.75},True,0.996094,1.0,69bb8d0c,True,False,36.0999,0.909876,32.9874,0.1.0,not-a-git-repository,3.12.10,macOS-26.6.2-arm64-arm-64bit,2.5.2,42,cpu,opencv_yunet,landmark,insightface,spectral,dct,0.16,2026-09-02T04:14:05.967125+00:00
watermark_robustness,tom_hanks_3.png,resize_50,resize,{'scale': 0.5},False,0.81901,0.96875,,False,False,36.0999,0.909876,28.6383,0.1.0,not-a-git-repository,3.12.10,macOS-26.6.2-arm64-arm-64bit,2.5.2,42,cpu,opencv_yunet,landmark,insightface,spectral,dct,0.16,2026-09-02T04:14:05.967125+00:00
watermark_robustness,tom_hanks_3.png,resize_25,resize,{'scale': 0.25},False,0.523438,0.5625,,False,False,36.0999,0.909876,24.9981,0.1.0,not-a-git-repository,3.12.10,macOS-26.6.2-arm64-arm-64bit,2.5.2,42,cpu,opencv_yunet,landmark,insightface,spectral,dct,0.16,2026-09-02T04:14:05.967125+00:00
watermark_robustness,tom_hanks_3.png,crop_10,crop,{'ratio': 0.1},True,1.0,0.484375,69bb8d0c,True,False,36.0999,0.909876,10.8956,0.1.0,not-a-git-repository,3.12.10,macOS-26.6.2-arm64-arm-64bit,2.5.2,42,cpu,opencv_yunet,landmark,insightface,spectral,dct,0.16,2026-09-02T04:14:05.967125+00:00
watermark_robustness,tom_hanks_3.png,crop_30,crop,{'ratio': 0.3},False,0.572917,0.5,,False,False,36.0999,0.909876,9.4941,0.1.0,not-a-git-repository,3.12.10,macOS-26.6.2-arm64-arm-64bit,2.5.2,42,cpu,opencv_yunet,landmark,insightface,spectral,dct,0.16,2026-09-02T04:14:05.967125+00:00
watermark_robustness,tom_hanks_3.png,rotate_5,rotation,{'degrees': 5},False,0.554688,0.484375,,False,False,36.0999,0.909876,13.94,0.1.0,not-a-git-repository,3.12.10,macOS-26.6.2-arm64-arm-64bit,2.5.2,42,cpu,opencv_yunet,landmark,insightface,spectral,dct,0.16,2026-09-02T04:14:05.967125+00:00
watermark_robustness,tom_hanks_3.png,blur_1,blur,{'sigma': 1.0},True,0.996094,1.0,69bb8d0c,True,False,36.0999,0.909876,28.6977,0.1.0,not-a-git-repository,3.12.10,macOS-26.6.2-arm64-arm-64bit,2.5.2,42,cpu,opencv_yunet,landmark,insightface,spectral,dct,0.16,2026-09-02T04:14:05.967125+00:00
watermark_robustness,tom_hanks_3.png,noise_5,noise,{'sigma': 5.0},True,0.998047,1.0,69bb8d0c,True,False,36.0999,0.909876,34.2351,0.1.0,not-a-git-repository,3.12.10,macOS-26.6.2-arm64-arm-64bit,2.5.2,42,cpu,opencv_yunet,landmark,insightface,spectral,dct,0.16,2026-09-02T04:14:05.967125+00:00
watermark_robustness,tom_hanks_3.png,brightness_up,brightness,{'factor': 1.2},True,0.886068,1.0,69bb8d0c,True,False,36.0999,0.909876,20.9778,0.1.0,not-a-git-repository,3.12.10,macOS-26.6.2-arm64-arm-64bit,2.5.2,42,cpu,opencv_yunet,landmark,insightface,spectral,dct,0.16,2026-09-02T04:14:05.967125+00:00
watermark_robustness,tom_hanks_3.png,contrast_down,contrast,{'factor': 0.8},True,1.0,1.0,69bb8d0c,True,False,36.0999,0.909876,24.3001,0.1.0,not-a-git-repository,3.12.10,macOS-26.6.2-arm64-arm-64bit,2.5.2,42,cpu,opencv_yunet,landmark,insightface,spectral,dct,0.16,2026-09-02T04:14:05.967125+00:00
watermark_robustness,tom_hanks_3.png,webp_q80,webp,{'quality': 80},True,0.990234,1.0,69bb8d0c,True,False,36.0999,0.909876,37.2201,0.1.0,not-a-git-repository,3.12.10,macOS-26.6.2-arm64-arm-64bit,2.5.2,42,cpu,opencv_yunet,landmark,insightface,spectral,dct,0.16,2026-09-02T04:14:05.967125+00:00
watermark_robustness,tom_hanks_3.png,screenshot,screenshot_simulation,"{'scale': 0.9, 'quality': 85}",True,0.994141,1.0,69bb8d0c,True,False,36.0999,0.909876,34.2085,0.1.0,not-a-git-repository,3.12.10,macOS-26.6.2-arm64-arm-64bit,2.5.2,42,cpu,opencv_yunet,landmark,insightface,spectral,dct,0.16,2026-09-02T04:14:05.967125+00:00
watermark_robustness,tom_hanks_4.png,jpeg_q90,jpeg_compression,{'quality': 90},True,1.0,1.0,1f6ac5b8,True,False,36.2044,0.901462,42.9153,0.1.0,not-a-git-repository,3.12.10,macOS-26.6.2-arm64-arm-64bit,2.5.2,42,cpu,opencv_yunet,landmark,insightface,spectral,dct,0.16,2026-09-02T04:14:05.967125+00:00
watermark_robustness,tom_hanks_4.png,jpeg_q70,jpeg_compression,{'quality': 70},True,0.943359,1.0,1f6ac5b8,True,False,36.2044,0.901462,36.6835,0.1.0,not-a-git-repository,3.12.10,macOS-26.6.2-arm64-arm-64bit,2.5.2,42,cpu,opencv_yunet,landmark,insightface,spectral,dct,0.16,2026-09-02T04:14:05.967125+00:00
watermark_robustness,tom_hanks_4.png,jpeg_q50,jpeg_compression,{'quality': 50},False,0.515625,0.5625,,False,False,36.2044,0.901462,33.7049,0.1.0,not-a-git-repository,3.12.10,macOS-26.6.2-arm64-arm-64bit,2.5.2,42,cpu,opencv_yunet,landmark,insightface,spectral,dct,0.16,2026-09-02T04:14:05.967125+00:00
watermark_robustness,tom_hanks_4.png,resize_75,resize,{'scale': 0.75},True,1.0,1.0,1f6ac5b8,True,False,36.2044,0.901462,36.8136,0.1.0,not-a-git-repository,3.12.10,macOS-26.6.2-arm64-arm-64bit,2.5.2,42,cpu,opencv_yunet,landmark,insightface,spectral,dct,0.16,2026-09-02T04:14:05.967125+00:00
watermark_robustness,tom_hanks_4.png,resize_50,resize,{'scale': 0.5},False,0.794922,0.953125,,False,False,36.2044,0.901462,31.272,0.1.0,not-a-git-repository,3.12.10,macOS-26.6.2-arm64-arm-64bit,2.5.2,42,cpu,opencv_yunet,landmark,insightface,spectral,dct,0.16,2026-09-02T04:14:05.967125+00:00
watermark_robustness,tom_hanks_4.png,resize_25,resize,{'scale': 0.25},False,0.578125,0.375,,False,False,36.2044,0.901462,25.7916,0.1.0,not-a-git-repository,3.12.10,macOS-26.6.2-arm64-arm-64bit,2.5.2,42,cpu,opencv_yunet,landmark,insightface,spectral,dct,0.16,2026-09-02T04:14:05.967125+00:00
watermark_robustness,tom_hanks_4.png,crop_10,crop,{'ratio': 0.1},True,1.0,0.5625,1f6ac5b8,True,False,36.2044,0.901462,8.8015,0.1.0,not-a-git-repository,3.12.10,macOS-26.6.2-arm64-arm-64bit,2.5.2,42,cpu,opencv_yunet,landmark,insightface,spectral,dct,0.16,2026-09-02T04:14:05.967125+00:00
watermark_robustness,tom_hanks_4.png,crop_30,crop,{'ratio': 0.3},False,0.570312,0.390625,,False,False,36.2044,0.901462,9.0843,0.1.0,not-a-git-repository,3.12.10,macOS-26.6.2-arm64-arm-64bit,2.5.2,42,cpu,opencv_yunet,landmark,insightface,spectral,dct,0.16,2026-09-02T04:14:05.967125+00:00
watermark_robustness,tom_hanks_4.png,rotate_5,rotation,{'degrees': 5},False,0.523438,0.625,,False,False,36.2044,0.901462,13.3681,0.1.0,not-a-git-repository,3.12.10,macOS-26.6.2-arm64-arm-64bit,2.5.2,42,cpu,opencv_yunet,landmark,insightface,spectral,dct,0.16,2026-09-02T04:14:05.967125+00:00
watermark_robustness,tom_hanks_4.png,blur_1,blur,{'sigma': 1.0},True,0.998047,1.0,1f6ac5b8,True,False,36.2044,0.901462,30.3334,0.1.0,not-a-git-repository,3.12.10,macOS-26.6.2-arm64-arm-64bit,2.5.2,42,cpu,opencv_yunet,landmark,insightface,spectral,dct,0.16,2026-09-02T04:14:05.967125+00:00
watermark_robustness,tom_hanks_4.png,noise_5,noise,{'sigma': 5.0},True,1.0,1.0,1f6ac5b8,True,False,36.2044,0.901462,34.3047,0.1.0,not-a-git-repository,3.12.10,macOS-26.6.2-arm64-arm-64bit,2.5.2,42,cpu,opencv_yunet,landmark,insightface,spectral,dct,0.16,2026-09-02T04:14:05.967125+00:00
watermark_robustness,tom_hanks_4.png,brightness_up,brightness,{'factor': 1.2},True,0.995443,1.0,1f6ac5b8,True,False,36.2044,0.901462,19.1975,0.1.0,not-a-git-repository,3.12.10,macOS-26.6.2-arm64-arm-64bit,2.5.2,42,cpu,opencv_yunet,landmark,insightface,spectral,dct,0.16,2026-09-02T04:14:05.967125+00:00
watermark_robustness,tom_hanks_4.png,contrast_down,contrast,{'factor': 0.8},True,1.0,1.0,1f6ac5b8,True,False,36.2044,0.901462,24.1289,0.1.0,not-a-git-repository,3.12.10,macOS-26.6.2-arm64-arm-64bit,2.5.2,42,cpu,opencv_yunet,landmark,insightface,spectral,dct,0.16,2026-09-02T04:14:05.967125+00:00
watermark_robustness,tom_hanks_4.png,webp_q80,webp,{'quality': 80},True,0.94987,1.0,1f6ac5b8,True,False,36.2044,0.901462,37.1423,0.1.0,not-a-git-repository,3.12.10,macOS-26.6.2-arm64-arm-64bit,2.5.2,42,cpu,opencv_yunet,landmark,insightface,spectral,dct,0.16,2026-09-02T04:14:05.967125+00:00
watermark_robustness,tom_hanks_4.png,screenshot,screenshot_simulation,"{'scale': 0.9, 'quality': 85}",True,0.958333,1.0,1f6ac5b8,True,False,36.2044,0.901462,37.8561,0.1.0,not-a-git-repository,3.12.10,macOS-26.6.2-arm64-arm-64bit,2.5.2,42,cpu,opencv_yunet,landmark,insightface,spectral,dct,0.16,2026-09-02T04:14:05.967125+00:00
watermark_robustness,tom_hanks_5.png,jpeg_q90,jpeg_compression,{'quality': 90},True,1.0,1.0,2558f748,True,False,37.4707,0.908118,45.1728,0.1.0,not-a-git-repository,3.12.10,macOS-26.6.2-arm64-arm-64bit,2.5.2,42,cpu,opencv_yunet,landmark,insightface,spectral,dct,0.16,2026-09-02T04:14:05.967125+00:00
watermark_robustness,tom_hanks_5.png,jpeg_q70,jpeg_compression,{'quality': 70},True,0.658637,1.0,2558f748,True,False,37.4707,0.908118,38.5647,0.1.0,not-a-git-repository,3.12.10,macOS-26.6.2-arm64-arm-64bit,2.5.2,42,cpu,opencv_yunet,landmark,insightface,spectral,dct,0.16,2026-09-02T04:14:05.967125+00:00
watermark_robustness,tom_hanks_5.png,jpeg_q50,jpeg_compression,{'quality': 50},False,0.515625,0.546875,,False,False,37.4707,0.908118,36.0642,0.1.0,not-a-git-repository,3.12.10,macOS-26.6.2-arm64-arm-64bit,2.5.2,42,cpu,opencv_yunet,landmark,insightface,spectral,dct,0.16,2026-09-02T04:14:05.967125+00:00
watermark_robustness,tom_hanks_5.png,resize_75,resize,{'scale': 0.75},True,1.0,1.0,2558f748,True,False,37.4707,0.908118,43.4666,0.1.0,not-a-git-repository,3.12.10,macOS-26.6.2-arm64-arm-64bit,2.5.2,42,cpu,opencv_yunet,landmark,insightface,spectral,dct,0.16,2026-09-02T04:14:05.967125+00:00
watermark_robustness,tom_hanks_5.png,resize_50,resize,{'scale': 0.5},True,0.132487,0.921875,2558f748,True,False,37.4707,0.908118,37.8528,0.1.0,not-a-git-repository,3.12.10,macOS-26.6.2-arm64-arm-64bit,2.5.2,42,cpu,opencv_yunet,landmark,insightface,spectral,dct,0.16,2026-09-02T04:14:05.967125+00:00
watermark_robustness,tom_hanks_5.png,resize_25,resize,{'scale': 0.25},False,0.539062,0.5,,False,False,37.4707,0.908118,33.3247,0.1.0,not-a-git-repository,3.12.10,macOS-26.6.2-arm64-arm-64bit,2.5.2,42,cpu,opencv_yunet,landmark,insightface,spectral,dct,0.16,2026-09-02T04:14:05.967125+00:00
watermark_robustness,tom_hanks_5.png,crop_10,crop,{'ratio': 0.1},True,1.0,0.4375,2558f748,True,False,37.4707,0.908118,15.3633,0.1.0,not-a-git-repository,3.12.10,macOS-26.6.2-arm64-arm-64bit,2.5.2,42,cpu,opencv_yunet,landmark,insightface,spectral,dct,0.16,2026-09-02T04:14:05.967125+00:00
watermark_robustness,tom_hanks_5.png,crop_30,crop,{'ratio': 0.3},False,0.552083,0.53125,,False,False,37.4707,0.908118,7.653,0.1.0,not-a-git-repository,3.12.10,macOS-26.6.2-arm64-arm-64bit,2.5.2,42,cpu,opencv_yunet,landmark,insightface,spectral,dct,0.16,2026-09-02T04:14:05.967125+00:00
watermark_robustness,tom_hanks_5.png,rotate_5,rotation,{'degrees': 5},False,0.523438,0.625,,False,False,37.4707,0.908118,21.3786,0.1.0,not-a-git-repository,3.12.10,macOS-26.6.2-arm64-arm-64bit,2.5.2,42,cpu,opencv_yunet,landmark,insightface,spectral,dct,0.16,2026-09-02T04:14:05.967125+00:00
watermark_robustness,tom_hanks_5.png,blur_1,blur,{'sigma': 1.0},True,1.0,1.0,2558f748,True,False,37.4707,0.908118,37.0471,0.1.0,not-a-git-repository,3.12.10,macOS-26.6.2-arm64-arm-64bit,2.5.2,42,cpu,opencv_yunet,landmark,insightface,spectral,dct,0.16,2026-09-02T04:14:05.967125+00:00
watermark_robustness,tom_hanks_5.png,noise_5,noise,{'sigma': 5.0},True,1.0,1.0,2558f748,True,False,37.4707,0.908118,35.2887,0.1.0,not-a-git-repository,3.12.10,macOS-26.6.2-arm64-arm-64bit,2.5.2,42,cpu,opencv_yunet,landmark,insightface,spectral,dct,0.16,2026-09-02T04:14:05.967125+00:00
watermark_robustness,tom_hanks_5.png,brightness_up,brightness,{'factor': 1.2},True,1.0,1.0,2558f748,True,False,37.4707,0.908118,26.0967,0.1.0,not-a-git-repository,3.12.10,macOS-26.6.2-arm64-arm-64bit,2.5.2,42,cpu,opencv_yunet,landmark,insightface,spectral,dct,0.16,2026-09-02T04:14:05.967125+00:00
watermark_robustness,tom_hanks_5.png,contrast_down,contrast,{'factor': 0.8},True,1.0,1.0,2558f748,True,False,37.4707,0.908118,27.3018,0.1.0,not-a-git-repository,3.12.10,macOS-26.6.2-arm64-arm-64bit,2.5.2,42,cpu,opencv_yunet,landmark,insightface,spectral,dct,0.16,2026-09-02T04:14:05.967125+00:00
watermark_robustness,tom_hanks_5.png,webp_q80,webp,{'quality': 80},True,0.958333,1.0,2558f748,True,False,37.4707,0.908118,37.9483,0.1.0,not-a-git-repository,3.12.10,macOS-26.6.2-arm64-arm-64bit,2.5.2,42,cpu,opencv_yunet,landmark,insightface,spectral,dct,0.16,2026-09-02T04:14:05.967125+00:00
watermark_robustness,tom_hanks_5.png,screenshot,screenshot_simulation,"{'scale': 0.9, 'quality': 85}",True,0.998047,1.0,2558f748,True,False,37.4707,0.908118,43.1566,0.1.0,not-a-git-repository,3.12.10,macOS-26.6.2-arm64-arm-64bit,2.5.2,42,cpu,opencv_yunet,landmark,insightface,spectral,dct,0.16,2026-09-02T04:14:05.967125+00:00
watermark_robustness,tom_hanks_6.png,jpeg_q90,jpeg_compression,{'quality': 90},True,1.0,1.0,43979206,True,False,37.6076,0.89821,44.2367,0.1.0,not-a-git-repository,3.12.10,macOS-26.6.2-arm64-arm-64bit,2.5.2,42,cpu,opencv_yunet,landmark,insightface,spectral,dct,0.16,2026-09-02T04:14:05.967125+00:00
watermark_robustness,tom_hanks_6.png,jpeg_q70,jpeg_compression,{'quality': 70},True,0.144694,0.953125,43979206,True,False,37.6076,0.89821,38.1958,0.1.0,not-a-git-repository,3.12.10,macOS-26.6.2-arm64-arm-64bit,2.5.2,42,cpu,opencv_yunet,landmark,insightface,spectral,dct,0.16,2026-09-02T04:14:05.967125+00:00
watermark_robustness,tom_hanks_6.png,jpeg_q50,jpeg_compression,{'quality': 50},False,0.546875,0.515625,,False,False,37.6076,0.89821,35.8023,0.1.0,not-a-git-repository,3.12.10,macOS-26.6.2-arm64-arm-64bit,2.5.2,42,cpu,opencv_yunet,landmark,insightface,spectral,dct,0.16,2026-09-02T04:14:05.967125+00:00
watermark_robustness,tom_hanks_6.png,resize_75,resize,{'scale': 0.75},True,1.0,1.0,43979206,True,False,37.6076,0.89821,42.007,0.1.0,not-a-git-repository,3.12.10,macOS-26.6.2-arm64-arm-64bit,2.5.2,42,cpu,opencv_yunet,landmark,insightface,spectral,dct,0.16,2026-09-02T04:14:05.967125+00:00
watermark_robustness,tom_hanks_6.png,resize_50,resize,{'scale': 0.5},False,0.754123,0.90625,,False,False,37.6076,0.89821,36.3479,0.1.0,not-a-git-repository,3.12.10,macOS-26.6.2-arm64-arm-64bit,2.5.2,42,cpu,opencv_yunet,landmark,insightface,spectral,dct,0.16,2026-09-02T04:14:05.967125+00:00
watermark_robustness,tom_hanks_6.png,resize_25,resize,{'scale': 0.25},False,0.570312,0.46875,,False,False,37.6076,0.89821,30.5652,0.1.0,not-a-git-repository,3.12.10,macOS-26.6.2-arm64-arm-64bit,2.5.2,42,cpu,opencv_yunet,landmark,insightface,spectral,dct,0.16,2026-09-02T04:14:05.967125+00:00
watermark_robustness,tom_hanks_6.png,crop_10,crop,{'ratio': 0.1},True,1.0,0.515625,43979206,True,False,37.6076,0.89821,13.2618,0.1.0,not-a-git-repository,3.12.10,macOS-26.6.2-arm64-arm-64bit,2.5.2,42,cpu,opencv_yunet,landmark,insightface,spectral,dct,0.16,2026-09-02T04:14:05.967125+00:00
watermark_robustness,tom_hanks_6.png,crop_30,crop,{'ratio': 0.3},False,0.507812,0.484375,,False,False,37.6076,0.89821,7.1611,0.1.0,not-a-git-repository,3.12.10,macOS-26.6.2-arm64-arm-64bit,2.5.2,42,cpu,opencv_yunet,landmark,insightface,spectral,dct,0.16,2026-09-02T04:14:05.967125+00:00
watermark_robustness,tom_hanks_6.png,rotate_5,rotation,{'degrees': 5},False,0.53125,0.453125,,False,False,37.6076,0.89821,17.0854,0.1.0,not-a-git-repository,3.12.10,macOS-26.6.2-arm64-arm-64bit,2.5.2,42,cpu,opencv_yunet,landmark,insightface,spectral,dct,0.16,2026-09-02T04:14:05.967125+00:00
watermark_robustness,tom_hanks_6.png,blur_1,blur,{'sigma': 1.0},True,1.0,1.0,43979206,True,False,37.6076,0.89821,34.5184,0.1.0,not-a-git-repository,3.12.10,macOS-26.6.2-arm64-arm-64bit,2.5.2,42,cpu,opencv_yunet,landmark,insightface,spectral,dct,0.16,2026-09-02T04:14:05.967125+00:00
watermark_robustness,tom_hanks_6.png,noise_5,noise,{'sigma': 5.0},True,1.0,1.0,43979206,True,False,37.6076,0.89821,35.3697,0.1.0,not-a-git-repository,3.12.10,macOS-26.6.2-arm64-arm-64bit,2.5.2,42,cpu,opencv_yunet,landmark,insightface,spectral,dct,0.16,2026-09-02T04:14:05.967125+00:00
watermark_robustness,tom_hanks_6.png,brightness_up,brightness,{'factor': 1.2},True,1.0,1.0,43979206,True,False,37.6076,0.89821,24.037,0.1.0,not-a-git-repository,3.12.10,macOS-26.6.2-arm64-arm-64bit,2.5.2,42,cpu,opencv_yunet,landmark,insightface,spectral,dct,0.16,2026-09-02T04:14:05.967125+00:00
watermark_robustness,tom_hanks_6.png,contrast_down,contrast,{'factor': 0.8},True,1.0,1.0,43979206,True,False,37.6076,0.89821,25.6393,0.1.0,not-a-git-repository,3.12.10,macOS-26.6.2-arm64-arm-64bit,2.5.2,42,cpu,opencv_yunet,landmark,insightface,spectral,dct,0.16,2026-09-02T04:14:05.967125+00:00
watermark_robustness,tom_hanks_6.png,webp_q80,webp,{'quality': 80},True,0.771267,1.0,43979206,True,False,37.6076,0.89821,37.6173,0.1.0,not-a-git-repository,3.12.10,macOS-26.6.2-arm64-arm-64bit,2.5.2,42,cpu,opencv_yunet,landmark,insightface,spectral,dct,0.16,2026-09-02T04:14:05.967125+00:00
watermark_robustness,tom_hanks_6.png,screenshot,screenshot_simulation,"{'scale': 0.9, 'quality': 85}",True,0.84158,1.0,43979206,True,False,37.6076,0.89821,40.8625,0.1.0,not-a-git-repository,3.12.10,macOS-26.6.2-arm64-arm-64bit,2.5.2,42,cpu,opencv_yunet,landmark,insightface,spectral,dct,0.16,2026-09-02T04:14:05.967125+00:00
watermark_robustness,tom_hanks_7.png,jpeg_q90,jpeg_compression,{'quality': 90},True,1.0,1.0,36baae1c,True,False,36.3178,0.90027,43.5675,0.1.0,not-a-git-repository,3.12.10,macOS-26.6.2-arm64-arm-64bit,2.5.2,42,cpu,opencv_yunet,landmark,insightface,spectral,dct,0.16,2026-09-02T04:14:05.967125+00:00
watermark_robustness,tom_hanks_7.png,jpeg_q70,jpeg_compression,{'quality': 70},True,0.927083,1.0,36baae1c,True,False,36.3178,0.90027,37.3644,0.1.0,not-a-git-repository,3.12.10,macOS-26.6.2-arm64-arm-64bit,2.5.2,42,cpu,opencv_yunet,landmark,insightface,spectral,dct,0.16,2026-09-02T04:14:05.967125+00:00
watermark_robustness,tom_hanks_7.png,jpeg_q50,jpeg_compression,{'quality': 50},False,0.554688,0.609375,,False,False,36.3178,0.90027,34.2638,0.1.0,not-a-git-repository,3.12.10,macOS-26.6.2-arm64-arm-64bit,2.5.2,42,cpu,opencv_yunet,landmark,insightface,spectral,dct,0.16,2026-09-02T04:14:05.967125+00:00
watermark_robustness,tom_hanks_7.png,resize_75,resize,{'scale': 0.75},True,1.0,1.0,36baae1c,True,False,36.3178,0.90027,37.1421,0.1.0,not-a-git-repository,3.12.10,macOS-26.6.2-arm64-arm-64bit,2.5.2,42,cpu,opencv_yunet,landmark,insightface,spectral,dct,0.16,2026-09-02T04:14:05.967125+00:00
watermark_robustness,tom_hanks_7.png,resize_50,resize,{'scale': 0.5},False,0.690538,0.859375,,False,False,36.3178,0.90027,31.9956,0.1.0,not-a-git-repository,3.12.10,macOS-26.6.2-arm64-arm-64bit,2.5.2,42,cpu,opencv_yunet,landmark,insightface,spectral,dct,0.16,2026-09-02T04:14:05.967125+00:00
watermark_robustness,tom_hanks_7.png,resize_25,resize,{'scale': 0.25},False,0.523438,0.46875,,False,False,36.3178,0.90027,27.2579,0.1.0,not-a-git-repository,3.12.10,macOS-26.6.2-arm64-arm-64bit,2.5.2,42,cpu,opencv_yunet,landmark,insightface,spectral,dct,0.16,2026-09-02T04:14:05.967125+00:00
watermark_robustness,tom_hanks_7.png,crop_10,crop,{'ratio': 0.1},True,1.0,0.421875,36baae1c,True,False,36.3178,0.90027,9.5881,0.1.0,not-a-git-repository,3.12.10,macOS-26.6.2-arm64-arm-64bit,2.5.2,42,cpu,opencv_yunet,landmark,insightface,spectral,dct,0.16,2026-09-02T04:14:05.967125+00:00
watermark_robustness,tom_hanks_7.png,crop_30,crop,{'ratio': 0.3},False,0.578125,0.484375,,False,False,36.3178,0.90027,8.859,0.1.0,not-a-git-repository,3.12.10,macOS-26.6.2-arm64-arm-64bit,2.5.2,42,cpu,opencv_yunet,landmark,insightface,spectral,dct,0.16,2026-09-02T04:14:05.967125+00:00
watermark_robustness,tom_hanks_7.png,rotate_5,rotation,{'degrees': 5},False,0.53125,0.53125,,False,False,36.3178,0.90027,13.6504,0.1.0,not-a-git-repository,3.12.10,macOS-26.6.2-arm64-arm-64bit,2.5.2,42,cpu,opencv_yunet,landmark,insightface,spectral,dct,0.16,2026-09-02T04:14:05.967125+00:00
watermark_robustness,tom_hanks_7.png,blur_1,blur,{'sigma': 1.0},True,1.0,1.0,36baae1c,True,False,36.3178,0.90027,31.3272,0.1.0,not-a-git-repository,3.12.10,macOS-26.6.2-arm64-arm-64bit,2.5.2,42,cpu,opencv_yunet,landmark,insightface,spectral,dct,0.16,2026-09-02T04:14:05.967125+00:00
watermark_robustness,tom_hanks_7.png,noise_5,noise,{'sigma': 5.0},True,1.0,1.0,36baae1c,True,False,36.3178,0.90027,34.3488,0.1.0,not-a-git-repository,3.12.10,macOS-26.6.2-arm64-arm-64bit,2.5.2,42,cpu,opencv_yunet,landmark,insightface,spectral,dct,0.16,2026-09-02T04:14:05.967125+00:00
watermark_robustness,tom_hanks_7.png,brightness_up,brightness,{'factor': 1.2},True,1.0,1.0,36baae1c,True,False,36.3178,0.90027,19.2998,0.1.0,not-a-git-repository,3.12.10,macOS-26.6.2-arm64-arm-64bit,2.5.2,42,cpu,opencv_yunet,landmark,insightface,spectral,dct,0.16,2026-09-02T04:14:05.967125+00:00
watermark_robustness,tom_hanks_7.png,contrast_down,contrast,{'factor': 0.8},True,1.0,1.0,36baae1c,True,False,36.3178,0.90027,24.403,0.1.0,not-a-git-repository,3.12.10,macOS-26.6.2-arm64-arm-64bit,2.5.2,42,cpu,opencv_yunet,landmark,insightface,spectral,dct,0.16,2026-09-02T04:14:05.967125+00:00
watermark_robustness,tom_hanks_7.png,webp_q80,webp,{'quality': 80},True,0.935547,1.0,36baae1c,True,False,36.3178,0.90027,37.1799,0.1.0,not-a-git-repository,3.12.10,macOS-26.6.2-arm64-arm-64bit,2.5.2,42,cpu,opencv_yunet,landmark,insightface,spectral,dct,0.16,2026-09-02T04:14:05.967125+00:00
watermark_robustness,tom_hanks_7.png,screenshot,screenshot_simulation,"{'scale': 0.9, 'quality': 85}",True,0.943359,1.0,36baae1c,True,False,36.3178,0.90027,40.0693,0.1.0,not-a-git-repository,3.12.10,macOS-26.6.2-arm64-arm-64bit,2.5.2,42,cpu,opencv_yunet,landmark,insightface,spectral,dct,0.16,2026-09-02T04:14:05.967125+00:00
watermark_robustness,tommy_haas_0.png,jpeg_q90,jpeg_compression,{'quality': 90},True,1.0,1.0,44607595,True,False,36.0047,0.8842,44.702,0.1.0,not-a-git-repository,3.12.10,macOS-26.6.2-arm64-arm-64bit,2.5.2,42,cpu,opencv_yunet,landmark,insightface,spectral,dct,0.16,2026-09-02T04:14:05.967125+00:00
watermark_robustness,tommy_haas_0.png,jpeg_q70,jpeg_compression,{'quality': 70},True,0.972005,1.0,44607595,True,False,36.0047,0.8842,38.1922,0.1.0,not-a-git-repository,3.12.10,macOS-26.6.2-arm64-arm-64bit,2.5.2,42,cpu,opencv_yunet,landmark,insightface,spectral,dct,0.16,2026-09-02T04:14:05.967125+00:00
watermark_robustness,tommy_haas_0.png,jpeg_q50,jpeg_compression,{'quality': 50},False,0.507812,0.5625,,False,False,36.0047,0.8842,34.8928,0.1.0,not-a-git-repository,3.12.10,macOS-26.6.2-arm64-arm-64bit,2.5.2,42,cpu,opencv_yunet,landmark,insightface,spectral,dct,0.16,2026-09-02T04:14:05.967125+00:00
watermark_robustness,tommy_haas_0.png,resize_75,resize,{'scale': 0.75},True,1.0,1.0,44607595,True,False,36.0047,0.8842,42.9639,0.1.0,not-a-git-repository,3.12.10,macOS-26.6.2-arm64-arm-64bit,2.5.2,42,cpu,opencv_yunet,landmark,insightface,spectral,dct,0.16,2026-09-02T04:14:05.967125+00:00
watermark_robustness,tommy_haas_0.png,resize_50,resize,{'scale': 0.5},True,0.171875,0.9375,44607595,True,False,36.0047,0.8842,36.5973,0.1.0,not-a-git-repository,3.12.10,macOS-26.6.2-arm64-arm-64bit,2.5.2,42,cpu,opencv_yunet,landmark,insightface,spectral,dct,0.16,2026-09-02T04:14:05.967125+00:00
watermark_robustness,tommy_haas_0.png,resize_25,resize,{'scale': 0.25},False,0.515625,0.46875,,False,False,36.0047,0.8842,31.444,0.1.0,not-a-git-repository,3.12.10,macOS-26.6.2-arm64-arm-64bit,2.5.2,42,cpu,opencv_yunet,landmark,insightface,spectral,dct,0.16,2026-09-02T04:14:05.967125+00:00
watermark_robustness,tommy_haas_0.png,crop_10,crop,{'ratio': 0.1},True,1.0,0.484375,44607595,True,False,36.0047,0.8842,11.1633,0.1.0,not-a-git-repository,3.12.10,macOS-26.6.2-arm64-arm-64bit,2.5.2,42,cpu,opencv_yunet,landmark,insightface,spectral,dct,0.16,2026-09-02T04:14:05.967125+00:00
watermark_robustness,tommy_haas_0.png,crop_30,crop,{'ratio': 0.3},False,0.53125,0.5,,False,False,36.0047,0.8842,8.8687,0.1.0,not-a-git-repository,3.12.10,macOS-26.6.2-arm64-arm-64bit,2.5.2,42,cpu,opencv_yunet,landmark,insightface,spectral,dct,0.16,2026-09-02T04:14:05.967125+00:00
watermark_robustness,tommy_haas_0.png,rotate_5,rotation,{'degrees': 5},False,0.507812,0.578125,,False,False,36.0047,0.8842,15.6659,0.1.0,not-a-git-repository,3.12.10,macOS-26.6.2-arm64-arm-64bit,2.5.2,42,cpu,opencv_yunet,landmark,insightface,spectral,dct,0.16,2026-09-02T04:14:05.967125+00:00
watermark_robustness,tommy_haas_0.png,blur_1,blur,{'sigma': 1.0},True,0.998047,1.0,44607595,True,False,36.0047,0.8842,35.2221,0.1.0,not-a-git-repository,3.12.10,macOS-26.6.2-arm64-arm-64bit,2.5.2,42,cpu,opencv_yunet,landmark,insightface,spectral,dct,0.16,2026-09-02T04:14:05.967125+00:00
watermark_robustness,tommy_haas_0.png,noise_5,noise,{'sigma': 5.0},True,1.0,1.0,44607595,True,False,36.0047,0.8842,34.2083,0.1.0,not-a-git-repository,3.12.10,macOS-26.6.2-arm64-arm-64bit,2.5.2,42,cpu,opencv_yunet,landmark,insightface,spectral,dct,0.16,2026-09-02T04:14:05.967125+00:00
watermark_robustness,tommy_haas_0.png,brightness_up,brightness,{'factor': 1.2},True,0.916016,1.0,44607595,True,False,36.0047,0.8842,24.3836,0.1.0,not-a-git-repository,3.12.10,macOS-26.6.2-arm64-arm-64bit,2.5.2,42,cpu,opencv_yunet,landmark,insightface,spectral,dct,0.16,2026-09-02T04:14:05.967125+00:00
watermark_robustness,tommy_haas_0.png,contrast_down,contrast,{'factor': 0.8},True,1.0,1.0,44607595,True,False,36.0047,0.8842,24.5463,0.1.0,not-a-git-repository,3.12.10,macOS-26.6.2-arm64-arm-64bit,2.5.2,42,cpu,opencv_yunet,landmark,insightface,spectral,dct,0.16,2026-09-02T04:14:05.967125+00:00
watermark_robustness,tommy_haas_0.png,webp_q80,webp,{'quality': 80},True,0.980469,1.0,44607595,True,False,36.0047,0.8842,37.5582,0.1.0,not-a-git-repository,3.12.10,macOS-26.6.2-arm64-arm-64bit,2.5.2,42,cpu,opencv_yunet,landmark,insightface,spectral,dct,0.16,2026-09-02T04:14:05.967125+00:00
watermark_robustness,tommy_haas_0.png,screenshot,screenshot_simulation,"{'scale': 0.9, 'quality': 85}",True,1.0,1.0,44607595,True,False,36.0047,0.8842,42.4292,0.1.0,not-a-git-repository,3.12.10,macOS-26.6.2-arm64-arm-64bit,2.5.2,42,cpu,opencv_yunet,landmark,insightface,spectral,dct,0.16,2026-09-02T04:14:05.967125+00:00
watermark_robustness,tommy_haas_1.png,jpeg_q90,jpeg_compression,{'quality': 90},True,1.0,1.0,6545f49d,True,False,36.1335,0.922068,42.7409,0.1.0,not-a-git-repository,3.12.10,macOS-26.6.2-arm64-arm-64bit,2.5.2,42,cpu,opencv_yunet,landmark,insightface,spectral,dct,0.16,2026-09-02T04:14:05.967125+00:00
watermark_robustness,tommy_haas_1.png,jpeg_q70,jpeg_compression,{'quality': 70},True,0.944661,1.0,6545f49d,True,False,36.1335,0.922068,36.567,0.1.0,not-a-git-repository,3.12.10,macOS-26.6.2-arm64-arm-64bit,2.5.2,42,cpu,opencv_yunet,landmark,insightface,spectral,dct,0.16,2026-09-02T04:14:05.967125+00:00
watermark_robustness,tommy_haas_1.png,jpeg_q50,jpeg_compression,{'quality': 50},False,0.484375,0.546875,,False,False,36.1335,0.922068,33.4686,0.1.0,not-a-git-repository,3.12.10,macOS-26.6.2-arm64-arm-64bit,2.5.2,42,cpu,opencv_yunet,landmark,insightface,spectral,dct,0.16,2026-09-02T04:14:05.967125+00:00
watermark_robustness,tommy_haas_1.png,resize_75,resize,{'scale': 0.75},True,0.996094,1.0,6545f49d,True,False,36.1335,0.922068,35.5156,0.1.0,not-a-git-repository,3.12.10,macOS-26.6.2-arm64-arm-64bit,2.5.2,42,cpu,opencv_yunet,landmark,insightface,spectral,dct,0.16,2026-09-02T04:14:05.967125+00:00
watermark_robustness,tommy_haas_1.png,resize_50,resize,{'scale': 0.5},True,0.359266,0.984375,6545f49d,True,False,36.1335,0.922068,31.5466,0.1.0,not-a-git-repository,3.12.10,macOS-26.6.2-arm64-arm-64bit,2.5.2,42,cpu,opencv_yunet,landmark,insightface,spectral,dct,0.16,2026-09-02T04:14:05.967125+00:00
watermark_robustness,tommy_haas_1.png,resize_25,resize,{'scale': 0.25},False,0.492188,0.46875,,False,False,36.1335,0.922068,27.3873,0.1.0,not-a-git-repository,3.12.10,macOS-26.6.2-arm64-arm-64bit,2.5.2,42,cpu,opencv_yunet,landmark,insightface,spectral,dct,0.16,2026-09-02T04:14:05.967125+00:00
watermark_robustness,tommy_haas_1.png,crop_10,crop,{'ratio': 0.1},True,1.0,0.53125,6545f49d,True,False,36.1335,0.922068,11.2943,0.1.0,not-a-git-repository,3.12.10,macOS-26.6.2-arm64-arm-64bit,2.5.2,42,cpu,opencv_yunet,landmark,insightface,spectral,dct,0.16,2026-09-02T04:14:05.967125+00:00
watermark_robustness,tommy_haas_1.png,crop_30,crop,{'ratio': 0.3},False,0.5625,0.640625,,False,False,36.1335,0.922068,9.5595,0.1.0,not-a-git-repository,3.12.10,macOS-26.6.2-arm64-arm-64bit,2.5.2,42,cpu,opencv_yunet,landmark,insightface,spectral,dct,0.16,2026-09-02T04:14:05.967125+00:00
watermark_robustness,tommy_haas_1.png,rotate_5,rotation,{'degrees': 5},False,0.46875,0.421875,,False,False,36.1335,0.922068,14.65,0.1.0,not-a-git-repository,3.12.10,macOS-26.6.2-arm64-arm-64bit,2.5.2,42,cpu,opencv_yunet,landmark,insightface,spectral,dct,0.16,2026-09-02T04:14:05.967125+00:00
watermark_robustness,tommy_haas_1.png,blur_1,blur,{'sigma': 1.0},True,0.992188,1.0,6545f49d,True,False,36.1335,0.922068,30.8904,0.1.0,not-a-git-repository,3.12.10,macOS-26.6.2-arm64-arm-64bit,2.5.2,42,cpu,opencv_yunet,landmark,insightface,spectral,dct,0.16,2026-09-02T04:14:05.967125+00:00
watermark_robustness,tommy_haas_1.png,noise_5,noise,{'sigma': 5.0},True,1.0,1.0,6545f49d,True,False,36.1335,0.922068,34.328,0.1.0,not-a-git-repository,3.12.10,macOS-26.6.2-arm64-arm-64bit,2.5.2,42,cpu,opencv_yunet,landmark,insightface,spectral,dct,0.16,2026-09-02T04:14:05.967125+00:00
watermark_robustness,tommy_haas_1.png,brightness_up,brightness,{'factor': 1.2},True,0.943359,1.0,6545f49d,True,False,36.1335,0.922068,22.0638,0.1.0,not-a-git-repository,3.12.10,macOS-26.6.2-arm64-arm-64bit,2.5.2,42,cpu,opencv_yunet,landmark,insightface,spectral,dct,0.16,2026-09-02T04:14:05.967125+00:00
watermark_robustness,tommy_haas_1.png,contrast_down,contrast,{'factor': 0.8},True,1.0,1.0,6545f49d,True,False,36.1335,0.922068,24.7942,0.1.0,not-a-git-repository,3.12.10,macOS-26.6.2-arm64-arm-64bit,2.5.2,42,cpu,opencv_yunet,landmark,insightface,spectral,dct,0.16,2026-09-02T04:14:05.967125+00:00
watermark_robustness,tommy_haas_1.png,webp_q80,webp,{'quality': 80},True,0.960938,1.0,6545f49d,True,False,36.1335,0.922068,36.8593,0.1.0,not-a-git-repository,3.12.10,macOS-26.6.2-arm64-arm-64bit,2.5.2,42,cpu,opencv_yunet,landmark,insightface,spectral,dct,0.16,2026-09-02T04:14:05.967125+00:00
watermark_robustness,tommy_haas_1.png,screenshot,screenshot_simulation,"{'scale': 0.9, 'quality': 85}",True,0.970703,1.0,6545f49d,True,False,36.1335,0.922068,36.3374,0.1.0,not-a-git-repository,3.12.10,macOS-26.6.2-arm64-arm-64bit,2.5.2,42,cpu,opencv_yunet,landmark,insightface,spectral,dct,0.16,2026-09-02T04:14:05.967125+00:00
watermark_robustness,tommy_haas_2.png,jpeg_q90,jpeg_compression,{'quality': 90},True,1.0,1.0,82c218fd,True,False,35.9568,0.91107,44.8586,0.1.0,not-a-git-repository,3.12.10,macOS-26.6.2-arm64-arm-64bit,2.5.2,42,cpu,opencv_yunet,landmark,insightface,spectral,dct,0.16,2026-09-02T04:14:05.967125+00:00
watermark_robustness,tommy_haas_2.png,jpeg_q70,jpeg_compression,{'quality': 70},True,1.0,1.0,82c218fd,True,False,35.9568,0.91107,38.2681,0.1.0,not-a-git-repository,3.12.10,macOS-26.6.2-arm64-arm-64bit,2.5.2,42,cpu,opencv_yunet,landmark,insightface,spectral,dct,0.16,2026-09-02T04:14:05.967125+00:00
watermark_robustness,tommy_haas_2.png,jpeg_q50,jpeg_compression,{'quality': 50},False,0.5,0.5,,False,False,35.9568,0.91107,34.84,0.1.0,not-a-git-repository,3.12.10,macOS-26.6.2-arm64-arm-64bit,2.5.2,42,cpu,opencv_yunet,landmark,insightface,spectral,dct,0.16,2026-09-02T04:14:05.967125+00:00
watermark_robustness,tommy_haas_2.png,resize_75,resize,{'scale': 0.75},True,1.0,1.0,82c218fd,True,False,35.9568,0.91107,43.0846,0.1.0,not-a-git-repository,3.12.10,macOS-26.6.2-arm64-arm-64bit,2.5.2,42,cpu,opencv_yunet,landmark,insightface,spectral,dct,0.16,2026-09-02T04:14:05.967125+00:00
watermark_robustness,tommy_haas_2.png,resize_50,resize,{'scale': 0.5},True,0.223633,0.953125,82c218fd,True,False,35.9568,0.91107,36.7331,0.1.0,not-a-git-repository,3.12.10,macOS-26.6.2-arm64-arm-64bit,2.5.2,42,cpu,opencv_yunet,landmark,insightface,spectral,dct,0.16,2026-09-02T04:14:05.967125+00:00
watermark_robustness,tommy_haas_2.png,resize_25,resize,{'scale': 0.25},False,0.507812,0.625,,False,False,35.9568,0.91107,33.8941,0.1.0,not-a-git-repository,3.12.10,macOS-26.6.2-arm64-arm-64bit,2.5.2,42,cpu,opencv_yunet,landmark,insightface,spectral,dct,0.16,2026-09-02T04:14:05.967125+00:00
watermark_robustness,tommy_haas_2.png,crop_10,crop,{'ratio': 0.1},True,1.0,0.5,82c218fd,True,False,35.9568,0.91107,11.8676,0.1.0,not-a-git-repository,3.12.10,macOS-26.6.2-arm64-arm-64bit,2.5.2,42,cpu,opencv_yunet,landmark,insightface,spectral,dct,0.16,2026-09-02T04:14:05.967125+00:00
watermark_robustness,tommy_haas_2.png,crop_30,crop,{'ratio': 0.3},False,0.523438,0.515625,,False,False,35.9568,0.91107,11.788,0.1.0,not-a-git-repository,3.12.10,macOS-26.6.2-arm64-arm-64bit,2.5.2,42,cpu,opencv_yunet,landmark,insightface,spectral,dct,0.16,2026-09-02T04:14:05.967125+00:00
watermark_robustness,tommy_haas_2.png,rotate_5,rotation,{'degrees': 5},False,0.523438,0.5,,False,False,35.9568,0.91107,17.266,0.1.0,not-a-git-repository,3.12.10,macOS-26.6.2-arm64-arm-64bit,2.5.2,42,cpu,opencv_yunet,landmark,insightface,spectral,dct,0.16,2026-09-02T04:14:05.967125+00:00
watermark_robustness,tommy_haas_2.png,blur_1,blur,{'sigma': 1.0},True,1.0,1.0,82c218fd,True,False,35.9568,0.91107,36.655,0.1.0,not-a-git-repository,3.12.10,macOS-26.6.2-arm64-arm-64bit,2.5.2,42,cpu,opencv_yunet,landmark,insightface,spectral,dct,0.16,2026-09-02T04:14:05.967125+00:00
watermark_robustness,tommy_haas_2.png,noise_5,noise,{'sigma': 5.0},True,1.0,1.0,82c218fd,True,False,35.9568,0.91107,34.1543,0.1.0,not-a-git-repository,3.12.10,macOS-26.6.2-arm64-arm-64bit,2.5.2,42,cpu,opencv_yunet,landmark,insightface,spectral,dct,0.16,2026-09-02T04:14:05.967125+00:00
watermark_robustness,tommy_haas_2.png,brightness_up,brightness,{'factor': 1.2},True,0.959635,1.0,82c218fd,True,False,35.9568,0.91107,20.6705,0.1.0,not-a-git-repository,3.12.10,macOS-26.6.2-arm64-arm-64bit,2.5.2,42,cpu,opencv_yunet,landmark,insightface,spectral,dct,0.16,2026-09-02T04:14:05.967125+00:00
watermark_robustness,tommy_haas_2.png,contrast_down,contrast,{'factor': 0.8},True,1.0,1.0,82c218fd,True,False,35.9568,0.91107,26.9224,0.1.0,not-a-git-repository,3.12.10,macOS-26.6.2-arm64-arm-64bit,2.5.2,42,cpu,opencv_yunet,landmark,insightface,spectral,dct,0.16,2026-09-02T04:14:05.967125+00:00
watermark_robustness,tommy_haas_2.png,webp_q80,webp,{'quality': 80},True,0.997396,1.0,82c218fd,True,False,35.9568,0.91107,37.1522,0.1.0,not-a-git-repository,3.12.10,macOS-26.6.2-arm64-arm-64bit,2.5.2,42,cpu,opencv_yunet,landmark,insightface,spectral,dct,0.16,2026-09-02T04:14:05.967125+00:00
watermark_robustness,tommy_haas_2.png,screenshot,screenshot_simulation,"{'scale': 0.9, 'quality': 85}",True,1.0,1.0,82c218fd,True,False,35.9568,0.91107,42.5308,0.1.0,not-a-git-repository,3.12.10,macOS-26.6.2-arm64-arm-64bit,2.5.2,42,cpu,opencv_yunet,landmark,insightface,spectral,dct,0.16,2026-09-02T04:14:05.967125+00:00
watermark_robustness,tommy_haas_3.png,jpeg_q90,jpeg_compression,{'quality': 90},True,1.0,1.0,5291265e,True,False,36.0347,0.924584,42.8301,0.1.0,not-a-git-repository,3.12.10,macOS-26.6.2-arm64-arm-64bit,2.5.2,42,cpu,opencv_yunet,landmark,insightface,spectral,dct,0.16,2026-09-02T04:14:05.967125+00:00
watermark_robustness,tommy_haas_3.png,jpeg_q70,jpeg_compression,{'quality': 70},True,0.980469,1.0,5291265e,True,False,36.0347,0.924584,36.8118,0.1.0,not-a-git-repository,3.12.10,macOS-26.6.2-arm64-arm-64bit,2.5.2,42,cpu,opencv_yunet,landmark,insightface,spectral,dct,0.16,2026-09-02T04:14:05.967125+00:00
watermark_robustness,tommy_haas_3.png,jpeg_q50,jpeg_compression,{'quality': 50},False,0.546875,0.53125,,False,False,36.0347,0.924584,33.7349,0.1.0,not-a-git-repository,3.12.10,macOS-26.6.2-arm64-arm-64bit,2.5.2,42,cpu,opencv_yunet,landmark,insightface,spectral,dct,0.16,2026-09-02T04:14:05.967125+00:00
watermark_robustness,tommy_haas_3.png,resize_75,resize,{'scale': 0.75},True,1.0,1.0,5291265e,True,False,36.0347,0.924584,36.318,0.1.0,not-a-git-repository,3.12.10,macOS-26.6.2-arm64-arm-64bit,2.5.2,42,cpu,opencv_yunet,landmark,insightface,spectral,dct,0.16,2026-09-02T04:14:05.967125+00:00
watermark_robustness,tommy_haas_3.png,resize_50,resize,{'scale': 0.5},True,0.779297,1.0,5291265e,True,False,36.0347,0.924584,31.7719,0.1.0,not-a-git-repository,3.12.10,macOS-26.6.2-arm64-arm-64bit,2.5.2,42,cpu,opencv_yunet,landmark,insightface,spectral,dct,0.16,2026-09-02T04:14:05.967125+00:00
watermark_robustness,tommy_haas_3.png,resize_25,resize,{'scale': 0.25},False,0.554688,0.484375,,False,False,36.0347,0.924584,26.5519,0.1.0,not-a-git-repository,3.12.10,macOS-26.6.2-arm64-arm-64bit,2.5.2,42,cpu,opencv_yunet,landmark,insightface,spectral,dct,0.16,2026-09-02T04:14:05.967125+00:00
watermark_robustness,tommy_haas_3.png,crop_10,crop,{'ratio': 0.1},True,1.0,0.46875,5291265e,True,False,36.0347,0.924584,10.6722,0.1.0,not-a-git-repository,3.12.10,macOS-26.6.2-arm64-arm-64bit,2.5.2,42,cpu,opencv_yunet,landmark,insightface,spectral,dct,0.16,2026-09-02T04:14:05.967125+00:00
watermark_robustness,tommy_haas_3.png,crop_30,crop,{'ratio': 0.3},False,0.515625,0.625,,False,False,36.0347,0.924584,9.1751,0.1.0,not-a-git-repository,3.12.10,macOS-26.6.2-arm64-arm-64bit,2.5.2,42,cpu,opencv_yunet,landmark,insightface,spectral,dct,0.16,2026-09-02T04:14:05.967125+00:00
watermark_robustness,tommy_haas_3.png,rotate_5,rotation,{'degrees': 5},False,0.578125,0.5625,,False,False,36.0347,0.924584,13.9553,0.1.0,not-a-git-repository,3.12.10,macOS-26.6.2-arm64-arm-64bit,2.5.2,42,cpu,opencv_yunet,landmark,insightface,spectral,dct,0.16,2026-09-02T04:14:05.967125+00:00
watermark_robustness,tommy_haas_3.png,blur_1,blur,{'sigma': 1.0},True,0.990234,1.0,5291265e,True,False,36.0347,0.924584,30.7729,0.1.0,not-a-git-repository,3.12.10,macOS-26.6.2-arm64-arm-64bit,2.5.2,42,cpu,opencv_yunet,landmark,insightface,spectral,dct,0.16,2026-09-02T04:14:05.967125+00:00
watermark_robustness,tommy_haas_3.png,noise_5,noise,{'sigma': 5.0},True,1.0,1.0,5291265e,True,False,36.0347,0.924584,34.2629,0.1.0,not-a-git-repository,3.12.10,macOS-26.6.2-arm64-arm-64bit,2.5.2,42,cpu,opencv_yunet,landmark,insightface,spectral,dct,0.16,2026-09-02T04:14:05.967125+00:00
watermark_robustness,tommy_haas_3.png,brightness_up,brightness,{'factor': 1.2},True,0.973741,1.0,5291265e,True,False,36.0347,0.924584,21.1383,0.1.0,not-a-git-repository,3.12.10,macOS-26.6.2-arm64-arm-64bit,2.5.2,42,cpu,opencv_yunet,landmark,insightface,spectral,dct,0.16,2026-09-02T04:14:05.967125+00:00
watermark_robustness,tommy_haas_3.png,contrast_down,contrast,{'factor': 0.8},True,1.0,1.0,5291265e,True,False,36.0347,0.924584,24.4145,0.1.0,not-a-git-repository,3.12.10,macOS-26.6.2-arm64-arm-64bit,2.5.2,42,cpu,opencv_yunet,landmark,insightface,spectral,dct,0.16,2026-09-02T04:14:05.967125+00:00
watermark_robustness,tommy_haas_3.png,webp_q80,webp,{'quality': 80},True,0.989583,1.0,5291265e,True,False,36.0347,0.924584,37.2139,0.1.0,not-a-git-repository,3.12.10,macOS-26.6.2-arm64-arm-64bit,2.5.2,42,cpu,opencv_yunet,landmark,insightface,spectral,dct,0.16,2026-09-02T04:14:05.967125+00:00
watermark_robustness,tommy_haas_3.png,screenshot,screenshot_simulation,"{'scale': 0.9, 'quality': 85}",True,0.994141,1.0,5291265e,True,False,36.0347,0.924584,37.3391,0.1.0,not-a-git-repository,3.12.10,macOS-26.6.2-arm64-arm-64bit,2.5.2,42,cpu,opencv_yunet,landmark,insightface,spectral,dct,0.16,2026-09-02T04:14:05.967125+00:00
watermark_robustness,tommy_haas_4.png,jpeg_q90,jpeg_compression,{'quality': 90},True,1.0,1.0,c7f7a324,True,False,35.9497,0.92775,42.8704,0.1.0,not-a-git-repository,3.12.10,macOS-26.6.2-arm64-arm-64bit,2.5.2,42,cpu,opencv_yunet,landmark,insightface,spectral,dct,0.16,2026-09-02T04:14:05.967125+00:00
watermark_robustness,tommy_haas_4.png,jpeg_q70,jpeg_compression,{'quality': 70},True,0.959635,1.0,c7f7a324,True,False,35.9497,0.92775,36.9986,0.1.0,not-a-git-repository,3.12.10,macOS-26.6.2-arm64-arm-64bit,2.5.2,42,cpu,opencv_yunet,landmark,insightface,spectral,dct,0.16,2026-09-02T04:14:05.967125+00:00
watermark_robustness,tommy_haas_4.png,jpeg_q50,jpeg_compression,{'quality': 50},False,0.546875,0.578125,,False,False,35.9497,0.92775,33.9099,0.1.0,not-a-git-repository,3.12.10,macOS-26.6.2-arm64-arm-64bit,2.5.2,42,cpu,opencv_yunet,landmark,insightface,spectral,dct,0.16,2026-09-02T04:14:05.967125+00:00
watermark_robustness,tommy_haas_4.png,resize_75,resize,{'scale': 0.75},True,1.0,1.0,c7f7a324,True,False,35.9497,0.92775,42.0334,0.1.0,not-a-git-repository,3.12.10,macOS-26.6.2-arm64-arm-64bit,2.5.2,42,cpu,opencv_yunet,landmark,insightface,spectral,dct,0.16,2026-09-02T04:14:05.967125+00:00
watermark_robustness,tommy_haas_4.png,resize_50,resize,{'scale': 0.5},False,0.773655,0.9375,,False,False,35.9497,0.92775,35.4318,0.1.0,not-a-git-repository,3.12.10,macOS-26.6.2-arm64-arm-64bit,2.5.2,42,cpu,opencv_yunet,landmark,insightface,spectral,dct,0.16,2026-09-02T04:14:05.967125+00:00
watermark_robustness,tommy_haas_4.png,resize_25,resize,{'scale': 0.25},False,0.570312,0.53125,,False,False,35.9497,0.92775,29.8947,0.1.0,not-a-git-repository,3.12.10,macOS-26.6.2-arm64-arm-64bit,2.5.2,42,cpu,opencv_yunet,landmark,insightface,spectral,dct,0.16,2026-09-02T04:14:05.967125+00:00
watermark_robustness,tommy_haas_4.png,crop_10,crop,{'ratio': 0.1},True,1.0,0.484375,c7f7a324,True,False,35.9497,0.92775,10.6079,0.1.0,not-a-git-repository,3.12.10,macOS-26.6.2-arm64-arm-64bit,2.5.2,42,cpu,opencv_yunet,landmark,insightface,spectral,dct,0.16,2026-09-02T04:14:05.967125+00:00
watermark_robustness,tommy_haas_4.png,crop_30,crop,{'ratio': 0.3},False,0.65625,0.484375,,False,False,35.9497,0.92775,10.8852,0.1.0,not-a-git-repository,3.12.10,macOS-26.6.2-arm64-arm-64bit,2.5.2,42,cpu,opencv_yunet,landmark,insightface,spectral,dct,0.16,2026-09-02T04:14:05.967125+00:00
watermark_robustness,tommy_haas_4.png,rotate_5,rotation,{'degrees': 5},False,0.539062,0.4375,,False,False,35.9497,0.92775,15.2851,0.1.0,not-a-git-repository,3.12.10,macOS-26.6.2-arm64-arm-64bit,2.5.2,42,cpu,opencv_yunet,landmark,insightface,spectral,dct,0.16,2026-09-02T04:14:05.967125+00:00
watermark_robustness,tommy_haas_4.png,blur_1,blur,{'sigma': 1.0},True,1.0,1.0,c7f7a324,True,False,35.9497,0.92775,33.9367,0.1.0,not-a-git-repository,3.12.10,macOS-26.6.2-arm64-arm-64bit,2.5.2,42,cpu,opencv_yunet,landmark,insightface,spectral,dct,0.16,2026-09-02T04:14:05.967125+00:00
watermark_robustness,tommy_haas_4.png,noise_5,noise,{'sigma': 5.0},True,1.0,1.0,c7f7a324,True,False,35.9497,0.92775,34.2094,0.1.0,not-a-git-repository,3.12.10,macOS-26.6.2-arm64-arm-64bit,2.5.2,42,cpu,opencv_yunet,landmark,insightface,spectral,dct,0.16,2026-09-02T04:14:05.967125+00:00
watermark_robustness,tommy_haas_4.png,brightness_up,brightness,{'factor': 1.2},True,0.98763,1.0,c7f7a324,True,False,35.9497,0.92775,21.1942,0.1.0,not-a-git-repository,3.12.10,macOS-26.6.2-arm64-arm-64bit,2.5.2,42,cpu,opencv_yunet,landmark,insightface,spectral,dct,0.16,2026-09-02T04:14:05.967125+00:00
watermark_robustness,tommy_haas_4.png,contrast_down,contrast,{'factor': 0.8},True,1.0,1.0,c7f7a324,True,False,35.9497,0.92775,26.7171,0.1.0,not-a-git-repository,3.12.10,macOS-26.6.2-arm64-arm-64bit,2.5.2,42,cpu,opencv_yunet,landmark,insightface,spectral,dct,0.16,2026-09-02T04:14:05.967125+00:00
watermark_robustness,tommy_haas_4.png,webp_q80,webp,{'quality': 80},True,0.998047,1.0,c7f7a324,True,False,35.9497,0.92775,37.0174,0.1.0,not-a-git-repository,3.12.10,macOS-26.6.2-arm64-arm-64bit,2.5.2,42,cpu,opencv_yunet,landmark,insightface,spectral,dct,0.16,2026-09-02T04:14:05.967125+00:00
watermark_robustness,tommy_haas_4.png,screenshot,screenshot_simulation,"{'scale': 0.9, 'quality': 85}",True,1.0,1.0,c7f7a324,True,False,35.9497,0.92775,40.6344,0.1.0,not-a-git-repository,3.12.10,macOS-26.6.2-arm64-arm-64bit,2.5.2,42,cpu,opencv_yunet,landmark,insightface,spectral,dct,0.16,2026-09-02T04:14:05.967125+00:00
watermark_robustness,tommy_haas_5.png,jpeg_q90,jpeg_compression,{'quality': 90},True,1.0,1.0,453cd28c,True,False,35.852,0.913932,43.2652,0.1.0,not-a-git-repository,3.12.10,macOS-26.6.2-arm64-arm-64bit,2.5.2,42,cpu,opencv_yunet,landmark,insightface,spectral,dct,0.16,2026-09-02T04:14:05.967125+00:00
watermark_robustness,tommy_haas_5.png,jpeg_q70,jpeg_compression,{'quality': 70},True,1.0,1.0,453cd28c,True,False,35.852,0.913932,37.209,0.1.0,not-a-git-repository,3.12.10,macOS-26.6.2-arm64-arm-64bit,2.5.2,42,cpu,opencv_yunet,landmark,insightface,spectral,dct,0.16,2026-09-02T04:14:05.967125+00:00
watermark_robustness,tommy_haas_5.png,jpeg_q50,jpeg_compression,{'quality': 50},False,0.546875,0.578125,,False,False,35.852,0.913932,34.0164,0.1.0,not-a-git-repository,3.12.10,macOS-26.6.2-arm64-arm-64bit,2.5.2,42,cpu,opencv_yunet,landmark,insightface,spectral,dct,0.16,2026-09-02T04:14:05.967125+00:00
watermark_robustness,tommy_haas_5.png,resize_75,resize,{'scale': 0.75},True,1.0,1.0,453cd28c,True,False,35.852,0.913932,42.3582,0.1.0,not-a-git-repository,3.12.10,macOS-26.6.2-arm64-arm-64bit,2.5.2,42,cpu,opencv_yunet,landmark,insightface,spectral,dct,0.16,2026-09-02T04:14:05.967125+00:00
watermark_robustness,tommy_haas_5.png,resize_50,resize,{'scale': 0.5},True,0.258247,0.96875,453cd28c,True,False,35.852,0.913932,35.7724,0.1.0,not-a-git-repository,3.12.10,macOS-26.6.2-arm64-arm-64bit,2.5.2,42,cpu,opencv_yunet,landmark,insightface,spectral,dct,0.16,2026-09-02T04:14:05.967125+00:00
watermark_robustness,tommy_haas_5.png,resize_25,resize,{'scale': 0.25},False,0.515625,0.484375,,False,False,35.852,0.913932,30.5177,0.1.0,not-a-git-repository,3.12.10,macOS-26.6.2-arm64-arm-64bit,2.5.2,42,cpu,opencv_yunet,landmark,insightface,spectral,dct,0.16,2026-09-02T04:14:05.967125+00:00
watermark_robustness,tommy_haas_5.png,crop_10,crop,{'ratio': 0.1},True,1.0,0.484375,453cd28c,True,False,35.852,0.913932,13.885,0.1.0,not-a-git-repository,3.12.10,macOS-26.6.2-arm64-arm-64bit,2.5.2,42,cpu,opencv_yunet,landmark,insightface,spectral,dct,0.16,2026-09-02T04:14:05.967125+00:00
watermark_robustness,tommy_haas_5.png,crop_30,crop,{'ratio': 0.3},False,0.5625,0.515625,,False,False,35.852,0.913932,10.6906,0.1.0,not-a-git-repository,3.12.10,macOS-26.6.2-arm64-arm-64bit,2.5.2,42,cpu,opencv_yunet,landmark,insightface,spectral,dct,0.16,2026-09-02T04:14:05.967125+00:00
watermark_robustness,tommy_haas_5.png,rotate_5,rotation,{'degrees': 5},False,0.539062,0.40625,,False,False,35.852,0.913932,16.2479,0.1.0,not-a-git-repository,3.12.10,macOS-26.6.2-arm64-arm-64bit,2.5.2,42,cpu,opencv_yunet,landmark,insightface,spectral,dct,0.16,2026-09-02T04:14:05.967125+00:00
watermark_robustness,tommy_haas_5.png,blur_1,blur,{'sigma': 1.0},True,1.0,1.0,453cd28c,True,False,35.852,0.913932,34.4899,0.1.0,not-a-git-repository,3.12.10,macOS-26.6.2-arm64-arm-64bit,2.5.2,42,cpu,opencv_yunet,landmark,insightface,spectral,dct,0.16,2026-09-02T04:14:05.967125+00:00
watermark_robustness,tommy_haas_5.png,noise_5,noise,{'sigma': 5.0},True,1.0,1.0,453cd28c,True,False,35.852,0.913932,34.1064,0.1.0,not-a-git-repository,3.12.10,macOS-26.6.2-arm64-arm-64bit,2.5.2,42,cpu,opencv_yunet,landmark,insightface,spectral,dct,0.16,2026-09-02T04:14:05.967125+00:00
watermark_robustness,tommy_haas_5.png,brightness_up,brightness,{'factor': 1.2},True,1.0,1.0,453cd28c,True,False,35.852,0.913932,20.4058,0.1.0,not-a-git-repository,3.12.10,macOS-26.6.2-arm64-arm-64bit,2.5.2,42,cpu,opencv_yunet,landmark,insightface,spectral,dct,0.16,2026-09-02T04:14:05.967125+00:00
watermark_robustness,tommy_haas_5.png,contrast_down,contrast,{'factor': 0.8},True,1.0,1.0,453cd28c,True,False,35.852,0.913932,28.3105,0.1.0,not-a-git-repository,3.12.10,macOS-26.6.2-arm64-arm-64bit,2.5.2,42,cpu,opencv_yunet,landmark,insightface,spectral,dct,0.16,2026-09-02T04:14:05.967125+00:00
watermark_robustness,tommy_haas_5.png,webp_q80,webp,{'quality': 80},True,1.0,1.0,453cd28c,True,False,35.852,0.913932,36.8107,0.1.0,not-a-git-repository,3.12.10,macOS-26.6.2-arm64-arm-64bit,2.5.2,42,cpu,opencv_yunet,landmark,insightface,spectral,dct,0.16,2026-09-02T04:14:05.967125+00:00
watermark_robustness,tommy_haas_5.png,screenshot,screenshot_simulation,"{'scale': 0.9, 'quality': 85}",True,1.0,1.0,453cd28c,True,False,35.852,0.913932,41.1011,0.1.0,not-a-git-repository,3.12.10,macOS-26.6.2-arm64-arm-64bit,2.5.2,42,cpu,opencv_yunet,landmark,insightface,spectral,dct,0.16,2026-09-02T04:14:05.967125+00:00
watermark_robustness,tony_shalhoub_0.png,jpeg_q90,jpeg_compression,{'quality': 90},True,1.0,1.0,3bafbe99,True,False,36.1712,0.909856,43.3757,0.1.0,not-a-git-repository,3.12.10,macOS-26.6.2-arm64-arm-64bit,2.5.2,42,cpu,opencv_yunet,landmark,insightface,spectral,dct,0.16,2026-09-02T04:14:05.967125+00:00
watermark_robustness,tony_shalhoub_0.png,jpeg_q70,jpeg_compression,{'quality': 70},True,0.964193,1.0,3bafbe99,True,False,36.1712,0.909856,37.6315,0.1.0,not-a-git-repository,3.12.10,macOS-26.6.2-arm64-arm-64bit,2.5.2,42,cpu,opencv_yunet,landmark,insightface,spectral,dct,0.16,2026-09-02T04:14:05.967125+00:00
watermark_robustness,tony_shalhoub_0.png,jpeg_q50,jpeg_compression,{'quality': 50},False,0.53125,0.4375,,False,False,36.1712,0.909856,34.5282,0.1.0,not-a-git-repository,3.12.10,macOS-26.6.2-arm64-arm-64bit,2.5.2,42,cpu,opencv_yunet,landmark,insightface,spectral,dct,0.16,2026-09-02T04:14:05.967125+00:00
watermark_robustness,tony_shalhoub_0.png,resize_75,resize,{'scale': 0.75},True,1.0,1.0,3bafbe99,True,False,36.1712,0.909856,41.9383,0.1.0,not-a-git-repository,3.12.10,macOS-26.6.2-arm64-arm-64bit,2.5.2,42,cpu,opencv_yunet,landmark,insightface,spectral,dct,0.16,2026-09-02T04:14:05.967125+00:00
watermark_robustness,tony_shalhoub_0.png,resize_50,resize,{'scale': 0.5},True,0.167274,0.9375,3bafbe99,True,False,36.1712,0.909856,36.0348,0.1.0,not-a-git-repository,3.12.10,macOS-26.6.2-arm64-arm-64bit,2.5.2,42,cpu,opencv_yunet,landmark,insightface,spectral,dct,0.16,2026-09-02T04:14:05.967125+00:00
watermark_robustness,tony_shalhoub_0.png,resize_25,resize,{'scale': 0.25},False,0.5625,0.515625,,False,False,36.1712,0.909856,32.1172,0.1.0,not-a-git-repository,3.12.10,macOS-26.6.2-arm64-arm-64bit,2.5.2,42,cpu,opencv_yunet,landmark,insightface,spectral,dct,0.16,2026-09-02T04:14:05.967125+00:00
watermark_robustness,tony_shalhoub_0.png,crop_10,crop,{'ratio': 0.1},True,1.0,0.484375,3bafbe99,True,False,36.1712,0.909856,12.8508,0.1.0,not-a-git-repository,3.12.10,macOS-26.6.2-arm64-arm-64bit,2.5.2,42,cpu,opencv_yunet,landmark,insightface,spectral,dct,0.16,2026-09-02T04:14:05.967125+00:00
watermark_robustness,tony_shalhoub_0.png,crop_30,crop,{'ratio': 0.3},False,0.546875,0.53125,,False,False,36.1712,0.909856,9.0858,0.1.0,not-a-git-repository,3.12.10,macOS-26.6.2-arm64-arm-64bit,2.5.2,42,cpu,opencv_yunet,landmark,insightface,spectral,dct,0.16,2026-09-02T04:14:05.967125+00:00
watermark_robustness,tony_shalhoub_0.png,rotate_5,rotation,{'degrees': 5},False,0.515625,0.484375,,False,False,36.1712,0.909856,19.2133,0.1.0,not-a-git-repository,3.12.10,macOS-26.6.2-arm64-arm-64bit,2.5.2,42,cpu,opencv_yunet,landmark,insightface,spectral,dct,0.16,2026-09-02T04:14:05.967125+00:00
watermark_robustness,tony_shalhoub_0.png,blur_1,blur,{'sigma': 1.0},True,1.0,1.0,3bafbe99,True,False,36.1712,0.909856,35.8217,0.1.0,not-a-git-repository,3.12.10,macOS-26.6.2-arm64-arm-64bit,2.5.2,42,cpu,opencv_yunet,landmark,insightface,spectral,dct,0.16,2026-09-02T04:14:05.967125+00:00
watermark_robustness,tony_shalhoub_0.png,noise_5,noise,{'sigma': 5.0},True,1.0,1.0,3bafbe99,True,False,36.1712,0.909856,34.3643,0.1.0,not-a-git-repository,3.12.10,macOS-26.6.2-arm64-arm-64bit,2.5.2,42,cpu,opencv_yunet,landmark,insightface,spectral,dct,0.16,2026-09-02T04:14:05.967125+00:00
watermark_robustness,tony_shalhoub_0.png,brightness_up,brightness,{'factor': 1.2},True,1.0,1.0,3bafbe99,True,False,36.1712,0.909856,23.5414,0.1.0,not-a-git-repository,3.12.10,macOS-26.6.2-arm64-arm-64bit,2.5.2,42,cpu,opencv_yunet,landmark,insightface,spectral,dct,0.16,2026-09-02T04:14:05.967125+00:00
watermark_robustness,tony_shalhoub_0.png,contrast_down,contrast,{'factor': 0.8},True,1.0,1.0,3bafbe99,True,False,36.1712,0.909856,26.8859,0.1.0,not-a-git-repository,3.12.10,macOS-26.6.2-arm64-arm-64bit,2.5.2,42,cpu,opencv_yunet,landmark,insightface,spectral,dct,0.16,2026-09-02T04:14:05.967125+00:00
watermark_robustness,tony_shalhoub_0.png,webp_q80,webp,{'quality': 80},True,0.992188,1.0,3bafbe99,True,False,36.1712,0.909856,36.9839,0.1.0,not-a-git-repository,3.12.10,macOS-26.6.2-arm64-arm-64bit,2.5.2,42,cpu,opencv_yunet,landmark,insightface,spectral,dct,0.16,2026-09-02T04:14:05.967125+00:00
watermark_robustness,tony_shalhoub_0.png,screenshot,screenshot_simulation,"{'scale': 0.9, 'quality': 85}",True,1.0,1.0,3bafbe99,True,False,36.1712,0.909856,41.4874,0.1.0,not-a-git-repository,3.12.10,macOS-26.6.2-arm64-arm-64bit,2.5.2,42,cpu,opencv_yunet,landmark,insightface,spectral,dct,0.16,2026-09-02T04:14:05.967125+00:00
watermark_robustness,tony_shalhoub_1.png,jpeg_q90,jpeg_compression,{'quality': 90},True,1.0,1.0,3097c07f,True,False,36.0226,0.900143,43.188,0.1.0,not-a-git-repository,3.12.10,macOS-26.6.2-arm64-arm-64bit,2.5.2,42,cpu,opencv_yunet,landmark,insightface,spectral,dct,0.16,2026-09-02T04:14:05.967125+00:00
watermark_robustness,tony_shalhoub_1.png,jpeg_q70,jpeg_compression,{'quality': 70},True,0.968099,1.0,3097c07f,True,False,36.0226,0.900143,37.18,0.1.0,not-a-git-repository,3.12.10,macOS-26.6.2-arm64-arm-64bit,2.5.2,42,cpu,opencv_yunet,landmark,insightface,spectral,dct,0.16,2026-09-02T04:14:05.967125+00:00
watermark_robustness,tony_shalhoub_1.png,jpeg_q50,jpeg_compression,{'quality': 50},False,0.53125,0.65625,,False,False,36.0226,0.900143,34.0742,0.1.0,not-a-git-repository,3.12.10,macOS-26.6.2-arm64-arm-64bit,2.5.2,42,cpu,opencv_yunet,landmark,insightface,spectral,dct,0.16,2026-09-02T04:14:05.967125+00:00
watermark_robustness,tony_shalhoub_1.png,resize_75,resize,{'scale': 0.75},True,1.0,1.0,3097c07f,True,False,36.0226,0.900143,39.4228,0.1.0,not-a-git-repository,3.12.10,macOS-26.6.2-arm64-arm-64bit,2.5.2,42,cpu,opencv_yunet,landmark,insightface,spectral,dct,0.16,2026-09-02T04:14:05.967125+00:00
watermark_robustness,tony_shalhoub_1.png,resize_50,resize,{'scale': 0.5},False,0.845052,0.953125,,False,False,36.0226,0.900143,34.1545,0.1.0,not-a-git-repository,3.12.10,macOS-26.6.2-arm64-arm-64bit,2.5.2,42,cpu,opencv_yunet,landmark,insightface,spectral,dct,0.16,2026-09-02T04:14:05.967125+00:00
watermark_robustness,tony_shalhoub_1.png,resize_25,resize,{'scale': 0.25},False,0.59375,0.515625,,False,False,36.0226,0.900143,29.0965,0.1.0,not-a-git-repository,3.12.10,macOS-26.6.2-arm64-arm-64bit,2.5.2,42,cpu,opencv_yunet,landmark,insightface,spectral,dct,0.16,2026-09-02T04:14:05.967125+00:00
watermark_robustness,tony_shalhoub_1.png,crop_10,crop,{'ratio': 0.1},True,1.0,0.515625,3097c07f,True,False,36.0226,0.900143,12.5638,0.1.0,not-a-git-repository,3.12.10,macOS-26.6.2-arm64-arm-64bit,2.5.2,42,cpu,opencv_yunet,landmark,insightface,spectral,dct,0.16,2026-09-02T04:14:05.967125+00:00
watermark_robustness,tony_shalhoub_1.png,crop_30,crop,{'ratio': 0.3},False,0.570312,0.515625,,False,False,36.0226,0.900143,9.8602,0.1.0,not-a-git-repository,3.12.10,macOS-26.6.2-arm64-arm-64bit,2.5.2,42,cpu,opencv_yunet,landmark,insightface,spectral,dct,0.16,2026-09-02T04:14:05.967125+00:00
watermark_robustness,tony_shalhoub_1.png,rotate_5,rotation,{'degrees': 5},False,0.523438,0.46875,,False,False,36.0226,0.900143,14.9948,0.1.0,not-a-git-repository,3.12.10,macOS-26.6.2-arm64-arm-64bit,2.5.2,42,cpu,opencv_yunet,landmark,insightface,spectral,dct,0.16,2026-09-02T04:14:05.967125+00:00
watermark_robustness,tony_shalhoub_1.png,blur_1,blur,{'sigma': 1.0},True,0.998047,1.0,3097c07f,True,False,36.0226,0.900143,33.3263,0.1.0,not-a-git-repository,3.12.10,macOS-26.6.2-arm64-arm-64bit,2.5.2,42,cpu,opencv_yunet,landmark,insightface,spectral,dct,0.16,2026-09-02T04:14:05.967125+00:00
watermark_robustness,tony_shalhoub_1.png,noise_5,noise,{'sigma': 5.0},True,1.0,1.0,3097c07f,True,False,36.0226,0.900143,34.1734,0.1.0,not-a-git-repository,3.12.10,macOS-26.6.2-arm64-arm-64bit,2.5.2,42,cpu,opencv_yunet,landmark,insightface,spectral,dct,0.16,2026-09-02T04:14:05.967125+00:00
watermark_robustness,tony_shalhoub_1.png,brightness_up,brightness,{'factor': 1.2},True,0.998047,1.0,3097c07f,True,False,36.0226,0.900143,20.6497,0.1.0,not-a-git-repository,3.12.10,macOS-26.6.2-arm64-arm-64bit,2.5.2,42,cpu,opencv_yunet,landmark,insightface,spectral,dct,0.16,2026-09-02T04:14:05.967125+00:00
watermark_robustness,tony_shalhoub_1.png,contrast_down,contrast,{'factor': 0.8},True,1.0,1.0,3097c07f,True,False,36.0226,0.900143,26.6094,0.1.0,not-a-git-repository,3.12.10,macOS-26.6.2-arm64-arm-64bit,2.5.2,42,cpu,opencv_yunet,landmark,insightface,spectral,dct,0.16,2026-09-02T04:14:05.967125+00:00
watermark_robustness,tony_shalhoub_1.png,webp_q80,webp,{'quality': 80},True,0.983724,1.0,3097c07f,True,False,36.0226,0.900143,36.9459,0.1.0,not-a-git-repository,3.12.10,macOS-26.6.2-arm64-arm-64bit,2.5.2,42,cpu,opencv_yunet,landmark,insightface,spectral,dct,0.16,2026-09-02T04:14:05.967125+00:00
watermark_robustness,tony_shalhoub_1.png,screenshot,screenshot_simulation,"{'scale': 0.9, 'quality': 85}",True,0.988281,1.0,3097c07f,True,False,36.0226,0.900143,39.6638,0.1.0,not-a-git-repository,3.12.10,macOS-26.6.2-arm64-arm-64bit,2.5.2,42,cpu,opencv_yunet,landmark,insightface,spectral,dct,0.16,2026-09-02T04:14:05.967125+00:00
watermark_robustness,tony_shalhoub_2.png,jpeg_q90,jpeg_compression,{'quality': 90},True,1.0,1.0,087b8828,True,False,36.1165,0.908415,44.2307,0.1.0,not-a-git-repository,3.12.10,macOS-26.6.2-arm64-arm-64bit,2.5.2,42,cpu,opencv_yunet,landmark,insightface,spectral,dct,0.16,2026-09-02T04:14:05.967125+00:00
watermark_robustness,tony_shalhoub_2.png,jpeg_q70,jpeg_compression,{'quality': 70},True,0.927083,1.0,087b8828,True,False,36.1165,0.908415,37.8402,0.1.0,not-a-git-repository,3.12.10,macOS-26.6.2-arm64-arm-64bit,2.5.2,42,cpu,opencv_yunet,landmark,insightface,spectral,dct,0.16,2026-09-02T04:14:05.967125+00:00
watermark_robustness,tony_shalhoub_2.png,jpeg_q50,jpeg_compression,{'quality': 50},False,0.578125,0.484375,,False,False,36.1165,0.908415,34.6441,0.1.0,not-a-git-repository,3.12.10,macOS-26.6.2-arm64-arm-64bit,2.5.2,42,cpu,opencv_yunet,landmark,insightface,spectral,dct,0.16,2026-09-02T04:14:05.967125+00:00
watermark_robustness,tony_shalhoub_2.png,resize_75,resize,{'scale': 0.75},True,1.0,1.0,087b8828,True,False,36.1165,0.908415,37.4913,0.1.0,not-a-git-repository,3.12.10,macOS-26.6.2-arm64-arm-64bit,2.5.2,42,cpu,opencv_yunet,landmark,insightface,spectral,dct,0.16,2026-09-02T04:14:05.967125+00:00
watermark_robustness,tony_shalhoub_2.png,resize_50,resize,{'scale': 0.5},True,0.274089,0.96875,087b8828,True,False,36.1165,0.908415,32.0029,0.1.0,not-a-git-repository,3.12.10,macOS-26.6.2-arm64-arm-64bit,2.5.2,42,cpu,opencv_yunet,landmark,insightface,spectral,dct,0.16,2026-09-02T04:14:05.967125+00:00
watermark_robustness,tony_shalhoub_2.png,resize_25,resize,{'scale': 0.25},False,0.539062,0.5,,False,False,36.1165,0.908415,27.8247,0.1.0,not-a-git-repository,3.12.10,macOS-26.6.2-arm64-arm-64bit,2.5.2,42,cpu,opencv_yunet,landmark,insightface,spectral,dct,0.16,2026-09-02T04:14:05.967125+00:00
watermark_robustness,tony_shalhoub_2.png,crop_10,crop,{'ratio': 0.1},True,1.0,0.59375,087b8828,True,False,36.1165,0.908415,10.4015,0.1.0,not-a-git-repository,3.12.10,macOS-26.6.2-arm64-arm-64bit,2.5.2,42,cpu,opencv_yunet,landmark,insightface,spectral,dct,0.16,2026-09-02T04:14:05.967125+00:00
watermark_robustness,tony_shalhoub_2.png,crop_30,crop,{'ratio': 0.3},False,0.59375,0.515625,,False,False,36.1165,0.908415,10.1228,0.1.0,not-a-git-repository,3.12.10,macOS-26.6.2-arm64-arm-64bit,2.5.2,42,cpu,opencv_yunet,landmark,insightface,spectral,dct,0.16,2026-09-02T04:14:05.967125+00:00
watermark_robustness,tony_shalhoub_2.png,rotate_5,rotation,{'degrees': 5},False,0.554688,0.546875,,False,False,36.1165,0.908415,13.5751,0.1.0,not-a-git-repository,3.12.10,macOS-26.6.2-arm64-arm-64bit,2.5.2,42,cpu,opencv_yunet,landmark,insightface,spectral,dct,0.16,2026-09-02T04:14:05.967125+00:00
watermark_robustness,tony_shalhoub_2.png,blur_1,blur,{'sigma': 1.0},True,1.0,1.0,087b8828,True,False,36.1165,0.908415,31.858,0.1.0,not-a-git-repository,3.12.10,macOS-26.6.2-arm64-arm-64bit,2.5.2,42,cpu,opencv_yunet,landmark,insightface,spectral,dct,0.16,2026-09-02T04:14:05.967125+00:00
watermark_robustness,tony_shalhoub_2.png,noise_5,noise,{'sigma': 5.0},True,1.0,1.0,087b8828,True,False,36.1165,0.908415,34.2661,0.1.0,not-a-git-repository,3.12.10,macOS-26.6.2-arm64-arm-64bit,2.5.2,42,cpu,opencv_yunet,landmark,insightface,spectral,dct,0.16,2026-09-02T04:14:05.967125+00:00
watermark_robustness,tony_shalhoub_2.png,brightness_up,brightness,{'factor': 1.2},True,0.996094,1.0,087b8828,True,False,36.1165,0.908415,19.8366,0.1.0,not-a-git-repository,3.12.10,macOS-26.6.2-arm64-arm-64bit,2.5.2,42,cpu,opencv_yunet,landmark,insightface,spectral,dct,0.16,2026-09-02T04:14:05.967125+00:00
watermark_robustness,tony_shalhoub_2.png,contrast_down,contrast,{'factor': 0.8},True,1.0,1.0,087b8828,True,False,36.1165,0.908415,25.5676,0.1.0,not-a-git-repository,3.12.10,macOS-26.6.2-arm64-arm-64bit,2.5.2,42,cpu,opencv_yunet,landmark,insightface,spectral,dct,0.16,2026-09-02T04:14:05.967125+00:00
watermark_robustness,tony_shalhoub_2.png,webp_q80,webp,{'quality': 80},True,0.947266,1.0,087b8828,True,False,36.1165,0.908415,37.2558,0.1.0,not-a-git-repository,3.12.10,macOS-26.6.2-arm64-arm-64bit,2.5.2,42,cpu,opencv_yunet,landmark,insightface,spectral,dct,0.16,2026-09-02T04:14:05.967125+00:00
watermark_robustness,tony_shalhoub_2.png,screenshot,screenshot_simulation,"{'scale': 0.9, 'quality': 85}",True,0.962891,1.0,087b8828,True,False,36.1165,0.908415,36.9221,0.1.0,not-a-git-repository,3.12.10,macOS-26.6.2-arm64-arm-64bit,2.5.2,42,cpu,opencv_yunet,landmark,insightface,spectral,dct,0.16,2026-09-02T04:14:05.967125+00:00
watermark_robustness,tony_shalhoub_3.png,jpeg_q90,jpeg_compression,{'quality': 90},True,1.0,1.0,6106c50d,True,False,35.9993,0.921217,42.8028,0.1.0,not-a-git-repository,3.12.10,macOS-26.6.2-arm64-arm-64bit,2.5.2,42,cpu,opencv_yunet,landmark,insightface,spectral,dct,0.16,2026-09-02T04:14:05.967125+00:00
watermark_robustness,tony_shalhoub_3.png,jpeg_q70,jpeg_compression,{'quality': 70},True,1.0,1.0,6106c50d,True,False,35.9993,0.921217,36.9724,0.1.0,not-a-git-repository,3.12.10,macOS-26.6.2-arm64-arm-64bit,2.5.2,42,cpu,opencv_yunet,landmark,insightface,spectral,dct,0.16,2026-09-02T04:14:05.967125+00:00
watermark_robustness,tony_shalhoub_3.png,jpeg_q50,jpeg_compression,{'quality': 50},False,0.539062,0.625,,False,False,35.9993,0.921217,33.8553,0.1.0,not-a-git-repository,3.12.10,macOS-26.6.2-arm64-arm-64bit,2.5.2,42,cpu,opencv_yunet,landmark,insightface,spectral,dct,0.16,2026-09-02T04:14:05.967125+00:00
watermark_robustness,tony_shalhoub_3.png,resize_75,resize,{'scale': 0.75},True,1.0,1.0,6106c50d,True,False,35.9993,0.921217,38.3367,0.1.0,not-a-git-repository,3.12.10,macOS-26.6.2-arm64-arm-64bit,2.5.2,42,cpu,opencv_yunet,landmark,insightface,spectral,dct,0.16,2026-09-02T04:14:05.967125+00:00
watermark_robustness,tony_shalhoub_3.png,resize_50,resize,{'scale': 0.5},True,0.136024,0.9375,6106c50d,True,False,35.9993,0.921217,32.5377,0.1.0,not-a-git-repository,3.12.10,macOS-26.6.2-arm64-arm-64bit,2.5.2,42,cpu,opencv_yunet,landmark,insightface,spectral,dct,0.16,2026-09-02T04:14:05.967125+00:00
watermark_robustness,tony_shalhoub_3.png,resize_25,resize,{'scale': 0.25},False,0.523438,0.453125,,False,False,35.9993,0.921217,26.9716,0.1.0,not-a-git-repository,3.12.10,macOS-26.6.2-arm64-arm-64bit,2.5.2,42,cpu,opencv_yunet,landmark,insightface,spectral,dct,0.16,2026-09-02T04:14:05.967125+00:00
watermark_robustness,tony_shalhoub_3.png,crop_10,crop,{'ratio': 0.1},True,1.0,0.515625,6106c50d,True,False,35.9993,0.921217,10.0724,0.1.0,not-a-git-repository,3.12.10,macOS-26.6.2-arm64-arm-64bit,2.5.2,42,cpu,opencv_yunet,landmark,insightface,spectral,dct,0.16,2026-09-02T04:14:05.967125+00:00
watermark_robustness,tony_shalhoub_3.png,crop_30,crop,{'ratio': 0.3},False,0.539062,0.46875,,False,False,35.9993,0.921217,8.4872,0.1.0,not-a-git-repository,3.12.10,macOS-26.6.2-arm64-arm-64bit,2.5.2,42,cpu,opencv_yunet,landmark,insightface,spectral,dct,0.16,2026-09-02T04:14:05.967125+00:00
watermark_robustness,tony_shalhoub_3.png,rotate_5,rotation,{'degrees': 5},False,0.539062,0.53125,,False,False,35.9993,0.921217,12.1262,0.1.0,not-a-git-repository,3.12.10,macOS-26.6.2-arm64-arm-64bit,2.5.2,42,cpu,opencv_yunet,landmark,insightface,spectral,dct,0.16,2026-09-02T04:14:05.967125+00:00
watermark_robustness,tony_shalhoub_3.png,blur_1,blur,{'sigma': 1.0},True,1.0,1.0,6106c50d,True,False,35.9993,0.921217,31.6644,0.1.0,not-a-git-repository,3.12.10,macOS-26.6.2-arm64-arm-64bit,2.5.2,42,cpu,opencv_yunet,landmark,insightface,spectral,dct,0.16,2026-09-02T04:14:05.967125+00:00
watermark_robustness,tony_shalhoub_3.png,noise_5,noise,{'sigma': 5.0},True,1.0,1.0,6106c50d,True,False,35.9993,0.921217,34.1547,0.1.0,not-a-git-repository,3.12.10,macOS-26.6.2-arm64-arm-64bit,2.5.2,42,cpu,opencv_yunet,landmark,insightface,spectral,dct,0.16,2026-09-02T04:14:05.967125+00:00
watermark_robustness,tony_shalhoub_3.png,brightness_up,brightness,{'factor': 1.2},True,0.98763,1.0,6106c50d,True,False,35.9993,0.921217,19.1954,0.1.0,not-a-git-repository,3.12.10,macOS-26.6.2-arm64-arm-64bit,2.5.2,42,cpu,opencv_yunet,landmark,insightface,spectral,dct,0.16,2026-09-02T04:14:05.967125+00:00
watermark_robustness,tony_shalhoub_3.png,contrast_down,contrast,{'factor': 0.8},True,1.0,1.0,6106c50d,True,False,35.9993,0.921217,24.2648,0.1.0,not-a-git-repository,3.12.10,macOS-26.6.2-arm64-arm-64bit,2.5.2,42,cpu,opencv_yunet,landmark,insightface,spectral,dct,0.16,2026-09-02T04:14:05.967125+00:00
watermark_robustness,tony_shalhoub_3.png,webp_q80,webp,{'quality': 80},True,1.0,1.0,6106c50d,True,False,35.9993,0.921217,36.9835,0.1.0,not-a-git-repository,3.12.10,macOS-26.6.2-arm64-arm-64bit,2.5.2,42,cpu,opencv_yunet,landmark,insightface,spectral,dct,0.16,2026-09-02T04:14:05.967125+00:00
watermark_robustness,tony_shalhoub_3.png,screenshot,screenshot_simulation,"{'scale': 0.9, 'quality': 85}",True,1.0,1.0,6106c50d,True,False,35.9993,0.921217,40.0906,0.1.0,not-a-git-repository,3.12.10,macOS-26.6.2-arm64-arm-64bit,2.5.2,42,cpu,opencv_yunet,landmark,insightface,spectral,dct,0.16,2026-09-02T04:14:05.967125+00:00
watermark_robustness,vincent_brooks_0.png,jpeg_q90,jpeg_compression,{'quality': 90},True,1.0,1.0,c7dc630d,True,False,36.02,0.883559,45.0266,0.1.0,not-a-git-repository,3.12.10,macOS-26.6.2-arm64-arm-64bit,2.5.2,42,cpu,opencv_yunet,landmark,insightface,spectral,dct,0.16,2026-09-02T04:14:05.967125+00:00
watermark_robustness,vincent_brooks_0.png,jpeg_q70,jpeg_compression,{'quality': 70},True,1.0,1.0,c7dc630d,True,False,36.02,0.883559,38.3781,0.1.0,not-a-git-repository,3.12.10,macOS-26.6.2-arm64-arm-64bit,2.5.2,42,cpu,opencv_yunet,landmark,insightface,spectral,dct,0.16,2026-09-02T04:14:05.967125+00:00
watermark_robustness,vincent_brooks_0.png,jpeg_q50,jpeg_compression,{'quality': 50},False,0.53125,0.5,,False,False,36.02,0.883559,34.8921,0.1.0,not-a-git-repository,3.12.10,macOS-26.6.2-arm64-arm-64bit,2.5.2,42,cpu,opencv_yunet,landmark,insightface,spectral,dct,0.16,2026-09-02T04:14:05.967125+00:00
watermark_robustness,vincent_brooks_0.png,resize_75,resize,{'scale': 0.75},True,1.0,1.0,c7dc630d,True,False,36.02,0.883559,43.1048,0.1.0,not-a-git-repository,3.12.10,macOS-26.6.2-arm64-arm-64bit,2.5.2,42,cpu,opencv_yunet,landmark,insightface,spectral,dct,0.16,2026-09-02T04:14:05.967125+00:00
watermark_robustness,vincent_brooks_0.png,resize_50,resize,{'scale': 0.5},True,0.21403,0.953125,c7dc630d,True,False,36.02,0.883559,36.7369,0.1.0,not-a-git-repository,3.12.10,macOS-26.6.2-arm64-arm-64bit,2.5.2,42,cpu,opencv_yunet,landmark,insightface,spectral,dct,0.16,2026-09-02T04:14:05.967125+00:00
watermark_robustness,vincent_brooks_0.png,resize_25,resize,{'scale': 0.25},False,0.515625,0.53125,,False,False,36.02,0.883559,33.5244,0.1.0,not-a-git-repository,3.12.10,macOS-26.6.2-arm64-arm-64bit,2.5.2,42,cpu,opencv_yunet,landmark,insightface,spectral,dct,0.16,2026-09-02T04:14:05.967125+00:00
watermark_robustness,vincent_brooks_0.png,crop_10,crop,{'ratio': 0.1},True,1.0,0.453125,c7dc630d,True,False,36.02,0.883559,15.8609,0.1.0,not-a-git-repository,3.12.10,macOS-26.6.2-arm64-arm-64bit,2.5.2,42,cpu,opencv_yunet,landmark,insightface,spectral,dct,0.16,2026-09-02T04:14:05.967125+00:00
watermark_robustness,vincent_brooks_0.png,crop_30,crop,{'ratio': 0.3},False,0.492188,0.453125,,False,False,36.02,0.883559,11.1733,0.1.0,not-a-git-repository,3.12.10,macOS-26.6.2-arm64-arm-64bit,2.5.2,42,cpu,opencv_yunet,landmark,insightface,spectral,dct,0.16,2026-09-02T04:14:05.967125+00:00
watermark_robustness,vincent_brooks_0.png,rotate_5,rotation,{'degrees': 5},False,0.53125,0.53125,,False,False,36.02,0.883559,16.4928,0.1.0,not-a-git-repository,3.12.10,macOS-26.6.2-arm64-arm-64bit,2.5.2,42,cpu,opencv_yunet,landmark,insightface,spectral,dct,0.16,2026-09-02T04:14:05.967125+00:00
watermark_robustness,vincent_brooks_0.png,blur_1,blur,{'sigma': 1.0},True,1.0,1.0,c7dc630d,True,False,36.02,0.883559,36.5088,0.1.0,not-a-git-repository,3.12.10,macOS-26.6.2-arm64-arm-64bit,2.5.2,42,cpu,opencv_yunet,landmark,insightface,spectral,dct,0.16,2026-09-02T04:14:05.967125+00:00
watermark_robustness,vincent_brooks_0.png,noise_5,noise,{'sigma': 5.0},True,1.0,1.0,c7dc630d,True,False,36.02,0.883559,34.1495,0.1.0,not-a-git-repository,3.12.10,macOS-26.6.2-arm64-arm-64bit,2.5.2,42,cpu,opencv_yunet,landmark,insightface,spectral,dct,0.16,2026-09-02T04:14:05.967125+00:00
watermark_robustness,vincent_brooks_0.png,brightness_up,brightness,{'factor': 1.2},True,1.0,1.0,c7dc630d,True,False,36.02,0.883559,23.9496,0.1.0,not-a-git-repository,3.12.10,macOS-26.6.2-arm64-arm-64bit,2.5.2,42,cpu,opencv_yunet,landmark,insightface,spectral,dct,0.16,2026-09-02T04:14:05.967125+00:00
watermark_robustness,vincent_brooks_0.png,contrast_down,contrast,{'factor': 0.8},True,1.0,1.0,c7dc630d,True,False,36.02,0.883559,27.8875,0.1.0,not-a-git-repository,3.12.10,macOS-26.6.2-arm64-arm-64bit,2.5.2,42,cpu,opencv_yunet,landmark,insightface,spectral,dct,0.16,2026-09-02T04:14:05.967125+00:00
watermark_robustness,vincent_brooks_0.png,webp_q80,webp,{'quality': 80},True,1.0,1.0,c7dc630d,True,False,36.02,0.883559,37.679,0.1.0,not-a-git-repository,3.12.10,macOS-26.6.2-arm64-arm-64bit,2.5.2,42,cpu,opencv_yunet,landmark,insightface,spectral,dct,0.16,2026-09-02T04:14:05.967125+00:00
watermark_robustness,vincent_brooks_0.png,screenshot,screenshot_simulation,"{'scale': 0.9, 'quality': 85}",True,1.0,1.0,c7dc630d,True,False,36.02,0.883559,42.6563,0.1.0,not-a-git-repository,3.12.10,macOS-26.6.2-arm64-arm-64bit,2.5.2,42,cpu,opencv_yunet,landmark,insightface,spectral,dct,0.16,2026-09-02T04:14:05.967125+00:00
watermark_robustness,vincent_brooks_1.png,jpeg_q90,jpeg_compression,{'quality': 90},True,1.0,1.0,be1d03fb,True,False,35.9449,0.904849,44.3989,0.1.0,not-a-git-repository,3.12.10,macOS-26.6.2-arm64-arm-64bit,2.5.2,42,cpu,opencv_yunet,landmark,insightface,spectral,dct,0.16,2026-09-02T04:14:05.967125+00:00
watermark_robustness,vincent_brooks_1.png,jpeg_q70,jpeg_compression,{'quality': 70},True,1.0,1.0,be1d03fb,True,False,35.9449,0.904849,38.01,0.1.0,not-a-git-repository,3.12.10,macOS-26.6.2-arm64-arm-64bit,2.5.2,42,cpu,opencv_yunet,landmark,insightface,spectral,dct,0.16,2026-09-02T04:14:05.967125+00:00
watermark_robustness,vincent_brooks_1.png,jpeg_q50,jpeg_compression,{'quality': 50},False,0.585938,0.546875,,False,False,35.9449,0.904849,34.6529,0.1.0,not-a-git-repository,3.12.10,macOS-26.6.2-arm64-arm-64bit,2.5.2,42,cpu,opencv_yunet,landmark,insightface,spectral,dct,0.16,2026-09-02T04:14:05.967125+00:00
watermark_robustness,vincent_brooks_1.png,resize_75,resize,{'scale': 0.75},True,1.0,1.0,be1d03fb,True,False,35.9449,0.904849,42.6882,0.1.0,not-a-git-repository,3.12.10,macOS-26.6.2-arm64-arm-64bit,2.5.2,42,cpu,opencv_yunet,landmark,insightface,spectral,dct,0.16,2026-09-02T04:14:05.967125+00:00
watermark_robustness,vincent_brooks_1.png,resize_50,resize,{'scale': 0.5},False,0.893229,0.9375,,False,False,35.9449,0.904849,36.5418,0.1.0,not-a-git-repository,3.12.10,macOS-26.6.2-arm64-arm-64bit,2.5.2,42,cpu,opencv_yunet,landmark,insightface,spectral,dct,0.16,2026-09-02T04:14:05.967125+00:00
watermark_robustness,vincent_brooks_1.png,resize_25,resize,{'scale': 0.25},False,0.5625,0.46875,,False,False,35.9449,0.904849,30.7694,0.1.0,not-a-git-repository,3.12.10,macOS-26.6.2-arm64-arm-64bit,2.5.2,42,cpu,opencv_yunet,landmark,insightface,spectral,dct,0.16,2026-09-02T04:14:05.967125+00:00
watermark_robustness,vincent_brooks_1.png,crop_10,crop,{'ratio': 0.1},True,1.0,0.46875,be1d03fb,True,False,35.9449,0.904849,14.6251,0.1.0,not-a-git-repository,3.12.10,macOS-26.6.2-arm64-arm-64bit,2.5.2,42,cpu,opencv_yunet,landmark,insightface,spectral,dct,0.16,2026-09-02T04:14:05.967125+00:00
watermark_robustness,vincent_brooks_1.png,crop_30,crop,{'ratio': 0.3},False,0.523438,0.5625,,False,False,35.9449,0.904849,9.72,0.1.0,not-a-git-repository,3.12.10,macOS-26.6.2-arm64-arm-64bit,2.5.2,42,cpu,opencv_yunet,landmark,insightface,spectral,dct,0.16,2026-09-02T04:14:05.967125+00:00
watermark_robustness,vincent_brooks_1.png,rotate_5,rotation,{'degrees': 5},False,0.554688,0.546875,,False,False,35.9449,0.904849,15.0963,0.1.0,not-a-git-repository,3.12.10,macOS-26.6.2-arm64-arm-64bit,2.5.2,42,cpu,opencv_yunet,landmark,insightface,spectral,dct,0.16,2026-09-02T04:14:05.967125+00:00
watermark_robustness,vincent_brooks_1.png,blur_1,blur,{'sigma': 1.0},True,1.0,1.0,be1d03fb,True,False,35.9449,0.904849,34.9088,0.1.0,not-a-git-repository,3.12.10,macOS-26.6.2-arm64-arm-64bit,2.5.2,42,cpu,opencv_yunet,landmark,insightface,spectral,dct,0.16,2026-09-02T04:14:05.967125+00:00
watermark_robustness,vincent_brooks_1.png,noise_5,noise,{'sigma': 5.0},True,1.0,1.0,be1d03fb,True,False,35.9449,0.904849,34.2265,0.1.0,not-a-git-repository,3.12.10,macOS-26.6.2-arm64-arm-64bit,2.5.2,42,cpu,opencv_yunet,landmark,insightface,spectral,dct,0.16,2026-09-02T04:14:05.967125+00:00
watermark_robustness,vincent_brooks_1.png,brightness_up,brightness,{'factor': 1.2},True,1.0,1.0,be1d03fb,True,False,35.9449,0.904849,23.6226,0.1.0,not-a-git-repository,3.12.10,macOS-26.6.2-arm64-arm-64bit,2.5.2,42,cpu,opencv_yunet,landmark,insightface,spectral,dct,0.16,2026-09-02T04:14:05.967125+00:00
watermark_robustness,vincent_brooks_1.png,contrast_down,contrast,{'factor': 0.8},True,1.0,1.0,be1d03fb,True,False,35.9449,0.904849,26.1055,0.1.0,not-a-git-repository,3.12.10,macOS-26.6.2-arm64-arm-64bit,2.5.2,42,cpu,opencv_yunet,landmark,insightface,spectral,dct,0.16,2026-09-02T04:14:05.967125+00:00
watermark_robustness,vincent_brooks_1.png,webp_q80,webp,{'quality': 80},True,0.997396,1.0,be1d03fb,True,False,35.9449,0.904849,37.1388,0.1.0,not-a-git-repository,3.12.10,macOS-26.6.2-arm64-arm-64bit,2.5.2,42,cpu,opencv_yunet,landmark,insightface,spectral,dct,0.16,2026-09-02T04:14:05.967125+00:00
watermark_robustness,vincent_brooks_1.png,screenshot,screenshot_simulation,"{'scale': 0.9, 'quality': 85}",True,1.0,1.0,be1d03fb,True,False,35.9449,0.904849,42.0575,0.1.0,not-a-git-repository,3.12.10,macOS-26.6.2-arm64-arm-64bit,2.5.2,42,cpu,opencv_yunet,landmark,insightface,spectral,dct,0.16,2026-09-02T04:14:05.967125+00:00
watermark_robustness,vincent_brooks_2.png,jpeg_q90,jpeg_compression,{'quality': 90},True,1.0,1.0,f8d137c0,True,False,36.3392,0.910076,41.1828,0.1.0,not-a-git-repository,3.12.10,macOS-26.6.2-arm64-arm-64bit,2.5.2,42,cpu,opencv_yunet,landmark,insightface,spectral,dct,0.16,2026-09-02T04:14:05.967125+00:00
watermark_robustness,vincent_brooks_2.png,jpeg_q70,jpeg_compression,{'quality': 70},True,0.874349,1.0,f8d137c0,True,False,36.3392,0.910076,36.0331,0.1.0,not-a-git-repository,3.12.10,macOS-26.6.2-arm64-arm-64bit,2.5.2,42,cpu,opencv_yunet,landmark,insightface,spectral,dct,0.16,2026-09-02T04:14:05.967125+00:00
watermark_robustness,vincent_brooks_2.png,jpeg_q50,jpeg_compression,{'quality': 50},False,0.578125,0.59375,,False,False,36.3392,0.910076,33.3493,0.1.0,not-a-git-repository,3.12.10,macOS-26.6.2-arm64-arm-64bit,2.5.2,42,cpu,opencv_yunet,landmark,insightface,spectral,dct,0.16,2026-09-02T04:14:05.967125+00:00
watermark_robustness,vincent_brooks_2.png,resize_75,resize,{'scale': 0.75},True,1.0,1.0,f8d137c0,True,False,36.3392,0.910076,39.8811,0.1.0,not-a-git-repository,3.12.10,macOS-26.6.2-arm64-arm-64bit,2.5.2,42,cpu,opencv_yunet,landmark,insightface,spectral,dct,0.16,2026-09-02T04:14:05.967125+00:00
watermark_robustness,vincent_brooks_2.png,resize_50,resize,{'scale': 0.5},False,0.722005,0.890625,,False,False,36.3392,0.910076,34.1405,0.1.0,not-a-git-repository,3.12.10,macOS-26.6.2-arm64-arm-64bit,2.5.2,42,cpu,opencv_yunet,landmark,insightface,spectral,dct,0.16,2026-09-02T04:14:05.967125+00:00
watermark_robustness,vincent_brooks_2.png,resize_25,resize,{'scale': 0.25},False,0.554688,0.53125,,False,False,36.3392,0.910076,28.945,0.1.0,not-a-git-repository,3.12.10,macOS-26.6.2-arm64-arm-64bit,2.5.2,42,cpu,opencv_yunet,landmark,insightface,spectral,dct,0.16,2026-09-02T04:14:05.967125+00:00
watermark_robustness,vincent_brooks_2.png,crop_10,crop,{'ratio': 0.1},True,1.0,0.5625,f8d137c0,True,False,36.3392,0.910076,12.0198,0.1.0,not-a-git-repository,3.12.10,macOS-26.6.2-arm64-arm-64bit,2.5.2,42,cpu,opencv_yunet,landmark,insightface,spectral,dct,0.16,2026-09-02T04:14:05.967125+00:00
watermark_robustness,vincent_brooks_2.png,crop_30,crop,{'ratio': 0.3},False,0.554688,0.5,,False,False,36.3392,0.910076,10.0469,0.1.0,not-a-git-repository,3.12.10,macOS-26.6.2-arm64-arm-64bit,2.5.2,42,cpu,opencv_yunet,landmark,insightface,spectral,dct,0.16,2026-09-02T04:14:05.967125+00:00
watermark_robustness,vincent_brooks_2.png,rotate_5,rotation,{'degrees': 5},False,0.539062,0.390625,,False,False,36.3392,0.910076,15.9989,0.1.0,not-a-git-repository,3.12.10,macOS-26.6.2-arm64-arm-64bit,2.5.2,42,cpu,opencv_yunet,landmark,insightface,spectral,dct,0.16,2026-09-02T04:14:05.967125+00:00
watermark_robustness,vincent_brooks_2.png,blur_1,blur,{'sigma': 1.0},True,1.0,1.0,f8d137c0,True,False,36.3392,0.910076,32.8889,0.1.0,not-a-git-repository,3.12.10,macOS-26.6.2-arm64-arm-64bit,2.5.2,42,cpu,opencv_yunet,landmark,insightface,spectral,dct,0.16,2026-09-02T04:14:05.967125+00:00
watermark_robustness,vincent_brooks_2.png,noise_5,noise,{'sigma': 5.0},True,1.0,1.0,f8d137c0,True,False,36.3392,0.910076,34.52,0.1.0,not-a-git-repository,3.12.10,macOS-26.6.2-arm64-arm-64bit,2.5.2,42,cpu,opencv_yunet,landmark,insightface,spectral,dct,0.16,2026-09-02T04:14:05.967125+00:00
watermark_robustness,vincent_brooks_2.png,brightness_up,brightness,{'factor': 1.2},True,1.0,1.0,f8d137c0,True,False,36.3392,0.910076,22.9849,0.1.0,not-a-git-repository,3.12.10,macOS-26.6.2-arm64-arm-64bit,2.5.2,42,cpu,opencv_yunet,landmark,insightface,spectral,dct,0.16,2026-09-02T04:14:05.967125+00:00
watermark_robustness,vincent_brooks_2.png,contrast_down,contrast,{'factor': 0.8},True,1.0,1.0,f8d137c0,True,False,36.3392,0.910076,26.8705,0.1.0,not-a-git-repository,3.12.10,macOS-26.6.2-arm64-arm-64bit,2.5.2,42,cpu,opencv_yunet,landmark,insightface,spectral,dct,0.16,2026-09-02T04:14:05.967125+00:00
watermark_robustness,vincent_brooks_2.png,webp_q80,webp,{'quality': 80},True,0.923177,1.0,f8d137c0,True,False,36.3392,0.910076,36.4646,0.1.0,not-a-git-repository,3.12.10,macOS-26.6.2-arm64-arm-64bit,2.5.2,42,cpu,opencv_yunet,landmark,insightface,spectral,dct,0.16,2026-09-02T04:14:05.967125+00:00
watermark_robustness,vincent_brooks_2.png,screenshot,screenshot_simulation,"{'scale': 0.9, 'quality': 85}",True,0.908854,1.0,f8d137c0,True,False,36.3392,0.910076,38.7026,0.1.0,not-a-git-repository,3.12.10,macOS-26.6.2-arm64-arm-64bit,2.5.2,42,cpu,opencv_yunet,landmark,insightface,spectral,dct,0.16,2026-09-02T04:14:05.967125+00:00
watermark_robustness,vincent_brooks_3.png,jpeg_q90,jpeg_compression,{'quality': 90},True,1.0,1.0,ed97ca69,True,False,35.8425,0.930574,43.1608,0.1.0,not-a-git-repository,3.12.10,macOS-26.6.2-arm64-arm-64bit,2.5.2,42,cpu,opencv_yunet,landmark,insightface,spectral,dct,0.16,2026-09-02T04:14:05.967125+00:00
watermark_robustness,vincent_brooks_3.png,jpeg_q70,jpeg_compression,{'quality': 70},True,1.0,1.0,ed97ca69,True,False,35.8425,0.930574,37.1874,0.1.0,not-a-git-repository,3.12.10,macOS-26.6.2-arm64-arm-64bit,2.5.2,42,cpu,opencv_yunet,landmark,insightface,spectral,dct,0.16,2026-09-02T04:14:05.967125+00:00
watermark_robustness,vincent_brooks_3.png,jpeg_q50,jpeg_compression,{'quality': 50},False,0.53125,0.484375,,False,False,35.8425,0.930574,33.9576,0.1.0,not-a-git-repository,3.12.10,macOS-26.6.2-arm64-arm-64bit,2.5.2,42,cpu,opencv_yunet,landmark,insightface,spectral,dct,0.16,2026-09-02T04:14:05.967125+00:00
watermark_robustness,vincent_brooks_3.png,resize_75,resize,{'scale': 0.75},True,1.0,1.0,ed97ca69,True,False,35.8425,0.930574,42.4705,0.1.0,not-a-git-repository,3.12.10,macOS-26.6.2-arm64-arm-64bit,2.5.2,42,cpu,opencv_yunet,landmark,insightface,spectral,dct,0.16,2026-09-02T04:14:05.967125+00:00
watermark_robustness,vincent_brooks_3.png,resize_50,resize,{'scale': 0.5},True,0.20242,0.953125,ed97ca69,True,False,35.8425,0.930574,36.2402,0.1.0,not-a-git-repository,3.12.10,macOS-26.6.2-arm64-arm-64bit,2.5.2,42,cpu,opencv_yunet,landmark,insightface,spectral,dct,0.16,2026-09-02T04:14:05.967125+00:00
watermark_robustness,vincent_brooks_3.png,resize_25,resize,{'scale': 0.25},False,0.523438,0.421875,,False,False,35.8425,0.930574,31.4582,0.1.0,not-a-git-repository,3.12.10,macOS-26.6.2-arm64-arm-64bit,2.5.2,42,cpu,opencv_yunet,landmark,insightface,spectral,dct,0.16,2026-09-02T04:14:05.967125+00:00
watermark_robustness,vincent_brooks_3.png,crop_10,crop,{'ratio': 0.1},True,1.0,0.5625,ed97ca69,True,False,35.8425,0.930574,13.5754,0.1.0,not-a-git-repository,3.12.10,macOS-26.6.2-arm64-arm-64bit,2.5.2,42,cpu,opencv_yunet,landmark,insightface,spectral,dct,0.16,2026-09-02T04:14:05.967125+00:00
watermark_robustness,vincent_brooks_3.png,crop_30,crop,{'ratio': 0.3},False,0.601562,0.609375,,False,False,35.8425,0.930574,12.1606,0.1.0,not-a-git-repository,3.12.10,macOS-26.6.2-arm64-arm-64bit,2.5.2,42,cpu,opencv_yunet,landmark,insightface,spectral,dct,0.16,2026-09-02T04:14:05.967125+00:00
watermark_robustness,vincent_brooks_3.png,rotate_5,rotation,{'degrees': 5},False,0.539062,0.3125,,False,False,35.8425,0.930574,14.5158,0.1.0,not-a-git-repository,3.12.10,macOS-26.6.2-arm64-arm-64bit,2.5.2,42,cpu,opencv_yunet,landmark,insightface,spectral,dct,0.16,2026-09-02T04:14:05.967125+00:00
watermark_robustness,vincent_brooks_3.png,blur_1,blur,{'sigma': 1.0},True,0.996094,1.0,ed97ca69,True,False,35.8425,0.930574,34.9918,0.1.0,not-a-git-repository,3.12.10,macOS-26.6.2-arm64-arm-64bit,2.5.2,42,cpu,opencv_yunet,landmark,insightface,spectral,dct,0.16,2026-09-02T04:14:05.967125+00:00
watermark_robustness,vincent_brooks_3.png,noise_5,noise,{'sigma': 5.0},True,1.0,1.0,ed97ca69,True,False,35.8425,0.930574,34.1072,0.1.0,not-a-git-repository,3.12.10,macOS-26.6.2-arm64-arm-64bit,2.5.2,42,cpu,opencv_yunet,landmark,insightface,spectral,dct,0.16,2026-09-02T04:14:05.967125+00:00
watermark_robustness,vincent_brooks_3.png,brightness_up,brightness,{'factor': 1.2},True,1.0,1.0,ed97ca69,True,False,35.8425,0.930574,22.2243,0.1.0,not-a-git-repository,3.12.10,macOS-26.6.2-arm64-arm-64bit,2.5.2,42,cpu,opencv_yunet,landmark,insightface,spectral,dct,0.16,2026-09-02T04:14:05.967125+00:00
watermark_robustness,vincent_brooks_3.png,contrast_down,contrast,{'factor': 0.8},True,1.0,1.0,ed97ca69,True,False,35.8425,0.930574,27.8766,0.1.0,not-a-git-repository,3.12.10,macOS-26.6.2-arm64-arm-64bit,2.5.2,42,cpu,opencv_yunet,landmark,insightface,spectral,dct,0.16,2026-09-02T04:14:05.967125+00:00
watermark_robustness,vincent_brooks_3.png,webp_q80,webp,{'quality': 80},True,1.0,1.0,ed97ca69,True,False,35.8425,0.930574,36.6773,0.1.0,not-a-git-repository,3.12.10,macOS-26.6.2-arm64-arm-64bit,2.5.2,42,cpu,opencv_yunet,landmark,insightface,spectral,dct,0.16,2026-09-02T04:14:05.967125+00:00
watermark_robustness,vincent_brooks_3.png,screenshot,screenshot_simulation,"{'scale': 0.9, 'quality': 85}",True,1.0,1.0,ed97ca69,True,False,35.8425,0.930574,41.0133,0.1.0,not-a-git-repository,3.12.10,macOS-26.6.2-arm64-arm-64bit,2.5.2,42,cpu,opencv_yunet,landmark,insightface,spectral,dct,0.16,2026-09-02T04:14:05.967125+00:00
watermark_robustness,vincent_brooks_4.png,jpeg_q90,jpeg_compression,{'quality': 90},True,1.0,1.0,e4a278ff,True,False,36.0057,0.914439,42.8968,0.1.0,not-a-git-repository,3.12.10,macOS-26.6.2-arm64-arm-64bit,2.5.2,42,cpu,opencv_yunet,landmark,insightface,spectral,dct,0.16,2026-09-02T04:14:05.967125+00:00
watermark_robustness,vincent_brooks_4.png,jpeg_q70,jpeg_compression,{'quality': 70},True,0.986328,1.0,e4a278ff,True,False,36.0057,0.914439,37.091,0.1.0,not-a-git-repository,3.12.10,macOS-26.6.2-arm64-arm-64bit,2.5.2,42,cpu,opencv_yunet,landmark,insightface,spectral,dct,0.16,2026-09-02T04:14:05.967125+00:00
watermark_robustness,vincent_brooks_4.png,jpeg_q50,jpeg_compression,{'quality': 50},False,0.5,0.484375,,False,False,36.0057,0.914439,33.9289,0.1.0,not-a-git-repository,3.12.10,macOS-26.6.2-arm64-arm-64bit,2.5.2,42,cpu,opencv_yunet,landmark,insightface,spectral,dct,0.16,2026-09-02T04:14:05.967125+00:00
watermark_robustness,vincent_brooks_4.png,resize_75,resize,{'scale': 0.75},True,1.0,1.0,e4a278ff,True,False,36.0057,0.914439,42.7594,0.1.0,not-a-git-repository,3.12.10,macOS-26.6.2-arm64-arm-64bit,2.5.2,42,cpu,opencv_yunet,landmark,insightface,spectral,dct,0.16,2026-09-02T04:14:05.967125+00:00
watermark_robustness,vincent_brooks_4.png,resize_50,resize,{'scale': 0.5},False,0.842448,0.921875,,False,False,36.0057,0.914439,36.4828,0.1.0,not-a-git-repository,3.12.10,macOS-26.6.2-arm64-arm-64bit,2.5.2,42,cpu,opencv_yunet,landmark,insightface,spectral,dct,0.16,2026-09-02T04:14:05.967125+00:00
watermark_robustness,vincent_brooks_4.png,resize_25,resize,{'scale': 0.25},False,0.507812,0.453125,,False,False,36.0057,0.914439,31.4245,0.1.0,not-a-git-repository,3.12.10,macOS-26.6.2-arm64-arm-64bit,2.5.2,42,cpu,opencv_yunet,landmark,insightface,spectral,dct,0.16,2026-09-02T04:14:05.967125+00:00
watermark_robustness,vincent_brooks_4.png,crop_10,crop,{'ratio': 0.1},True,1.0,0.453125,e4a278ff,True,False,36.0057,0.914439,13.197,0.1.0,not-a-git-repository,3.12.10,macOS-26.6.2-arm64-arm-64bit,2.5.2,42,cpu,opencv_yunet,landmark,insightface,spectral,dct,0.16,2026-09-02T04:14:05.967125+00:00
watermark_robustness,vincent_brooks_4.png,crop_30,crop,{'ratio': 0.3},False,0.570312,0.640625,,False,False,36.0057,0.914439,11.627,0.1.0,not-a-git-repository,3.12.10,macOS-26.6.2-arm64-arm-64bit,2.5.2,42,cpu,opencv_yunet,landmark,insightface,spectral,dct,0.16,2026-09-02T04:14:05.967125+00:00
watermark_robustness,vincent_brooks_4.png,rotate_5,rotation,{'degrees': 5},False,0.523438,0.609375,,False,False,36.0057,0.914439,14.2962,0.1.0,not-a-git-repository,3.12.10,macOS-26.6.2-arm64-arm-64bit,2.5.2,42,cpu,opencv_yunet,landmark,insightface,spectral,dct,0.16,2026-09-02T04:14:05.967125+00:00
watermark_robustness,vincent_brooks_4.png,blur_1,blur,{'sigma': 1.0},True,1.0,1.0,e4a278ff,True,False,36.0057,0.914439,34.9404,0.1.0,not-a-git-repository,3.12.10,macOS-26.6.2-arm64-arm-64bit,2.5.2,42,cpu,opencv_yunet,landmark,insightface,spectral,dct,0.16,2026-09-02T04:14:05.967125+00:00
watermark_robustness,vincent_brooks_4.png,noise_5,noise,{'sigma': 5.0},True,1.0,1.0,e4a278ff,True,False,36.0057,0.914439,34.1855,0.1.0,not-a-git-repository,3.12.10,macOS-26.6.2-arm64-arm-64bit,2.5.2,42,cpu,opencv_yunet,landmark,insightface,spectral,dct,0.16,2026-09-02T04:14:05.967125+00:00
watermark_robustness,vincent_brooks_4.png,brightness_up,brightness,{'factor': 1.2},True,1.0,1.0,e4a278ff,True,False,36.0057,0.914439,21.7033,0.1.0,not-a-git-repository,3.12.10,macOS-26.6.2-arm64-arm-64bit,2.5.2,42,cpu,opencv_yunet,landmark,insightface,spectral,dct,0.16,2026-09-02T04:14:05.967125+00:00
watermark_robustness,vincent_brooks_4.png,contrast_down,contrast,{'factor': 0.8},True,1.0,1.0,e4a278ff,True,False,36.0057,0.914439,27.3693,0.1.0,not-a-git-repository,3.12.10,macOS-26.6.2-arm64-arm-64bit,2.5.2,42,cpu,opencv_yunet,landmark,insightface,spectral,dct,0.16,2026-09-02T04:14:05.967125+00:00
watermark_robustness,vincent_brooks_4.png,webp_q80,webp,{'quality': 80},True,0.995443,1.0,e4a278ff,True,False,36.0057,0.914439,36.577,0.1.0,not-a-git-repository,3.12.10,macOS-26.6.2-arm64-arm-64bit,2.5.2,42,cpu,opencv_yunet,landmark,insightface,spectral,dct,0.16,2026-09-02T04:14:05.967125+00:00
watermark_robustness,vincent_brooks_4.png,screenshot,screenshot_simulation,"{'scale': 0.9, 'quality': 85}",True,1.0,1.0,e4a278ff,True,False,36.0057,0.914439,40.9225,0.1.0,not-a-git-repository,3.12.10,macOS-26.6.2-arm64-arm-64bit,2.5.2,42,cpu,opencv_yunet,landmark,insightface,spectral,dct,0.16,2026-09-02T04:14:05.967125+00:00
watermark_robustness,vincent_brooks_5.png,jpeg_q90,jpeg_compression,{'quality': 90},True,1.0,1.0,a2b9087c,True,False,35.8768,0.928869,41.3854,0.1.0,not-a-git-repository,3.12.10,macOS-26.6.2-arm64-arm-64bit,2.5.2,42,cpu,opencv_yunet,landmark,insightface,spectral,dct,0.16,2026-09-02T04:14:05.967125+00:00
watermark_robustness,vincent_brooks_5.png,jpeg_q70,jpeg_compression,{'quality': 70},True,0.996094,1.0,a2b9087c,True,False,35.8768,0.928869,36.1502,0.1.0,not-a-git-repository,3.12.10,macOS-26.6.2-arm64-arm-64bit,2.5.2,42,cpu,opencv_yunet,landmark,insightface,spectral,dct,0.16,2026-09-02T04:14:05.967125+00:00
watermark_robustness,vincent_brooks_5.png,jpeg_q50,jpeg_compression,{'quality': 50},False,0.523438,0.625,,False,False,35.8768,0.928869,33.1519,0.1.0,not-a-git-repository,3.12.10,macOS-26.6.2-arm64-arm-64bit,2.5.2,42,cpu,opencv_yunet,landmark,insightface,spectral,dct,0.16,2026-09-02T04:14:05.967125+00:00
watermark_robustness,vincent_brooks_5.png,resize_75,resize,{'scale': 0.75},True,1.0,1.0,a2b9087c,True,False,35.8768,0.928869,42.5092,0.1.0,not-a-git-repository,3.12.10,macOS-26.6.2-arm64-arm-64bit,2.5.2,42,cpu,opencv_yunet,landmark,insightface,spectral,dct,0.16,2026-09-02T04:14:05.967125+00:00
watermark_robustness,vincent_brooks_5.png,resize_50,resize,{'scale': 0.5},True,0.14553,0.9375,a2b9087c,True,False,35.8768,0.928869,36.1461,0.1.0,not-a-git-repository,3.12.10,macOS-26.6.2-arm64-arm-64bit,2.5.2,42,cpu,opencv_yunet,landmark,insightface,spectral,dct,0.16,2026-09-02T04:14:05.967125+00:00
watermark_robustness,vincent_brooks_5.png,resize_25,resize,{'scale': 0.25},False,0.53125,0.46875,,False,False,35.8768,0.928869,30.272,0.1.0,not-a-git-repository,3.12.10,macOS-26.6.2-arm64-arm-64bit,2.5.2,42,cpu,opencv_yunet,landmark,insightface,spectral,dct,0.16,2026-09-02T04:14:05.967125+00:00
watermark_robustness,vincent_brooks_5.png,crop_10,crop,{'ratio': 0.1},True,1.0,0.453125,a2b9087c,True,False,35.8768,0.928869,12.539,0.1.0,not-a-git-repository,3.12.10,macOS-26.6.2-arm64-arm-64bit,2.5.2,42,cpu,opencv_yunet,landmark,insightface,spectral,dct,0.16,2026-09-02T04:14:05.967125+00:00
watermark_robustness,vincent_brooks_5.png,crop_30,crop,{'ratio': 0.3},False,0.539062,0.515625,,False,False,35.8768,0.928869,11.6092,0.1.0,not-a-git-repository,3.12.10,macOS-26.6.2-arm64-arm-64bit,2.5.2,42,cpu,opencv_yunet,landmark,insightface,spectral,dct,0.16,2026-09-02T04:14:05.967125+00:00
watermark_robustness,vincent_brooks_5.png,rotate_5,rotation,{'degrees': 5},False,0.515625,0.453125,,False,False,35.8768,0.928869,15.6014,0.1.0,not-a-git-repository,3.12.10,macOS-26.6.2-arm64-arm-64bit,2.5.2,42,cpu,opencv_yunet,landmark,insightface,spectral,dct,0.16,2026-09-02T04:14:05.967125+00:00
watermark_robustness,vincent_brooks_5.png,blur_1,blur,{'sigma': 1.0},True,1.0,1.0,a2b9087c,True,False,35.8768,0.928869,34.2439,0.1.0,not-a-git-repository,3.12.10,macOS-26.6.2-arm64-arm-64bit,2.5.2,42,cpu,opencv_yunet,landmark,insightface,spectral,dct,0.16,2026-09-02T04:14:05.967125+00:00
watermark_robustness,vincent_brooks_5.png,noise_5,noise,{'sigma': 5.0},True,1.0,1.0,a2b9087c,True,False,35.8768,0.928869,34.1277,0.1.0,not-a-git-repository,3.12.10,macOS-26.6.2-arm64-arm-64bit,2.5.2,42,cpu,opencv_yunet,landmark,insightface,spectral,dct,0.16,2026-09-02T04:14:05.967125+00:00
watermark_robustness,vincent_brooks_5.png,brightness_up,brightness,{'factor': 1.2},True,1.0,1.0,a2b9087c,True,False,35.8768,0.928869,21.6625,0.1.0,not-a-git-repository,3.12.10,macOS-26.6.2-arm64-arm-64bit,2.5.2,42,cpu,opencv_yunet,landmark,insightface,spectral,dct,0.16,2026-09-02T04:14:05.967125+00:00
watermark_robustness,vincent_brooks_5.png,contrast_down,contrast,{'factor': 0.8},True,1.0,1.0,a2b9087c,True,False,35.8768,0.928869,27.443,0.1.0,not-a-git-repository,3.12.10,macOS-26.6.2-arm64-arm-64bit,2.5.2,42,cpu,opencv_yunet,landmark,insightface,spectral,dct,0.16,2026-09-02T04:14:05.967125+00:00
watermark_robustness,vincent_brooks_5.png,webp_q80,webp,{'quality': 80},True,1.0,1.0,a2b9087c,True,False,35.8768,0.928869,36.1796,0.1.0,not-a-git-repository,3.12.10,macOS-26.6.2-arm64-arm-64bit,2.5.2,42,cpu,opencv_yunet,landmark,insightface,spectral,dct,0.16,2026-09-02T04:14:05.967125+00:00
watermark_robustness,vincent_brooks_5.png,screenshot,screenshot_simulation,"{'scale': 0.9, 'quality': 85}",True,1.0,1.0,a2b9087c,True,False,35.8768,0.928869,39.6944,0.1.0,not-a-git-repository,3.12.10,macOS-26.6.2-arm64-arm-64bit,2.5.2,42,cpu,opencv_yunet,landmark,insightface,spectral,dct,0.16,2026-09-02T04:14:05.967125+00:00
watermark_robustness,vincent_brooks_6.png,jpeg_q90,jpeg_compression,{'quality': 90},True,1.0,1.0,eff3a215,True,False,36.1881,0.901081,43.9024,0.1.0,not-a-git-repository,3.12.10,macOS-26.6.2-arm64-arm-64bit,2.5.2,42,cpu,opencv_yunet,landmark,insightface,spectral,dct,0.16,2026-09-02T04:14:05.967125+00:00
watermark_robustness,vincent_brooks_6.png,jpeg_q70,jpeg_compression,{'quality': 70},True,0.960286,1.0,eff3a215,True,False,36.1881,0.901081,37.5718,0.1.0,not-a-git-repository,3.12.10,macOS-26.6.2-arm64-arm-64bit,2.5.2,42,cpu,opencv_yunet,landmark,insightface,spectral,dct,0.16,2026-09-02T04:14:05.967125+00:00
watermark_robustness,vincent_brooks_6.png,jpeg_q50,jpeg_compression,{'quality': 50},False,0.585938,0.484375,,False,False,36.1881,0.901081,34.3501,0.1.0,not-a-git-repository,3.12.10,macOS-26.6.2-arm64-arm-64bit,2.5.2,42,cpu,opencv_yunet,landmark,insightface,spectral,dct,0.16,2026-09-02T04:14:05.967125+00:00
watermark_robustness,vincent_brooks_6.png,resize_75,resize,{'scale': 0.75},True,1.0,1.0,eff3a215,True,False,36.1881,0.901081,39.7547,0.1.0,not-a-git-repository,3.12.10,macOS-26.6.2-arm64-arm-64bit,2.5.2,42,cpu,opencv_yunet,landmark,insightface,spectral,dct,0.16,2026-09-02T04:14:05.967125+00:00
watermark_robustness,vincent_brooks_6.png,resize_50,resize,{'scale': 0.5},False,0.790365,0.875,,False,False,36.1881,0.901081,34.4377,0.1.0,not-a-git-repository,3.12.10,macOS-26.6.2-arm64-arm-64bit,2.5.2,42,cpu,opencv_yunet,landmark,insightface,spectral,dct,0.16,2026-09-02T04:14:05.967125+00:00
watermark_robustness,vincent_brooks_6.png,resize_25,resize,{'scale': 0.25},False,0.546875,0.5,,False,False,36.1881,0.901081,28.793,0.1.0,not-a-git-repository,3.12.10,macOS-26.6.2-arm64-arm-64bit,2.5.2,42,cpu,opencv_yunet,landmark,insightface,spectral,dct,0.16,2026-09-02T04:14:05.967125+00:00
watermark_robustness,vincent_brooks_6.png,crop_10,crop,{'ratio': 0.1},True,1.0,0.484375,eff3a215,True,False,36.1881,0.901081,14.7352,0.1.0,not-a-git-repository,3.12.10,macOS-26.6.2-arm64-arm-64bit,2.5.2,42,cpu,opencv_yunet,landmark,insightface,spectral,dct,0.16,2026-09-02T04:14:05.967125+00:00
watermark_robustness,vincent_brooks_6.png,crop_30,crop,{'ratio': 0.3},False,0.546875,0.453125,,False,False,36.1881,0.901081,11.1008,0.1.0,not-a-git-repository,3.12.10,macOS-26.6.2-arm64-arm-64bit,2.5.2,42,cpu,opencv_yunet,landmark,insightface,spectral,dct,0.16,2026-09-02T04:14:05.967125+00:00
watermark_robustness,vincent_brooks_6.png,rotate_5,rotation,{'degrees': 5},False,0.5625,0.390625,,False,False,36.1881,0.901081,15.7947,0.1.0,not-a-git-repository,3.12.10,macOS-26.6.2-arm64-arm-64bit,2.5.2,42,cpu,opencv_yunet,landmark,insightface,spectral,dct,0.16,2026-09-02T04:14:05.967125+00:00
watermark_robustness,vincent_brooks_6.png,blur_1,blur,{'sigma': 1.0},True,0.996094,1.0,eff3a215,True,False,36.1881,0.901081,33.3679,0.1.0,not-a-git-repository,3.12.10,macOS-26.6.2-arm64-arm-64bit,2.5.2,42,cpu,opencv_yunet,landmark,insightface,spectral,dct,0.16,2026-09-02T04:14:05.967125+00:00
watermark_robustness,vincent_brooks_6.png,noise_5,noise,{'sigma': 5.0},True,1.0,1.0,eff3a215,True,False,36.1881,0.901081,34.2863,0.1.0,not-a-git-repository,3.12.10,macOS-26.6.2-arm64-arm-64bit,2.5.2,42,cpu,opencv_yunet,landmark,insightface,spectral,dct,0.16,2026-09-02T04:14:05.967125+00:00
watermark_robustness,vincent_brooks_6.png,brightness_up,brightness,{'factor': 1.2},True,1.0,1.0,eff3a215,True,False,36.1881,0.901081,23.1727,0.1.0,not-a-git-repository,3.12.10,macOS-26.6.2-arm64-arm-64bit,2.5.2,42,cpu,opencv_yunet,landmark,insightface,spectral,dct,0.16,2026-09-02T04:14:05.967125+00:00
watermark_robustness,vincent_brooks_6.png,contrast_down,contrast,{'factor': 0.8},True,1.0,1.0,eff3a215,True,False,36.1881,0.901081,26.8641,0.1.0,not-a-git-repository,3.12.10,macOS-26.6.2-arm64-arm-64bit,2.5.2,42,cpu,opencv_yunet,landmark,insightface,spectral,dct,0.16,2026-09-02T04:14:05.967125+00:00
watermark_robustness,vincent_brooks_6.png,webp_q80,webp,{'quality': 80},True,0.979818,1.0,eff3a215,True,False,36.1881,0.901081,37.3645,0.1.0,not-a-git-repository,3.12.10,macOS-26.6.2-arm64-arm-64bit,2.5.2,42,cpu,opencv_yunet,landmark,insightface,spectral,dct,0.16,2026-09-02T04:14:05.967125+00:00
watermark_robustness,vincent_brooks_6.png,screenshot,screenshot_simulation,"{'scale': 0.9, 'quality': 85}",True,0.984375,1.0,eff3a215,True,False,36.1881,0.901081,40.9206,0.1.0,not-a-git-repository,3.12.10,macOS-26.6.2-arm64-arm-64bit,2.5.2,42,cpu,opencv_yunet,landmark,insightface,spectral,dct,0.16,2026-09-02T04:14:05.967125+00:00
