experiment_id,image_id,transformation,transformation_type,parameters,watermark_detected,watermark_confidence,bit_accuracy,recovered_code,code_correct,false_attribution,embed_psnr,embed_ssim,psnr_after_transform,env_deepshield_version,env_git_commit,env_python,env_platform,env_numpy,env_random_seed,env_device,env_face_detector,env_face_aligner,env_face_embedder,env_deepfake_detector,env_watermark_backend,env_watermark_strength,env_recorded_at
watermark_robustness,angela_bassett_0.png,rotate_10,rotation,{'degrees': 10},True,0.944661,0.46875,e5d9a535,True,False,35.9686,0.923166,11.3603,0.1.0,3bcc6070f94e514764d324e397d61505df92186c,3.12.10,macOS-26.6.2-arm64-arm-64bit,2.5.3,42,cpu,opencv_yunet,landmark,insightface,spectral,dct,0.16,2026-09-13T09:31:58.154024+00:00
watermark_robustness,angela_bassett_0.png,rotate_10_crop_10,rotate_crop,"{'degrees': 10, 'ratio': 0.1}",True,0.965278,0.546875,e5d9a535,True,False,35.9686,0.923166,10.7751,0.1.0,3bcc6070f94e514764d324e397d61505df92186c,3.12.10,macOS-26.6.2-arm64-arm-64bit,2.5.3,42,cpu,opencv_yunet,landmark,insightface,spectral,dct,0.16,2026-09-13T09:31:58.154024+00:00
watermark_robustness,angela_bassett_0.png,rotate_15,rotation,{'degrees': 15},True,0.921224,0.46875,e5d9a535,True,False,35.9686,0.923166,10.1494,0.1.0,3bcc6070f94e514764d324e397d61505df92186c,3.12.10,macOS-26.6.2-arm64-arm-64bit,2.5.3,42,cpu,opencv_yunet,landmark,insightface,spectral,dct,0.16,2026-09-13T09:31:58.154024+00:00
watermark_robustness,angela_bassett_0.png,rotate_2,rotation,{'degrees': 2},True,0.998047,0.40625,e5d9a535,True,False,35.9686,0.923166,18.1339,0.1.0,3bcc6070f94e514764d324e397d61505df92186c,3.12.10,macOS-26.6.2-arm64-arm-64bit,2.5.3,42,cpu,opencv_yunet,landmark,insightface,spectral,dct,0.16,2026-09-13T09:31:58.154024+00:00
watermark_robustness,angela_bassett_0.png,rotate_20,rotation,{'degrees': 20},False,0.908203,0.46875,,False,False,35.9686,0.923166,9.4864,0.1.0,3bcc6070f94e514764d324e397d61505df92186c,3.12.10,macOS-26.6.2-arm64-arm-64bit,2.5.3,42,cpu,opencv_yunet,landmark,insightface,spectral,dct,0.16,2026-09-13T09:31:58.154024+00:00
watermark_robustness,angela_bassett_0.png,rotate_25,rotation,{'degrees': 25},False,0.897135,0.421875,,False,False,35.9686,0.923166,9.0922,0.1.0,3bcc6070f94e514764d324e397d61505df92186c,3.12.10,macOS-26.6.2-arm64-arm-64bit,2.5.3,42,cpu,opencv_yunet,landmark,insightface,spectral,dct,0.16,2026-09-13T09:31:58.154024+00:00
watermark_robustness,angela_bassett_0.png,rotate_30,rotation,{'degrees': 30},False,0.876302,0.421875,,False,False,35.9686,0.923166,8.8263,0.1.0,3bcc6070f94e514764d324e397d61505df92186c,3.12.10,macOS-26.6.2-arm64-arm-64bit,2.5.3,42,cpu,opencv_yunet,landmark,insightface,spectral,dct,0.16,2026-09-13T09:31:58.154024+00:00
watermark_robustness,angela_bassett_0.png,rotate_5,rotation,{'degrees': 5},True,0.98763,0.515625,e5d9a535,True,False,35.9686,0.923166,13.9926,0.1.0,3bcc6070f94e514764d324e397d61505df92186c,3.12.10,macOS-26.6.2-arm64-arm-64bit,2.5.3,42,cpu,opencv_yunet,landmark,insightface,spectral,dct,0.16,2026-09-13T09:31:58.154024+00:00
watermark_robustness,angela_bassett_0.png,rotate_5_crop_10,rotate_crop,"{'degrees': 5, 'ratio': 0.1}",True,0.996528,0.421875,e5d9a535,True,False,35.9686,0.923166,10.8701,0.1.0,3bcc6070f94e514764d324e397d61505df92186c,3.12.10,macOS-26.6.2-arm64-arm-64bit,2.5.3,42,cpu,opencv_yunet,landmark,insightface,spectral,dct,0.16,2026-09-13T09:31:58.154024+00:00
watermark_robustness,angela_bassett_0.png,rotate_5_crop_20,rotate_crop,"{'degrees': 5, 'ratio': 0.2}",True,0.992188,0.46875,e5d9a535,True,False,35.9686,0.923166,8.9037,0.1.0,3bcc6070f94e514764d324e397d61505df92186c,3.12.10,macOS-26.6.2-arm64-arm-64bit,2.5.3,42,cpu,opencv_yunet,landmark,insightface,spectral,dct,0.16,2026-09-13T09:31:58.154024+00:00
watermark_robustness,angela_bassett_1.png,rotate_10,rotation,{'degrees': 10},True,0.954427,0.46875,481157ba,True,False,35.8915,0.900467,13.9312,0.1.0,3bcc6070f94e514764d324e397d61505df92186c,3.12.10,macOS-26.6.2-arm64-arm-64bit,2.5.3,42,cpu,opencv_yunet,landmark,insightface,spectral,dct,0.16,2026-09-13T09:31:58.154024+00:00
watermark_robustness,angela_bassett_1.png,rotate_10_crop_10,rotate_crop,"{'degrees': 10, 'ratio': 0.1}",True,0.972222,0.53125,481157ba,True,False,35.8915,0.900467,13.2916,0.1.0,3bcc6070f94e514764d324e397d61505df92186c,3.12.10,macOS-26.6.2-arm64-arm-64bit,2.5.3,42,cpu,opencv_yunet,landmark,insightface,spectral,dct,0.16,2026-09-13T09:31:58.154024+00:00
watermark_robustness,angela_bassett_1.png,rotate_15,rotation,{'degrees': 15},True,0.928385,0.53125,481157ba,True,False,35.8915,0.900467,12.716,0.1.0,3bcc6070f94e514764d324e397d61505df92186c,3.12.10,macOS-26.6.2-arm64-arm-64bit,2.5.3,42,cpu,opencv_yunet,landmark,insightface,spectral,dct,0.16,2026-09-13T09:31:58.154024+00:00
watermark_robustness,angela_bassett_1.png,rotate_2,rotation,{'degrees': 2},True,1.0,0.53125,481157ba,True,False,35.8915,0.900467,20.0853,0.1.0,3bcc6070f94e514764d324e397d61505df92186c,3.12.10,macOS-26.6.2-arm64-arm-64bit,2.5.3,42,cpu,opencv_yunet,landmark,insightface,spectral,dct,0.16,2026-09-13T09:31:58.154024+00:00
watermark_robustness,angela_bassett_1.png,rotate_20,rotation,{'degrees': 20},True,0.889323,0.5,481157ba,True,False,35.8915,0.900467,12.0328,0.1.0,3bcc6070f94e514764d324e397d61505df92186c,3.12.10,macOS-26.6.2-arm64-arm-64bit,2.5.3,42,cpu,opencv_yunet,landmark,insightface,spectral,dct,0.16,2026-09-13T09:31:58.154024+00:00
watermark_robustness,angela_bassett_1.png,rotate_25,rotation,{'degrees': 25},True,0.88151,0.421875,481157ba,True,False,35.8915,0.900467,11.5858,0.1.0,3bcc6070f94e514764d324e397d61505df92186c,3.12.10,macOS-26.6.2-arm64-arm-64bit,2.5.3,42,cpu,opencv_yunet,landmark,insightface,spectral,dct,0.16,2026-09-13T09:31:58.154024+00:00
watermark_robustness,angela_bassett_1.png,rotate_30,rotation,{'degrees': 30},False,0.885417,0.484375,,False,False,35.8915,0.900467,11.3238,0.1.0,3bcc6070f94e514764d324e397d61505df92186c,3.12.10,macOS-26.6.2-arm64-arm-64bit,2.5.3,42,cpu,opencv_yunet,landmark,insightface,spectral,dct,0.16,2026-09-13T09:31:58.154024+00:00
watermark_robustness,angela_bassett_1.png,rotate_5,rotation,{'degrees': 5},True,0.994141,0.515625,481157ba,True,False,35.8915,0.900467,16.3817,0.1.0,3bcc6070f94e514764d324e397d61505df92186c,3.12.10,macOS-26.6.2-arm64-arm-64bit,2.5.3,42,cpu,opencv_yunet,landmark,insightface,spectral,dct,0.16,2026-09-13T09:31:58.154024+00:00
watermark_robustness,angela_bassett_1.png,rotate_5_crop_10,rotate_crop,"{'degrees': 5, 'ratio': 0.1}",True,0.986111,0.53125,481157ba,True,False,35.8915,0.900467,13.4999,0.1.0,3bcc6070f94e514764d324e397d61505df92186c,3.12.10,macOS-26.6.2-arm64-arm-64bit,2.5.3,42,cpu,opencv_yunet,landmark,insightface,spectral,dct,0.16,2026-09-13T09:31:58.154024+00:00
watermark_robustness,angela_bassett_1.png,rotate_5_crop_20,rotate_crop,"{'degrees': 5, 'ratio': 0.2}",True,1.0,0.53125,481157ba,True,False,35.8915,0.900467,11.8149,0.1.0,3bcc6070f94e514764d324e397d61505df92186c,3.12.10,macOS-26.6.2-arm64-arm-64bit,2.5.3,42,cpu,opencv_yunet,landmark,insightface,spectral,dct,0.16,2026-09-13T09:31:58.154024+00:00
watermark_robustness,angela_bassett_2.png,rotate_10,rotation,{'degrees': 10},True,0.958333,0.46875,4a893712,True,False,36.6988,0.916142,13.6749,0.1.0,3bcc6070f94e514764d324e397d61505df92186c,3.12.10,macOS-26.6.2-arm64-arm-64bit,2.5.3,42,cpu,opencv_yunet,landmark,insightface,spectral,dct,0.16,2026-09-13T09:31:58.154024+00:00
watermark_robustness,angela_bassett_2.png,rotate_10_crop_10,rotate_crop,"{'degrees': 10, 'ratio': 0.1}",True,0.982639,0.5,4a893712,True,False,36.6988,0.916142,12.6498,0.1.0,3bcc6070f94e514764d324e397d61505df92186c,3.12.10,macOS-26.6.2-arm64-arm-64bit,2.5.3,42,cpu,opencv_yunet,landmark,insightface,spectral,dct,0.16,2026-09-13T09:31:58.154024+00:00
watermark_robustness,angela_bassett_2.png,rotate_15,rotation,{'degrees': 15},True,0.940104,0.53125,4a893712,True,False,36.6988,0.916142,12.623,0.1.0,3bcc6070f94e514764d324e397d61505df92186c,3.12.10,macOS-26.6.2-arm64-arm-64bit,2.5.3,42,cpu,opencv_yunet,landmark,insightface,spectral,dct,0.16,2026-09-13T09:31:58.154024+00:00
watermark_robustness,angela_bassett_2.png,rotate_2,rotation,{'degrees': 2},True,0.998047,0.453125,4a893712,True,False,36.6988,0.916142,19.86,0.1.0,3bcc6070f94e514764d324e397d61505df92186c,3.12.10,macOS-26.6.2-arm64-arm-64bit,2.5.3,42,cpu,opencv_yunet,landmark,insightface,spectral,dct,0.16,2026-09-13T09:31:58.154024+00:00
watermark_robustness,angela_bassett_2.png,rotate_20,rotation,{'degrees': 20},True,0.908854,0.453125,4a893712,True,False,36.6988,0.916142,12.0418,0.1.0,3bcc6070f94e514764d324e397d61505df92186c,3.12.10,macOS-26.6.2-arm64-arm-64bit,2.5.3,42,cpu,opencv_yunet,landmark,insightface,spectral,dct,0.16,2026-09-13T09:31:58.154024+00:00
watermark_robustness,angela_bassett_2.png,rotate_25,rotation,{'degrees': 25},True,0.892578,0.359375,4a893712,True,False,36.6988,0.916142,11.8177,0.1.0,3bcc6070f94e514764d324e397d61505df92186c,3.12.10,macOS-26.6.2-arm64-arm-64bit,2.5.3,42,cpu,opencv_yunet,landmark,insightface,spectral,dct,0.16,2026-09-13T09:31:58.154024+00:00
watermark_robustness,angela_bassett_2.png,rotate_30,rotation,{'degrees': 30},True,0.875651,0.515625,4a893712,True,False,36.6988,0.916142,11.6845,0.1.0,3bcc6070f94e514764d324e397d61505df92186c,3.12.10,macOS-26.6.2-arm64-arm-64bit,2.5.3,42,cpu,opencv_yunet,landmark,insightface,spectral,dct,0.16,2026-09-13T09:31:58.154024+00:00
watermark_robustness,angela_bassett_2.png,rotate_5,rotation,{'degrees': 5},True,0.985677,0.484375,4a893712,True,False,36.6988,0.916142,15.8801,0.1.0,3bcc6070f94e514764d324e397d61505df92186c,3.12.10,macOS-26.6.2-arm64-arm-64bit,2.5.3,42,cpu,opencv_yunet,landmark,insightface,spectral,dct,0.16,2026-09-13T09:31:58.154024+00:00
watermark_robustness,angela_bassett_2.png,rotate_5_crop_10,rotate_crop,"{'degrees': 5, 'ratio': 0.1}",True,1.0,0.5,4a893712,True,False,36.6988,0.916142,13.008,0.1.0,3bcc6070f94e514764d324e397d61505df92186c,3.12.10,macOS-26.6.2-arm64-arm-64bit,2.5.3,42,cpu,opencv_yunet,landmark,insightface,spectral,dct,0.16,2026-09-13T09:31:58.154024+00:00
watermark_robustness,angela_bassett_2.png,rotate_5_crop_20,rotate_crop,"{'degrees': 5, 'ratio': 0.2}",True,1.0,0.59375,4a893712,True,False,36.6988,0.916142,11.4323,0.1.0,3bcc6070f94e514764d324e397d61505df92186c,3.12.10,macOS-26.6.2-arm64-arm-64bit,2.5.3,42,cpu,opencv_yunet,landmark,insightface,spectral,dct,0.16,2026-09-13T09:31:58.154024+00:00
watermark_robustness,angela_bassett_3.png,rotate_10,rotation,{'degrees': 10},True,0.964844,0.5,5152581f,True,False,36.5102,0.902379,14.9855,0.1.0,3bcc6070f94e514764d324e397d61505df92186c,3.12.10,macOS-26.6.2-arm64-arm-64bit,2.5.3,42,cpu,opencv_yunet,landmark,insightface,spectral,dct,0.16,2026-09-13T09:31:58.154024+00:00
watermark_robustness,angela_bassett_3.png,rotate_10_crop_10,rotate_crop,"{'degrees': 10, 'ratio': 0.1}",True,0.958333,0.546875,5152581f,True,False,36.5102,0.902379,12.9839,0.1.0,3bcc6070f94e514764d324e397d61505df92186c,3.12.10,macOS-26.6.2-arm64-arm-64bit,2.5.3,42,cpu,opencv_yunet,landmark,insightface,spectral,dct,0.16,2026-09-13T09:31:58.154024+00:00
watermark_robustness,angela_bassett_3.png,rotate_15,rotation,{'degrees': 15},True,0.940755,0.375,5152581f,True,False,36.5102,0.902379,13.6035,0.1.0,3bcc6070f94e514764d324e397d61505df92186c,3.12.10,macOS-26.6.2-arm64-arm-64bit,2.5.3,42,cpu,opencv_yunet,landmark,insightface,spectral,dct,0.16,2026-09-13T09:31:58.154024+00:00
watermark_robustness,angela_bassett_3.png,rotate_2,rotation,{'degrees': 2},True,1.0,0.4375,5152581f,True,False,36.5102,0.902379,21.3732,0.1.0,3bcc6070f94e514764d324e397d61505df92186c,3.12.10,macOS-26.6.2-arm64-arm-64bit,2.5.3,42,cpu,opencv_yunet,landmark,insightface,spectral,dct,0.16,2026-09-13T09:31:58.154024+00:00
watermark_robustness,angela_bassett_3.png,rotate_20,rotation,{'degrees': 20},True,0.917969,0.484375,5152581f,True,False,36.5102,0.902379,12.745,0.1.0,3bcc6070f94e514764d324e397d61505df92186c,3.12.10,macOS-26.6.2-arm64-arm-64bit,2.5.3,42,cpu,opencv_yunet,landmark,insightface,spectral,dct,0.16,2026-09-13T09:31:58.154024+00:00
watermark_robustness,angela_bassett_3.png,rotate_25,rotation,{'degrees': 25},True,0.891927,0.5,5152581f,True,False,36.5102,0.902379,12.2189,0.1.0,3bcc6070f94e514764d324e397d61505df92186c,3.12.10,macOS-26.6.2-arm64-arm-64bit,2.5.3,42,cpu,opencv_yunet,landmark,insightface,spectral,dct,0.16,2026-09-13T09:31:58.154024+00:00
watermark_robustness,angela_bassett_3.png,rotate_30,rotation,{'degrees': 30},True,0.878906,0.4375,5152581f,True,False,36.5102,0.902379,11.8408,0.1.0,3bcc6070f94e514764d324e397d61505df92186c,3.12.10,macOS-26.6.2-arm64-arm-64bit,2.5.3,42,cpu,opencv_yunet,landmark,insightface,spectral,dct,0.16,2026-09-13T09:31:58.154024+00:00
watermark_robustness,angela_bassett_3.png,rotate_5,rotation,{'degrees': 5},True,0.996094,0.578125,5152581f,True,False,36.5102,0.902379,17.6209,0.1.0,3bcc6070f94e514764d324e397d61505df92186c,3.12.10,macOS-26.6.2-arm64-arm-64bit,2.5.3,42,cpu,opencv_yunet,landmark,insightface,spectral,dct,0.16,2026-09-13T09:31:58.154024+00:00
watermark_robustness,angela_bassett_3.png,rotate_5_crop_10,rotate_crop,"{'degrees': 5, 'ratio': 0.1}",True,1.0,0.484375,5152581f,True,False,36.5102,0.902379,13.0708,0.1.0,3bcc6070f94e514764d324e397d61505df92186c,3.12.10,macOS-26.6.2-arm64-arm-64bit,2.5.3,42,cpu,opencv_yunet,landmark,insightface,spectral,dct,0.16,2026-09-13T09:31:58.154024+00:00
watermark_robustness,angela_bassett_3.png,rotate_5_crop_20,rotate_crop,"{'degrees': 5, 'ratio': 0.2}",True,1.0,0.4375,5152581f,True,False,36.5102,0.902379,11.6084,0.1.0,3bcc6070f94e514764d324e397d61505df92186c,3.12.10,macOS-26.6.2-arm64-arm-64bit,2.5.3,42,cpu,opencv_yunet,landmark,insightface,spectral,dct,0.16,2026-09-13T09:31:58.154024+00:00
watermark_robustness,angela_bassett_4.png,rotate_10,rotation,{'degrees': 10},True,0.976562,0.46875,728f3508,True,False,36.4638,0.92621,15.4047,0.1.0,3bcc6070f94e514764d324e397d61505df92186c,3.12.10,macOS-26.6.2-arm64-arm-64bit,2.5.3,42,cpu,opencv_yunet,landmark,insightface,spectral,dct,0.16,2026-09-13T09:31:58.154024+00:00
watermark_robustness,angela_bassett_4.png,rotate_10_crop_10,rotate_crop,"{'degrees': 10, 'ratio': 0.1}",True,0.986111,0.46875,728f3508,True,False,36.4638,0.92621,12.8812,0.1.0,3bcc6070f94e514764d324e397d61505df92186c,3.12.10,macOS-26.6.2-arm64-arm-64bit,2.5.3,42,cpu,opencv_yunet,landmark,insightface,spectral,dct,0.16,2026-09-13T09:31:58.154024+00:00
watermark_robustness,angela_bassett_4.png,rotate_15,rotation,{'degrees': 15},True,0.943359,0.484375,728f3508,True,False,36.4638,0.92621,14.3276,0.1.0,3bcc6070f94e514764d324e397d61505df92186c,3.12.10,macOS-26.6.2-arm64-arm-64bit,2.5.3,42,cpu,opencv_yunet,landmark,insightface,spectral,dct,0.16,2026-09-13T09:31:58.154024+00:00
watermark_robustness,angela_bassett_4.png,rotate_2,rotation,{'degrees': 2},True,1.0,0.46875,728f3508,True,False,36.4638,0.92621,21.751,0.1.0,3bcc6070f94e514764d324e397d61505df92186c,3.12.10,macOS-26.6.2-arm64-arm-64bit,2.5.3,42,cpu,opencv_yunet,landmark,insightface,spectral,dct,0.16,2026-09-13T09:31:58.154024+00:00
watermark_robustness,angela_bassett_4.png,rotate_20,rotation,{'degrees': 20},True,0.926215,0.46875,728f3508,True,False,36.4638,0.92621,13.8775,0.1.0,3bcc6070f94e514764d324e397d61505df92186c,3.12.10,macOS-26.6.2-arm64-arm-64bit,2.5.3,42,cpu,opencv_yunet,landmark,insightface,spectral,dct,0.16,2026-09-13T09:31:58.154024+00:00
watermark_robustness,angela_bassett_4.png,rotate_25,rotation,{'degrees': 25},True,0.921224,0.46875,728f3508,True,False,36.4638,0.92621,13.5172,0.1.0,3bcc6070f94e514764d324e397d61505df92186c,3.12.10,macOS-26.6.2-arm64-arm-64bit,2.5.3,42,cpu,opencv_yunet,landmark,insightface,spectral,dct,0.16,2026-09-13T09:31:58.154024+00:00
watermark_robustness,angela_bassett_4.png,rotate_30,rotation,{'degrees': 30},True,0.903646,0.421875,728f3508,True,False,36.4638,0.92621,13.3036,0.1.0,3bcc6070f94e514764d324e397d61505df92186c,3.12.10,macOS-26.6.2-arm64-arm-64bit,2.5.3,42,cpu,opencv_yunet,landmark,insightface,spectral,dct,0.16,2026-09-13T09:31:58.154024+00:00
watermark_robustness,angela_bassett_4.png,rotate_5,rotation,{'degrees': 5},True,0.996094,0.484375,728f3508,True,False,36.4638,0.92621,17.7333,0.1.0,3bcc6070f94e514764d324e397d61505df92186c,3.12.10,macOS-26.6.2-arm64-arm-64bit,2.5.3,42,cpu,opencv_yunet,landmark,insightface,spectral,dct,0.16,2026-09-13T09:31:58.154024+00:00
watermark_robustness,angela_bassett_4.png,rotate_5_crop_10,rotate_crop,"{'degrees': 5, 'ratio': 0.1}",True,0.996528,0.5625,728f3508,True,False,36.4638,0.92621,13.1228,0.1.0,3bcc6070f94e514764d324e397d61505df92186c,3.12.10,macOS-26.6.2-arm64-arm-64bit,2.5.3,42,cpu,opencv_yunet,landmark,insightface,spectral,dct,0.16,2026-09-13T09:31:58.154024+00:00
watermark_robustness,angela_bassett_4.png,rotate_5_crop_20,rotate_crop,"{'degrees': 5, 'ratio': 0.2}",True,1.0,0.515625,728f3508,True,False,36.4638,0.92621,11.0933,0.1.0,3bcc6070f94e514764d324e397d61505df92186c,3.12.10,macOS-26.6.2-arm64-arm-64bit,2.5.3,42,cpu,opencv_yunet,landmark,insightface,spectral,dct,0.16,2026-09-13T09:31:58.154024+00:00
watermark_robustness,ben_howland_0.png,rotate_10,rotation,{'degrees': 10},True,0.932943,0.53125,837f3a16,True,False,35.8673,0.919683,12.6087,0.1.0,3bcc6070f94e514764d324e397d61505df92186c,3.12.10,macOS-26.6.2-arm64-arm-64bit,2.5.3,42,cpu,opencv_yunet,landmark,insightface,spectral,dct,0.16,2026-09-13T09:31:58.154024+00:00
watermark_robustness,ben_howland_0.png,rotate_10_crop_10,rotate_crop,"{'degrees': 10, 'ratio': 0.1}",True,0.96875,0.578125,837f3a16,True,False,35.8673,0.919683,12.0567,0.1.0,3bcc6070f94e514764d324e397d61505df92186c,3.12.10,macOS-26.6.2-arm64-arm-64bit,2.5.3,42,cpu,opencv_yunet,landmark,insightface,spectral,dct,0.16,2026-09-13T09:31:58.154024+00:00
watermark_robustness,ben_howland_0.png,rotate_15,rotation,{'degrees': 15},True,0.912109,0.5,837f3a16,True,False,35.8673,0.919683,11.3479,0.1.0,3bcc6070f94e514764d324e397d61505df92186c,3.12.10,macOS-26.6.2-arm64-arm-64bit,2.5.3,42,cpu,opencv_yunet,landmark,insightface,spectral,dct,0.16,2026-09-13T09:31:58.154024+00:00
watermark_robustness,ben_howland_0.png,rotate_2,rotation,{'degrees': 2},True,1.0,0.515625,837f3a16,True,False,35.8673,0.919683,19.1301,0.1.0,3bcc6070f94e514764d324e397d61505df92186c,3.12.10,macOS-26.6.2-arm64-arm-64bit,2.5.3,42,cpu,opencv_yunet,landmark,insightface,spectral,dct,0.16,2026-09-13T09:31:58.154024+00:00
watermark_robustness,ben_howland_0.png,rotate_20,rotation,{'degrees': 20},True,0.895182,0.59375,837f3a16,True,False,35.8673,0.919683,10.6256,0.1.0,3bcc6070f94e514764d324e397d61505df92186c,3.12.10,macOS-26.6.2-arm64-arm-64bit,2.5.3,42,cpu,opencv_yunet,landmark,insightface,spectral,dct,0.16,2026-09-13T09:31:58.154024+00:00
watermark_robustness,ben_howland_0.png,rotate_25,rotation,{'degrees': 25},True,0.880208,0.515625,837f3a16,True,False,35.8673,0.919683,10.1668,0.1.0,3bcc6070f94e514764d324e397d61505df92186c,3.12.10,macOS-26.6.2-arm64-arm-64bit,2.5.3,42,cpu,opencv_yunet,landmark,insightface,spectral,dct,0.16,2026-09-13T09:31:58.154024+00:00
watermark_robustness,ben_howland_0.png,rotate_30,rotation,{'degrees': 30},True,0.863932,0.59375,837f3a16,True,False,35.8673,0.919683,9.853,0.1.0,3bcc6070f94e514764d324e397d61505df92186c,3.12.10,macOS-26.6.2-arm64-arm-64bit,2.5.3,42,cpu,opencv_yunet,landmark,insightface,spectral,dct,0.16,2026-09-13T09:31:58.154024+00:00
watermark_robustness,ben_howland_0.png,rotate_5,rotation,{'degrees': 5},True,0.984375,0.5625,837f3a16,True,False,35.8673,0.919683,15.1956,0.1.0,3bcc6070f94e514764d324e397d61505df92186c,3.12.10,macOS-26.6.2-arm64-arm-64bit,2.5.3,42,cpu,opencv_yunet,landmark,insightface,spectral,dct,0.16,2026-09-13T09:31:58.154024+00:00
watermark_robustness,ben_howland_0.png,rotate_5_crop_10,rotate_crop,"{'degrees': 5, 'ratio': 0.1}",True,1.0,0.578125,837f3a16,True,False,35.8673,0.919683,12.4263,0.1.0,3bcc6070f94e514764d324e397d61505df92186c,3.12.10,macOS-26.6.2-arm64-arm-64bit,2.5.3,42,cpu,opencv_yunet,landmark,insightface,spectral,dct,0.16,2026-09-13T09:31:58.154024+00:00
watermark_robustness,ben_howland_0.png,rotate_5_crop_20,rotate_crop,"{'degrees': 5, 'ratio': 0.2}",True,1.0,0.484375,837f3a16,True,False,35.8673,0.919683,10.8189,0.1.0,3bcc6070f94e514764d324e397d61505df92186c,3.12.10,macOS-26.6.2-arm64-arm-64bit,2.5.3,42,cpu,opencv_yunet,landmark,insightface,spectral,dct,0.16,2026-09-13T09:31:58.154024+00:00
watermark_robustness,ben_howland_1.png,rotate_10,rotation,{'degrees': 10},True,0.972005,0.453125,8ee3b4dd,True,False,36.4315,0.898009,14.7055,0.1.0,3bcc6070f94e514764d324e397d61505df92186c,3.12.10,macOS-26.6.2-arm64-arm-64bit,2.5.3,42,cpu,opencv_yunet,landmark,insightface,spectral,dct,0.16,2026-09-13T09:31:58.154024+00:00
watermark_robustness,ben_howland_1.png,rotate_10_crop_10,rotate_crop,"{'degrees': 10, 'ratio': 0.1}",False,0.979167,0.453125,,False,False,36.4315,0.898009,12.9739,0.1.0,3bcc6070f94e514764d324e397d61505df92186c,3.12.10,macOS-26.6.2-arm64-arm-64bit,2.5.3,42,cpu,opencv_yunet,landmark,insightface,spectral,dct,0.16,2026-09-13T09:31:58.154024+00:00
watermark_robustness,ben_howland_1.png,rotate_15,rotation,{'degrees': 15},True,0.920356,0.390625,8ee3b4dd,True,False,36.4315,0.898009,13.4108,0.1.0,3bcc6070f94e514764d324e397d61505df92186c,3.12.10,macOS-26.6.2-arm64-arm-64bit,2.5.3,42,cpu,opencv_yunet,landmark,insightface,spectral,dct,0.16,2026-09-13T09:31:58.154024+00:00
watermark_robustness,ben_howland_1.png,rotate_2,rotation,{'degrees': 2},True,1.0,0.359375,8ee3b4dd,True,False,36.4315,0.898009,20.9727,0.1.0,3bcc6070f94e514764d324e397d61505df92186c,3.12.10,macOS-26.6.2-arm64-arm-64bit,2.5.3,42,cpu,opencv_yunet,landmark,insightface,spectral,dct,0.16,2026-09-13T09:31:58.154024+00:00
watermark_robustness,ben_howland_1.png,rotate_20,rotation,{'degrees': 20},False,0.934896,0.375,,False,False,36.4315,0.898009,12.5838,0.1.0,3bcc6070f94e514764d324e397d61505df92186c,3.12.10,macOS-26.6.2-arm64-arm-64bit,2.5.3,42,cpu,opencv_yunet,landmark,insightface,spectral,dct,0.16,2026-09-13T09:31:58.154024+00:00
watermark_robustness,ben_howland_1.png,rotate_25,rotation,{'degrees': 25},False,0.929688,0.5,,False,False,36.4315,0.898009,11.9804,0.1.0,3bcc6070f94e514764d324e397d61505df92186c,3.12.10,macOS-26.6.2-arm64-arm-64bit,2.5.3,42,cpu,opencv_yunet,landmark,insightface,spectral,dct,0.16,2026-09-13T09:31:58.154024+00:00
watermark_robustness,ben_howland_1.png,rotate_30,rotation,{'degrees': 30},False,0.913411,0.453125,,False,False,36.4315,0.898009,11.6918,0.1.0,3bcc6070f94e514764d324e397d61505df92186c,3.12.10,macOS-26.6.2-arm64-arm-64bit,2.5.3,42,cpu,opencv_yunet,landmark,insightface,spectral,dct,0.16,2026-09-13T09:31:58.154024+00:00
watermark_robustness,ben_howland_1.png,rotate_5,rotation,{'degrees': 5},True,0.988932,0.5,8ee3b4dd,True,False,36.4315,0.898009,16.8105,0.1.0,3bcc6070f94e514764d324e397d61505df92186c,3.12.10,macOS-26.6.2-arm64-arm-64bit,2.5.3,42,cpu,opencv_yunet,landmark,insightface,spectral,dct,0.16,2026-09-13T09:31:58.154024+00:00
watermark_robustness,ben_howland_1.png,rotate_5_crop_10,rotate_crop,"{'degrees': 5, 'ratio': 0.1}",True,0.996528,0.484375,8ee3b4dd,True,False,36.4315,0.898009,13.3619,0.1.0,3bcc6070f94e514764d324e397d61505df92186c,3.12.10,macOS-26.6.2-arm64-arm-64bit,2.5.3,42,cpu,opencv_yunet,landmark,insightface,spectral,dct,0.16,2026-09-13T09:31:58.154024+00:00
watermark_robustness,ben_howland_1.png,rotate_5_crop_20,rotate_crop,"{'degrees': 5, 'ratio': 0.2}",True,1.0,0.421875,8ee3b4dd,True,False,36.4315,0.898009,10.9944,0.1.0,3bcc6070f94e514764d324e397d61505df92186c,3.12.10,macOS-26.6.2-arm64-arm-64bit,2.5.3,42,cpu,opencv_yunet,landmark,insightface,spectral,dct,0.16,2026-09-13T09:31:58.154024+00:00
watermark_robustness,ben_howland_2.png,rotate_10,rotation,{'degrees': 10},True,0.970052,0.453125,7056b456,True,False,36.2931,0.873237,16.8218,0.1.0,3bcc6070f94e514764d324e397d61505df92186c,3.12.10,macOS-26.6.2-arm64-arm-64bit,2.5.3,42,cpu,opencv_yunet,landmark,insightface,spectral,dct,0.16,2026-09-13T09:31:58.154024+00:00
watermark_robustness,ben_howland_2.png,rotate_10_crop_10,rotate_crop,"{'degrees': 10, 'ratio': 0.1}",True,0.975694,0.390625,7056b456,True,False,36.2931,0.873237,15.5596,0.1.0,3bcc6070f94e514764d324e397d61505df92186c,3.12.10,macOS-26.6.2-arm64-arm-64bit,2.5.3,42,cpu,opencv_yunet,landmark,insightface,spectral,dct,0.16,2026-09-13T09:31:58.154024+00:00
watermark_robustness,ben_howland_2.png,rotate_15,rotation,{'degrees': 15},True,0.94401,0.609375,7056b456,True,False,36.2931,0.873237,15.5955,0.1.0,3bcc6070f94e514764d324e397d61505df92186c,3.12.10,macOS-26.6.2-arm64-arm-64bit,2.5.3,42,cpu,opencv_yunet,landmark,insightface,spectral,dct,0.16,2026-09-13T09:31:58.154024+00:00
watermark_robustness,ben_howland_2.png,rotate_2,rotation,{'degrees': 2},True,1.0,0.375,7056b456,True,False,36.2931,0.873237,23.1458,0.1.0,3bcc6070f94e514764d324e397d61505df92186c,3.12.10,macOS-26.6.2-arm64-arm-64bit,2.5.3,42,cpu,opencv_yunet,landmark,insightface,spectral,dct,0.16,2026-09-13T09:31:58.154024+00:00
watermark_robustness,ben_howland_2.png,rotate_20,rotation,{'degrees': 20},True,0.917318,0.578125,7056b456,True,False,36.2931,0.873237,14.9044,0.1.0,3bcc6070f94e514764d324e397d61505df92186c,3.12.10,macOS-26.6.2-arm64-arm-64bit,2.5.3,42,cpu,opencv_yunet,landmark,insightface,spectral,dct,0.16,2026-09-13T09:31:58.154024+00:00
watermark_robustness,ben_howland_2.png,rotate_25,rotation,{'degrees': 25},True,0.897135,0.53125,7056b456,True,False,36.2931,0.873237,14.4497,0.1.0,3bcc6070f94e514764d324e397d61505df92186c,3.12.10,macOS-26.6.2-arm64-arm-64bit,2.5.3,42,cpu,opencv_yunet,landmark,insightface,spectral,dct,0.16,2026-09-13T09:31:58.154024+00:00
watermark_robustness,ben_howland_2.png,rotate_30,rotation,{'degrees': 30},True,0.877604,0.46875,7056b456,True,False,36.2931,0.873237,14.2004,0.1.0,3bcc6070f94e514764d324e397d61505df92186c,3.12.10,macOS-26.6.2-arm64-arm-64bit,2.5.3,42,cpu,opencv_yunet,landmark,insightface,spectral,dct,0.16,2026-09-13T09:31:58.154024+00:00
watermark_robustness,ben_howland_2.png,rotate_5,rotation,{'degrees': 5},True,0.990234,0.4375,7056b456,True,False,36.2931,0.873237,19.4634,0.1.0,3bcc6070f94e514764d324e397d61505df92186c,3.12.10,macOS-26.6.2-arm64-arm-64bit,2.5.3,42,cpu,opencv_yunet,landmark,insightface,spectral,dct,0.16,2026-09-13T09:31:58.154024+00:00
watermark_robustness,ben_howland_2.png,rotate_5_crop_10,rotate_crop,"{'degrees': 5, 'ratio': 0.1}",True,1.0,0.359375,7056b456,True,False,36.2931,0.873237,15.7915,0.1.0,3bcc6070f94e514764d324e397d61505df92186c,3.12.10,macOS-26.6.2-arm64-arm-64bit,2.5.3,42,cpu,opencv_yunet,landmark,insightface,spectral,dct,0.16,2026-09-13T09:31:58.154024+00:00
watermark_robustness,ben_howland_2.png,rotate_5_crop_20,rotate_crop,"{'degrees': 5, 'ratio': 0.2}",True,1.0,0.546875,7056b456,True,False,36.2931,0.873237,11.8909,0.1.0,3bcc6070f94e514764d324e397d61505df92186c,3.12.10,macOS-26.6.2-arm64-arm-64bit,2.5.3,42,cpu,opencv_yunet,landmark,insightface,spectral,dct,0.16,2026-09-13T09:31:58.154024+00:00
watermark_robustness,ben_howland_3.png,rotate_10,rotation,{'degrees': 10},True,0.94987,0.5,7e24606d,True,False,36.446,0.916796,10.7483,0.1.0,3bcc6070f94e514764d324e397d61505df92186c,3.12.10,macOS-26.6.2-arm64-arm-64bit,2.5.3,42,cpu,opencv_yunet,landmark,insightface,spectral,dct,0.16,2026-09-13T09:31:58.154024+00:00
watermark_robustness,ben_howland_3.png,rotate_10_crop_10,rotate_crop,"{'degrees': 10, 'ratio': 0.1}",True,0.961806,0.515625,7e24606d,True,False,36.446,0.916796,8.6671,0.1.0,3bcc6070f94e514764d324e397d61505df92186c,3.12.10,macOS-26.6.2-arm64-arm-64bit,2.5.3,42,cpu,opencv_yunet,landmark,insightface,spectral,dct,0.16,2026-09-13T09:31:58.154024+00:00
watermark_robustness,ben_howland_3.png,rotate_15,rotation,{'degrees': 15},True,0.916667,0.53125,7e24606d,True,False,36.446,0.916796,9.6069,0.1.0,3bcc6070f94e514764d324e397d61505df92186c,3.12.10,macOS-26.6.2-arm64-arm-64bit,2.5.3,42,cpu,opencv_yunet,landmark,insightface,spectral,dct,0.16,2026-09-13T09:31:58.154024+00:00
watermark_robustness,ben_howland_3.png,rotate_2,rotation,{'degrees': 2},True,1.0,0.625,7e24606d,True,False,36.446,0.916796,16.4758,0.1.0,3bcc6070f94e514764d324e397d61505df92186c,3.12.10,macOS-26.6.2-arm64-arm-64bit,2.5.3,42,cpu,opencv_yunet,landmark,insightface,spectral,dct,0.16,2026-09-13T09:31:58.154024+00:00
watermark_robustness,ben_howland_3.png,rotate_20,rotation,{'degrees': 20},True,0.922526,0.515625,7e24606d,True,False,36.446,0.916796,8.9954,0.1.0,3bcc6070f94e514764d324e397d61505df92186c,3.12.10,macOS-26.6.2-arm64-arm-64bit,2.5.3,42,cpu,opencv_yunet,landmark,insightface,spectral,dct,0.16,2026-09-13T09:31:58.154024+00:00
watermark_robustness,ben_howland_3.png,rotate_25,rotation,{'degrees': 25},True,0.889323,0.578125,7e24606d,True,False,36.446,0.916796,8.5692,0.1.0,3bcc6070f94e514764d324e397d61505df92186c,3.12.10,macOS-26.6.2-arm64-arm-64bit,2.5.3,42,cpu,opencv_yunet,landmark,insightface,spectral,dct,0.16,2026-09-13T09:31:58.154024+00:00
watermark_robustness,ben_howland_3.png,rotate_30,rotation,{'degrees': 30},True,0.871094,0.53125,7e24606d,True,False,36.446,0.916796,8.2525,0.1.0,3bcc6070f94e514764d324e397d61505df92186c,3.12.10,macOS-26.6.2-arm64-arm-64bit,2.5.3,42,cpu,opencv_yunet,landmark,insightface,spectral,dct,0.16,2026-09-13T09:31:58.154024+00:00
watermark_robustness,ben_howland_3.png,rotate_5,rotation,{'degrees': 5},True,0.983724,0.546875,7e24606d,True,False,36.446,0.916796,12.8422,0.1.0,3bcc6070f94e514764d324e397d61505df92186c,3.12.10,macOS-26.6.2-arm64-arm-64bit,2.5.3,42,cpu,opencv_yunet,landmark,insightface,spectral,dct,0.16,2026-09-13T09:31:58.154024+00:00
watermark_robustness,ben_howland_3.png,rotate_5_crop_10,rotate_crop,"{'degrees': 5, 'ratio': 0.1}",True,0.989583,0.515625,7e24606d,True,False,36.446,0.916796,8.7813,0.1.0,3bcc6070f94e514764d324e397d61505df92186c,3.12.10,macOS-26.6.2-arm64-arm-64bit,2.5.3,42,cpu,opencv_yunet,landmark,insightface,spectral,dct,0.16,2026-09-13T09:31:58.154024+00:00
watermark_robustness,ben_howland_3.png,rotate_5_crop_20,rotate_crop,"{'degrees': 5, 'ratio': 0.2}",True,1.0,0.5,7e24606d,True,False,36.446,0.916796,8.2843,0.1.0,3bcc6070f94e514764d324e397d61505df92186c,3.12.10,macOS-26.6.2-arm64-arm-64bit,2.5.3,42,cpu,opencv_yunet,landmark,insightface,spectral,dct,0.16,2026-09-13T09:31:58.154024+00:00
watermark_robustness,bernard_law_0.png,rotate_10,rotation,{'degrees': 10},True,0.969401,0.421875,bfce7194,True,False,36.0519,0.892463,14.516,0.1.0,3bcc6070f94e514764d324e397d61505df92186c,3.12.10,macOS-26.6.2-arm64-arm-64bit,2.5.3,42,cpu,opencv_yunet,landmark,insightface,spectral,dct,0.16,2026-09-13T09:31:58.154024+00:00
watermark_robustness,bernard_law_0.png,rotate_10_crop_10,rotate_crop,"{'degrees': 10, 'ratio': 0.1}",True,0.972222,0.34375,bfce7194,True,False,36.0519,0.892463,12.1821,0.1.0,3bcc6070f94e514764d324e397d61505df92186c,3.12.10,macOS-26.6.2-arm64-arm-64bit,2.5.3,42,cpu,opencv_yunet,landmark,insightface,spectral,dct,0.16,2026-09-13T09:31:58.154024+00:00
watermark_robustness,bernard_law_0.png,rotate_15,rotation,{'degrees': 15},True,0.94401,0.453125,bfce7194,True,False,36.0519,0.892463,13.4478,0.1.0,3bcc6070f94e514764d324e397d61505df92186c,3.12.10,macOS-26.6.2-arm64-arm-64bit,2.5.3,42,cpu,opencv_yunet,landmark,insightface,spectral,dct,0.16,2026-09-13T09:31:58.154024+00:00
watermark_robustness,bernard_law_0.png,rotate_2,rotation,{'degrees': 2},True,1.0,0.5,bfce7194,True,False,36.0519,0.892463,21.0959,0.1.0,3bcc6070f94e514764d324e397d61505df92186c,3.12.10,macOS-26.6.2-arm64-arm-64bit,2.5.3,42,cpu,opencv_yunet,landmark,insightface,spectral,dct,0.16,2026-09-13T09:31:58.154024+00:00
watermark_robustness,bernard_law_0.png,rotate_20,rotation,{'degrees': 20},True,0.919922,0.46875,bfce7194,True,False,36.0519,0.892463,12.8615,0.1.0,3bcc6070f94e514764d324e397d61505df92186c,3.12.10,macOS-26.6.2-arm64-arm-64bit,2.5.3,42,cpu,opencv_yunet,landmark,insightface,spectral,dct,0.16,2026-09-13T09:31:58.154024+00:00
watermark_robustness,bernard_law_0.png,rotate_25,rotation,{'degrees': 25},True,0.904297,0.359375,bfce7194,True,False,36.0519,0.892463,12.4206,0.1.0,3bcc6070f94e514764d324e397d61505df92186c,3.12.10,macOS-26.6.2-arm64-arm-64bit,2.5.3,42,cpu,opencv_yunet,landmark,insightface,spectral,dct,0.16,2026-09-13T09:31:58.154024+00:00
watermark_robustness,bernard_law_0.png,rotate_30,rotation,{'degrees': 30},True,0.870443,0.5,bfce7194,True,False,36.0519,0.892463,12.0556,0.1.0,3bcc6070f94e514764d324e397d61505df92186c,3.12.10,macOS-26.6.2-arm64-arm-64bit,2.5.3,42,cpu,opencv_yunet,landmark,insightface,spectral,dct,0.16,2026-09-13T09:31:58.154024+00:00
watermark_robustness,bernard_law_0.png,rotate_5,rotation,{'degrees': 5},True,0.994792,0.53125,bfce7194,True,False,36.0519,0.892463,17.0272,0.1.0,3bcc6070f94e514764d324e397d61505df92186c,3.12.10,macOS-26.6.2-arm64-arm-64bit,2.5.3,42,cpu,opencv_yunet,landmark,insightface,spectral,dct,0.16,2026-09-13T09:31:58.154024+00:00
watermark_robustness,bernard_law_0.png,rotate_5_crop_10,rotate_crop,"{'degrees': 5, 'ratio': 0.1}",True,0.996528,0.40625,bfce7194,True,False,36.0519,0.892463,12.219,0.1.0,3bcc6070f94e514764d324e397d61505df92186c,3.12.10,macOS-26.6.2-arm64-arm-64bit,2.5.3,42,cpu,opencv_yunet,landmark,insightface,spectral,dct,0.16,2026-09-13T09:31:58.154024+00:00
watermark_robustness,bernard_law_0.png,rotate_5_crop_20,rotate_crop,"{'degrees': 5, 'ratio': 0.2}",True,1.0,0.515625,bfce7194,True,False,36.0519,0.892463,10.2187,0.1.0,3bcc6070f94e514764d324e397d61505df92186c,3.12.10,macOS-26.6.2-arm64-arm-64bit,2.5.3,42,cpu,opencv_yunet,landmark,insightface,spectral,dct,0.16,2026-09-13T09:31:58.154024+00:00
watermark_robustness,bernard_law_1.png,rotate_10,rotation,{'degrees': 10},True,0.964844,0.4375,ac2be038,True,False,36.2966,0.889175,15.262,0.1.0,3bcc6070f94e514764d324e397d61505df92186c,3.12.10,macOS-26.6.2-arm64-arm-64bit,2.5.3,42,cpu,opencv_yunet,landmark,insightface,spectral,dct,0.16,2026-09-13T09:31:58.154024+00:00
watermark_robustness,bernard_law_1.png,rotate_10_crop_10,rotate_crop,"{'degrees': 10, 'ratio': 0.1}",True,0.989583,0.546875,ac2be038,True,False,36.2966,0.889175,12.8528,0.1.0,3bcc6070f94e514764d324e397d61505df92186c,3.12.10,macOS-26.6.2-arm64-arm-64bit,2.5.3,42,cpu,opencv_yunet,landmark,insightface,spectral,dct,0.16,2026-09-13T09:31:58.154024+00:00
watermark_robustness,bernard_law_1.png,rotate_15,rotation,{'degrees': 15},True,0.935547,0.484375,ac2be038,True,False,36.2966,0.889175,14.0705,0.1.0,3bcc6070f94e514764d324e397d61505df92186c,3.12.10,macOS-26.6.2-arm64-arm-64bit,2.5.3,42,cpu,opencv_yunet,landmark,insightface,spectral,dct,0.16,2026-09-13T09:31:58.154024+00:00
watermark_robustness,bernard_law_1.png,rotate_2,rotation,{'degrees': 2},True,0.998047,0.484375,ac2be038,True,False,36.2966,0.889175,22.304,0.1.0,3bcc6070f94e514764d324e397d61505df92186c,3.12.10,macOS-26.6.2-arm64-arm-64bit,2.5.3,42,cpu,opencv_yunet,landmark,insightface,spectral,dct,0.16,2026-09-13T09:31:58.154024+00:00
watermark_robustness,bernard_law_1.png,rotate_20,rotation,{'degrees': 20},True,0.903646,0.515625,ac2be038,True,False,36.2966,0.889175,13.2915,0.1.0,3bcc6070f94e514764d324e397d61505df92186c,3.12.10,macOS-26.6.2-arm64-arm-64bit,2.5.3,42,cpu,opencv_yunet,landmark,insightface,spectral,dct,0.16,2026-09-13T09:31:58.154024+00:00
watermark_robustness,bernard_law_1.png,rotate_25,rotation,{'degrees': 25},True,0.891276,0.59375,ac2be038,True,False,36.2966,0.889175,12.7132,0.1.0,3bcc6070f94e514764d324e397d61505df92186c,3.12.10,macOS-26.6.2-arm64-arm-64bit,2.5.3,42,cpu,opencv_yunet,landmark,insightface,spectral,dct,0.16,2026-09-13T09:31:58.154024+00:00
watermark_robustness,bernard_law_1.png,rotate_30,rotation,{'degrees': 30},True,0.877604,0.4375,ac2be038,True,False,36.2966,0.889175,12.2471,0.1.0,3bcc6070f94e514764d324e397d61505df92186c,3.12.10,macOS-26.6.2-arm64-arm-64bit,2.5.3,42,cpu,opencv_yunet,landmark,insightface,spectral,dct,0.16,2026-09-13T09:31:58.154024+00:00
watermark_robustness,bernard_law_1.png,rotate_5,rotation,{'degrees': 5},True,0.984375,0.546875,ac2be038,True,False,36.2966,0.889175,17.9488,0.1.0,3bcc6070f94e514764d324e397d61505df92186c,3.12.10,macOS-26.6.2-arm64-arm-64bit,2.5.3,42,cpu,opencv_yunet,landmark,insightface,spectral,dct,0.16,2026-09-13T09:31:58.154024+00:00
watermark_robustness,bernard_law_1.png,rotate_5_crop_10,rotate_crop,"{'degrees': 5, 'ratio': 0.1}",True,1.0,0.4375,ac2be038,True,False,36.2966,0.889175,13.0025,0.1.0,3bcc6070f94e514764d324e397d61505df92186c,3.12.10,macOS-26.6.2-arm64-arm-64bit,2.5.3,42,cpu,opencv_yunet,landmark,insightface,spectral,dct,0.16,2026-09-13T09:31:58.154024+00:00
watermark_robustness,bernard_law_1.png,rotate_5_crop_20,rotate_crop,"{'degrees': 5, 'ratio': 0.2}",True,1.0,0.5,ac2be038,True,False,36.2966,0.889175,10.9894,0.1.0,3bcc6070f94e514764d324e397d61505df92186c,3.12.10,macOS-26.6.2-arm64-arm-64bit,2.5.3,42,cpu,opencv_yunet,landmark,insightface,spectral,dct,0.16,2026-09-13T09:31:58.154024+00:00
watermark_robustness,bernard_law_2.png,rotate_10,rotation,{'degrees': 10},True,0.940104,0.5625,3efdb722,True,False,35.9552,0.880871,14.8535,0.1.0,3bcc6070f94e514764d324e397d61505df92186c,3.12.10,macOS-26.6.2-arm64-arm-64bit,2.5.3,42,cpu,opencv_yunet,landmark,insightface,spectral,dct,0.16,2026-09-13T09:31:58.154024+00:00
watermark_robustness,bernard_law_2.png,rotate_10_crop_10,rotate_crop,"{'degrees': 10, 'ratio': 0.1}",True,0.975694,0.5,3efdb722,True,False,35.9552,0.880871,15.5616,0.1.0,3bcc6070f94e514764d324e397d61505df92186c,3.12.10,macOS-26.6.2-arm64-arm-64bit,2.5.3,42,cpu,opencv_yunet,landmark,insightface,spectral,dct,0.16,2026-09-13T09:31:58.154024+00:00
watermark_robustness,bernard_law_2.png,rotate_15,rotation,{'degrees': 15},True,0.936198,0.484375,3efdb722,True,False,35.9552,0.880871,13.4192,0.1.0,3bcc6070f94e514764d324e397d61505df92186c,3.12.10,macOS-26.6.2-arm64-arm-64bit,2.5.3,42,cpu,opencv_yunet,landmark,insightface,spectral,dct,0.16,2026-09-13T09:31:58.154024+00:00
watermark_robustness,bernard_law_2.png,rotate_2,rotation,{'degrees': 2},True,1.0,0.5,3efdb722,True,False,35.9552,0.880871,21.3035,0.1.0,3bcc6070f94e514764d324e397d61505df92186c,3.12.10,macOS-26.6.2-arm64-arm-64bit,2.5.3,42,cpu,opencv_yunet,landmark,insightface,spectral,dct,0.16,2026-09-13T09:31:58.154024+00:00
watermark_robustness,bernard_law_2.png,rotate_20,rotation,{'degrees': 20},True,0.89974,0.40625,3efdb722,True,False,35.9552,0.880871,12.4626,0.1.0,3bcc6070f94e514764d324e397d61505df92186c,3.12.10,macOS-26.6.2-arm64-arm-64bit,2.5.3,42,cpu,opencv_yunet,landmark,insightface,spectral,dct,0.16,2026-09-13T09:31:58.154024+00:00
watermark_robustness,bernard_law_2.png,rotate_25,rotation,{'degrees': 25},False,0.907552,0.453125,,False,False,35.9552,0.880871,11.7759,0.1.0,3bcc6070f94e514764d324e397d61505df92186c,3.12.10,macOS-26.6.2-arm64-arm-64bit,2.5.3,42,cpu,opencv_yunet,landmark,insightface,spectral,dct,0.16,2026-09-13T09:31:58.154024+00:00
watermark_robustness,bernard_law_2.png,rotate_30,rotation,{'degrees': 30},True,0.885417,0.328125,3efdb722,True,False,35.9552,0.880871,11.2364,0.1.0,3bcc6070f94e514764d324e397d61505df92186c,3.12.10,macOS-26.6.2-arm64-arm-64bit,2.5.3,42,cpu,opencv_yunet,landmark,insightface,spectral,dct,0.16,2026-09-13T09:31:58.154024+00:00
watermark_robustness,bernard_law_2.png,rotate_5,rotation,{'degrees': 5},True,0.994141,0.484375,3efdb722,True,False,35.9552,0.880871,17.4873,0.1.0,3bcc6070f94e514764d324e397d61505df92186c,3.12.10,macOS-26.6.2-arm64-arm-64bit,2.5.3,42,cpu,opencv_yunet,landmark,insightface,spectral,dct,0.16,2026-09-13T09:31:58.154024+00:00
watermark_robustness,bernard_law_2.png,rotate_5_crop_10,rotate_crop,"{'degrees': 5, 'ratio': 0.1}",True,0.993056,0.609375,3efdb722,True,False,35.9552,0.880871,16.3209,0.1.0,3bcc6070f94e514764d324e397d61505df92186c,3.12.10,macOS-26.6.2-arm64-arm-64bit,2.5.3,42,cpu,opencv_yunet,landmark,insightface,spectral,dct,0.16,2026-09-13T09:31:58.154024+00:00
watermark_robustness,bernard_law_2.png,rotate_5_crop_20,rotate_crop,"{'degrees': 5, 'ratio': 0.2}",True,1.0,0.40625,3efdb722,True,False,35.9552,0.880871,13.6422,0.1.0,3bcc6070f94e514764d324e397d61505df92186c,3.12.10,macOS-26.6.2-arm64-arm-64bit,2.5.3,42,cpu,opencv_yunet,landmark,insightface,spectral,dct,0.16,2026-09-13T09:31:58.154024+00:00
watermark_robustness,bernard_law_3.png,rotate_10,rotation,{'degrees': 10},True,0.939453,0.453125,cf96bfcf,True,False,36.6306,0.906272,12.5257,0.1.0,3bcc6070f94e514764d324e397d61505df92186c,3.12.10,macOS-26.6.2-arm64-arm-64bit,2.5.3,42,cpu,opencv_yunet,landmark,insightface,spectral,dct,0.16,2026-09-13T09:31:58.154024+00:00
watermark_robustness,bernard_law_3.png,rotate_10_crop_10,rotate_crop,"{'degrees': 10, 'ratio': 0.1}",False,0.958333,0.515625,,False,False,36.6306,0.906272,12.4212,0.1.0,3bcc6070f94e514764d324e397d61505df92186c,3.12.10,macOS-26.6.2-arm64-arm-64bit,2.5.3,42,cpu,opencv_yunet,landmark,insightface,spectral,dct,0.16,2026-09-13T09:31:58.154024+00:00
watermark_robustness,bernard_law_3.png,rotate_15,rotation,{'degrees': 15},True,0.906901,0.5,cf96bfcf,True,False,36.6306,0.906272,11.1782,0.1.0,3bcc6070f94e514764d324e397d61505df92186c,3.12.10,macOS-26.6.2-arm64-arm-64bit,2.5.3,42,cpu,opencv_yunet,landmark,insightface,spectral,dct,0.16,2026-09-13T09:31:58.154024+00:00
watermark_robustness,bernard_law_3.png,rotate_2,rotation,{'degrees': 2},True,1.0,0.375,cf96bfcf,True,False,36.6306,0.906272,18.3605,0.1.0,3bcc6070f94e514764d324e397d61505df92186c,3.12.10,macOS-26.6.2-arm64-arm-64bit,2.5.3,42,cpu,opencv_yunet,landmark,insightface,spectral,dct,0.16,2026-09-13T09:31:58.154024+00:00
watermark_robustness,bernard_law_3.png,rotate_20,rotation,{'degrees': 20},True,0.894531,0.390625,cf96bfcf,True,False,36.6306,0.906272,10.2631,0.1.0,3bcc6070f94e514764d324e397d61505df92186c,3.12.10,macOS-26.6.2-arm64-arm-64bit,2.5.3,42,cpu,opencv_yunet,landmark,insightface,spectral,dct,0.16,2026-09-13T09:31:58.154024+00:00
watermark_robustness,bernard_law_3.png,rotate_25,rotation,{'degrees': 25},False,0.904948,0.484375,,False,False,36.6306,0.906272,9.5857,0.1.0,3bcc6070f94e514764d324e397d61505df92186c,3.12.10,macOS-26.6.2-arm64-arm-64bit,2.5.3,42,cpu,opencv_yunet,landmark,insightface,spectral,dct,0.16,2026-09-13T09:31:58.154024+00:00
watermark_robustness,bernard_law_3.png,rotate_30,rotation,{'degrees': 30},False,0.888021,0.515625,,False,False,36.6306,0.906272,9.0649,0.1.0,3bcc6070f94e514764d324e397d61505df92186c,3.12.10,macOS-26.6.2-arm64-arm-64bit,2.5.3,42,cpu,opencv_yunet,landmark,insightface,spectral,dct,0.16,2026-09-13T09:31:58.154024+00:00
watermark_robustness,bernard_law_3.png,rotate_5,rotation,{'degrees': 5},False,0.992188,0.5,,False,False,36.6306,0.906272,14.9135,0.1.0,3bcc6070f94e514764d324e397d61505df92186c,3.12.10,macOS-26.6.2-arm64-arm-64bit,2.5.3,42,cpu,opencv_yunet,landmark,insightface,spectral,dct,0.16,2026-09-13T09:31:58.154024+00:00
watermark_robustness,bernard_law_3.png,rotate_5_crop_10,rotate_crop,"{'degrees': 5, 'ratio': 0.1}",True,0.986111,0.453125,cf96bfcf,True,False,36.6306,0.906272,12.4079,0.1.0,3bcc6070f94e514764d324e397d61505df92186c,3.12.10,macOS-26.6.2-arm64-arm-64bit,2.5.3,42,cpu,opencv_yunet,landmark,insightface,spectral,dct,0.16,2026-09-13T09:31:58.154024+00:00
watermark_robustness,bernard_law_3.png,rotate_5_crop_20,rotate_crop,"{'degrees': 5, 'ratio': 0.2}",True,0.986111,0.546875,cf96bfcf,True,False,36.6306,0.906272,10.8047,0.1.0,3bcc6070f94e514764d324e397d61505df92186c,3.12.10,macOS-26.6.2-arm64-arm-64bit,2.5.3,42,cpu,opencv_yunet,landmark,insightface,spectral,dct,0.16,2026-09-13T09:31:58.154024+00:00
watermark_robustness,bernard_law_4.png,rotate_10,rotation,{'degrees': 10},True,0.949219,0.5625,72821bc1,True,False,35.9604,0.926399,12.781,0.1.0,3bcc6070f94e514764d324e397d61505df92186c,3.12.10,macOS-26.6.2-arm64-arm-64bit,2.5.3,42,cpu,opencv_yunet,landmark,insightface,spectral,dct,0.16,2026-09-13T09:31:58.154024+00:00
watermark_robustness,bernard_law_4.png,rotate_10_crop_10,rotate_crop,"{'degrees': 10, 'ratio': 0.1}",True,0.961806,0.625,72821bc1,True,False,35.9604,0.926399,13.9284,0.1.0,3bcc6070f94e514764d324e397d61505df92186c,3.12.10,macOS-26.6.2-arm64-arm-64bit,2.5.3,42,cpu,opencv_yunet,landmark,insightface,spectral,dct,0.16,2026-09-13T09:31:58.154024+00:00
watermark_robustness,bernard_law_4.png,rotate_15,rotation,{'degrees': 15},True,0.929036,0.484375,72821bc1,True,False,35.9604,0.926399,11.4985,0.1.0,3bcc6070f94e514764d324e397d61505df92186c,3.12.10,macOS-26.6.2-arm64-arm-64bit,2.5.3,42,cpu,opencv_yunet,landmark,insightface,spectral,dct,0.16,2026-09-13T09:31:58.154024+00:00
watermark_robustness,bernard_law_4.png,rotate_2,rotation,{'degrees': 2},True,1.0,0.484375,72821bc1,True,False,35.9604,0.926399,18.942,0.1.0,3bcc6070f94e514764d324e397d61505df92186c,3.12.10,macOS-26.6.2-arm64-arm-64bit,2.5.3,42,cpu,opencv_yunet,landmark,insightface,spectral,dct,0.16,2026-09-13T09:31:58.154024+00:00
watermark_robustness,bernard_law_4.png,rotate_20,rotation,{'degrees': 20},True,0.927083,0.515625,72821bc1,True,False,35.9604,0.926399,10.5631,0.1.0,3bcc6070f94e514764d324e397d61505df92186c,3.12.10,macOS-26.6.2-arm64-arm-64bit,2.5.3,42,cpu,opencv_yunet,landmark,insightface,spectral,dct,0.16,2026-09-13T09:31:58.154024+00:00
watermark_robustness,bernard_law_4.png,rotate_25,rotation,{'degrees': 25},True,0.908854,0.46875,72821bc1,True,False,35.9604,0.926399,9.8638,0.1.0,3bcc6070f94e514764d324e397d61505df92186c,3.12.10,macOS-26.6.2-arm64-arm-64bit,2.5.3,42,cpu,opencv_yunet,landmark,insightface,spectral,dct,0.16,2026-09-13T09:31:58.154024+00:00
watermark_robustness,bernard_law_4.png,rotate_30,rotation,{'degrees': 30},True,0.895833,0.546875,72821bc1,True,False,35.9604,0.926399,9.368,0.1.0,3bcc6070f94e514764d324e397d61505df92186c,3.12.10,macOS-26.6.2-arm64-arm-64bit,2.5.3,42,cpu,opencv_yunet,landmark,insightface,spectral,dct,0.16,2026-09-13T09:31:58.154024+00:00
watermark_robustness,bernard_law_4.png,rotate_5,rotation,{'degrees': 5},True,0.991536,0.5625,72821bc1,True,False,35.9604,0.926399,15.143,0.1.0,3bcc6070f94e514764d324e397d61505df92186c,3.12.10,macOS-26.6.2-arm64-arm-64bit,2.5.3,42,cpu,opencv_yunet,landmark,insightface,spectral,dct,0.16,2026-09-13T09:31:58.154024+00:00
watermark_robustness,bernard_law_4.png,rotate_5_crop_10,rotate_crop,"{'degrees': 5, 'ratio': 0.1}",True,0.996528,0.5625,72821bc1,True,False,35.9604,0.926399,14.3602,0.1.0,3bcc6070f94e514764d324e397d61505df92186c,3.12.10,macOS-26.6.2-arm64-arm-64bit,2.5.3,42,cpu,opencv_yunet,landmark,insightface,spectral,dct,0.16,2026-09-13T09:31:58.154024+00:00
watermark_robustness,bernard_law_4.png,rotate_5_crop_20,rotate_crop,"{'degrees': 5, 'ratio': 0.2}",True,1.0,0.453125,72821bc1,True,False,35.9604,0.926399,13.0968,0.1.0,3bcc6070f94e514764d324e397d61505df92186c,3.12.10,macOS-26.6.2-arm64-arm-64bit,2.5.3,42,cpu,opencv_yunet,landmark,insightface,spectral,dct,0.16,2026-09-13T09:31:58.154024+00:00
watermark_robustness,binyamin_ben-eliezer_0.png,rotate_10,rotation,{'degrees': 10},True,0.969401,0.484375,fbcdc120,True,False,35.8244,0.894293,16.1142,0.1.0,3bcc6070f94e514764d324e397d61505df92186c,3.12.10,macOS-26.6.2-arm64-arm-64bit,2.5.3,42,cpu,opencv_yunet,landmark,insightface,spectral,dct,0.16,2026-09-13T09:31:58.154024+00:00
watermark_robustness,binyamin_ben-eliezer_0.png,rotate_10_crop_10,rotate_crop,"{'degrees': 10, 'ratio': 0.1}",True,0.993056,0.578125,fbcdc120,True,False,35.8244,0.894293,15.92,0.1.0,3bcc6070f94e514764d324e397d61505df92186c,3.12.10,macOS-26.6.2-arm64-arm-64bit,2.5.3,42,cpu,opencv_yunet,landmark,insightface,spectral,dct,0.16,2026-09-13T09:31:58.154024+00:00
watermark_robustness,binyamin_ben-eliezer_0.png,rotate_15,rotation,{'degrees': 15},True,0.951823,0.484375,fbcdc120,True,False,35.8244,0.894293,14.8432,0.1.0,3bcc6070f94e514764d324e397d61505df92186c,3.12.10,macOS-26.6.2-arm64-arm-64bit,2.5.3,42,cpu,opencv_yunet,landmark,insightface,spectral,dct,0.16,2026-09-13T09:31:58.154024+00:00
watermark_robustness,binyamin_ben-eliezer_0.png,rotate_2,rotation,{'degrees': 2},True,1.0,0.515625,fbcdc120,True,False,35.8244,0.894293,22.9236,0.1.0,3bcc6070f94e514764d324e397d61505df92186c,3.12.10,macOS-26.6.2-arm64-arm-64bit,2.5.3,42,cpu,opencv_yunet,landmark,insightface,spectral,dct,0.16,2026-09-13T09:31:58.154024+00:00
watermark_robustness,binyamin_ben-eliezer_0.png,rotate_20,rotation,{'degrees': 20},True,0.934245,0.515625,fbcdc120,True,False,35.8244,0.894293,14.1995,0.1.0,3bcc6070f94e514764d324e397d61505df92186c,3.12.10,macOS-26.6.2-arm64-arm-64bit,2.5.3,42,cpu,opencv_yunet,landmark,insightface,spectral,dct,0.16,2026-09-13T09:31:58.154024+00:00
watermark_robustness,binyamin_ben-eliezer_0.png,rotate_25,rotation,{'degrees': 25},True,0.91862,0.546875,fbcdc120,True,False,35.8244,0.894293,13.9662,0.1.0,3bcc6070f94e514764d324e397d61505df92186c,3.12.10,macOS-26.6.2-arm64-arm-64bit,2.5.3,42,cpu,opencv_yunet,landmark,insightface,spectral,dct,0.16,2026-09-13T09:31:58.154024+00:00
watermark_robustness,binyamin_ben-eliezer_0.png,rotate_30,rotation,{'degrees': 30},True,0.902344,0.390625,fbcdc120,True,False,35.8244,0.894293,14.0453,0.1.0,3bcc6070f94e514764d324e397d61505df92186c,3.12.10,macOS-26.6.2-arm64-arm-64bit,2.5.3,42,cpu,opencv_yunet,landmark,insightface,spectral,dct,0.16,2026-09-13T09:31:58.154024+00:00
watermark_robustness,binyamin_ben-eliezer_0.png,rotate_5,rotation,{'degrees': 5},True,0.996094,0.59375,fbcdc120,True,False,35.8244,0.894293,18.8333,0.1.0,3bcc6070f94e514764d324e397d61505df92186c,3.12.10,macOS-26.6.2-arm64-arm-64bit,2.5.3,42,cpu,opencv_yunet,landmark,insightface,spectral,dct,0.16,2026-09-13T09:31:58.154024+00:00
watermark_robustness,binyamin_ben-eliezer_0.png,rotate_5_crop_10,rotate_crop,"{'degrees': 5, 'ratio': 0.1}",True,1.0,0.453125,fbcdc120,True,False,35.8244,0.894293,16.53,0.1.0,3bcc6070f94e514764d324e397d61505df92186c,3.12.10,macOS-26.6.2-arm64-arm-64bit,2.5.3,42,cpu,opencv_yunet,landmark,insightface,spectral,dct,0.16,2026-09-13T09:31:58.154024+00:00
watermark_robustness,binyamin_ben-eliezer_0.png,rotate_5_crop_20,rotate_crop,"{'degrees': 5, 'ratio': 0.2}",True,1.0,0.5,fbcdc120,True,False,35.8244,0.894293,13.6071,0.1.0,3bcc6070f94e514764d324e397d61505df92186c,3.12.10,macOS-26.6.2-arm64-arm-64bit,2.5.3,42,cpu,opencv_yunet,landmark,insightface,spectral,dct,0.16,2026-09-13T09:31:58.154024+00:00
watermark_robustness,binyamin_ben-eliezer_1.png,rotate_10,rotation,{'degrees': 10},True,0.964844,0.390625,53c98125,True,False,35.978,0.916804,14.3471,0.1.0,3bcc6070f94e514764d324e397d61505df92186c,3.12.10,macOS-26.6.2-arm64-arm-64bit,2.5.3,42,cpu,opencv_yunet,landmark,insightface,spectral,dct,0.16,2026-09-13T09:31:58.154024+00:00
watermark_robustness,binyamin_ben-eliezer_1.png,rotate_10_crop_10,rotate_crop,"{'degrees': 10, 'ratio': 0.1}",True,0.972222,0.453125,53c98125,True,False,35.978,0.916804,13.4001,0.1.0,3bcc6070f94e514764d324e397d61505df92186c,3.12.10,macOS-26.6.2-arm64-arm-64bit,2.5.3,42,cpu,opencv_yunet,landmark,insightface,spectral,dct,0.16,2026-09-13T09:31:58.154024+00:00
watermark_robustness,binyamin_ben-eliezer_1.png,rotate_15,rotation,{'degrees': 15},True,0.942057,0.390625,53c98125,True,False,35.978,0.916804,13.1927,0.1.0,3bcc6070f94e514764d324e397d61505df92186c,3.12.10,macOS-26.6.2-arm64-arm-64bit,2.5.3,42,cpu,opencv_yunet,landmark,insightface,spectral,dct,0.16,2026-09-13T09:31:58.154024+00:00
watermark_robustness,binyamin_ben-eliezer_1.png,rotate_2,rotation,{'degrees': 2},True,0.998047,0.484375,53c98125,True,False,35.978,0.916804,20.1982,0.1.0,3bcc6070f94e514764d324e397d61505df92186c,3.12.10,macOS-26.6.2-arm64-arm-64bit,2.5.3,42,cpu,opencv_yunet,landmark,insightface,spectral,dct,0.16,2026-09-13T09:31:58.154024+00:00
watermark_robustness,binyamin_ben-eliezer_1.png,rotate_20,rotation,{'degrees': 20},True,0.911458,0.453125,53c98125,True,False,35.978,0.916804,12.3886,0.1.0,3bcc6070f94e514764d324e397d61505df92186c,3.12.10,macOS-26.6.2-arm64-arm-64bit,2.5.3,42,cpu,opencv_yunet,landmark,insightface,spectral,dct,0.16,2026-09-13T09:31:58.154024+00:00
watermark_robustness,binyamin_ben-eliezer_1.png,rotate_25,rotation,{'degrees': 25},True,0.902344,0.578125,53c98125,True,False,35.978,0.916804,11.8586,0.1.0,3bcc6070f94e514764d324e397d61505df92186c,3.12.10,macOS-26.6.2-arm64-arm-64bit,2.5.3,42,cpu,opencv_yunet,landmark,insightface,spectral,dct,0.16,2026-09-13T09:31:58.154024+00:00
watermark_robustness,binyamin_ben-eliezer_1.png,rotate_30,rotation,{'degrees': 30},True,0.891276,0.453125,53c98125,True,False,35.978,0.916804,11.5536,0.1.0,3bcc6070f94e514764d324e397d61505df92186c,3.12.10,macOS-26.6.2-arm64-arm-64bit,2.5.3,42,cpu,opencv_yunet,landmark,insightface,spectral,dct,0.16,2026-09-13T09:31:58.154024+00:00
watermark_robustness,binyamin_ben-eliezer_1.png,rotate_5,rotation,{'degrees': 5},True,0.998047,0.515625,53c98125,True,False,35.978,0.916804,16.2587,0.1.0,3bcc6070f94e514764d324e397d61505df92186c,3.12.10,macOS-26.6.2-arm64-arm-64bit,2.5.3,42,cpu,opencv_yunet,landmark,insightface,spectral,dct,0.16,2026-09-13T09:31:58.154024+00:00
watermark_robustness,binyamin_ben-eliezer_1.png,rotate_5_crop_10,rotate_crop,"{'degrees': 5, 'ratio': 0.1}",True,1.0,0.328125,53c98125,True,False,35.978,0.916804,13.7439,0.1.0,3bcc6070f94e514764d324e397d61505df92186c,3.12.10,macOS-26.6.2-arm64-arm-64bit,2.5.3,42,cpu,opencv_yunet,landmark,insightface,spectral,dct,0.16,2026-09-13T09:31:58.154024+00:00
watermark_robustness,binyamin_ben-eliezer_1.png,rotate_5_crop_20,rotate_crop,"{'degrees': 5, 'ratio': 0.2}",True,1.0,0.5625,53c98125,True,False,35.978,0.916804,11.7146,0.1.0,3bcc6070f94e514764d324e397d61505df92186c,3.12.10,macOS-26.6.2-arm64-arm-64bit,2.5.3,42,cpu,opencv_yunet,landmark,insightface,spectral,dct,0.16,2026-09-13T09:31:58.154024+00:00
watermark_robustness,binyamin_ben-eliezer_2.png,rotate_10,rotation,{'degrees': 10},True,0.947266,0.40625,83cef772,True,False,36.3326,0.9212,14.3814,0.1.0,3bcc6070f94e514764d324e397d61505df92186c,3.12.10,macOS-26.6.2-arm64-arm-64bit,2.5.3,42,cpu,opencv_yunet,landmark,insightface,spectral,dct,0.16,2026-09-13T09:31:58.154024+00:00
watermark_robustness,binyamin_ben-eliezer_2.png,rotate_10_crop_10,rotate_crop,"{'degrees': 10, 'ratio': 0.1}",True,0.986111,0.5,83cef772,True,False,36.3326,0.9212,13.174,0.1.0,3bcc6070f94e514764d324e397d61505df92186c,3.12.10,macOS-26.6.2-arm64-arm-64bit,2.5.3,42,cpu,opencv_yunet,landmark,insightface,spectral,dct,0.16,2026-09-13T09:31:58.154024+00:00
watermark_robustness,binyamin_ben-eliezer_2.png,rotate_15,rotation,{'degrees': 15},True,0.91862,0.5,83cef772,True,False,36.3326,0.9212,13.0514,0.1.0,3bcc6070f94e514764d324e397d61505df92186c,3.12.10,macOS-26.6.2-arm64-arm-64bit,2.5.3,42,cpu,opencv_yunet,landmark,insightface,spectral,dct,0.16,2026-09-13T09:31:58.154024+00:00
watermark_robustness,binyamin_ben-eliezer_2.png,rotate_2,rotation,{'degrees': 2},True,0.996094,0.4375,83cef772,True,False,36.3326,0.9212,19.9455,0.1.0,3bcc6070f94e514764d324e397d61505df92186c,3.12.10,macOS-26.6.2-arm64-arm-64bit,2.5.3,42,cpu,opencv_yunet,landmark,insightface,spectral,dct,0.16,2026-09-13T09:31:58.154024+00:00
watermark_robustness,binyamin_ben-eliezer_2.png,rotate_20,rotation,{'degrees': 20},True,0.889974,0.5,83cef772,True,False,36.3326,0.9212,12.1902,0.1.0,3bcc6070f94e514764d324e397d61505df92186c,3.12.10,macOS-26.6.2-arm64-arm-64bit,2.5.3,42,cpu,opencv_yunet,landmark,insightface,spectral,dct,0.16,2026-09-13T09:31:58.154024+00:00
watermark_robustness,binyamin_ben-eliezer_2.png,rotate_25,rotation,{'degrees': 25},False,0.895833,0.5,,False,False,36.3326,0.9212,11.5675,0.1.0,3bcc6070f94e514764d324e397d61505df92186c,3.12.10,macOS-26.6.2-arm64-arm-64bit,2.5.3,42,cpu,opencv_yunet,landmark,insightface,spectral,dct,0.16,2026-09-13T09:31:58.154024+00:00
watermark_robustness,binyamin_ben-eliezer_2.png,rotate_30,rotation,{'degrees': 30},True,0.863281,0.484375,83cef772,True,False,36.3326,0.9212,11.1083,0.1.0,3bcc6070f94e514764d324e397d61505df92186c,3.12.10,macOS-26.6.2-arm64-arm-64bit,2.5.3,42,cpu,opencv_yunet,landmark,insightface,spectral,dct,0.16,2026-09-13T09:31:58.154024+00:00
watermark_robustness,binyamin_ben-eliezer_2.png,rotate_5,rotation,{'degrees': 5},True,0.982422,0.53125,83cef772,True,False,36.3326,0.9212,16.726,0.1.0,3bcc6070f94e514764d324e397d61505df92186c,3.12.10,macOS-26.6.2-arm64-arm-64bit,2.5.3,42,cpu,opencv_yunet,landmark,insightface,spectral,dct,0.16,2026-09-13T09:31:58.154024+00:00
watermark_robustness,binyamin_ben-eliezer_2.png,rotate_5_crop_10,rotate_crop,"{'degrees': 5, 'ratio': 0.1}",True,0.996528,0.609375,83cef772,True,False,36.3326,0.9212,13.3865,0.1.0,3bcc6070f94e514764d324e397d61505df92186c,3.12.10,macOS-26.6.2-arm64-arm-64bit,2.5.3,42,cpu,opencv_yunet,landmark,insightface,spectral,dct,0.16,2026-09-13T09:31:58.154024+00:00
watermark_robustness,binyamin_ben-eliezer_2.png,rotate_5_crop_20,rotate_crop,"{'degrees': 5, 'ratio': 0.2}",True,1.0,0.53125,83cef772,True,False,36.3326,0.9212,12.6429,0.1.0,3bcc6070f94e514764d324e397d61505df92186c,3.12.10,macOS-26.6.2-arm64-arm-64bit,2.5.3,42,cpu,opencv_yunet,landmark,insightface,spectral,dct,0.16,2026-09-13T09:31:58.154024+00:00
watermark_robustness,binyamin_ben-eliezer_3.png,rotate_10,rotation,{'degrees': 10},True,0.950521,0.484375,ba4b7c3c,True,False,36.0603,0.902531,12.125,0.1.0,3bcc6070f94e514764d324e397d61505df92186c,3.12.10,macOS-26.6.2-arm64-arm-64bit,2.5.3,42,cpu,opencv_yunet,landmark,insightface,spectral,dct,0.16,2026-09-13T09:31:58.154024+00:00
watermark_robustness,binyamin_ben-eliezer_3.png,rotate_10_crop_10,rotate_crop,"{'degrees': 10, 'ratio': 0.1}",True,0.954861,0.4375,ba4b7c3c,True,False,36.0603,0.902531,11.1391,0.1.0,3bcc6070f94e514764d324e397d61505df92186c,3.12.10,macOS-26.6.2-arm64-arm-64bit,2.5.3,42,cpu,opencv_yunet,landmark,insightface,spectral,dct,0.16,2026-09-13T09:31:58.154024+00:00
watermark_robustness,binyamin_ben-eliezer_3.png,rotate_15,rotation,{'degrees': 15},True,0.93099,0.484375,ba4b7c3c,True,False,36.0603,0.902531,11.0132,0.1.0,3bcc6070f94e514764d324e397d61505df92186c,3.12.10,macOS-26.6.2-arm64-arm-64bit,2.5.3,42,cpu,opencv_yunet,landmark,insightface,spectral,dct,0.16,2026-09-13T09:31:58.154024+00:00
watermark_robustness,binyamin_ben-eliezer_3.png,rotate_2,rotation,{'degrees': 2},True,1.0,0.375,ba4b7c3c,True,False,36.0603,0.902531,18.8152,0.1.0,3bcc6070f94e514764d324e397d61505df92186c,3.12.10,macOS-26.6.2-arm64-arm-64bit,2.5.3,42,cpu,opencv_yunet,landmark,insightface,spectral,dct,0.16,2026-09-13T09:31:58.154024+00:00
watermark_robustness,binyamin_ben-eliezer_3.png,rotate_20,rotation,{'degrees': 20},True,0.907552,0.390625,ba4b7c3c,True,False,36.0603,0.902531,10.4979,0.1.0,3bcc6070f94e514764d324e397d61505df92186c,3.12.10,macOS-26.6.2-arm64-arm-64bit,2.5.3,42,cpu,opencv_yunet,landmark,insightface,spectral,dct,0.16,2026-09-13T09:31:58.154024+00:00
watermark_robustness,binyamin_ben-eliezer_3.png,rotate_25,rotation,{'degrees': 25},True,0.884115,0.484375,ba4b7c3c,True,False,36.0603,0.902531,10.0932,0.1.0,3bcc6070f94e514764d324e397d61505df92186c,3.12.10,macOS-26.6.2-arm64-arm-64bit,2.5.3,42,cpu,opencv_yunet,landmark,insightface,spectral,dct,0.16,2026-09-13T09:31:58.154024+00:00
watermark_robustness,binyamin_ben-eliezer_3.png,rotate_30,rotation,{'degrees': 30},True,0.884766,0.546875,ba4b7c3c,True,False,36.0603,0.902531,9.6234,0.1.0,3bcc6070f94e514764d324e397d61505df92186c,3.12.10,macOS-26.6.2-arm64-arm-64bit,2.5.3,42,cpu,opencv_yunet,landmark,insightface,spectral,dct,0.16,2026-09-13T09:31:58.154024+00:00
watermark_robustness,binyamin_ben-eliezer_3.png,rotate_5,rotation,{'degrees': 5},True,0.99349,0.5,ba4b7c3c,True,False,36.0603,0.902531,14.7191,0.1.0,3bcc6070f94e514764d324e397d61505df92186c,3.12.10,macOS-26.6.2-arm64-arm-64bit,2.5.3,42,cpu,opencv_yunet,landmark,insightface,spectral,dct,0.16,2026-09-13T09:31:58.154024+00:00
watermark_robustness,binyamin_ben-eliezer_3.png,rotate_5_crop_10,rotate_crop,"{'degrees': 5, 'ratio': 0.1}",True,0.996528,0.390625,ba4b7c3c,True,False,36.0603,0.902531,11.5335,0.1.0,3bcc6070f94e514764d324e397d61505df92186c,3.12.10,macOS-26.6.2-arm64-arm-64bit,2.5.3,42,cpu,opencv_yunet,landmark,insightface,spectral,dct,0.16,2026-09-13T09:31:58.154024+00:00
watermark_robustness,binyamin_ben-eliezer_3.png,rotate_5_crop_20,rotate_crop,"{'degrees': 5, 'ratio': 0.2}",True,1.0,0.5,ba4b7c3c,True,False,36.0603,0.902531,9.4947,0.1.0,3bcc6070f94e514764d324e397d61505df92186c,3.12.10,macOS-26.6.2-arm64-arm-64bit,2.5.3,42,cpu,opencv_yunet,landmark,insightface,spectral,dct,0.16,2026-09-13T09:31:58.154024+00:00
watermark_robustness,binyamin_ben-eliezer_4.png,rotate_10,rotation,{'degrees': 10},True,0.946615,0.375,d9f593b1,True,False,36.1156,0.910296,11.8909,0.1.0,3bcc6070f94e514764d324e397d61505df92186c,3.12.10,macOS-26.6.2-arm64-arm-64bit,2.5.3,42,cpu,opencv_yunet,landmark,insightface,spectral,dct,0.16,2026-09-13T09:31:58.154024+00:00
watermark_robustness,binyamin_ben-eliezer_4.png,rotate_10_crop_10,rotate_crop,"{'degrees': 10, 'ratio': 0.1}",True,0.965278,0.46875,d9f593b1,True,False,36.1156,0.910296,9.931,0.1.0,3bcc6070f94e514764d324e397d61505df92186c,3.12.10,macOS-26.6.2-arm64-arm-64bit,2.5.3,42,cpu,opencv_yunet,landmark,insightface,spectral,dct,0.16,2026-09-13T09:31:58.154024+00:00
watermark_robustness,binyamin_ben-eliezer_4.png,rotate_15,rotation,{'degrees': 15},True,0.92513,0.53125,d9f593b1,True,False,36.1156,0.910296,10.8407,0.1.0,3bcc6070f94e514764d324e397d61505df92186c,3.12.10,macOS-26.6.2-arm64-arm-64bit,2.5.3,42,cpu,opencv_yunet,landmark,insightface,spectral,dct,0.16,2026-09-13T09:31:58.154024+00:00
watermark_robustness,binyamin_ben-eliezer_4.png,rotate_2,rotation,{'degrees': 2},True,0.998047,0.421875,d9f593b1,True,False,36.1156,0.910296,19.0865,0.1.0,3bcc6070f94e514764d324e397d61505df92186c,3.12.10,macOS-26.6.2-arm64-arm-64bit,2.5.3,42,cpu,opencv_yunet,landmark,insightface,spectral,dct,0.16,2026-09-13T09:31:58.154024+00:00
watermark_robustness,binyamin_ben-eliezer_4.png,rotate_20,rotation,{'degrees': 20},True,0.908854,0.5,d9f593b1,True,False,36.1156,0.910296,10.1233,0.1.0,3bcc6070f94e514764d324e397d61505df92186c,3.12.10,macOS-26.6.2-arm64-arm-64bit,2.5.3,42,cpu,opencv_yunet,landmark,insightface,spectral,dct,0.16,2026-09-13T09:31:58.154024+00:00
watermark_robustness,binyamin_ben-eliezer_4.png,rotate_25,rotation,{'degrees': 25},True,0.878255,0.40625,d9f593b1,True,False,36.1156,0.910296,9.5933,0.1.0,3bcc6070f94e514764d324e397d61505df92186c,3.12.10,macOS-26.6.2-arm64-arm-64bit,2.5.3,42,cpu,opencv_yunet,landmark,insightface,spectral,dct,0.16,2026-09-13T09:31:58.154024+00:00
watermark_robustness,binyamin_ben-eliezer_4.png,rotate_30,rotation,{'degrees': 30},True,0.870443,0.421875,d9f593b1,True,False,36.1156,0.910296,9.2514,0.1.0,3bcc6070f94e514764d324e397d61505df92186c,3.12.10,macOS-26.6.2-arm64-arm-64bit,2.5.3,42,cpu,opencv_yunet,landmark,insightface,spectral,dct,0.16,2026-09-13T09:31:58.154024+00:00
watermark_robustness,binyamin_ben-eliezer_4.png,rotate_5,rotation,{'degrees': 5},True,0.982422,0.546875,d9f593b1,True,False,36.1156,0.910296,14.5433,0.1.0,3bcc6070f94e514764d324e397d61505df92186c,3.12.10,macOS-26.6.2-arm64-arm-64bit,2.5.3,42,cpu,opencv_yunet,landmark,insightface,spectral,dct,0.16,2026-09-13T09:31:58.154024+00:00
watermark_robustness,binyamin_ben-eliezer_4.png,rotate_5_crop_10,rotate_crop,"{'degrees': 5, 'ratio': 0.1}",True,0.993056,0.53125,d9f593b1,True,False,36.1156,0.910296,9.7462,0.1.0,3bcc6070f94e514764d324e397d61505df92186c,3.12.10,macOS-26.6.2-arm64-arm-64bit,2.5.3,42,cpu,opencv_yunet,landmark,insightface,spectral,dct,0.16,2026-09-13T09:31:58.154024+00:00
watermark_robustness,binyamin_ben-eliezer_4.png,rotate_5_crop_20,rotate_crop,"{'degrees': 5, 'ratio': 0.2}",True,1.0,0.46875,d9f593b1,True,False,36.1156,0.910296,8.0935,0.1.0,3bcc6070f94e514764d324e397d61505df92186c,3.12.10,macOS-26.6.2-arm64-arm-64bit,2.5.3,42,cpu,opencv_yunet,landmark,insightface,spectral,dct,0.16,2026-09-13T09:31:58.154024+00:00
watermark_robustness,binyamin_ben-eliezer_5.png,rotate_10,rotation,{'degrees': 10},True,0.957682,0.515625,f51ced80,True,False,36.0531,0.912744,16.8602,0.1.0,3bcc6070f94e514764d324e397d61505df92186c,3.12.10,macOS-26.6.2-arm64-arm-64bit,2.5.3,42,cpu,opencv_yunet,landmark,insightface,spectral,dct,0.16,2026-09-13T09:31:58.154024+00:00
watermark_robustness,binyamin_ben-eliezer_5.png,rotate_10_crop_10,rotate_crop,"{'degrees': 10, 'ratio': 0.1}",True,0.986111,0.453125,f51ced80,True,False,36.0531,0.912744,14.9078,0.1.0,3bcc6070f94e514764d324e397d61505df92186c,3.12.10,macOS-26.6.2-arm64-arm-64bit,2.5.3,42,cpu,opencv_yunet,landmark,insightface,spectral,dct,0.16,2026-09-13T09:31:58.154024+00:00
watermark_robustness,binyamin_ben-eliezer_5.png,rotate_15,rotation,{'degrees': 15},True,0.933594,0.453125,f51ced80,True,False,36.0531,0.912744,15.6785,0.1.0,3bcc6070f94e514764d324e397d61505df92186c,3.12.10,macOS-26.6.2-arm64-arm-64bit,2.5.3,42,cpu,opencv_yunet,landmark,insightface,spectral,dct,0.16,2026-09-13T09:31:58.154024+00:00
watermark_robustness,binyamin_ben-eliezer_5.png,rotate_2,rotation,{'degrees': 2},True,1.0,0.453125,f51ced80,True,False,36.0531,0.912744,23.2079,0.1.0,3bcc6070f94e514764d324e397d61505df92186c,3.12.10,macOS-26.6.2-arm64-arm-64bit,2.5.3,42,cpu,opencv_yunet,landmark,insightface,spectral,dct,0.16,2026-09-13T09:31:58.154024+00:00
watermark_robustness,binyamin_ben-eliezer_5.png,rotate_20,rotation,{'degrees': 20},True,0.938151,0.5,f51ced80,True,False,36.0531,0.912744,14.9209,0.1.0,3bcc6070f94e514764d324e397d61505df92186c,3.12.10,macOS-26.6.2-arm64-arm-64bit,2.5.3,42,cpu,opencv_yunet,landmark,insightface,spectral,dct,0.16,2026-09-13T09:31:58.154024+00:00
watermark_robustness,binyamin_ben-eliezer_5.png,rotate_25,rotation,{'degrees': 25},True,0.926432,0.484375,f51ced80,True,False,36.0531,0.912744,14.3581,0.1.0,3bcc6070f94e514764d324e397d61505df92186c,3.12.10,macOS-26.6.2-arm64-arm-64bit,2.5.3,42,cpu,opencv_yunet,landmark,insightface,spectral,dct,0.16,2026-09-13T09:31:58.154024+00:00
watermark_robustness,binyamin_ben-eliezer_5.png,rotate_30,rotation,{'degrees': 30},True,0.907552,0.546875,f51ced80,True,False,36.0531,0.912744,13.914,0.1.0,3bcc6070f94e514764d324e397d61505df92186c,3.12.10,macOS-26.6.2-arm64-arm-64bit,2.5.3,42,cpu,opencv_yunet,landmark,insightface,spectral,dct,0.16,2026-09-13T09:31:58.154024+00:00
watermark_robustness,binyamin_ben-eliezer_5.png,rotate_5,rotation,{'degrees': 5},True,0.99349,0.46875,f51ced80,True,False,36.0531,0.912744,19.0085,0.1.0,3bcc6070f94e514764d324e397d61505df92186c,3.12.10,macOS-26.6.2-arm64-arm-64bit,2.5.3,42,cpu,opencv_yunet,landmark,insightface,spectral,dct,0.16,2026-09-13T09:31:58.154024+00:00
watermark_robustness,binyamin_ben-eliezer_5.png,rotate_5_crop_10,rotate_crop,"{'degrees': 5, 'ratio': 0.1}",True,1.0,0.390625,f51ced80,True,False,36.0531,0.912744,15.5532,0.1.0,3bcc6070f94e514764d324e397d61505df92186c,3.12.10,macOS-26.6.2-arm64-arm-64bit,2.5.3,42,cpu,opencv_yunet,landmark,insightface,spectral,dct,0.16,2026-09-13T09:31:58.154024+00:00
watermark_robustness,binyamin_ben-eliezer_5.png,rotate_5_crop_20,rotate_crop,"{'degrees': 5, 'ratio': 0.2}",True,1.0,0.59375,f51ced80,True,False,36.0531,0.912744,12.9651,0.1.0,3bcc6070f94e514764d324e397d61505df92186c,3.12.10,macOS-26.6.2-arm64-arm-64bit,2.5.3,42,cpu,opencv_yunet,landmark,insightface,spectral,dct,0.16,2026-09-13T09:31:58.154024+00:00
watermark_robustness,daisy_fuentes_0.png,rotate_10,rotation,{'degrees': 10},True,0.957682,0.46875,9416e3b2,True,False,36.0013,0.933711,13.2164,0.1.0,3bcc6070f94e514764d324e397d61505df92186c,3.12.10,macOS-26.6.2-arm64-arm-64bit,2.5.3,42,cpu,opencv_yunet,landmark,insightface,spectral,dct,0.16,2026-09-13T09:31:58.154024+00:00
watermark_robustness,daisy_fuentes_0.png,rotate_10_crop_10,rotate_crop,"{'degrees': 10, 'ratio': 0.1}",True,0.96875,0.421875,9416e3b2,True,False,36.0013,0.933711,12.7698,0.1.0,3bcc6070f94e514764d324e397d61505df92186c,3.12.10,macOS-26.6.2-arm64-arm-64bit,2.5.3,42,cpu,opencv_yunet,landmark,insightface,spectral,dct,0.16,2026-09-13T09:31:58.154024+00:00
watermark_robustness,daisy_fuentes_0.png,rotate_15,rotation,{'degrees': 15},True,0.941406,0.578125,9416e3b2,True,False,36.0013,0.933711,11.8709,0.1.0,3bcc6070f94e514764d324e397d61505df92186c,3.12.10,macOS-26.6.2-arm64-arm-64bit,2.5.3,42,cpu,opencv_yunet,landmark,insightface,spectral,dct,0.16,2026-09-13T09:31:58.154024+00:00
watermark_robustness,daisy_fuentes_0.png,rotate_2,rotation,{'degrees': 2},True,1.0,0.453125,9416e3b2,True,False,36.0013,0.933711,19.0738,0.1.0,3bcc6070f94e514764d324e397d61505df92186c,3.12.10,macOS-26.6.2-arm64-arm-64bit,2.5.3,42,cpu,opencv_yunet,landmark,insightface,spectral,dct,0.16,2026-09-13T09:31:58.154024+00:00
watermark_robustness,daisy_fuentes_0.png,rotate_20,rotation,{'degrees': 20},True,0.916667,0.546875,9416e3b2,True,False,36.0013,0.933711,11.0983,0.1.0,3bcc6070f94e514764d324e397d61505df92186c,3.12.10,macOS-26.6.2-arm64-arm-64bit,2.5.3,42,cpu,opencv_yunet,landmark,insightface,spectral,dct,0.16,2026-09-13T09:31:58.154024+00:00
watermark_robustness,daisy_fuentes_0.png,rotate_25,rotation,{'degrees': 25},True,0.90625,0.484375,9416e3b2,True,False,36.0013,0.933711,10.6589,0.1.0,3bcc6070f94e514764d324e397d61505df92186c,3.12.10,macOS-26.6.2-arm64-arm-64bit,2.5.3,42,cpu,opencv_yunet,landmark,insightface,spectral,dct,0.16,2026-09-13T09:31:58.154024+00:00
watermark_robustness,daisy_fuentes_0.png,rotate_30,rotation,{'degrees': 30},True,0.880859,0.453125,9416e3b2,True,False,36.0013,0.933711,10.3313,0.1.0,3bcc6070f94e514764d324e397d61505df92186c,3.12.10,macOS-26.6.2-arm64-arm-64bit,2.5.3,42,cpu,opencv_yunet,landmark,insightface,spectral,dct,0.16,2026-09-13T09:31:58.154024+00:00
watermark_robustness,daisy_fuentes_0.png,rotate_5,rotation,{'degrees': 5},True,0.990234,0.484375,9416e3b2,True,False,36.0013,0.933711,15.4004,0.1.0,3bcc6070f94e514764d324e397d61505df92186c,3.12.10,macOS-26.6.2-arm64-arm-64bit,2.5.3,42,cpu,opencv_yunet,landmark,insightface,spectral,dct,0.16,2026-09-13T09:31:58.154024+00:00
watermark_robustness,daisy_fuentes_0.png,rotate_5_crop_10,rotate_crop,"{'degrees': 5, 'ratio': 0.1}",True,0.989583,0.421875,9416e3b2,True,False,36.0013,0.933711,12.9097,0.1.0,3bcc6070f94e514764d324e397d61505df92186c,3.12.10,macOS-26.6.2-arm64-arm-64bit,2.5.3,42,cpu,opencv_yunet,landmark,insightface,spectral,dct,0.16,2026-09-13T09:31:58.154024+00:00
watermark_robustness,daisy_fuentes_0.png,rotate_5_crop_20,rotate_crop,"{'degrees': 5, 'ratio': 0.2}",True,1.0,0.53125,9416e3b2,True,False,36.0013,0.933711,10.6224,0.1.0,3bcc6070f94e514764d324e397d61505df92186c,3.12.10,macOS-26.6.2-arm64-arm-64bit,2.5.3,42,cpu,opencv_yunet,landmark,insightface,spectral,dct,0.16,2026-09-13T09:31:58.154024+00:00
watermark_robustness,daisy_fuentes_1.png,rotate_10,rotation,{'degrees': 10},True,0.953776,0.453125,1ffbe7b1,True,False,35.9501,0.935069,13.305,0.1.0,3bcc6070f94e514764d324e397d61505df92186c,3.12.10,macOS-26.6.2-arm64-arm-64bit,2.5.3,42,cpu,opencv_yunet,landmark,insightface,spectral,dct,0.16,2026-09-13T09:31:58.154024+00:00
watermark_robustness,daisy_fuentes_1.png,rotate_10_crop_10,rotate_crop,"{'degrees': 10, 'ratio': 0.1}",True,0.958333,0.421875,1ffbe7b1,True,False,35.9501,0.935069,12.1296,0.1.0,3bcc6070f94e514764d324e397d61505df92186c,3.12.10,macOS-26.6.2-arm64-arm-64bit,2.5.3,42,cpu,opencv_yunet,landmark,insightface,spectral,dct,0.16,2026-09-13T09:31:58.154024+00:00
watermark_robustness,daisy_fuentes_1.png,rotate_15,rotation,{'degrees': 15},False,0.953125,0.4375,,False,False,35.9501,0.935069,12.4614,0.1.0,3bcc6070f94e514764d324e397d61505df92186c,3.12.10,macOS-26.6.2-arm64-arm-64bit,2.5.3,42,cpu,opencv_yunet,landmark,insightface,spectral,dct,0.16,2026-09-13T09:31:58.154024+00:00
watermark_robustness,daisy_fuentes_1.png,rotate_2,rotation,{'degrees': 2},True,1.0,0.296875,1ffbe7b1,True,False,35.9501,0.935069,19.0934,0.1.0,3bcc6070f94e514764d324e397d61505df92186c,3.12.10,macOS-26.6.2-arm64-arm-64bit,2.5.3,42,cpu,opencv_yunet,landmark,insightface,spectral,dct,0.16,2026-09-13T09:31:58.154024+00:00
watermark_robustness,daisy_fuentes_1.png,rotate_20,rotation,{'degrees': 20},False,0.93099,0.3125,,False,False,35.9501,0.935069,11.842,0.1.0,3bcc6070f94e514764d324e397d61505df92186c,3.12.10,macOS-26.6.2-arm64-arm-64bit,2.5.3,42,cpu,opencv_yunet,landmark,insightface,spectral,dct,0.16,2026-09-13T09:31:58.154024+00:00
watermark_robustness,daisy_fuentes_1.png,rotate_25,rotation,{'degrees': 25},False,0.91276,0.390625,,False,False,35.9501,0.935069,11.361,0.1.0,3bcc6070f94e514764d324e397d61505df92186c,3.12.10,macOS-26.6.2-arm64-arm-64bit,2.5.3,42,cpu,opencv_yunet,landmark,insightface,spectral,dct,0.16,2026-09-13T09:31:58.154024+00:00
watermark_robustness,daisy_fuentes_1.png,rotate_30,rotation,{'degrees': 30},False,0.899089,0.375,,False,False,35.9501,0.935069,10.9921,0.1.0,3bcc6070f94e514764d324e397d61505df92186c,3.12.10,macOS-26.6.2-arm64-arm-64bit,2.5.3,42,cpu,opencv_yunet,landmark,insightface,spectral,dct,0.16,2026-09-13T09:31:58.154024+00:00
watermark_robustness,daisy_fuentes_1.png,rotate_5,rotation,{'degrees': 5},True,0.982422,0.421875,1ffbe7b1,True,False,35.9501,0.935069,15.1264,0.1.0,3bcc6070f94e514764d324e397d61505df92186c,3.12.10,macOS-26.6.2-arm64-arm-64bit,2.5.3,42,cpu,opencv_yunet,landmark,insightface,spectral,dct,0.16,2026-09-13T09:31:58.154024+00:00
watermark_robustness,daisy_fuentes_1.png,rotate_5_crop_10,rotate_crop,"{'degrees': 5, 'ratio': 0.1}",True,1.0,0.484375,1ffbe7b1,True,False,35.9501,0.935069,12.285,0.1.0,3bcc6070f94e514764d324e397d61505df92186c,3.12.10,macOS-26.6.2-arm64-arm-64bit,2.5.3,42,cpu,opencv_yunet,landmark,insightface,spectral,dct,0.16,2026-09-13T09:31:58.154024+00:00
watermark_robustness,daisy_fuentes_1.png,rotate_5_crop_20,rotate_crop,"{'degrees': 5, 'ratio': 0.2}",True,0.993056,0.53125,1ffbe7b1,True,False,35.9501,0.935069,10.2743,0.1.0,3bcc6070f94e514764d324e397d61505df92186c,3.12.10,macOS-26.6.2-arm64-arm-64bit,2.5.3,42,cpu,opencv_yunet,landmark,insightface,spectral,dct,0.16,2026-09-13T09:31:58.154024+00:00
watermark_robustness,daisy_fuentes_2.png,rotate_10,rotation,{'degrees': 10},True,0.96072,0.5,5cf97ed0,True,False,36.0924,0.925291,12.3889,0.1.0,3bcc6070f94e514764d324e397d61505df92186c,3.12.10,macOS-26.6.2-arm64-arm-64bit,2.5.3,42,cpu,opencv_yunet,landmark,insightface,spectral,dct,0.16,2026-09-13T09:31:58.154024+00:00
watermark_robustness,daisy_fuentes_2.png,rotate_10_crop_10,rotate_crop,"{'degrees': 10, 'ratio': 0.1}",True,0.965278,0.53125,5cf97ed0,True,False,36.0924,0.925291,12.2743,0.1.0,3bcc6070f94e514764d324e397d61505df92186c,3.12.10,macOS-26.6.2-arm64-arm-64bit,2.5.3,42,cpu,opencv_yunet,landmark,insightface,spectral,dct,0.16,2026-09-13T09:31:58.154024+00:00
watermark_robustness,daisy_fuentes_2.png,rotate_15,rotation,{'degrees': 15},True,0.924262,0.359375,5cf97ed0,True,False,36.0924,0.925291,11.3777,0.1.0,3bcc6070f94e514764d324e397d61505df92186c,3.12.10,macOS-26.6.2-arm64-arm-64bit,2.5.3,42,cpu,opencv_yunet,landmark,insightface,spectral,dct,0.16,2026-09-13T09:31:58.154024+00:00
watermark_robustness,daisy_fuentes_2.png,rotate_2,rotation,{'degrees': 2},True,0.998047,0.375,5cf97ed0,True,False,36.0924,0.925291,18.9043,0.1.0,3bcc6070f94e514764d324e397d61505df92186c,3.12.10,macOS-26.6.2-arm64-arm-64bit,2.5.3,42,cpu,opencv_yunet,landmark,insightface,spectral,dct,0.16,2026-09-13T09:31:58.154024+00:00
watermark_robustness,daisy_fuentes_2.png,rotate_20,rotation,{'degrees': 20},True,0.901476,0.578125,5cf97ed0,True,False,36.0924,0.925291,10.7064,0.1.0,3bcc6070f94e514764d324e397d61505df92186c,3.12.10,macOS-26.6.2-arm64-arm-64bit,2.5.3,42,cpu,opencv_yunet,landmark,insightface,spectral,dct,0.16,2026-09-13T09:31:58.154024+00:00
watermark_robustness,daisy_fuentes_2.png,rotate_25,rotation,{'degrees': 25},True,0.889106,0.5,5cf97ed0,True,False,36.0924,0.925291,10.1587,0.1.0,3bcc6070f94e514764d324e397d61505df92186c,3.12.10,macOS-26.6.2-arm64-arm-64bit,2.5.3,42,cpu,opencv_yunet,landmark,insightface,spectral,dct,0.16,2026-09-13T09:31:58.154024+00:00
watermark_robustness,daisy_fuentes_2.png,rotate_30,rotation,{'degrees': 30},False,0.879557,0.484375,,False,False,36.0924,0.925291,9.758,0.1.0,3bcc6070f94e514764d324e397d61505df92186c,3.12.10,macOS-26.6.2-arm64-arm-64bit,2.5.3,42,cpu,opencv_yunet,landmark,insightface,spectral,dct,0.16,2026-09-13T09:31:58.154024+00:00
watermark_robustness,daisy_fuentes_2.png,rotate_5,rotation,{'degrees': 5},True,0.982422,0.453125,5cf97ed0,True,False,36.0924,0.925291,14.6982,0.1.0,3bcc6070f94e514764d324e397d61505df92186c,3.12.10,macOS-26.6.2-arm64-arm-64bit,2.5.3,42,cpu,opencv_yunet,landmark,insightface,spectral,dct,0.16,2026-09-13T09:31:58.154024+00:00
watermark_robustness,daisy_fuentes_2.png,rotate_5_crop_10,rotate_crop,"{'degrees': 5, 'ratio': 0.1}",True,1.0,0.484375,5cf97ed0,True,False,36.0924,0.925291,12.9575,0.1.0,3bcc6070f94e514764d324e397d61505df92186c,3.12.10,macOS-26.6.2-arm64-arm-64bit,2.5.3,42,cpu,opencv_yunet,landmark,insightface,spectral,dct,0.16,2026-09-13T09:31:58.154024+00:00
watermark_robustness,daisy_fuentes_2.png,rotate_5_crop_20,rotate_crop,"{'degrees': 5, 'ratio': 0.2}",True,1.0,0.53125,5cf97ed0,True,False,36.0924,0.925291,9.5878,0.1.0,3bcc6070f94e514764d324e397d61505df92186c,3.12.10,macOS-26.6.2-arm64-arm-64bit,2.5.3,42,cpu,opencv_yunet,landmark,insightface,spectral,dct,0.16,2026-09-13T09:31:58.154024+00:00
watermark_robustness,daisy_fuentes_3.png,rotate_10,rotation,{'degrees': 10},True,0.958333,0.46875,03ea700e,True,False,36.1229,0.931043,16.0686,0.1.0,3bcc6070f94e514764d324e397d61505df92186c,3.12.10,macOS-26.6.2-arm64-arm-64bit,2.5.3,42,cpu,opencv_yunet,landmark,insightface,spectral,dct,0.16,2026-09-13T09:31:58.154024+00:00
watermark_robustness,daisy_fuentes_3.png,rotate_10_crop_10,rotate_crop,"{'degrees': 10, 'ratio': 0.1}",True,0.96875,0.46875,03ea700e,True,False,36.1229,0.931043,14.8359,0.1.0,3bcc6070f94e514764d324e397d61505df92186c,3.12.10,macOS-26.6.2-arm64-arm-64bit,2.5.3,42,cpu,opencv_yunet,landmark,insightface,spectral,dct,0.16,2026-09-13T09:31:58.154024+00:00
watermark_robustness,daisy_fuentes_3.png,rotate_15,rotation,{'degrees': 15},True,0.940104,0.53125,03ea700e,True,False,36.1229,0.931043,15.0314,0.1.0,3bcc6070f94e514764d324e397d61505df92186c,3.12.10,macOS-26.6.2-arm64-arm-64bit,2.5.3,42,cpu,opencv_yunet,landmark,insightface,spectral,dct,0.16,2026-09-13T09:31:58.154024+00:00
watermark_robustness,daisy_fuentes_3.png,rotate_2,rotation,{'degrees': 2},True,1.0,0.5625,03ea700e,True,False,36.1229,0.931043,21.4661,0.1.0,3bcc6070f94e514764d324e397d61505df92186c,3.12.10,macOS-26.6.2-arm64-arm-64bit,2.5.3,42,cpu,opencv_yunet,landmark,insightface,spectral,dct,0.16,2026-09-13T09:31:58.154024+00:00
watermark_robustness,daisy_fuentes_3.png,rotate_20,rotation,{'degrees': 20},True,0.922526,0.578125,03ea700e,True,False,36.1229,0.931043,14.404,0.1.0,3bcc6070f94e514764d324e397d61505df92186c,3.12.10,macOS-26.6.2-arm64-arm-64bit,2.5.3,42,cpu,opencv_yunet,landmark,insightface,spectral,dct,0.16,2026-09-13T09:31:58.154024+00:00
watermark_robustness,daisy_fuentes_3.png,rotate_25,rotation,{'degrees': 25},True,0.897135,0.53125,03ea700e,True,False,36.1229,0.931043,14.0722,0.1.0,3bcc6070f94e514764d324e397d61505df92186c,3.12.10,macOS-26.6.2-arm64-arm-64bit,2.5.3,42,cpu,opencv_yunet,landmark,insightface,spectral,dct,0.16,2026-09-13T09:31:58.154024+00:00
watermark_robustness,daisy_fuentes_3.png,rotate_30,rotation,{'degrees': 30},True,0.88151,0.515625,03ea700e,True,False,36.1229,0.931043,13.8591,0.1.0,3bcc6070f94e514764d324e397d61505df92186c,3.12.10,macOS-26.6.2-arm64-arm-64bit,2.5.3,42,cpu,opencv_yunet,landmark,insightface,spectral,dct,0.16,2026-09-13T09:31:58.154024+00:00
watermark_robustness,daisy_fuentes_3.png,rotate_5,rotation,{'degrees': 5},True,0.990234,0.484375,03ea700e,True,False,36.1229,0.931043,18.0365,0.1.0,3bcc6070f94e514764d324e397d61505df92186c,3.12.10,macOS-26.6.2-arm64-arm-64bit,2.5.3,42,cpu,opencv_yunet,landmark,insightface,spectral,dct,0.16,2026-09-13T09:31:58.154024+00:00
watermark_robustness,daisy_fuentes_3.png,rotate_5_crop_10,rotate_crop,"{'degrees': 5, 'ratio': 0.1}",True,0.996528,0.5,03ea700e,True,False,36.1229,0.931043,14.8224,0.1.0,3bcc6070f94e514764d324e397d61505df92186c,3.12.10,macOS-26.6.2-arm64-arm-64bit,2.5.3,42,cpu,opencv_yunet,landmark,insightface,spectral,dct,0.16,2026-09-13T09:31:58.154024+00:00
watermark_robustness,daisy_fuentes_3.png,rotate_5_crop_20,rotate_crop,"{'degrees': 5, 'ratio': 0.2}",True,0.993056,0.359375,03ea700e,True,False,36.1229,0.931043,12.5148,0.1.0,3bcc6070f94e514764d324e397d61505df92186c,3.12.10,macOS-26.6.2-arm64-arm-64bit,2.5.3,42,cpu,opencv_yunet,landmark,insightface,spectral,dct,0.16,2026-09-13T09:31:58.154024+00:00
watermark_robustness,edward_lu_0.png,rotate_10,rotation,{'degrees': 10},True,0.966797,0.46875,42e599ab,True,False,36.0983,0.913593,15.0717,0.1.0,3bcc6070f94e514764d324e397d61505df92186c,3.12.10,macOS-26.6.2-arm64-arm-64bit,2.5.3,42,cpu,opencv_yunet,landmark,insightface,spectral,dct,0.16,2026-09-13T09:31:58.154024+00:00
watermark_robustness,edward_lu_0.png,rotate_10_crop_10,rotate_crop,"{'degrees': 10, 'ratio': 0.1}",True,0.96875,0.46875,42e599ab,True,False,36.0983,0.913593,13.3299,0.1.0,3bcc6070f94e514764d324e397d61505df92186c,3.12.10,macOS-26.6.2-arm64-arm-64bit,2.5.3,42,cpu,opencv_yunet,landmark,insightface,spectral,dct,0.16,2026-09-13T09:31:58.154024+00:00
watermark_robustness,edward_lu_0.png,rotate_15,rotation,{'degrees': 15},True,0.935547,0.484375,42e599ab,True,False,36.0983,0.913593,13.7369,0.1.0,3bcc6070f94e514764d324e397d61505df92186c,3.12.10,macOS-26.6.2-arm64-arm-64bit,2.5.3,42,cpu,opencv_yunet,landmark,insightface,spectral,dct,0.16,2026-09-13T09:31:58.154024+00:00
watermark_robustness,edward_lu_0.png,rotate_2,rotation,{'degrees': 2},True,1.0,0.453125,42e599ab,True,False,36.0983,0.913593,22.4059,0.1.0,3bcc6070f94e514764d324e397d61505df92186c,3.12.10,macOS-26.6.2-arm64-arm-64bit,2.5.3,42,cpu,opencv_yunet,landmark,insightface,spectral,dct,0.16,2026-09-13T09:31:58.154024+00:00
watermark_robustness,edward_lu_0.png,rotate_20,rotation,{'degrees': 20},True,0.912109,0.4375,42e599ab,True,False,36.0983,0.913593,12.9438,0.1.0,3bcc6070f94e514764d324e397d61505df92186c,3.12.10,macOS-26.6.2-arm64-arm-64bit,2.5.3,42,cpu,opencv_yunet,landmark,insightface,spectral,dct,0.16,2026-09-13T09:31:58.154024+00:00
watermark_robustness,edward_lu_0.png,rotate_25,rotation,{'degrees': 25},True,0.895182,0.53125,42e599ab,True,False,36.0983,0.913593,12.4105,0.1.0,3bcc6070f94e514764d324e397d61505df92186c,3.12.10,macOS-26.6.2-arm64-arm-64bit,2.5.3,42,cpu,opencv_yunet,landmark,insightface,spectral,dct,0.16,2026-09-13T09:31:58.154024+00:00
watermark_robustness,edward_lu_0.png,rotate_30,rotation,{'degrees': 30},False,0.895182,0.359375,,False,False,36.0983,0.913593,12.1026,0.1.0,3bcc6070f94e514764d324e397d61505df92186c,3.12.10,macOS-26.6.2-arm64-arm-64bit,2.5.3,42,cpu,opencv_yunet,landmark,insightface,spectral,dct,0.16,2026-09-13T09:31:58.154024+00:00
watermark_robustness,edward_lu_0.png,rotate_5,rotation,{'degrees': 5},True,0.998047,0.578125,42e599ab,True,False,36.0983,0.913593,17.8987,0.1.0,3bcc6070f94e514764d324e397d61505df92186c,3.12.10,macOS-26.6.2-arm64-arm-64bit,2.5.3,42,cpu,opencv_yunet,landmark,insightface,spectral,dct,0.16,2026-09-13T09:31:58.154024+00:00
watermark_robustness,edward_lu_0.png,rotate_5_crop_10,rotate_crop,"{'degrees': 5, 'ratio': 0.1}",True,0.993056,0.546875,42e599ab,True,False,36.0983,0.913593,13.5918,0.1.0,3bcc6070f94e514764d324e397d61505df92186c,3.12.10,macOS-26.6.2-arm64-arm-64bit,2.5.3,42,cpu,opencv_yunet,landmark,insightface,spectral,dct,0.16,2026-09-13T09:31:58.154024+00:00
watermark_robustness,edward_lu_0.png,rotate_5_crop_20,rotate_crop,"{'degrees': 5, 'ratio': 0.2}",True,1.0,0.421875,42e599ab,True,False,36.0983,0.913593,12.2527,0.1.0,3bcc6070f94e514764d324e397d61505df92186c,3.12.10,macOS-26.6.2-arm64-arm-64bit,2.5.3,42,cpu,opencv_yunet,landmark,insightface,spectral,dct,0.16,2026-09-13T09:31:58.154024+00:00
watermark_robustness,edward_lu_1.png,rotate_10,rotation,{'degrees': 10},True,0.95638,0.390625,fa7635e0,True,False,36.1747,0.941144,10.3087,0.1.0,3bcc6070f94e514764d324e397d61505df92186c,3.12.10,macOS-26.6.2-arm64-arm-64bit,2.5.3,42,cpu,opencv_yunet,landmark,insightface,spectral,dct,0.16,2026-09-13T09:31:58.154024+00:00
watermark_robustness,edward_lu_1.png,rotate_10_crop_10,rotate_crop,"{'degrees': 10, 'ratio': 0.1}",True,0.958333,0.453125,fa7635e0,True,False,36.1747,0.941144,9.9494,0.1.0,3bcc6070f94e514764d324e397d61505df92186c,3.12.10,macOS-26.6.2-arm64-arm-64bit,2.5.3,42,cpu,opencv_yunet,landmark,insightface,spectral,dct,0.16,2026-09-13T09:31:58.154024+00:00
watermark_robustness,edward_lu_1.png,rotate_15,rotation,{'degrees': 15},True,0.932292,0.5,fa7635e0,True,False,36.1747,0.941144,9.5483,0.1.0,3bcc6070f94e514764d324e397d61505df92186c,3.12.10,macOS-26.6.2-arm64-arm-64bit,2.5.3,42,cpu,opencv_yunet,landmark,insightface,spectral,dct,0.16,2026-09-13T09:31:58.154024+00:00
watermark_robustness,edward_lu_1.png,rotate_2,rotation,{'degrees': 2},True,1.0,0.390625,fa7635e0,True,False,36.1747,0.941144,16.7147,0.1.0,3bcc6070f94e514764d324e397d61505df92186c,3.12.10,macOS-26.6.2-arm64-arm-64bit,2.5.3,42,cpu,opencv_yunet,landmark,insightface,spectral,dct,0.16,2026-09-13T09:31:58.154024+00:00
watermark_robustness,edward_lu_1.png,rotate_20,rotation,{'degrees': 20},True,0.90625,0.484375,fa7635e0,True,False,36.1747,0.941144,9.0726,0.1.0,3bcc6070f94e514764d324e397d61505df92186c,3.12.10,macOS-26.6.2-arm64-arm-64bit,2.5.3,42,cpu,opencv_yunet,landmark,insightface,spectral,dct,0.16,2026-09-13T09:31:58.154024+00:00
watermark_robustness,edward_lu_1.png,rotate_25,rotation,{'degrees': 25},False,0.886719,0.46875,,False,False,36.1747,0.941144,8.676,0.1.0,3bcc6070f94e514764d324e397d61505df92186c,3.12.10,macOS-26.6.2-arm64-arm-64bit,2.5.3,42,cpu,opencv_yunet,landmark,insightface,spectral,dct,0.16,2026-09-13T09:31:58.154024+00:00
watermark_robustness,edward_lu_1.png,rotate_30,rotation,{'degrees': 30},True,0.876953,0.46875,fa7635e0,True,False,36.1747,0.941144,8.3602,0.1.0,3bcc6070f94e514764d324e397d61505df92186c,3.12.10,macOS-26.6.2-arm64-arm-64bit,2.5.3,42,cpu,opencv_yunet,landmark,insightface,spectral,dct,0.16,2026-09-13T09:31:58.154024+00:00
watermark_robustness,edward_lu_1.png,rotate_5,rotation,{'degrees': 5},True,0.985677,0.359375,fa7635e0,True,False,36.1747,0.941144,12.5721,0.1.0,3bcc6070f94e514764d324e397d61505df92186c,3.12.10,macOS-26.6.2-arm64-arm-64bit,2.5.3,42,cpu,opencv_yunet,landmark,insightface,spectral,dct,0.16,2026-09-13T09:31:58.154024+00:00
watermark_robustness,edward_lu_1.png,rotate_5_crop_10,rotate_crop,"{'degrees': 5, 'ratio': 0.1}",True,0.993056,0.4375,fa7635e0,True,False,36.1747,0.941144,10.0587,0.1.0,3bcc6070f94e514764d324e397d61505df92186c,3.12.10,macOS-26.6.2-arm64-arm-64bit,2.5.3,42,cpu,opencv_yunet,landmark,insightface,spectral,dct,0.16,2026-09-13T09:31:58.154024+00:00
watermark_robustness,edward_lu_1.png,rotate_5_crop_20,rotate_crop,"{'degrees': 5, 'ratio': 0.2}",True,1.0,0.640625,fa7635e0,True,False,36.1747,0.941144,9.5913,0.1.0,3bcc6070f94e514764d324e397d61505df92186c,3.12.10,macOS-26.6.2-arm64-arm-64bit,2.5.3,42,cpu,opencv_yunet,landmark,insightface,spectral,dct,0.16,2026-09-13T09:31:58.154024+00:00
watermark_robustness,edward_lu_2.png,rotate_10,rotation,{'degrees': 10},True,0.964193,0.46875,73f565f0,True,False,36.2235,0.904524,16.7376,0.1.0,3bcc6070f94e514764d324e397d61505df92186c,3.12.10,macOS-26.6.2-arm64-arm-64bit,2.5.3,42,cpu,opencv_yunet,landmark,insightface,spectral,dct,0.16,2026-09-13T09:31:58.154024+00:00
watermark_robustness,edward_lu_2.png,rotate_10_crop_10,rotate_crop,"{'degrees': 10, 'ratio': 0.1}",True,0.96875,0.6875,73f565f0,True,False,36.2235,0.904524,15.4259,0.1.0,3bcc6070f94e514764d324e397d61505df92186c,3.12.10,macOS-26.6.2-arm64-arm-64bit,2.5.3,42,cpu,opencv_yunet,landmark,insightface,spectral,dct,0.16,2026-09-13T09:31:58.154024+00:00
watermark_robustness,edward_lu_2.png,rotate_15,rotation,{'degrees': 15},True,0.925781,0.359375,73f565f0,True,False,36.2235,0.904524,15.3156,0.1.0,3bcc6070f94e514764d324e397d61505df92186c,3.12.10,macOS-26.6.2-arm64-arm-64bit,2.5.3,42,cpu,opencv_yunet,landmark,insightface,spectral,dct,0.16,2026-09-13T09:31:58.154024+00:00
watermark_robustness,edward_lu_2.png,rotate_2,rotation,{'degrees': 2},True,1.0,0.46875,73f565f0,True,False,36.2235,0.904524,23.2089,0.1.0,3bcc6070f94e514764d324e397d61505df92186c,3.12.10,macOS-26.6.2-arm64-arm-64bit,2.5.3,42,cpu,opencv_yunet,landmark,insightface,spectral,dct,0.16,2026-09-13T09:31:58.154024+00:00
watermark_robustness,edward_lu_2.png,rotate_20,rotation,{'degrees': 20},True,0.902344,0.5625,73f565f0,True,False,36.2235,0.904524,14.3706,0.1.0,3bcc6070f94e514764d324e397d61505df92186c,3.12.10,macOS-26.6.2-arm64-arm-64bit,2.5.3,42,cpu,opencv_yunet,landmark,insightface,spectral,dct,0.16,2026-09-13T09:31:58.154024+00:00
watermark_robustness,edward_lu_2.png,rotate_25,rotation,{'degrees': 25},False,0.901693,0.46875,,False,False,36.2235,0.904524,13.7565,0.1.0,3bcc6070f94e514764d324e397d61505df92186c,3.12.10,macOS-26.6.2-arm64-arm-64bit,2.5.3,42,cpu,opencv_yunet,landmark,insightface,spectral,dct,0.16,2026-09-13T09:31:58.154024+00:00
watermark_robustness,edward_lu_2.png,rotate_30,rotation,{'degrees': 30},False,0.877604,0.390625,,False,False,36.2235,0.904524,13.434,0.1.0,3bcc6070f94e514764d324e397d61505df92186c,3.12.10,macOS-26.6.2-arm64-arm-64bit,2.5.3,42,cpu,opencv_yunet,landmark,insightface,spectral,dct,0.16,2026-09-13T09:31:58.154024+00:00
watermark_robustness,edward_lu_2.png,rotate_5,rotation,{'degrees': 5},True,0.990234,0.4375,73f565f0,True,False,36.2235,0.904524,19.4028,0.1.0,3bcc6070f94e514764d324e397d61505df92186c,3.12.10,macOS-26.6.2-arm64-arm-64bit,2.5.3,42,cpu,opencv_yunet,landmark,insightface,spectral,dct,0.16,2026-09-13T09:31:58.154024+00:00
watermark_robustness,edward_lu_2.png,rotate_5_crop_10,rotate_crop,"{'degrees': 5, 'ratio': 0.1}",True,0.996528,0.484375,73f565f0,True,False,36.2235,0.904524,15.677,0.1.0,3bcc6070f94e514764d324e397d61505df92186c,3.12.10,macOS-26.6.2-arm64-arm-64bit,2.5.3,42,cpu,opencv_yunet,landmark,insightface,spectral,dct,0.16,2026-09-13T09:31:58.154024+00:00
watermark_robustness,edward_lu_2.png,rotate_5_crop_20,rotate_crop,"{'degrees': 5, 'ratio': 0.2}",True,0.996528,0.53125,73f565f0,True,False,36.2235,0.904524,13.1084,0.1.0,3bcc6070f94e514764d324e397d61505df92186c,3.12.10,macOS-26.6.2-arm64-arm-64bit,2.5.3,42,cpu,opencv_yunet,landmark,insightface,spectral,dct,0.16,2026-09-13T09:31:58.154024+00:00
watermark_robustness,edward_lu_3.png,rotate_10,rotation,{'degrees': 10},True,0.950521,0.453125,a669ece0,True,False,36.3613,0.915803,12.7402,0.1.0,3bcc6070f94e514764d324e397d61505df92186c,3.12.10,macOS-26.6.2-arm64-arm-64bit,2.5.3,42,cpu,opencv_yunet,landmark,insightface,spectral,dct,0.16,2026-09-13T09:31:58.154024+00:00
watermark_robustness,edward_lu_3.png,rotate_10_crop_10,rotate_crop,"{'degrees': 10, 'ratio': 0.1}",True,0.96875,0.609375,a669ece0,True,False,36.3613,0.915803,10.8581,0.1.0,3bcc6070f94e514764d324e397d61505df92186c,3.12.10,macOS-26.6.2-arm64-arm-64bit,2.5.3,42,cpu,opencv_yunet,landmark,insightface,spectral,dct,0.16,2026-09-13T09:31:58.154024+00:00
watermark_robustness,edward_lu_3.png,rotate_15,rotation,{'degrees': 15},True,0.923177,0.375,a669ece0,True,False,36.3613,0.915803,11.6189,0.1.0,3bcc6070f94e514764d324e397d61505df92186c,3.12.10,macOS-26.6.2-arm64-arm-64bit,2.5.3,42,cpu,opencv_yunet,landmark,insightface,spectral,dct,0.16,2026-09-13T09:31:58.154024+00:00
watermark_robustness,edward_lu_3.png,rotate_2,rotation,{'degrees': 2},True,0.998047,0.375,a669ece0,True,False,36.3613,0.915803,18.531,0.1.0,3bcc6070f94e514764d324e397d61505df92186c,3.12.10,macOS-26.6.2-arm64-arm-64bit,2.5.3,42,cpu,opencv_yunet,landmark,insightface,spectral,dct,0.16,2026-09-13T09:31:58.154024+00:00
watermark_robustness,edward_lu_3.png,rotate_20,rotation,{'degrees': 20},True,0.907552,0.515625,a669ece0,True,False,36.3613,0.915803,10.9335,0.1.0,3bcc6070f94e514764d324e397d61505df92186c,3.12.10,macOS-26.6.2-arm64-arm-64bit,2.5.3,42,cpu,opencv_yunet,landmark,insightface,spectral,dct,0.16,2026-09-13T09:31:58.154024+00:00
watermark_robustness,edward_lu_3.png,rotate_25,rotation,{'degrees': 25},True,0.895182,0.4375,a669ece0,True,False,36.3613,0.915803,10.4824,0.1.0,3bcc6070f94e514764d324e397d61505df92186c,3.12.10,macOS-26.6.2-arm64-arm-64bit,2.5.3,42,cpu,opencv_yunet,landmark,insightface,spectral,dct,0.16,2026-09-13T09:31:58.154024+00:00
watermark_robustness,edward_lu_3.png,rotate_30,rotation,{'degrees': 30},True,0.86849,0.4375,a669ece0,True,False,36.3613,0.915803,10.2114,0.1.0,3bcc6070f94e514764d324e397d61505df92186c,3.12.10,macOS-26.6.2-arm64-arm-64bit,2.5.3,42,cpu,opencv_yunet,landmark,insightface,spectral,dct,0.16,2026-09-13T09:31:58.154024+00:00
watermark_robustness,edward_lu_3.png,rotate_5,rotation,{'degrees': 5},True,0.984375,0.53125,a669ece0,True,False,36.3613,0.915803,14.9037,0.1.0,3bcc6070f94e514764d324e397d61505df92186c,3.12.10,macOS-26.6.2-arm64-arm-64bit,2.5.3,42,cpu,opencv_yunet,landmark,insightface,spectral,dct,0.16,2026-09-13T09:31:58.154024+00:00
watermark_robustness,edward_lu_3.png,rotate_5_crop_10,rotate_crop,"{'degrees': 5, 'ratio': 0.1}",True,0.993056,0.515625,a669ece0,True,False,36.3613,0.915803,10.9001,0.1.0,3bcc6070f94e514764d324e397d61505df92186c,3.12.10,macOS-26.6.2-arm64-arm-64bit,2.5.3,42,cpu,opencv_yunet,landmark,insightface,spectral,dct,0.16,2026-09-13T09:31:58.154024+00:00
watermark_robustness,edward_lu_3.png,rotate_5_crop_20,rotate_crop,"{'degrees': 5, 'ratio': 0.2}",True,0.996528,0.5,a669ece0,True,False,36.3613,0.915803,10.084,0.1.0,3bcc6070f94e514764d324e397d61505df92186c,3.12.10,macOS-26.6.2-arm64-arm-64bit,2.5.3,42,cpu,opencv_yunet,landmark,insightface,spectral,dct,0.16,2026-09-13T09:31:58.154024+00:00
watermark_robustness,edward_lu_4.png,rotate_10,rotation,{'degrees': 10},True,0.964193,0.421875,bd98aeca,True,False,36.1654,0.912958,14.7596,0.1.0,3bcc6070f94e514764d324e397d61505df92186c,3.12.10,macOS-26.6.2-arm64-arm-64bit,2.5.3,42,cpu,opencv_yunet,landmark,insightface,spectral,dct,0.16,2026-09-13T09:31:58.154024+00:00
watermark_robustness,edward_lu_4.png,rotate_10_crop_10,rotate_crop,"{'degrees': 10, 'ratio': 0.1}",True,0.975694,0.46875,bd98aeca,True,False,36.1654,0.912958,13.7885,0.1.0,3bcc6070f94e514764d324e397d61505df92186c,3.12.10,macOS-26.6.2-arm64-arm-64bit,2.5.3,42,cpu,opencv_yunet,landmark,insightface,spectral,dct,0.16,2026-09-13T09:31:58.154024+00:00
watermark_robustness,edward_lu_4.png,rotate_15,rotation,{'degrees': 15},True,0.944661,0.53125,bd98aeca,True,False,36.1654,0.912958,13.4916,0.1.0,3bcc6070f94e514764d324e397d61505df92186c,3.12.10,macOS-26.6.2-arm64-arm-64bit,2.5.3,42,cpu,opencv_yunet,landmark,insightface,spectral,dct,0.16,2026-09-13T09:31:58.154024+00:00
watermark_robustness,edward_lu_4.png,rotate_2,rotation,{'degrees': 2},True,1.0,0.421875,bd98aeca,True,False,36.1654,0.912958,22.0195,0.1.0,3bcc6070f94e514764d324e397d61505df92186c,3.12.10,macOS-26.6.2-arm64-arm-64bit,2.5.3,42,cpu,opencv_yunet,landmark,insightface,spectral,dct,0.16,2026-09-13T09:31:58.154024+00:00
watermark_robustness,edward_lu_4.png,rotate_20,rotation,{'degrees': 20},True,0.915365,0.4375,bd98aeca,True,False,36.1654,0.912958,12.794,0.1.0,3bcc6070f94e514764d324e397d61505df92186c,3.12.10,macOS-26.6.2-arm64-arm-64bit,2.5.3,42,cpu,opencv_yunet,landmark,insightface,spectral,dct,0.16,2026-09-13T09:31:58.154024+00:00
watermark_robustness,edward_lu_4.png,rotate_25,rotation,{'degrees': 25},False,0.912109,0.46875,,False,False,36.1654,0.912958,12.3522,0.1.0,3bcc6070f94e514764d324e397d61505df92186c,3.12.10,macOS-26.6.2-arm64-arm-64bit,2.5.3,42,cpu,opencv_yunet,landmark,insightface,spectral,dct,0.16,2026-09-13T09:31:58.154024+00:00
watermark_robustness,edward_lu_4.png,rotate_30,rotation,{'degrees': 30},True,0.880208,0.453125,bd98aeca,True,False,36.1654,0.912958,12.1027,0.1.0,3bcc6070f94e514764d324e397d61505df92186c,3.12.10,macOS-26.6.2-arm64-arm-64bit,2.5.3,42,cpu,opencv_yunet,landmark,insightface,spectral,dct,0.16,2026-09-13T09:31:58.154024+00:00
watermark_robustness,edward_lu_4.png,rotate_5,rotation,{'degrees': 5},True,0.990234,0.515625,bd98aeca,True,False,36.1654,0.912958,17.5765,0.1.0,3bcc6070f94e514764d324e397d61505df92186c,3.12.10,macOS-26.6.2-arm64-arm-64bit,2.5.3,42,cpu,opencv_yunet,landmark,insightface,spectral,dct,0.16,2026-09-13T09:31:58.154024+00:00
watermark_robustness,edward_lu_4.png,rotate_5_crop_10,rotate_crop,"{'degrees': 5, 'ratio': 0.1}",True,1.0,0.5625,bd98aeca,True,False,36.1654,0.912958,14.1779,0.1.0,3bcc6070f94e514764d324e397d61505df92186c,3.12.10,macOS-26.6.2-arm64-arm-64bit,2.5.3,42,cpu,opencv_yunet,landmark,insightface,spectral,dct,0.16,2026-09-13T09:31:58.154024+00:00
watermark_robustness,edward_lu_4.png,rotate_5_crop_20,rotate_crop,"{'degrees': 5, 'ratio': 0.2}",True,1.0,0.4375,bd98aeca,True,False,36.1654,0.912958,12.2008,0.1.0,3bcc6070f94e514764d324e397d61505df92186c,3.12.10,macOS-26.6.2-arm64-arm-64bit,2.5.3,42,cpu,opencv_yunet,landmark,insightface,spectral,dct,0.16,2026-09-13T09:31:58.154024+00:00
watermark_robustness,felipe_perez_roque_0.png,rotate_10,rotation,{'degrees': 10},True,0.958333,0.484375,00102762,True,False,35.9679,0.930847,12.0947,0.1.0,3bcc6070f94e514764d324e397d61505df92186c,3.12.10,macOS-26.6.2-arm64-arm-64bit,2.5.3,42,cpu,opencv_yunet,landmark,insightface,spectral,dct,0.16,2026-09-13T09:31:58.154024+00:00
watermark_robustness,felipe_perez_roque_0.png,rotate_10_crop_10,rotate_crop,"{'degrees': 10, 'ratio': 0.1}",True,0.975694,0.484375,00102762,True,False,35.9679,0.930847,10.7873,0.1.0,3bcc6070f94e514764d324e397d61505df92186c,3.12.10,macOS-26.6.2-arm64-arm-64bit,2.5.3,42,cpu,opencv_yunet,landmark,insightface,spectral,dct,0.16,2026-09-13T09:31:58.154024+00:00
watermark_robustness,felipe_perez_roque_0.png,rotate_15,rotation,{'degrees': 15},True,0.93099,0.453125,00102762,True,False,35.9679,0.930847,11.0907,0.1.0,3bcc6070f94e514764d324e397d61505df92186c,3.12.10,macOS-26.6.2-arm64-arm-64bit,2.5.3,42,cpu,opencv_yunet,landmark,insightface,spectral,dct,0.16,2026-09-13T09:31:58.154024+00:00
watermark_robustness,felipe_perez_roque_0.png,rotate_2,rotation,{'degrees': 2},True,1.0,0.484375,00102762,True,False,35.9679,0.930847,18.6157,0.1.0,3bcc6070f94e514764d324e397d61505df92186c,3.12.10,macOS-26.6.2-arm64-arm-64bit,2.5.3,42,cpu,opencv_yunet,landmark,insightface,spectral,dct,0.16,2026-09-13T09:31:58.154024+00:00
watermark_robustness,felipe_perez_roque_0.png,rotate_20,rotation,{'degrees': 20},True,0.913411,0.59375,00102762,True,False,35.9679,0.930847,10.5664,0.1.0,3bcc6070f94e514764d324e397d61505df92186c,3.12.10,macOS-26.6.2-arm64-arm-64bit,2.5.3,42,cpu,opencv_yunet,landmark,insightface,spectral,dct,0.16,2026-09-13T09:31:58.154024+00:00
watermark_robustness,felipe_perez_roque_0.png,rotate_25,rotation,{'degrees': 25},True,0.895182,0.53125,00102762,True,False,35.9679,0.930847,10.0986,0.1.0,3bcc6070f94e514764d324e397d61505df92186c,3.12.10,macOS-26.6.2-arm64-arm-64bit,2.5.3,42,cpu,opencv_yunet,landmark,insightface,spectral,dct,0.16,2026-09-13T09:31:58.154024+00:00
watermark_robustness,felipe_perez_roque_0.png,rotate_30,rotation,{'degrees': 30},True,0.886068,0.59375,00102762,True,False,35.9679,0.930847,9.7228,0.1.0,3bcc6070f94e514764d324e397d61505df92186c,3.12.10,macOS-26.6.2-arm64-arm-64bit,2.5.3,42,cpu,opencv_yunet,landmark,insightface,spectral,dct,0.16,2026-09-13T09:31:58.154024+00:00
watermark_robustness,felipe_perez_roque_0.png,rotate_5,rotation,{'degrees': 5},True,0.98763,0.453125,00102762,True,False,35.9679,0.930847,14.5571,0.1.0,3bcc6070f94e514764d324e397d61505df92186c,3.12.10,macOS-26.6.2-arm64-arm-64bit,2.5.3,42,cpu,opencv_yunet,landmark,insightface,spectral,dct,0.16,2026-09-13T09:31:58.154024+00:00
watermark_robustness,felipe_perez_roque_0.png,rotate_5_crop_10,rotate_crop,"{'degrees': 5, 'ratio': 0.1}",True,0.993056,0.515625,00102762,True,False,35.9679,0.930847,11.2068,0.1.0,3bcc6070f94e514764d324e397d61505df92186c,3.12.10,macOS-26.6.2-arm64-arm-64bit,2.5.3,42,cpu,opencv_yunet,landmark,insightface,spectral,dct,0.16,2026-09-13T09:31:58.154024+00:00
watermark_robustness,felipe_perez_roque_0.png,rotate_5_crop_20,rotate_crop,"{'degrees': 5, 'ratio': 0.2}",True,1.0,0.484375,00102762,True,False,35.9679,0.930847,10.1284,0.1.0,3bcc6070f94e514764d324e397d61505df92186c,3.12.10,macOS-26.6.2-arm64-arm-64bit,2.5.3,42,cpu,opencv_yunet,landmark,insightface,spectral,dct,0.16,2026-09-13T09:31:58.154024+00:00
watermark_robustness,felipe_perez_roque_1.png,rotate_10,rotation,{'degrees': 10},True,0.949653,0.390625,c726312e,True,False,35.9977,0.920377,10.2698,0.1.0,3bcc6070f94e514764d324e397d61505df92186c,3.12.10,macOS-26.6.2-arm64-arm-64bit,2.5.3,42,cpu,opencv_yunet,landmark,insightface,spectral,dct,0.16,2026-09-13T09:31:58.154024+00:00
watermark_robustness,felipe_perez_roque_1.png,rotate_10_crop_10,rotate_crop,"{'degrees': 10, 'ratio': 0.1}",True,0.965278,0.4375,c726312e,True,False,35.9977,0.920377,8.4824,0.1.0,3bcc6070f94e514764d324e397d61505df92186c,3.12.10,macOS-26.6.2-arm64-arm-64bit,2.5.3,42,cpu,opencv_yunet,landmark,insightface,spectral,dct,0.16,2026-09-13T09:31:58.154024+00:00
watermark_robustness,felipe_perez_roque_1.png,rotate_15,rotation,{'degrees': 15},True,0.918403,0.546875,c726312e,True,False,35.9977,0.920377,9.1089,0.1.0,3bcc6070f94e514764d324e397d61505df92186c,3.12.10,macOS-26.6.2-arm64-arm-64bit,2.5.3,42,cpu,opencv_yunet,landmark,insightface,spectral,dct,0.16,2026-09-13T09:31:58.154024+00:00
watermark_robustness,felipe_perez_roque_1.png,rotate_2,rotation,{'degrees': 2},True,0.998047,0.390625,c726312e,True,False,35.9977,0.920377,16.6938,0.1.0,3bcc6070f94e514764d324e397d61505df92186c,3.12.10,macOS-26.6.2-arm64-arm-64bit,2.5.3,42,cpu,opencv_yunet,landmark,insightface,spectral,dct,0.16,2026-09-13T09:31:58.154024+00:00
watermark_robustness,felipe_perez_roque_1.png,rotate_20,rotation,{'degrees': 20},True,0.906684,0.453125,c726312e,True,False,35.9977,0.920377,8.4967,0.1.0,3bcc6070f94e514764d324e397d61505df92186c,3.12.10,macOS-26.6.2-arm64-arm-64bit,2.5.3,42,cpu,opencv_yunet,landmark,insightface,spectral,dct,0.16,2026-09-13T09:31:58.154024+00:00
watermark_robustness,felipe_perez_roque_1.png,rotate_25,rotation,{'degrees': 25},True,0.868924,0.546875,c726312e,True,False,35.9977,0.920377,8.1903,0.1.0,3bcc6070f94e514764d324e397d61505df92186c,3.12.10,macOS-26.6.2-arm64-arm-64bit,2.5.3,42,cpu,opencv_yunet,landmark,insightface,spectral,dct,0.16,2026-09-13T09:31:58.154024+00:00
watermark_robustness,felipe_perez_roque_1.png,rotate_30,rotation,{'degrees': 30},True,0.868924,0.546875,c726312e,True,False,35.9977,0.920377,7.9269,0.1.0,3bcc6070f94e514764d324e397d61505df92186c,3.12.10,macOS-26.6.2-arm64-arm-64bit,2.5.3,42,cpu,opencv_yunet,landmark,insightface,spectral,dct,0.16,2026-09-13T09:31:58.154024+00:00
watermark_robustness,felipe_perez_roque_1.png,rotate_5,rotation,{'degrees': 5},True,0.984375,0.40625,c726312e,True,False,35.9977,0.920377,12.7677,0.1.0,3bcc6070f94e514764d324e397d61505df92186c,3.12.10,macOS-26.6.2-arm64-arm-64bit,2.5.3,42,cpu,opencv_yunet,landmark,insightface,spectral,dct,0.16,2026-09-13T09:31:58.154024+00:00
watermark_robustness,felipe_perez_roque_1.png,rotate_5_crop_10,rotate_crop,"{'degrees': 5, 'ratio': 0.1}",True,0.989583,0.40625,c726312e,True,False,35.9977,0.920377,8.9528,0.1.0,3bcc6070f94e514764d324e397d61505df92186c,3.12.10,macOS-26.6.2-arm64-arm-64bit,2.5.3,42,cpu,opencv_yunet,landmark,insightface,spectral,dct,0.16,2026-09-13T09:31:58.154024+00:00
watermark_robustness,felipe_perez_roque_1.png,rotate_5_crop_20,rotate_crop,"{'degrees': 5, 'ratio': 0.2}",True,0.996528,0.46875,c726312e,True,False,35.9977,0.920377,8.103,0.1.0,3bcc6070f94e514764d324e397d61505df92186c,3.12.10,macOS-26.6.2-arm64-arm-64bit,2.5.3,42,cpu,opencv_yunet,landmark,insightface,spectral,dct,0.16,2026-09-13T09:31:58.154024+00:00
watermark_robustness,felipe_perez_roque_2.png,rotate_10,rotation,{'degrees': 10},True,0.951606,0.484375,544b38ef,True,False,35.8433,0.943842,13.1302,0.1.0,3bcc6070f94e514764d324e397d61505df92186c,3.12.10,macOS-26.6.2-arm64-arm-64bit,2.5.3,42,cpu,opencv_yunet,landmark,insightface,spectral,dct,0.16,2026-09-13T09:31:58.154024+00:00
watermark_robustness,felipe_perez_roque_2.png,rotate_10_crop_10,rotate_crop,"{'degrees': 10, 'ratio': 0.1}",False,0.96875,0.59375,,False,False,35.8433,0.943842,12.7707,0.1.0,3bcc6070f94e514764d324e397d61505df92186c,3.12.10,macOS-26.6.2-arm64-arm-64bit,2.5.3,42,cpu,opencv_yunet,landmark,insightface,spectral,dct,0.16,2026-09-13T09:31:58.154024+00:00
watermark_robustness,felipe_perez_roque_2.png,rotate_15,rotation,{'degrees': 15},True,0.92296,0.53125,544b38ef,True,False,35.8433,0.943842,12.0481,0.1.0,3bcc6070f94e514764d324e397d61505df92186c,3.12.10,macOS-26.6.2-arm64-arm-64bit,2.5.3,42,cpu,opencv_yunet,landmark,insightface,spectral,dct,0.16,2026-09-13T09:31:58.154024+00:00
watermark_robustness,felipe_perez_roque_2.png,rotate_2,rotation,{'degrees': 2},True,1.0,0.359375,544b38ef,True,False,35.8433,0.943842,19.6403,0.1.0,3bcc6070f94e514764d324e397d61505df92186c,3.12.10,macOS-26.6.2-arm64-arm-64bit,2.5.3,42,cpu,opencv_yunet,landmark,insightface,spectral,dct,0.16,2026-09-13T09:31:58.154024+00:00
watermark_robustness,felipe_perez_roque_2.png,rotate_20,rotation,{'degrees': 20},False,0.923828,0.4375,,False,False,35.8433,0.943842,11.4772,0.1.0,3bcc6070f94e514764d324e397d61505df92186c,3.12.10,macOS-26.6.2-arm64-arm-64bit,2.5.3,42,cpu,opencv_yunet,landmark,insightface,spectral,dct,0.16,2026-09-13T09:31:58.154024+00:00
watermark_robustness,felipe_perez_roque_2.png,rotate_25,rotation,{'degrees': 25},False,0.902344,0.5,,False,False,35.8433,0.943842,11.1256,0.1.0,3bcc6070f94e514764d324e397d61505df92186c,3.12.10,macOS-26.6.2-arm64-arm-64bit,2.5.3,42,cpu,opencv_yunet,landmark,insightface,spectral,dct,0.16,2026-09-13T09:31:58.154024+00:00
watermark_robustness,felipe_perez_roque_2.png,rotate_30,rotation,{'degrees': 30},False,0.895833,0.4375,,False,False,35.8433,0.943842,10.8209,0.1.0,3bcc6070f94e514764d324e397d61505df92186c,3.12.10,macOS-26.6.2-arm64-arm-64bit,2.5.3,42,cpu,opencv_yunet,landmark,insightface,spectral,dct,0.16,2026-09-13T09:31:58.154024+00:00
watermark_robustness,felipe_perez_roque_2.png,rotate_5,rotation,{'degrees': 5},True,0.988281,0.578125,544b38ef,True,False,35.8433,0.943842,15.4159,0.1.0,3bcc6070f94e514764d324e397d61505df92186c,3.12.10,macOS-26.6.2-arm64-arm-64bit,2.5.3,42,cpu,opencv_yunet,landmark,insightface,spectral,dct,0.16,2026-09-13T09:31:58.154024+00:00
watermark_robustness,felipe_perez_roque_2.png,rotate_5_crop_10,rotate_crop,"{'degrees': 5, 'ratio': 0.1}",True,0.989583,0.515625,544b38ef,True,False,35.8433,0.943842,12.9902,0.1.0,3bcc6070f94e514764d324e397d61505df92186c,3.12.10,macOS-26.6.2-arm64-arm-64bit,2.5.3,42,cpu,opencv_yunet,landmark,insightface,spectral,dct,0.16,2026-09-13T09:31:58.154024+00:00
watermark_robustness,felipe_perez_roque_2.png,rotate_5_crop_20,rotate_crop,"{'degrees': 5, 'ratio': 0.2}",True,0.994792,0.390625,544b38ef,True,False,35.8433,0.943842,11.8711,0.1.0,3bcc6070f94e514764d324e397d61505df92186c,3.12.10,macOS-26.6.2-arm64-arm-64bit,2.5.3,42,cpu,opencv_yunet,landmark,insightface,spectral,dct,0.16,2026-09-13T09:31:58.154024+00:00
watermark_robustness,felipe_perez_roque_3.png,rotate_10,rotation,{'degrees': 10},True,0.952474,0.515625,ed9ecdea,True,False,36.236,0.921273,12.4466,0.1.0,3bcc6070f94e514764d324e397d61505df92186c,3.12.10,macOS-26.6.2-arm64-arm-64bit,2.5.3,42,cpu,opencv_yunet,landmark,insightface,spectral,dct,0.16,2026-09-13T09:31:58.154024+00:00
watermark_robustness,felipe_perez_roque_3.png,rotate_10_crop_10,rotate_crop,"{'degrees': 10, 'ratio': 0.1}",True,0.965278,0.4375,ed9ecdea,True,False,36.236,0.921273,11.8072,0.1.0,3bcc6070f94e514764d324e397d61505df92186c,3.12.10,macOS-26.6.2-arm64-arm-64bit,2.5.3,42,cpu,opencv_yunet,landmark,insightface,spectral,dct,0.16,2026-09-13T09:31:58.154024+00:00
watermark_robustness,felipe_perez_roque_3.png,rotate_15,rotation,{'degrees': 15},True,0.930339,0.453125,ed9ecdea,True,False,36.236,0.921273,11.2468,0.1.0,3bcc6070f94e514764d324e397d61505df92186c,3.12.10,macOS-26.6.2-arm64-arm-64bit,2.5.3,42,cpu,opencv_yunet,landmark,insightface,spectral,dct,0.16,2026-09-13T09:31:58.154024+00:00
watermark_robustness,felipe_perez_roque_3.png,rotate_2,rotation,{'degrees': 2},True,1.0,0.34375,ed9ecdea,True,False,36.236,0.921273,18.6185,0.1.0,3bcc6070f94e514764d324e397d61505df92186c,3.12.10,macOS-26.6.2-arm64-arm-64bit,2.5.3,42,cpu,opencv_yunet,landmark,insightface,spectral,dct,0.16,2026-09-13T09:31:58.154024+00:00
watermark_robustness,felipe_perez_roque_3.png,rotate_20,rotation,{'degrees': 20},False,0.932292,0.390625,,False,False,36.236,0.921273,10.4213,0.1.0,3bcc6070f94e514764d324e397d61505df92186c,3.12.10,macOS-26.6.2-arm64-arm-64bit,2.5.3,42,cpu,opencv_yunet,landmark,insightface,spectral,dct,0.16,2026-09-13T09:31:58.154024+00:00
watermark_robustness,felipe_perez_roque_3.png,rotate_25,rotation,{'degrees': 25},False,0.909505,0.453125,,False,False,36.236,0.921273,9.8417,0.1.0,3bcc6070f94e514764d324e397d61505df92186c,3.12.10,macOS-26.6.2-arm64-arm-64bit,2.5.3,42,cpu,opencv_yunet,landmark,insightface,spectral,dct,0.16,2026-09-13T09:31:58.154024+00:00
watermark_robustness,felipe_perez_roque_3.png,rotate_30,rotation,{'degrees': 30},False,0.897786,0.328125,,False,False,36.236,0.921273,9.4538,0.1.0,3bcc6070f94e514764d324e397d61505df92186c,3.12.10,macOS-26.6.2-arm64-arm-64bit,2.5.3,42,cpu,opencv_yunet,landmark,insightface,spectral,dct,0.16,2026-09-13T09:31:58.154024+00:00
watermark_robustness,felipe_perez_roque_3.png,rotate_5,rotation,{'degrees': 5},True,0.986328,0.34375,ed9ecdea,True,False,36.236,0.921273,14.7767,0.1.0,3bcc6070f94e514764d324e397d61505df92186c,3.12.10,macOS-26.6.2-arm64-arm-64bit,2.5.3,42,cpu,opencv_yunet,landmark,insightface,spectral,dct,0.16,2026-09-13T09:31:58.154024+00:00
watermark_robustness,felipe_perez_roque_3.png,rotate_5_crop_10,rotate_crop,"{'degrees': 5, 'ratio': 0.1}",True,0.993056,0.5,ed9ecdea,True,False,36.236,0.921273,12.5942,0.1.0,3bcc6070f94e514764d324e397d61505df92186c,3.12.10,macOS-26.6.2-arm64-arm-64bit,2.5.3,42,cpu,opencv_yunet,landmark,insightface,spectral,dct,0.16,2026-09-13T09:31:58.154024+00:00
watermark_robustness,felipe_perez_roque_3.png,rotate_5_crop_20,rotate_crop,"{'degrees': 5, 'ratio': 0.2}",True,0.994792,0.46875,ed9ecdea,True,False,36.236,0.921273,10.2452,0.1.0,3bcc6070f94e514764d324e397d61505df92186c,3.12.10,macOS-26.6.2-arm64-arm-64bit,2.5.3,42,cpu,opencv_yunet,landmark,insightface,spectral,dct,0.16,2026-09-13T09:31:58.154024+00:00
watermark_robustness,hugo_chavez_0.png,rotate_10,rotation,{'degrees': 10},True,0.952474,0.40625,5ffa75fa,True,False,36.4281,0.894457,9.4975,0.1.0,3bcc6070f94e514764d324e397d61505df92186c,3.12.10,macOS-26.6.2-arm64-arm-64bit,2.5.3,42,cpu,opencv_yunet,landmark,insightface,spectral,dct,0.16,2026-09-13T09:31:58.154024+00:00
watermark_robustness,hugo_chavez_0.png,rotate_10_crop_10,rotate_crop,"{'degrees': 10, 'ratio': 0.1}",True,0.947917,0.484375,5ffa75fa,True,False,36.4281,0.894457,6.3711,0.1.0,3bcc6070f94e514764d324e397d61505df92186c,3.12.10,macOS-26.6.2-arm64-arm-64bit,2.5.3,42,cpu,opencv_yunet,landmark,insightface,spectral,dct,0.16,2026-09-13T09:31:58.154024+00:00
watermark_robustness,hugo_chavez_0.png,rotate_15,rotation,{'degrees': 15},True,0.912326,0.5,5ffa75fa,True,False,36.4281,0.894457,8.1257,0.1.0,3bcc6070f94e514764d324e397d61505df92186c,3.12.10,macOS-26.6.2-arm64-arm-64bit,2.5.3,42,cpu,opencv_yunet,landmark,insightface,spectral,dct,0.16,2026-09-13T09:31:58.154024+00:00
watermark_robustness,hugo_chavez_0.png,rotate_2,rotation,{'degrees': 2},True,1.0,0.453125,5ffa75fa,True,False,36.4281,0.894457,17.0297,0.1.0,3bcc6070f94e514764d324e397d61505df92186c,3.12.10,macOS-26.6.2-arm64-arm-64bit,2.5.3,42,cpu,opencv_yunet,landmark,insightface,spectral,dct,0.16,2026-09-13T09:31:58.154024+00:00
watermark_robustness,hugo_chavez_0.png,rotate_20,rotation,{'degrees': 20},True,0.893229,0.515625,5ffa75fa,True,False,36.4281,0.894457,7.3626,0.1.0,3bcc6070f94e514764d324e397d61505df92186c,3.12.10,macOS-26.6.2-arm64-arm-64bit,2.5.3,42,cpu,opencv_yunet,landmark,insightface,spectral,dct,0.16,2026-09-13T09:31:58.154024+00:00
watermark_robustness,hugo_chavez_0.png,rotate_25,rotation,{'degrees': 25},True,0.872396,0.40625,5ffa75fa,True,False,36.4281,0.894457,6.8584,0.1.0,3bcc6070f94e514764d324e397d61505df92186c,3.12.10,macOS-26.6.2-arm64-arm-64bit,2.5.3,42,cpu,opencv_yunet,landmark,insightface,spectral,dct,0.16,2026-09-13T09:31:58.154024+00:00
watermark_robustness,hugo_chavez_0.png,rotate_30,rotation,{'degrees': 30},True,0.856554,0.5625,5ffa75fa,True,False,36.4281,0.894457,6.5076,0.1.0,3bcc6070f94e514764d324e397d61505df92186c,3.12.10,macOS-26.6.2-arm64-arm-64bit,2.5.3,42,cpu,opencv_yunet,landmark,insightface,spectral,dct,0.16,2026-09-13T09:31:58.154024+00:00
watermark_robustness,hugo_chavez_0.png,rotate_5,rotation,{'degrees': 5},True,0.984375,0.484375,5ffa75fa,True,False,36.4281,0.894457,12.427,0.1.0,3bcc6070f94e514764d324e397d61505df92186c,3.12.10,macOS-26.6.2-arm64-arm-64bit,2.5.3,42,cpu,opencv_yunet,landmark,insightface,spectral,dct,0.16,2026-09-13T09:31:58.154024+00:00
watermark_robustness,hugo_chavez_0.png,rotate_5_crop_10,rotate_crop,"{'degrees': 5, 'ratio': 0.1}",True,0.989583,0.390625,5ffa75fa,True,False,36.4281,0.894457,6.4536,0.1.0,3bcc6070f94e514764d324e397d61505df92186c,3.12.10,macOS-26.6.2-arm64-arm-64bit,2.5.3,42,cpu,opencv_yunet,landmark,insightface,spectral,dct,0.16,2026-09-13T09:31:58.154024+00:00
watermark_robustness,hugo_chavez_0.png,rotate_5_crop_20,rotate_crop,"{'degrees': 5, 'ratio': 0.2}",True,0.994792,0.453125,5ffa75fa,True,False,36.4281,0.894457,6.4354,0.1.0,3bcc6070f94e514764d324e397d61505df92186c,3.12.10,macOS-26.6.2-arm64-arm-64bit,2.5.3,42,cpu,opencv_yunet,landmark,insightface,spectral,dct,0.16,2026-09-13T09:31:58.154024+00:00
watermark_robustness,hugo_chavez_1.png,rotate_10,rotation,{'degrees': 10},True,0.971354,0.5,cae85dd4,True,False,36.515,0.909249,11.9859,0.1.0,3bcc6070f94e514764d324e397d61505df92186c,3.12.10,macOS-26.6.2-arm64-arm-64bit,2.5.3,42,cpu,opencv_yunet,landmark,insightface,spectral,dct,0.16,2026-09-13T09:31:58.154024+00:00
watermark_robustness,hugo_chavez_1.png,rotate_10_crop_10,rotate_crop,"{'degrees': 10, 'ratio': 0.1}",True,0.975694,0.515625,cae85dd4,True,False,36.515,0.909249,10.0049,0.1.0,3bcc6070f94e514764d324e397d61505df92186c,3.12.10,macOS-26.6.2-arm64-arm-64bit,2.5.3,42,cpu,opencv_yunet,landmark,insightface,spectral,dct,0.16,2026-09-13T09:31:58.154024+00:00
watermark_robustness,hugo_chavez_1.png,rotate_15,rotation,{'degrees': 15},True,0.927734,0.625,cae85dd4,True,False,36.515,0.909249,10.7134,0.1.0,3bcc6070f94e514764d324e397d61505df92186c,3.12.10,macOS-26.6.2-arm64-arm-64bit,2.5.3,42,cpu,opencv_yunet,landmark,insightface,spectral,dct,0.16,2026-09-13T09:31:58.154024+00:00
watermark_robustness,hugo_chavez_1.png,rotate_2,rotation,{'degrees': 2},True,1.0,0.3125,cae85dd4,True,False,36.515,0.909249,17.8123,0.1.0,3bcc6070f94e514764d324e397d61505df92186c,3.12.10,macOS-26.6.2-arm64-arm-64bit,2.5.3,42,cpu,opencv_yunet,landmark,insightface,spectral,dct,0.16,2026-09-13T09:31:58.154024+00:00
watermark_robustness,hugo_chavez_1.png,rotate_20,rotation,{'degrees': 20},True,0.905599,0.5,cae85dd4,True,False,36.515,0.909249,9.9901,0.1.0,3bcc6070f94e514764d324e397d61505df92186c,3.12.10,macOS-26.6.2-arm64-arm-64bit,2.5.3,42,cpu,opencv_yunet,landmark,insightface,spectral,dct,0.16,2026-09-13T09:31:58.154024+00:00
watermark_robustness,hugo_chavez_1.png,rotate_25,rotation,{'degrees': 25},True,0.895182,0.625,cae85dd4,True,False,36.515,0.909249,9.7338,0.1.0,3bcc6070f94e514764d324e397d61505df92186c,3.12.10,macOS-26.6.2-arm64-arm-64bit,2.5.3,42,cpu,opencv_yunet,landmark,insightface,spectral,dct,0.16,2026-09-13T09:31:58.154024+00:00
watermark_robustness,hugo_chavez_1.png,rotate_30,rotation,{'degrees': 30},True,0.885417,0.453125,cae85dd4,True,False,36.515,0.909249,9.606,0.1.0,3bcc6070f94e514764d324e397d61505df92186c,3.12.10,macOS-26.6.2-arm64-arm-64bit,2.5.3,42,cpu,opencv_yunet,landmark,insightface,spectral,dct,0.16,2026-09-13T09:31:58.154024+00:00
watermark_robustness,hugo_chavez_1.png,rotate_5,rotation,{'degrees': 5},True,0.99349,0.484375,cae85dd4,True,False,36.515,0.909249,14.4469,0.1.0,3bcc6070f94e514764d324e397d61505df92186c,3.12.10,macOS-26.6.2-arm64-arm-64bit,2.5.3,42,cpu,opencv_yunet,landmark,insightface,spectral,dct,0.16,2026-09-13T09:31:58.154024+00:00
watermark_robustness,hugo_chavez_1.png,rotate_5_crop_10,rotate_crop,"{'degrees': 5, 'ratio': 0.1}",True,1.0,0.40625,cae85dd4,True,False,36.515,0.909249,10.5159,0.1.0,3bcc6070f94e514764d324e397d61505df92186c,3.12.10,macOS-26.6.2-arm64-arm-64bit,2.5.3,42,cpu,opencv_yunet,landmark,insightface,spectral,dct,0.16,2026-09-13T09:31:58.154024+00:00
watermark_robustness,hugo_chavez_1.png,rotate_5_crop_20,rotate_crop,"{'degrees': 5, 'ratio': 0.2}",True,1.0,0.578125,cae85dd4,True,False,36.515,0.909249,9.9198,0.1.0,3bcc6070f94e514764d324e397d61505df92186c,3.12.10,macOS-26.6.2-arm64-arm-64bit,2.5.3,42,cpu,opencv_yunet,landmark,insightface,spectral,dct,0.16,2026-09-13T09:31:58.154024+00:00
watermark_robustness,hugo_chavez_2.png,rotate_10,rotation,{'degrees': 10},True,0.949219,0.421875,f861cee6,True,False,35.9548,0.920901,10.2464,0.1.0,3bcc6070f94e514764d324e397d61505df92186c,3.12.10,macOS-26.6.2-arm64-arm-64bit,2.5.3,42,cpu,opencv_yunet,landmark,insightface,spectral,dct,0.16,2026-09-13T09:31:58.154024+00:00
watermark_robustness,hugo_chavez_2.png,rotate_10_crop_10,rotate_crop,"{'degrees': 10, 'ratio': 0.1}",True,0.958333,0.46875,f861cee6,True,False,35.9548,0.920901,9.7774,0.1.0,3bcc6070f94e514764d324e397d61505df92186c,3.12.10,macOS-26.6.2-arm64-arm-64bit,2.5.3,42,cpu,opencv_yunet,landmark,insightface,spectral,dct,0.16,2026-09-13T09:31:58.154024+00:00
watermark_robustness,hugo_chavez_2.png,rotate_15,rotation,{'degrees': 15},True,0.919271,0.390625,f861cee6,True,False,35.9548,0.920901,9.2554,0.1.0,3bcc6070f94e514764d324e397d61505df92186c,3.12.10,macOS-26.6.2-arm64-arm-64bit,2.5.3,42,cpu,opencv_yunet,landmark,insightface,spectral,dct,0.16,2026-09-13T09:31:58.154024+00:00
watermark_robustness,hugo_chavez_2.png,rotate_2,rotation,{'degrees': 2},True,0.994141,0.34375,f861cee6,True,False,35.9548,0.920901,17.1076,0.1.0,3bcc6070f94e514764d324e397d61505df92186c,3.12.10,macOS-26.6.2-arm64-arm-64bit,2.5.3,42,cpu,opencv_yunet,landmark,insightface,spectral,dct,0.16,2026-09-13T09:31:58.154024+00:00
watermark_robustness,hugo_chavez_2.png,rotate_20,rotation,{'degrees': 20},False,0.90625,0.453125,,False,False,35.9548,0.920901,8.6249,0.1.0,3bcc6070f94e514764d324e397d61505df92186c,3.12.10,macOS-26.6.2-arm64-arm-64bit,2.5.3,42,cpu,opencv_yunet,landmark,insightface,spectral,dct,0.16,2026-09-13T09:31:58.154024+00:00
watermark_robustness,hugo_chavez_2.png,rotate_25,rotation,{'degrees': 25},True,0.88737,0.34375,f861cee6,True,False,35.9548,0.920901,8.1567,0.1.0,3bcc6070f94e514764d324e397d61505df92186c,3.12.10,macOS-26.6.2-arm64-arm-64bit,2.5.3,42,cpu,opencv_yunet,landmark,insightface,spectral,dct,0.16,2026-09-13T09:31:58.154024+00:00
watermark_robustness,hugo_chavez_2.png,rotate_30,rotation,{'degrees': 30},False,0.875,0.421875,,False,False,35.9548,0.920901,7.8453,0.1.0,3bcc6070f94e514764d324e397d61505df92186c,3.12.10,macOS-26.6.2-arm64-arm-64bit,2.5.3,42,cpu,opencv_yunet,landmark,insightface,spectral,dct,0.16,2026-09-13T09:31:58.154024+00:00
watermark_robustness,hugo_chavez_2.png,rotate_5,rotation,{'degrees': 5},True,0.977214,0.46875,f861cee6,True,False,35.9548,0.920901,12.6737,0.1.0,3bcc6070f94e514764d324e397d61505df92186c,3.12.10,macOS-26.6.2-arm64-arm-64bit,2.5.3,42,cpu,opencv_yunet,landmark,insightface,spectral,dct,0.16,2026-09-13T09:31:58.154024+00:00
watermark_robustness,hugo_chavez_2.png,rotate_5_crop_10,rotate_crop,"{'degrees': 5, 'ratio': 0.1}",True,0.989583,0.578125,f861cee6,True,False,35.9548,0.920901,9.8363,0.1.0,3bcc6070f94e514764d324e397d61505df92186c,3.12.10,macOS-26.6.2-arm64-arm-64bit,2.5.3,42,cpu,opencv_yunet,landmark,insightface,spectral,dct,0.16,2026-09-13T09:31:58.154024+00:00
watermark_robustness,hugo_chavez_2.png,rotate_5_crop_20,rotate_crop,"{'degrees': 5, 'ratio': 0.2}",True,1.0,0.5625,f861cee6,True,False,35.9548,0.920901,8.5622,0.1.0,3bcc6070f94e514764d324e397d61505df92186c,3.12.10,macOS-26.6.2-arm64-arm-64bit,2.5.3,42,cpu,opencv_yunet,landmark,insightface,spectral,dct,0.16,2026-09-13T09:31:58.154024+00:00
watermark_robustness,hugo_chavez_3.png,rotate_10,rotation,{'degrees': 10},True,0.948568,0.546875,56f01b46,True,False,36.6334,0.923744,15.0274,0.1.0,3bcc6070f94e514764d324e397d61505df92186c,3.12.10,macOS-26.6.2-arm64-arm-64bit,2.5.3,42,cpu,opencv_yunet,landmark,insightface,spectral,dct,0.16,2026-09-13T09:31:58.154024+00:00
watermark_robustness,hugo_chavez_3.png,rotate_10_crop_10,rotate_crop,"{'degrees': 10, 'ratio': 0.1}",True,0.965278,0.53125,56f01b46,True,False,36.6334,0.923744,11.374,0.1.0,3bcc6070f94e514764d324e397d61505df92186c,3.12.10,macOS-26.6.2-arm64-arm-64bit,2.5.3,42,cpu,opencv_yunet,landmark,insightface,spectral,dct,0.16,2026-09-13T09:31:58.154024+00:00
watermark_robustness,hugo_chavez_3.png,rotate_15,rotation,{'degrees': 15},False,0.928385,0.40625,,False,False,36.6334,0.923744,13.6414,0.1.0,3bcc6070f94e514764d324e397d61505df92186c,3.12.10,macOS-26.6.2-arm64-arm-64bit,2.5.3,42,cpu,opencv_yunet,landmark,insightface,spectral,dct,0.16,2026-09-13T09:31:58.154024+00:00
watermark_robustness,hugo_chavez_3.png,rotate_2,rotation,{'degrees': 2},True,0.991536,0.546875,56f01b46,True,False,36.6334,0.923744,22.2778,0.1.0,3bcc6070f94e514764d324e397d61505df92186c,3.12.10,macOS-26.6.2-arm64-arm-64bit,2.5.3,42,cpu,opencv_yunet,landmark,insightface,spectral,dct,0.16,2026-09-13T09:31:58.154024+00:00
watermark_robustness,hugo_chavez_3.png,rotate_20,rotation,{'degrees': 20},False,0.917969,0.515625,,False,False,36.6334,0.923744,12.6582,0.1.0,3bcc6070f94e514764d324e397d61505df92186c,3.12.10,macOS-26.6.2-arm64-arm-64bit,2.5.3,42,cpu,opencv_yunet,landmark,insightface,spectral,dct,0.16,2026-09-13T09:31:58.154024+00:00
watermark_robustness,hugo_chavez_3.png,rotate_25,rotation,{'degrees': 25},True,0.86046,0.453125,56f01b46,True,False,36.6334,0.923744,11.9906,0.1.0,3bcc6070f94e514764d324e397d61505df92186c,3.12.10,macOS-26.6.2-arm64-arm-64bit,2.5.3,42,cpu,opencv_yunet,landmark,insightface,spectral,dct,0.16,2026-09-13T09:31:58.154024+00:00
watermark_robustness,hugo_chavez_3.png,rotate_30,rotation,{'degrees': 30},True,0.864583,0.5,56f01b46,True,False,36.6334,0.923744,11.5325,0.1.0,3bcc6070f94e514764d324e397d61505df92186c,3.12.10,macOS-26.6.2-arm64-arm-64bit,2.5.3,42,cpu,opencv_yunet,landmark,insightface,spectral,dct,0.16,2026-09-13T09:31:58.154024+00:00
watermark_robustness,hugo_chavez_3.png,rotate_5,rotation,{'degrees': 5},True,0.981771,0.546875,56f01b46,True,False,36.6334,0.923744,17.8751,0.1.0,3bcc6070f94e514764d324e397d61505df92186c,3.12.10,macOS-26.6.2-arm64-arm-64bit,2.5.3,42,cpu,opencv_yunet,landmark,insightface,spectral,dct,0.16,2026-09-13T09:31:58.154024+00:00
watermark_robustness,hugo_chavez_3.png,rotate_5_crop_10,rotate_crop,"{'degrees': 5, 'ratio': 0.1}",True,0.996528,0.578125,56f01b46,True,False,36.6334,0.923744,11.4085,0.1.0,3bcc6070f94e514764d324e397d61505df92186c,3.12.10,macOS-26.6.2-arm64-arm-64bit,2.5.3,42,cpu,opencv_yunet,landmark,insightface,spectral,dct,0.16,2026-09-13T09:31:58.154024+00:00
watermark_robustness,hugo_chavez_3.png,rotate_5_crop_20,rotate_crop,"{'degrees': 5, 'ratio': 0.2}",True,1.0,0.453125,56f01b46,True,False,36.6334,0.923744,10.1478,0.1.0,3bcc6070f94e514764d324e397d61505df92186c,3.12.10,macOS-26.6.2-arm64-arm-64bit,2.5.3,42,cpu,opencv_yunet,landmark,insightface,spectral,dct,0.16,2026-09-13T09:31:58.154024+00:00
watermark_robustness,hugo_chavez_4.png,rotate_10,rotation,{'degrees': 10},True,0.971354,0.546875,6a651813,True,False,36.1367,0.914231,13.3432,0.1.0,3bcc6070f94e514764d324e397d61505df92186c,3.12.10,macOS-26.6.2-arm64-arm-64bit,2.5.3,42,cpu,opencv_yunet,landmark,insightface,spectral,dct,0.16,2026-09-13T09:31:58.154024+00:00
watermark_robustness,hugo_chavez_4.png,rotate_10_crop_10,rotate_crop,"{'degrees': 10, 'ratio': 0.1}",True,0.972222,0.453125,6a651813,True,False,36.1367,0.914231,12.503,0.1.0,3bcc6070f94e514764d324e397d61505df92186c,3.12.10,macOS-26.6.2-arm64-arm-64bit,2.5.3,42,cpu,opencv_yunet,landmark,insightface,spectral,dct,0.16,2026-09-13T09:31:58.154024+00:00
watermark_robustness,hugo_chavez_4.png,rotate_15,rotation,{'degrees': 15},True,0.948568,0.5,6a651813,True,False,36.1367,0.914231,12.4089,0.1.0,3bcc6070f94e514764d324e397d61505df92186c,3.12.10,macOS-26.6.2-arm64-arm-64bit,2.5.3,42,cpu,opencv_yunet,landmark,insightface,spectral,dct,0.16,2026-09-13T09:31:58.154024+00:00
watermark_robustness,hugo_chavez_4.png,rotate_2,rotation,{'degrees': 2},True,1.0,0.546875,6a651813,True,False,36.1367,0.914231,20.6074,0.1.0,3bcc6070f94e514764d324e397d61505df92186c,3.12.10,macOS-26.6.2-arm64-arm-64bit,2.5.3,42,cpu,opencv_yunet,landmark,insightface,spectral,dct,0.16,2026-09-13T09:31:58.154024+00:00
watermark_robustness,hugo_chavez_4.png,rotate_20,rotation,{'degrees': 20},True,0.926432,0.53125,6a651813,True,False,36.1367,0.914231,11.7723,0.1.0,3bcc6070f94e514764d324e397d61505df92186c,3.12.10,macOS-26.6.2-arm64-arm-64bit,2.5.3,42,cpu,opencv_yunet,landmark,insightface,spectral,dct,0.16,2026-09-13T09:31:58.154024+00:00
watermark_robustness,hugo_chavez_4.png,rotate_25,rotation,{'degrees': 25},True,0.908203,0.59375,6a651813,True,False,36.1367,0.914231,11.1817,0.1.0,3bcc6070f94e514764d324e397d61505df92186c,3.12.10,macOS-26.6.2-arm64-arm-64bit,2.5.3,42,cpu,opencv_yunet,landmark,insightface,spectral,dct,0.16,2026-09-13T09:31:58.154024+00:00
watermark_robustness,hugo_chavez_4.png,rotate_30,rotation,{'degrees': 30},True,0.882812,0.5625,6a651813,True,False,36.1367,0.914231,10.6945,0.1.0,3bcc6070f94e514764d324e397d61505df92186c,3.12.10,macOS-26.6.2-arm64-arm-64bit,2.5.3,42,cpu,opencv_yunet,landmark,insightface,spectral,dct,0.16,2026-09-13T09:31:58.154024+00:00
watermark_robustness,hugo_chavez_4.png,rotate_5,rotation,{'degrees': 5},True,0.996094,0.515625,6a651813,True,False,36.1367,0.914231,15.9276,0.1.0,3bcc6070f94e514764d324e397d61505df92186c,3.12.10,macOS-26.6.2-arm64-arm-64bit,2.5.3,42,cpu,opencv_yunet,landmark,insightface,spectral,dct,0.16,2026-09-13T09:31:58.154024+00:00
watermark_robustness,hugo_chavez_4.png,rotate_5_crop_10,rotate_crop,"{'degrees': 5, 'ratio': 0.1}",True,1.0,0.515625,6a651813,True,False,36.1367,0.914231,12.8571,0.1.0,3bcc6070f94e514764d324e397d61505df92186c,3.12.10,macOS-26.6.2-arm64-arm-64bit,2.5.3,42,cpu,opencv_yunet,landmark,insightface,spectral,dct,0.16,2026-09-13T09:31:58.154024+00:00
watermark_robustness,hugo_chavez_4.png,rotate_5_crop_20,rotate_crop,"{'degrees': 5, 'ratio': 0.2}",True,1.0,0.609375,6a651813,True,False,36.1367,0.914231,12.2862,0.1.0,3bcc6070f94e514764d324e397d61505df92186c,3.12.10,macOS-26.6.2-arm64-arm-64bit,2.5.3,42,cpu,opencv_yunet,landmark,insightface,spectral,dct,0.16,2026-09-13T09:31:58.154024+00:00
watermark_robustness,hugo_chavez_5.png,rotate_10,rotation,{'degrees': 10},True,0.958333,0.546875,f918217e,True,False,36.5343,0.922381,13.664,0.1.0,3bcc6070f94e514764d324e397d61505df92186c,3.12.10,macOS-26.6.2-arm64-arm-64bit,2.5.3,42,cpu,opencv_yunet,landmark,insightface,spectral,dct,0.16,2026-09-13T09:31:58.154024+00:00
watermark_robustness,hugo_chavez_5.png,rotate_10_crop_10,rotate_crop,"{'degrees': 10, 'ratio': 0.1}",False,0.982639,0.4375,,False,False,36.5343,0.922381,11.8645,0.1.0,3bcc6070f94e514764d324e397d61505df92186c,3.12.10,macOS-26.6.2-arm64-arm-64bit,2.5.3,42,cpu,opencv_yunet,landmark,insightface,spectral,dct,0.16,2026-09-13T09:31:58.154024+00:00
watermark_robustness,hugo_chavez_5.png,rotate_15,rotation,{'degrees': 15},True,0.938802,0.5625,f918217e,True,False,36.5343,0.922381,12.8968,0.1.0,3bcc6070f94e514764d324e397d61505df92186c,3.12.10,macOS-26.6.2-arm64-arm-64bit,2.5.3,42,cpu,opencv_yunet,landmark,insightface,spectral,dct,0.16,2026-09-13T09:31:58.154024+00:00
watermark_robustness,hugo_chavez_5.png,rotate_2,rotation,{'degrees': 2},True,1.0,0.46875,f918217e,True,False,36.5343,0.922381,19.6705,0.1.0,3bcc6070f94e514764d324e397d61505df92186c,3.12.10,macOS-26.6.2-arm64-arm-64bit,2.5.3,42,cpu,opencv_yunet,landmark,insightface,spectral,dct,0.16,2026-09-13T09:31:58.154024+00:00
watermark_robustness,hugo_chavez_5.png,rotate_20,rotation,{'degrees': 20},True,0.907552,0.609375,f918217e,True,False,36.5343,0.922381,12.5335,0.1.0,3bcc6070f94e514764d324e397d61505df92186c,3.12.10,macOS-26.6.2-arm64-arm-64bit,2.5.3,42,cpu,opencv_yunet,landmark,insightface,spectral,dct,0.16,2026-09-13T09:31:58.154024+00:00
watermark_robustness,hugo_chavez_5.png,rotate_25,rotation,{'degrees': 25},True,0.89974,0.46875,f918217e,True,False,36.5343,0.922381,12.3202,0.1.0,3bcc6070f94e514764d324e397d61505df92186c,3.12.10,macOS-26.6.2-arm64-arm-64bit,2.5.3,42,cpu,opencv_yunet,landmark,insightface,spectral,dct,0.16,2026-09-13T09:31:58.154024+00:00
watermark_robustness,hugo_chavez_5.png,rotate_30,rotation,{'degrees': 30},True,0.876953,0.484375,f918217e,True,False,36.5343,0.922381,11.9516,0.1.0,3bcc6070f94e514764d324e397d61505df92186c,3.12.10,macOS-26.6.2-arm64-arm-64bit,2.5.3,42,cpu,opencv_yunet,landmark,insightface,spectral,dct,0.16,2026-09-13T09:31:58.154024+00:00
watermark_robustness,hugo_chavez_5.png,rotate_5,rotation,{'degrees': 5},True,0.990234,0.359375,f918217e,True,False,36.5343,0.922381,15.882,0.1.0,3bcc6070f94e514764d324e397d61505df92186c,3.12.10,macOS-26.6.2-arm64-arm-64bit,2.5.3,42,cpu,opencv_yunet,landmark,insightface,spectral,dct,0.16,2026-09-13T09:31:58.154024+00:00
watermark_robustness,hugo_chavez_5.png,rotate_5_crop_10,rotate_crop,"{'degrees': 5, 'ratio': 0.1}",True,0.996528,0.46875,f918217e,True,False,36.5343,0.922381,12.1969,0.1.0,3bcc6070f94e514764d324e397d61505df92186c,3.12.10,macOS-26.6.2-arm64-arm-64bit,2.5.3,42,cpu,opencv_yunet,landmark,insightface,spectral,dct,0.16,2026-09-13T09:31:58.154024+00:00
watermark_robustness,hugo_chavez_5.png,rotate_5_crop_20,rotate_crop,"{'degrees': 5, 'ratio': 0.2}",True,1.0,0.40625,f918217e,True,False,36.5343,0.922381,9.5607,0.1.0,3bcc6070f94e514764d324e397d61505df92186c,3.12.10,macOS-26.6.2-arm64-arm-64bit,2.5.3,42,cpu,opencv_yunet,landmark,insightface,spectral,dct,0.16,2026-09-13T09:31:58.154024+00:00
watermark_robustness,hugo_chavez_6.png,rotate_10,rotation,{'degrees': 10},True,0.957031,0.546875,9a597346,True,False,36.0769,0.908008,14.2711,0.1.0,3bcc6070f94e514764d324e397d61505df92186c,3.12.10,macOS-26.6.2-arm64-arm-64bit,2.5.3,42,cpu,opencv_yunet,landmark,insightface,spectral,dct,0.16,2026-09-13T09:31:58.154024+00:00
watermark_robustness,hugo_chavez_6.png,rotate_10_crop_10,rotate_crop,"{'degrees': 10, 'ratio': 0.1}",True,0.961806,0.453125,9a597346,True,False,36.0769,0.908008,11.7787,0.1.0,3bcc6070f94e514764d324e397d61505df92186c,3.12.10,macOS-26.6.2-arm64-arm-64bit,2.5.3,42,cpu,opencv_yunet,landmark,insightface,spectral,dct,0.16,2026-09-13T09:31:58.154024+00:00
watermark_robustness,hugo_chavez_6.png,rotate_15,rotation,{'degrees': 15},True,0.943359,0.59375,9a597346,True,False,36.0769,0.908008,13.3264,0.1.0,3bcc6070f94e514764d324e397d61505df92186c,3.12.10,macOS-26.6.2-arm64-arm-64bit,2.5.3,42,cpu,opencv_yunet,landmark,insightface,spectral,dct,0.16,2026-09-13T09:31:58.154024+00:00
watermark_robustness,hugo_chavez_6.png,rotate_2,rotation,{'degrees': 2},True,1.0,0.578125,9a597346,True,False,36.0769,0.908008,20.4442,0.1.0,3bcc6070f94e514764d324e397d61505df92186c,3.12.10,macOS-26.6.2-arm64-arm-64bit,2.5.3,42,cpu,opencv_yunet,landmark,insightface,spectral,dct,0.16,2026-09-13T09:31:58.154024+00:00
watermark_robustness,hugo_chavez_6.png,rotate_20,rotation,{'degrees': 20},True,0.910156,0.53125,9a597346,True,False,36.0769,0.908008,12.6993,0.1.0,3bcc6070f94e514764d324e397d61505df92186c,3.12.10,macOS-26.6.2-arm64-arm-64bit,2.5.3,42,cpu,opencv_yunet,landmark,insightface,spectral,dct,0.16,2026-09-13T09:31:58.154024+00:00
watermark_robustness,hugo_chavez_6.png,rotate_25,rotation,{'degrees': 25},True,0.884766,0.53125,9a597346,True,False,36.0769,0.908008,12.1821,0.1.0,3bcc6070f94e514764d324e397d61505df92186c,3.12.10,macOS-26.6.2-arm64-arm-64bit,2.5.3,42,cpu,opencv_yunet,landmark,insightface,spectral,dct,0.16,2026-09-13T09:31:58.154024+00:00
watermark_robustness,hugo_chavez_6.png,rotate_30,rotation,{'degrees': 30},True,0.870443,0.46875,9a597346,True,False,36.0769,0.908008,11.7892,0.1.0,3bcc6070f94e514764d324e397d61505df92186c,3.12.10,macOS-26.6.2-arm64-arm-64bit,2.5.3,42,cpu,opencv_yunet,landmark,insightface,spectral,dct,0.16,2026-09-13T09:31:58.154024+00:00
watermark_robustness,hugo_chavez_6.png,rotate_5,rotation,{'degrees': 5},True,0.991536,0.484375,9a597346,True,False,36.0769,0.908008,16.6611,0.1.0,3bcc6070f94e514764d324e397d61505df92186c,3.12.10,macOS-26.6.2-arm64-arm-64bit,2.5.3,42,cpu,opencv_yunet,landmark,insightface,spectral,dct,0.16,2026-09-13T09:31:58.154024+00:00
watermark_robustness,hugo_chavez_6.png,rotate_5_crop_10,rotate_crop,"{'degrees': 5, 'ratio': 0.1}",True,0.993056,0.5,9a597346,True,False,36.0769,0.908008,11.8762,0.1.0,3bcc6070f94e514764d324e397d61505df92186c,3.12.10,macOS-26.6.2-arm64-arm-64bit,2.5.3,42,cpu,opencv_yunet,landmark,insightface,spectral,dct,0.16,2026-09-13T09:31:58.154024+00:00
watermark_robustness,hugo_chavez_6.png,rotate_5_crop_20,rotate_crop,"{'degrees': 5, 'ratio': 0.2}",True,0.986111,0.46875,9a597346,True,False,36.0769,0.908008,10.2199,0.1.0,3bcc6070f94e514764d324e397d61505df92186c,3.12.10,macOS-26.6.2-arm64-arm-64bit,2.5.3,42,cpu,opencv_yunet,landmark,insightface,spectral,dct,0.16,2026-09-13T09:31:58.154024+00:00
watermark_robustness,hugo_chavez_7.png,rotate_10,rotation,{'degrees': 10},True,0.957031,0.546875,c5193e3f,True,False,36.0075,0.91721,13.2649,0.1.0,3bcc6070f94e514764d324e397d61505df92186c,3.12.10,macOS-26.6.2-arm64-arm-64bit,2.5.3,42,cpu,opencv_yunet,landmark,insightface,spectral,dct,0.16,2026-09-13T09:31:58.154024+00:00
watermark_robustness,hugo_chavez_7.png,rotate_10_crop_10,rotate_crop,"{'degrees': 10, 'ratio': 0.1}",True,0.961806,0.546875,c5193e3f,True,False,36.0075,0.91721,13.4369,0.1.0,3bcc6070f94e514764d324e397d61505df92186c,3.12.10,macOS-26.6.2-arm64-arm-64bit,2.5.3,42,cpu,opencv_yunet,landmark,insightface,spectral,dct,0.16,2026-09-13T09:31:58.154024+00:00
watermark_robustness,hugo_chavez_7.png,rotate_15,rotation,{'degrees': 15},True,0.913411,0.5,c5193e3f,True,False,36.0075,0.91721,11.9163,0.1.0,3bcc6070f94e514764d324e397d61505df92186c,3.12.10,macOS-26.6.2-arm64-arm-64bit,2.5.3,42,cpu,opencv_yunet,landmark,insightface,spectral,dct,0.16,2026-09-13T09:31:58.154024+00:00
watermark_robustness,hugo_chavez_7.png,rotate_2,rotation,{'degrees': 2},True,1.0,0.40625,c5193e3f,True,False,36.0075,0.91721,19.8,0.1.0,3bcc6070f94e514764d324e397d61505df92186c,3.12.10,macOS-26.6.2-arm64-arm-64bit,2.5.3,42,cpu,opencv_yunet,landmark,insightface,spectral,dct,0.16,2026-09-13T09:31:58.154024+00:00
watermark_robustness,hugo_chavez_7.png,rotate_20,rotation,{'degrees': 20},True,0.899089,0.515625,c5193e3f,True,False,36.0075,0.91721,11.0555,0.1.0,3bcc6070f94e514764d324e397d61505df92186c,3.12.10,macOS-26.6.2-arm64-arm-64bit,2.5.3,42,cpu,opencv_yunet,landmark,insightface,spectral,dct,0.16,2026-09-13T09:31:58.154024+00:00
watermark_robustness,hugo_chavez_7.png,rotate_25,rotation,{'degrees': 25},True,0.882812,0.53125,c5193e3f,True,False,36.0075,0.91721,10.4593,0.1.0,3bcc6070f94e514764d324e397d61505df92186c,3.12.10,macOS-26.6.2-arm64-arm-64bit,2.5.3,42,cpu,opencv_yunet,landmark,insightface,spectral,dct,0.16,2026-09-13T09:31:58.154024+00:00
watermark_robustness,hugo_chavez_7.png,rotate_30,rotation,{'degrees': 30},True,0.873047,0.421875,c5193e3f,True,False,36.0075,0.91721,10.0496,0.1.0,3bcc6070f94e514764d324e397d61505df92186c,3.12.10,macOS-26.6.2-arm64-arm-64bit,2.5.3,42,cpu,opencv_yunet,landmark,insightface,spectral,dct,0.16,2026-09-13T09:31:58.154024+00:00
watermark_robustness,hugo_chavez_7.png,rotate_5,rotation,{'degrees': 5},True,0.988281,0.421875,c5193e3f,True,False,36.0075,0.91721,15.8262,0.1.0,3bcc6070f94e514764d324e397d61505df92186c,3.12.10,macOS-26.6.2-arm64-arm-64bit,2.5.3,42,cpu,opencv_yunet,landmark,insightface,spectral,dct,0.16,2026-09-13T09:31:58.154024+00:00
watermark_robustness,hugo_chavez_7.png,rotate_5_crop_10,rotate_crop,"{'degrees': 5, 'ratio': 0.1}",True,0.993056,0.453125,c5193e3f,True,False,36.0075,0.91721,13.9033,0.1.0,3bcc6070f94e514764d324e397d61505df92186c,3.12.10,macOS-26.6.2-arm64-arm-64bit,2.5.3,42,cpu,opencv_yunet,landmark,insightface,spectral,dct,0.16,2026-09-13T09:31:58.154024+00:00
watermark_robustness,hugo_chavez_7.png,rotate_5_crop_20,rotate_crop,"{'degrees': 5, 'ratio': 0.2}",True,0.996528,0.4375,c5193e3f,True,False,36.0075,0.91721,11.0642,0.1.0,3bcc6070f94e514764d324e397d61505df92186c,3.12.10,macOS-26.6.2-arm64-arm-64bit,2.5.3,42,cpu,opencv_yunet,landmark,insightface,spectral,dct,0.16,2026-09-13T09:31:58.154024+00:00
watermark_robustness,igor_ivanov_0.png,rotate_10,rotation,{'degrees': 10},True,0.955078,0.46875,d9bcc53c,True,False,36.5971,0.903203,13.7923,0.1.0,3bcc6070f94e514764d324e397d61505df92186c,3.12.10,macOS-26.6.2-arm64-arm-64bit,2.5.3,42,cpu,opencv_yunet,landmark,insightface,spectral,dct,0.16,2026-09-13T09:31:58.154024+00:00
watermark_robustness,igor_ivanov_0.png,rotate_10_crop_10,rotate_crop,"{'degrees': 10, 'ratio': 0.1}",True,0.975694,0.5,d9bcc53c,True,False,36.5971,0.903203,12.6299,0.1.0,3bcc6070f94e514764d324e397d61505df92186c,3.12.10,macOS-26.6.2-arm64-arm-64bit,2.5.3,42,cpu,opencv_yunet,landmark,insightface,spectral,dct,0.16,2026-09-13T09:31:58.154024+00:00
watermark_robustness,igor_ivanov_0.png,rotate_15,rotation,{'degrees': 15},True,0.944661,0.484375,d9bcc53c,True,False,36.5971,0.903203,13.2253,0.1.0,3bcc6070f94e514764d324e397d61505df92186c,3.12.10,macOS-26.6.2-arm64-arm-64bit,2.5.3,42,cpu,opencv_yunet,landmark,insightface,spectral,dct,0.16,2026-09-13T09:31:58.154024+00:00
watermark_robustness,igor_ivanov_0.png,rotate_2,rotation,{'degrees': 2},True,0.998047,0.359375,d9bcc53c,True,False,36.5971,0.903203,20.4782,0.1.0,3bcc6070f94e514764d324e397d61505df92186c,3.12.10,macOS-26.6.2-arm64-arm-64bit,2.5.3,42,cpu,opencv_yunet,landmark,insightface,spectral,dct,0.16,2026-09-13T09:31:58.154024+00:00
watermark_robustness,igor_ivanov_0.png,rotate_20,rotation,{'degrees': 20},True,0.916016,0.390625,d9bcc53c,True,False,36.5971,0.903203,12.7977,0.1.0,3bcc6070f94e514764d324e397d61505df92186c,3.12.10,macOS-26.6.2-arm64-arm-64bit,2.5.3,42,cpu,opencv_yunet,landmark,insightface,spectral,dct,0.16,2026-09-13T09:31:58.154024+00:00
watermark_robustness,igor_ivanov_0.png,rotate_25,rotation,{'degrees': 25},False,0.919271,0.53125,,False,False,36.5971,0.903203,12.2179,0.1.0,3bcc6070f94e514764d324e397d61505df92186c,3.12.10,macOS-26.6.2-arm64-arm-64bit,2.5.3,42,cpu,opencv_yunet,landmark,insightface,spectral,dct,0.16,2026-09-13T09:31:58.154024+00:00
watermark_robustness,igor_ivanov_0.png,rotate_30,rotation,{'degrees': 30},False,0.905599,0.40625,,False,False,36.5971,0.903203,11.702,0.1.0,3bcc6070f94e514764d324e397d61505df92186c,3.12.10,macOS-26.6.2-arm64-arm-64bit,2.5.3,42,cpu,opencv_yunet,landmark,insightface,spectral,dct,0.16,2026-09-13T09:31:58.154024+00:00
watermark_robustness,igor_ivanov_0.png,rotate_5,rotation,{'degrees': 5},True,0.988932,0.484375,d9bcc53c,True,False,36.5971,0.903203,15.9275,0.1.0,3bcc6070f94e514764d324e397d61505df92186c,3.12.10,macOS-26.6.2-arm64-arm-64bit,2.5.3,42,cpu,opencv_yunet,landmark,insightface,spectral,dct,0.16,2026-09-13T09:31:58.154024+00:00
watermark_robustness,igor_ivanov_0.png,rotate_5_crop_10,rotate_crop,"{'degrees': 5, 'ratio': 0.1}",True,0.996528,0.421875,d9bcc53c,True,False,36.5971,0.903203,12.5348,0.1.0,3bcc6070f94e514764d324e397d61505df92186c,3.12.10,macOS-26.6.2-arm64-arm-64bit,2.5.3,42,cpu,opencv_yunet,landmark,insightface,spectral,dct,0.16,2026-09-13T09:31:58.154024+00:00
watermark_robustness,igor_ivanov_0.png,rotate_5_crop_20,rotate_crop,"{'degrees': 5, 'ratio': 0.2}",True,1.0,0.375,d9bcc53c,True,False,36.5971,0.903203,9.4207,0.1.0,3bcc6070f94e514764d324e397d61505df92186c,3.12.10,macOS-26.6.2-arm64-arm-64bit,2.5.3,42,cpu,opencv_yunet,landmark,insightface,spectral,dct,0.16,2026-09-13T09:31:58.154024+00:00
watermark_robustness,igor_ivanov_1.png,rotate_10,rotation,{'degrees': 10},True,0.955078,0.453125,b91873e8,True,False,35.9511,0.892539,13.2669,0.1.0,3bcc6070f94e514764d324e397d61505df92186c,3.12.10,macOS-26.6.2-arm64-arm-64bit,2.5.3,42,cpu,opencv_yunet,landmark,insightface,spectral,dct,0.16,2026-09-13T09:31:58.154024+00:00
watermark_robustness,igor_ivanov_1.png,rotate_10_crop_10,rotate_crop,"{'degrees': 10, 'ratio': 0.1}",False,0.972222,0.546875,,False,False,35.9511,0.892539,12.431,0.1.0,3bcc6070f94e514764d324e397d61505df92186c,3.12.10,macOS-26.6.2-arm64-arm-64bit,2.5.3,42,cpu,opencv_yunet,landmark,insightface,spectral,dct,0.16,2026-09-13T09:31:58.154024+00:00
watermark_robustness,igor_ivanov_1.png,rotate_15,rotation,{'degrees': 15},True,0.930339,0.515625,b91873e8,True,False,35.9511,0.892539,12.1021,0.1.0,3bcc6070f94e514764d324e397d61505df92186c,3.12.10,macOS-26.6.2-arm64-arm-64bit,2.5.3,42,cpu,opencv_yunet,landmark,insightface,spectral,dct,0.16,2026-09-13T09:31:58.154024+00:00
watermark_robustness,igor_ivanov_1.png,rotate_2,rotation,{'degrees': 2},True,0.998047,0.421875,b91873e8,True,False,35.9511,0.892539,19.6873,0.1.0,3bcc6070f94e514764d324e397d61505df92186c,3.12.10,macOS-26.6.2-arm64-arm-64bit,2.5.3,42,cpu,opencv_yunet,landmark,insightface,spectral,dct,0.16,2026-09-13T09:31:58.154024+00:00
watermark_robustness,igor_ivanov_1.png,rotate_20,rotation,{'degrees': 20},True,0.897786,0.53125,b91873e8,True,False,35.9511,0.892539,11.4302,0.1.0,3bcc6070f94e514764d324e397d61505df92186c,3.12.10,macOS-26.6.2-arm64-arm-64bit,2.5.3,42,cpu,opencv_yunet,landmark,insightface,spectral,dct,0.16,2026-09-13T09:31:58.154024+00:00
watermark_robustness,igor_ivanov_1.png,rotate_25,rotation,{'degrees': 25},True,0.891927,0.5,b91873e8,True,False,35.9511,0.892539,10.9349,0.1.0,3bcc6070f94e514764d324e397d61505df92186c,3.12.10,macOS-26.6.2-arm64-arm-64bit,2.5.3,42,cpu,opencv_yunet,landmark,insightface,spectral,dct,0.16,2026-09-13T09:31:58.154024+00:00
watermark_robustness,igor_ivanov_1.png,rotate_30,rotation,{'degrees': 30},True,0.886719,0.390625,b91873e8,True,False,35.9511,0.892539,10.5888,0.1.0,3bcc6070f94e514764d324e397d61505df92186c,3.12.10,macOS-26.6.2-arm64-arm-64bit,2.5.3,42,cpu,opencv_yunet,landmark,insightface,spectral,dct,0.16,2026-09-13T09:31:58.154024+00:00
watermark_robustness,igor_ivanov_1.png,rotate_5,rotation,{'degrees': 5},True,0.98112,0.390625,b91873e8,True,False,35.9511,0.892539,15.8385,0.1.0,3bcc6070f94e514764d324e397d61505df92186c,3.12.10,macOS-26.6.2-arm64-arm-64bit,2.5.3,42,cpu,opencv_yunet,landmark,insightface,spectral,dct,0.16,2026-09-13T09:31:58.154024+00:00
watermark_robustness,igor_ivanov_1.png,rotate_5_crop_10,rotate_crop,"{'degrees': 5, 'ratio': 0.1}",True,1.0,0.40625,b91873e8,True,False,35.9511,0.892539,12.6838,0.1.0,3bcc6070f94e514764d324e397d61505df92186c,3.12.10,macOS-26.6.2-arm64-arm-64bit,2.5.3,42,cpu,opencv_yunet,landmark,insightface,spectral,dct,0.16,2026-09-13T09:31:58.154024+00:00
watermark_robustness,igor_ivanov_1.png,rotate_5_crop_20,rotate_crop,"{'degrees': 5, 'ratio': 0.2}",True,1.0,0.375,b91873e8,True,False,35.9511,0.892539,10.6156,0.1.0,3bcc6070f94e514764d324e397d61505df92186c,3.12.10,macOS-26.6.2-arm64-arm-64bit,2.5.3,42,cpu,opencv_yunet,landmark,insightface,spectral,dct,0.16,2026-09-13T09:31:58.154024+00:00
watermark_robustness,igor_ivanov_2.png,rotate_10,rotation,{'degrees': 10},True,0.966146,0.5625,3c8e6400,True,False,36.2358,0.911028,14.8628,0.1.0,3bcc6070f94e514764d324e397d61505df92186c,3.12.10,macOS-26.6.2-arm64-arm-64bit,2.5.3,42,cpu,opencv_yunet,landmark,insightface,spectral,dct,0.16,2026-09-13T09:31:58.154024+00:00
watermark_robustness,igor_ivanov_2.png,rotate_10_crop_10,rotate_crop,"{'degrees': 10, 'ratio': 0.1}",True,0.986111,0.59375,3c8e6400,True,False,36.2358,0.911028,14.2238,0.1.0,3bcc6070f94e514764d324e397d61505df92186c,3.12.10,macOS-26.6.2-arm64-arm-64bit,2.5.3,42,cpu,opencv_yunet,landmark,insightface,spectral,dct,0.16,2026-09-13T09:31:58.154024+00:00
watermark_robustness,igor_ivanov_2.png,rotate_15,rotation,{'degrees': 15},True,0.958333,0.703125,3c8e6400,True,False,36.2358,0.911028,13.8664,0.1.0,3bcc6070f94e514764d324e397d61505df92186c,3.12.10,macOS-26.6.2-arm64-arm-64bit,2.5.3,42,cpu,opencv_yunet,landmark,insightface,spectral,dct,0.16,2026-09-13T09:31:58.154024+00:00
watermark_robustness,igor_ivanov_2.png,rotate_2,rotation,{'degrees': 2},True,1.0,0.46875,3c8e6400,True,False,36.2358,0.911028,21.6708,0.1.0,3bcc6070f94e514764d324e397d61505df92186c,3.12.10,macOS-26.6.2-arm64-arm-64bit,2.5.3,42,cpu,opencv_yunet,landmark,insightface,spectral,dct,0.16,2026-09-13T09:31:58.154024+00:00
watermark_robustness,igor_ivanov_2.png,rotate_20,rotation,{'degrees': 20},True,0.943359,0.5625,3c8e6400,True,False,36.2358,0.911028,13.4819,0.1.0,3bcc6070f94e514764d324e397d61505df92186c,3.12.10,macOS-26.6.2-arm64-arm-64bit,2.5.3,42,cpu,opencv_yunet,landmark,insightface,spectral,dct,0.16,2026-09-13T09:31:58.154024+00:00
watermark_robustness,igor_ivanov_2.png,rotate_25,rotation,{'degrees': 25},True,0.923177,0.59375,3c8e6400,True,False,36.2358,0.911028,13.1463,0.1.0,3bcc6070f94e514764d324e397d61505df92186c,3.12.10,macOS-26.6.2-arm64-arm-64bit,2.5.3,42,cpu,opencv_yunet,landmark,insightface,spectral,dct,0.16,2026-09-13T09:31:58.154024+00:00
watermark_robustness,igor_ivanov_2.png,rotate_30,rotation,{'degrees': 30},True,0.923177,0.59375,3c8e6400,True,False,36.2358,0.911028,12.7193,0.1.0,3bcc6070f94e514764d324e397d61505df92186c,3.12.10,macOS-26.6.2-arm64-arm-64bit,2.5.3,42,cpu,opencv_yunet,landmark,insightface,spectral,dct,0.16,2026-09-13T09:31:58.154024+00:00
watermark_robustness,igor_ivanov_2.png,rotate_5,rotation,{'degrees': 5},True,0.990234,0.515625,3c8e6400,True,False,36.2358,0.911028,17.5266,0.1.0,3bcc6070f94e514764d324e397d61505df92186c,3.12.10,macOS-26.6.2-arm64-arm-64bit,2.5.3,42,cpu,opencv_yunet,landmark,insightface,spectral,dct,0.16,2026-09-13T09:31:58.154024+00:00
watermark_robustness,igor_ivanov_2.png,rotate_5_crop_10,rotate_crop,"{'degrees': 5, 'ratio': 0.1}",True,0.996528,0.5,3c8e6400,True,False,36.2358,0.911028,14.4323,0.1.0,3bcc6070f94e514764d324e397d61505df92186c,3.12.10,macOS-26.6.2-arm64-arm-64bit,2.5.3,42,cpu,opencv_yunet,landmark,insightface,spectral,dct,0.16,2026-09-13T09:31:58.154024+00:00
watermark_robustness,igor_ivanov_2.png,rotate_5_crop_20,rotate_crop,"{'degrees': 5, 'ratio': 0.2}",True,1.0,0.4375,3c8e6400,True,False,36.2358,0.911028,12.0016,0.1.0,3bcc6070f94e514764d324e397d61505df92186c,3.12.10,macOS-26.6.2-arm64-arm-64bit,2.5.3,42,cpu,opencv_yunet,landmark,insightface,spectral,dct,0.16,2026-09-13T09:31:58.154024+00:00
watermark_robustness,igor_ivanov_3.png,rotate_10,rotation,{'degrees': 10},True,0.964193,0.578125,3a413783,True,False,36.8403,0.895337,13.0119,0.1.0,3bcc6070f94e514764d324e397d61505df92186c,3.12.10,macOS-26.6.2-arm64-arm-64bit,2.5.3,42,cpu,opencv_yunet,landmark,insightface,spectral,dct,0.16,2026-09-13T09:31:58.154024+00:00
watermark_robustness,igor_ivanov_3.png,rotate_10_crop_10,rotate_crop,"{'degrees': 10, 'ratio': 0.1}",True,0.982639,0.515625,3a413783,True,False,36.8403,0.895337,9.9912,0.1.0,3bcc6070f94e514764d324e397d61505df92186c,3.12.10,macOS-26.6.2-arm64-arm-64bit,2.5.3,42,cpu,opencv_yunet,landmark,insightface,spectral,dct,0.16,2026-09-13T09:31:58.154024+00:00
watermark_robustness,igor_ivanov_3.png,rotate_15,rotation,{'degrees': 15},True,0.942057,0.53125,3a413783,True,False,36.8403,0.895337,12.2659,0.1.0,3bcc6070f94e514764d324e397d61505df92186c,3.12.10,macOS-26.6.2-arm64-arm-64bit,2.5.3,42,cpu,opencv_yunet,landmark,insightface,spectral,dct,0.16,2026-09-13T09:31:58.154024+00:00
watermark_robustness,igor_ivanov_3.png,rotate_2,rotation,{'degrees': 2},True,1.0,0.546875,3a413783,True,False,36.8403,0.895337,19.8363,0.1.0,3bcc6070f94e514764d324e397d61505df92186c,3.12.10,macOS-26.6.2-arm64-arm-64bit,2.5.3,42,cpu,opencv_yunet,landmark,insightface,spectral,dct,0.16,2026-09-13T09:31:58.154024+00:00
watermark_robustness,igor_ivanov_3.png,rotate_20,rotation,{'degrees': 20},True,0.91862,0.546875,3a413783,True,False,36.8403,0.895337,11.7535,0.1.0,3bcc6070f94e514764d324e397d61505df92186c,3.12.10,macOS-26.6.2-arm64-arm-64bit,2.5.3,42,cpu,opencv_yunet,landmark,insightface,spectral,dct,0.16,2026-09-13T09:31:58.154024+00:00
watermark_robustness,igor_ivanov_3.png,rotate_25,rotation,{'degrees': 25},True,0.89974,0.59375,3a413783,True,False,36.8403,0.895337,11.2987,0.1.0,3bcc6070f94e514764d324e397d61505df92186c,3.12.10,macOS-26.6.2-arm64-arm-64bit,2.5.3,42,cpu,opencv_yunet,landmark,insightface,spectral,dct,0.16,2026-09-13T09:31:58.154024+00:00
watermark_robustness,igor_ivanov_3.png,rotate_30,rotation,{'degrees': 30},True,0.897135,0.484375,3a413783,True,False,36.8403,0.895337,10.9845,0.1.0,3bcc6070f94e514764d324e397d61505df92186c,3.12.10,macOS-26.6.2-arm64-arm-64bit,2.5.3,42,cpu,opencv_yunet,landmark,insightface,spectral,dct,0.16,2026-09-13T09:31:58.154024+00:00
watermark_robustness,igor_ivanov_3.png,rotate_5,rotation,{'degrees': 5},True,0.990234,0.546875,3a413783,True,False,36.8403,0.895337,15.5185,0.1.0,3bcc6070f94e514764d324e397d61505df92186c,3.12.10,macOS-26.6.2-arm64-arm-64bit,2.5.3,42,cpu,opencv_yunet,landmark,insightface,spectral,dct,0.16,2026-09-13T09:31:58.154024+00:00
watermark_robustness,igor_ivanov_3.png,rotate_5_crop_10,rotate_crop,"{'degrees': 5, 'ratio': 0.1}",True,0.996528,0.625,3a413783,True,False,36.8403,0.895337,10.0842,0.1.0,3bcc6070f94e514764d324e397d61505df92186c,3.12.10,macOS-26.6.2-arm64-arm-64bit,2.5.3,42,cpu,opencv_yunet,landmark,insightface,spectral,dct,0.16,2026-09-13T09:31:58.154024+00:00
watermark_robustness,igor_ivanov_3.png,rotate_5_crop_20,rotate_crop,"{'degrees': 5, 'ratio': 0.2}",True,1.0,0.515625,3a413783,True,False,36.8403,0.895337,9.1555,0.1.0,3bcc6070f94e514764d324e397d61505df92186c,3.12.10,macOS-26.6.2-arm64-arm-64bit,2.5.3,42,cpu,opencv_yunet,landmark,insightface,spectral,dct,0.16,2026-09-13T09:31:58.154024+00:00
watermark_robustness,igor_ivanov_4.png,rotate_10,rotation,{'degrees': 10},True,0.966146,0.421875,c126443b,True,False,36.2301,0.893144,14.163,0.1.0,3bcc6070f94e514764d324e397d61505df92186c,3.12.10,macOS-26.6.2-arm64-arm-64bit,2.5.3,42,cpu,opencv_yunet,landmark,insightface,spectral,dct,0.16,2026-09-13T09:31:58.154024+00:00
watermark_robustness,igor_ivanov_4.png,rotate_10_crop_10,rotate_crop,"{'degrees': 10, 'ratio': 0.1}",True,0.975694,0.453125,c126443b,True,False,36.2301,0.893144,13.6814,0.1.0,3bcc6070f94e514764d324e397d61505df92186c,3.12.10,macOS-26.6.2-arm64-arm-64bit,2.5.3,42,cpu,opencv_yunet,landmark,insightface,spectral,dct,0.16,2026-09-13T09:31:58.154024+00:00
watermark_robustness,igor_ivanov_4.png,rotate_15,rotation,{'degrees': 15},True,0.939453,0.484375,c126443b,True,False,36.2301,0.893144,12.994,0.1.0,3bcc6070f94e514764d324e397d61505df92186c,3.12.10,macOS-26.6.2-arm64-arm-64bit,2.5.3,42,cpu,opencv_yunet,landmark,insightface,spectral,dct,0.16,2026-09-13T09:31:58.154024+00:00
watermark_robustness,igor_ivanov_4.png,rotate_2,rotation,{'degrees': 2},True,1.0,0.453125,c126443b,True,False,36.2301,0.893144,22.2558,0.1.0,3bcc6070f94e514764d324e397d61505df92186c,3.12.10,macOS-26.6.2-arm64-arm-64bit,2.5.3,42,cpu,opencv_yunet,landmark,insightface,spectral,dct,0.16,2026-09-13T09:31:58.154024+00:00
watermark_robustness,igor_ivanov_4.png,rotate_20,rotation,{'degrees': 20},True,0.912109,0.390625,c126443b,True,False,36.2301,0.893144,12.3042,0.1.0,3bcc6070f94e514764d324e397d61505df92186c,3.12.10,macOS-26.6.2-arm64-arm-64bit,2.5.3,42,cpu,opencv_yunet,landmark,insightface,spectral,dct,0.16,2026-09-13T09:31:58.154024+00:00
watermark_robustness,igor_ivanov_4.png,rotate_25,rotation,{'degrees': 25},True,0.898438,0.46875,c126443b,True,False,36.2301,0.893144,11.6084,0.1.0,3bcc6070f94e514764d324e397d61505df92186c,3.12.10,macOS-26.6.2-arm64-arm-64bit,2.5.3,42,cpu,opencv_yunet,landmark,insightface,spectral,dct,0.16,2026-09-13T09:31:58.154024+00:00
watermark_robustness,igor_ivanov_4.png,rotate_30,rotation,{'degrees': 30},True,0.889323,0.53125,c126443b,True,False,36.2301,0.893144,10.9695,0.1.0,3bcc6070f94e514764d324e397d61505df92186c,3.12.10,macOS-26.6.2-arm64-arm-64bit,2.5.3,42,cpu,opencv_yunet,landmark,insightface,spectral,dct,0.16,2026-09-13T09:31:58.154024+00:00
watermark_robustness,igor_ivanov_4.png,rotate_5,rotation,{'degrees': 5},True,1.0,0.453125,c126443b,True,False,36.2301,0.893144,17.2527,0.1.0,3bcc6070f94e514764d324e397d61505df92186c,3.12.10,macOS-26.6.2-arm64-arm-64bit,2.5.3,42,cpu,opencv_yunet,landmark,insightface,spectral,dct,0.16,2026-09-13T09:31:58.154024+00:00
watermark_robustness,igor_ivanov_4.png,rotate_5_crop_10,rotate_crop,"{'degrees': 5, 'ratio': 0.1}",True,1.0,0.640625,c126443b,True,False,36.2301,0.893144,13.928,0.1.0,3bcc6070f94e514764d324e397d61505df92186c,3.12.10,macOS-26.6.2-arm64-arm-64bit,2.5.3,42,cpu,opencv_yunet,landmark,insightface,spectral,dct,0.16,2026-09-13T09:31:58.154024+00:00
watermark_robustness,igor_ivanov_4.png,rotate_5_crop_20,rotate_crop,"{'degrees': 5, 'ratio': 0.2}",True,1.0,0.546875,c126443b,True,False,36.2301,0.893144,11.7012,0.1.0,3bcc6070f94e514764d324e397d61505df92186c,3.12.10,macOS-26.6.2-arm64-arm-64bit,2.5.3,42,cpu,opencv_yunet,landmark,insightface,spectral,dct,0.16,2026-09-13T09:31:58.154024+00:00
watermark_robustness,igor_ivanov_5.png,rotate_10,rotation,{'degrees': 10},True,0.947266,0.609375,16bde626,True,False,36.0635,0.920128,12.8239,0.1.0,3bcc6070f94e514764d324e397d61505df92186c,3.12.10,macOS-26.6.2-arm64-arm-64bit,2.5.3,42,cpu,opencv_yunet,landmark,insightface,spectral,dct,0.16,2026-09-13T09:31:58.154024+00:00
watermark_robustness,igor_ivanov_5.png,rotate_10_crop_10,rotate_crop,"{'degrees': 10, 'ratio': 0.1}",True,0.975694,0.546875,16bde626,True,False,36.0635,0.920128,12.3104,0.1.0,3bcc6070f94e514764d324e397d61505df92186c,3.12.10,macOS-26.6.2-arm64-arm-64bit,2.5.3,42,cpu,opencv_yunet,landmark,insightface,spectral,dct,0.16,2026-09-13T09:31:58.154024+00:00
watermark_robustness,igor_ivanov_5.png,rotate_15,rotation,{'degrees': 15},True,0.915365,0.4375,16bde626,True,False,36.0635,0.920128,11.4613,0.1.0,3bcc6070f94e514764d324e397d61505df92186c,3.12.10,macOS-26.6.2-arm64-arm-64bit,2.5.3,42,cpu,opencv_yunet,landmark,insightface,spectral,dct,0.16,2026-09-13T09:31:58.154024+00:00
watermark_robustness,igor_ivanov_5.png,rotate_2,rotation,{'degrees': 2},True,0.996094,0.4375,16bde626,True,False,36.0635,0.920128,19.3179,0.1.0,3bcc6070f94e514764d324e397d61505df92186c,3.12.10,macOS-26.6.2-arm64-arm-64bit,2.5.3,42,cpu,opencv_yunet,landmark,insightface,spectral,dct,0.16,2026-09-13T09:31:58.154024+00:00
watermark_robustness,igor_ivanov_5.png,rotate_20,rotation,{'degrees': 20},False,0.911458,0.53125,,False,False,36.0635,0.920128,10.7117,0.1.0,3bcc6070f94e514764d324e397d61505df92186c,3.12.10,macOS-26.6.2-arm64-arm-64bit,2.5.3,42,cpu,opencv_yunet,landmark,insightface,spectral,dct,0.16,2026-09-13T09:31:58.154024+00:00
watermark_robustness,igor_ivanov_5.png,rotate_25,rotation,{'degrees': 25},True,0.876953,0.46875,16bde626,True,False,36.0635,0.920128,10.0508,0.1.0,3bcc6070f94e514764d324e397d61505df92186c,3.12.10,macOS-26.6.2-arm64-arm-64bit,2.5.3,42,cpu,opencv_yunet,landmark,insightface,spectral,dct,0.16,2026-09-13T09:31:58.154024+00:00
watermark_robustness,igor_ivanov_5.png,rotate_30,rotation,{'degrees': 30},True,0.864583,0.5,16bde626,True,False,36.0635,0.920128,9.6161,0.1.0,3bcc6070f94e514764d324e397d61505df92186c,3.12.10,macOS-26.6.2-arm64-arm-64bit,2.5.3,42,cpu,opencv_yunet,landmark,insightface,spectral,dct,0.16,2026-09-13T09:31:58.154024+00:00
watermark_robustness,igor_ivanov_5.png,rotate_5,rotation,{'degrees': 5},True,0.990885,0.515625,16bde626,True,False,36.0635,0.920128,15.3376,0.1.0,3bcc6070f94e514764d324e397d61505df92186c,3.12.10,macOS-26.6.2-arm64-arm-64bit,2.5.3,42,cpu,opencv_yunet,landmark,insightface,spectral,dct,0.16,2026-09-13T09:31:58.154024+00:00
watermark_robustness,igor_ivanov_5.png,rotate_5_crop_10,rotate_crop,"{'degrees': 5, 'ratio': 0.1}",True,1.0,0.484375,16bde626,True,False,36.0635,0.920128,13.1593,0.1.0,3bcc6070f94e514764d324e397d61505df92186c,3.12.10,macOS-26.6.2-arm64-arm-64bit,2.5.3,42,cpu,opencv_yunet,landmark,insightface,spectral,dct,0.16,2026-09-13T09:31:58.154024+00:00
watermark_robustness,igor_ivanov_5.png,rotate_5_crop_20,rotate_crop,"{'degrees': 5, 'ratio': 0.2}",True,1.0,0.46875,16bde626,True,False,36.0635,0.920128,11.9099,0.1.0,3bcc6070f94e514764d324e397d61505df92186c,3.12.10,macOS-26.6.2-arm64-arm-64bit,2.5.3,42,cpu,opencv_yunet,landmark,insightface,spectral,dct,0.16,2026-09-13T09:31:58.154024+00:00
watermark_robustness,igor_ivanov_6.png,rotate_10,rotation,{'degrees': 10},True,0.970703,0.5625,a2461179,True,False,36.7527,0.871995,17.5131,0.1.0,3bcc6070f94e514764d324e397d61505df92186c,3.12.10,macOS-26.6.2-arm64-arm-64bit,2.5.3,42,cpu,opencv_yunet,landmark,insightface,spectral,dct,0.16,2026-09-13T09:31:58.154024+00:00
watermark_robustness,igor_ivanov_6.png,rotate_10_crop_10,rotate_crop,"{'degrees': 10, 'ratio': 0.1}",True,0.975694,0.5625,a2461179,True,False,36.7527,0.871995,14.531,0.1.0,3bcc6070f94e514764d324e397d61505df92186c,3.12.10,macOS-26.6.2-arm64-arm-64bit,2.5.3,42,cpu,opencv_yunet,landmark,insightface,spectral,dct,0.16,2026-09-13T09:31:58.154024+00:00
watermark_robustness,igor_ivanov_6.png,rotate_15,rotation,{'degrees': 15},True,0.957031,0.546875,a2461179,True,False,36.7527,0.871995,16.8451,0.1.0,3bcc6070f94e514764d324e397d61505df92186c,3.12.10,macOS-26.6.2-arm64-arm-64bit,2.5.3,42,cpu,opencv_yunet,landmark,insightface,spectral,dct,0.16,2026-09-13T09:31:58.154024+00:00
watermark_robustness,igor_ivanov_6.png,rotate_2,rotation,{'degrees': 2},True,1.0,0.5625,a2461179,True,False,36.7527,0.871995,23.8106,0.1.0,3bcc6070f94e514764d324e397d61505df92186c,3.12.10,macOS-26.6.2-arm64-arm-64bit,2.5.3,42,cpu,opencv_yunet,landmark,insightface,spectral,dct,0.16,2026-09-13T09:31:58.154024+00:00
watermark_robustness,igor_ivanov_6.png,rotate_20,rotation,{'degrees': 20},True,0.940104,0.515625,a2461179,True,False,36.7527,0.871995,16.5956,0.1.0,3bcc6070f94e514764d324e397d61505df92186c,3.12.10,macOS-26.6.2-arm64-arm-64bit,2.5.3,42,cpu,opencv_yunet,landmark,insightface,spectral,dct,0.16,2026-09-13T09:31:58.154024+00:00
watermark_robustness,igor_ivanov_6.png,rotate_25,rotation,{'degrees': 25},True,0.927734,0.53125,a2461179,True,False,36.7527,0.871995,15.9029,0.1.0,3bcc6070f94e514764d324e397d61505df92186c,3.12.10,macOS-26.6.2-arm64-arm-64bit,2.5.3,42,cpu,opencv_yunet,landmark,insightface,spectral,dct,0.16,2026-09-13T09:31:58.154024+00:00
watermark_robustness,igor_ivanov_6.png,rotate_30,rotation,{'degrees': 30},True,0.910807,0.625,a2461179,True,False,36.7527,0.871995,15.3696,0.1.0,3bcc6070f94e514764d324e397d61505df92186c,3.12.10,macOS-26.6.2-arm64-arm-64bit,2.5.3,42,cpu,opencv_yunet,landmark,insightface,spectral,dct,0.16,2026-09-13T09:31:58.154024+00:00
watermark_robustness,igor_ivanov_6.png,rotate_5,rotation,{'degrees': 5},True,0.996094,0.5,a2461179,True,False,36.7527,0.871995,19.6899,0.1.0,3bcc6070f94e514764d324e397d61505df92186c,3.12.10,macOS-26.6.2-arm64-arm-64bit,2.5.3,42,cpu,opencv_yunet,landmark,insightface,spectral,dct,0.16,2026-09-13T09:31:58.154024+00:00
watermark_robustness,igor_ivanov_6.png,rotate_5_crop_10,rotate_crop,"{'degrees': 5, 'ratio': 0.1}",True,1.0,0.578125,a2461179,True,False,36.7527,0.871995,15.045,0.1.0,3bcc6070f94e514764d324e397d61505df92186c,3.12.10,macOS-26.6.2-arm64-arm-64bit,2.5.3,42,cpu,opencv_yunet,landmark,insightface,spectral,dct,0.16,2026-09-13T09:31:58.154024+00:00
watermark_robustness,igor_ivanov_6.png,rotate_5_crop_20,rotate_crop,"{'degrees': 5, 'ratio': 0.2}",True,1.0,0.5,a2461179,True,False,36.7527,0.871995,11.2801,0.1.0,3bcc6070f94e514764d324e397d61505df92186c,3.12.10,macOS-26.6.2-arm64-arm-64bit,2.5.3,42,cpu,opencv_yunet,landmark,insightface,spectral,dct,0.16,2026-09-13T09:31:58.154024+00:00
watermark_robustness,igor_ivanov_7.png,rotate_10,rotation,{'degrees': 10},True,0.966146,0.4375,6807d5aa,True,False,36.2742,0.950617,13.7939,0.1.0,3bcc6070f94e514764d324e397d61505df92186c,3.12.10,macOS-26.6.2-arm64-arm-64bit,2.5.3,42,cpu,opencv_yunet,landmark,insightface,spectral,dct,0.16,2026-09-13T09:31:58.154024+00:00
watermark_robustness,igor_ivanov_7.png,rotate_10_crop_10,rotate_crop,"{'degrees': 10, 'ratio': 0.1}",True,0.96875,0.5625,6807d5aa,True,False,36.2742,0.950617,11.0535,0.1.0,3bcc6070f94e514764d324e397d61505df92186c,3.12.10,macOS-26.6.2-arm64-arm-64bit,2.5.3,42,cpu,opencv_yunet,landmark,insightface,spectral,dct,0.16,2026-09-13T09:31:58.154024+00:00
watermark_robustness,igor_ivanov_7.png,rotate_15,rotation,{'degrees': 15},True,0.947266,0.515625,6807d5aa,True,False,36.2742,0.950617,13.013,0.1.0,3bcc6070f94e514764d324e397d61505df92186c,3.12.10,macOS-26.6.2-arm64-arm-64bit,2.5.3,42,cpu,opencv_yunet,landmark,insightface,spectral,dct,0.16,2026-09-13T09:31:58.154024+00:00
watermark_robustness,igor_ivanov_7.png,rotate_2,rotation,{'degrees': 2},True,1.0,0.4375,6807d5aa,True,False,36.2742,0.950617,20.484,0.1.0,3bcc6070f94e514764d324e397d61505df92186c,3.12.10,macOS-26.6.2-arm64-arm-64bit,2.5.3,42,cpu,opencv_yunet,landmark,insightface,spectral,dct,0.16,2026-09-13T09:31:58.154024+00:00
watermark_robustness,igor_ivanov_7.png,rotate_20,rotation,{'degrees': 20},True,0.921875,0.4375,6807d5aa,True,False,36.2742,0.950617,12.737,0.1.0,3bcc6070f94e514764d324e397d61505df92186c,3.12.10,macOS-26.6.2-arm64-arm-64bit,2.5.3,42,cpu,opencv_yunet,landmark,insightface,spectral,dct,0.16,2026-09-13T09:31:58.154024+00:00
watermark_robustness,igor_ivanov_7.png,rotate_25,rotation,{'degrees': 25},True,0.916667,0.46875,6807d5aa,True,False,36.2742,0.950617,12.36,0.1.0,3bcc6070f94e514764d324e397d61505df92186c,3.12.10,macOS-26.6.2-arm64-arm-64bit,2.5.3,42,cpu,opencv_yunet,landmark,insightface,spectral,dct,0.16,2026-09-13T09:31:58.154024+00:00
watermark_robustness,igor_ivanov_7.png,rotate_30,rotation,{'degrees': 30},True,0.900391,0.515625,6807d5aa,True,False,36.2742,0.950617,11.9369,0.1.0,3bcc6070f94e514764d324e397d61505df92186c,3.12.10,macOS-26.6.2-arm64-arm-64bit,2.5.3,42,cpu,opencv_yunet,landmark,insightface,spectral,dct,0.16,2026-09-13T09:31:58.154024+00:00
watermark_robustness,igor_ivanov_7.png,rotate_5,rotation,{'degrees': 5},True,0.998047,0.53125,6807d5aa,True,False,36.2742,0.950617,16.0255,0.1.0,3bcc6070f94e514764d324e397d61505df92186c,3.12.10,macOS-26.6.2-arm64-arm-64bit,2.5.3,42,cpu,opencv_yunet,landmark,insightface,spectral,dct,0.16,2026-09-13T09:31:58.154024+00:00
watermark_robustness,igor_ivanov_7.png,rotate_5_crop_10,rotate_crop,"{'degrees': 5, 'ratio': 0.1}",True,0.993056,0.546875,6807d5aa,True,False,36.2742,0.950617,11.4465,0.1.0,3bcc6070f94e514764d324e397d61505df92186c,3.12.10,macOS-26.6.2-arm64-arm-64bit,2.5.3,42,cpu,opencv_yunet,landmark,insightface,spectral,dct,0.16,2026-09-13T09:31:58.154024+00:00
watermark_robustness,igor_ivanov_7.png,rotate_5_crop_20,rotate_crop,"{'degrees': 5, 'ratio': 0.2}",True,1.0,0.46875,6807d5aa,True,False,36.2742,0.950617,9.3632,0.1.0,3bcc6070f94e514764d324e397d61505df92186c,3.12.10,macOS-26.6.2-arm64-arm-64bit,2.5.3,42,cpu,opencv_yunet,landmark,insightface,spectral,dct,0.16,2026-09-13T09:31:58.154024+00:00
watermark_robustness,jack_straw_0.png,rotate_10,rotation,{'degrees': 10},True,0.945312,0.609375,494fff5b,True,False,35.9646,0.913186,14.8224,0.1.0,3bcc6070f94e514764d324e397d61505df92186c,3.12.10,macOS-26.6.2-arm64-arm-64bit,2.5.3,42,cpu,opencv_yunet,landmark,insightface,spectral,dct,0.16,2026-09-13T09:31:58.154024+00:00
watermark_robustness,jack_straw_0.png,rotate_10_crop_10,rotate_crop,"{'degrees': 10, 'ratio': 0.1}",True,0.975694,0.578125,494fff5b,True,False,35.9646,0.913186,13.1967,0.1.0,3bcc6070f94e514764d324e397d61505df92186c,3.12.10,macOS-26.6.2-arm64-arm-64bit,2.5.3,42,cpu,opencv_yunet,landmark,insightface,spectral,dct,0.16,2026-09-13T09:31:58.154024+00:00
watermark_robustness,jack_straw_0.png,rotate_15,rotation,{'degrees': 15},True,0.928385,0.421875,494fff5b,True,False,35.9646,0.913186,14.2199,0.1.0,3bcc6070f94e514764d324e397d61505df92186c,3.12.10,macOS-26.6.2-arm64-arm-64bit,2.5.3,42,cpu,opencv_yunet,landmark,insightface,spectral,dct,0.16,2026-09-13T09:31:58.154024+00:00
watermark_robustness,jack_straw_0.png,rotate_2,rotation,{'degrees': 2},True,1.0,0.375,494fff5b,True,False,35.9646,0.913186,21.3338,0.1.0,3bcc6070f94e514764d324e397d61505df92186c,3.12.10,macOS-26.6.2-arm64-arm-64bit,2.5.3,42,cpu,opencv_yunet,landmark,insightface,spectral,dct,0.16,2026-09-13T09:31:58.154024+00:00
watermark_robustness,jack_straw_0.png,rotate_20,rotation,{'degrees': 20},True,0.913411,0.484375,494fff5b,True,False,35.9646,0.913186,13.8197,0.1.0,3bcc6070f94e514764d324e397d61505df92186c,3.12.10,macOS-26.6.2-arm64-arm-64bit,2.5.3,42,cpu,opencv_yunet,landmark,insightface,spectral,dct,0.16,2026-09-13T09:31:58.154024+00:00
watermark_robustness,jack_straw_0.png,rotate_25,rotation,{'degrees': 25},False,0.89974,0.484375,,False,False,35.9646,0.913186,13.2895,0.1.0,3bcc6070f94e514764d324e397d61505df92186c,3.12.10,macOS-26.6.2-arm64-arm-64bit,2.5.3,42,cpu,opencv_yunet,landmark,insightface,spectral,dct,0.16,2026-09-13T09:31:58.154024+00:00
watermark_robustness,jack_straw_0.png,rotate_30,rotation,{'degrees': 30},False,0.882161,0.4375,,False,False,35.9646,0.913186,12.9089,0.1.0,3bcc6070f94e514764d324e397d61505df92186c,3.12.10,macOS-26.6.2-arm64-arm-64bit,2.5.3,42,cpu,opencv_yunet,landmark,insightface,spectral,dct,0.16,2026-09-13T09:31:58.154024+00:00
watermark_robustness,jack_straw_0.png,rotate_5,rotation,{'degrees': 5},True,0.994141,0.53125,494fff5b,True,False,35.9646,0.913186,16.9755,0.1.0,3bcc6070f94e514764d324e397d61505df92186c,3.12.10,macOS-26.6.2-arm64-arm-64bit,2.5.3,42,cpu,opencv_yunet,landmark,insightface,spectral,dct,0.16,2026-09-13T09:31:58.154024+00:00
watermark_robustness,jack_straw_0.png,rotate_5_crop_10,rotate_crop,"{'degrees': 5, 'ratio': 0.1}",True,1.0,0.484375,494fff5b,True,False,35.9646,0.913186,13.4263,0.1.0,3bcc6070f94e514764d324e397d61505df92186c,3.12.10,macOS-26.6.2-arm64-arm-64bit,2.5.3,42,cpu,opencv_yunet,landmark,insightface,spectral,dct,0.16,2026-09-13T09:31:58.154024+00:00
watermark_robustness,jack_straw_0.png,rotate_5_crop_20,rotate_crop,"{'degrees': 5, 'ratio': 0.2}",True,1.0,0.421875,494fff5b,True,False,35.9646,0.913186,11.4545,0.1.0,3bcc6070f94e514764d324e397d61505df92186c,3.12.10,macOS-26.6.2-arm64-arm-64bit,2.5.3,42,cpu,opencv_yunet,landmark,insightface,spectral,dct,0.16,2026-09-13T09:31:58.154024+00:00
watermark_robustness,jack_straw_1.png,rotate_10,rotation,{'degrees': 10},True,0.957682,0.4375,06b4de65,True,False,35.9472,0.912588,14.7543,0.1.0,3bcc6070f94e514764d324e397d61505df92186c,3.12.10,macOS-26.6.2-arm64-arm-64bit,2.5.3,42,cpu,opencv_yunet,landmark,insightface,spectral,dct,0.16,2026-09-13T09:31:58.154024+00:00
watermark_robustness,jack_straw_1.png,rotate_10_crop_10,rotate_crop,"{'degrees': 10, 'ratio': 0.1}",True,0.975694,0.453125,06b4de65,True,False,35.9472,0.912588,15.8361,0.1.0,3bcc6070f94e514764d324e397d61505df92186c,3.12.10,macOS-26.6.2-arm64-arm-64bit,2.5.3,42,cpu,opencv_yunet,landmark,insightface,spectral,dct,0.16,2026-09-13T09:31:58.154024+00:00
watermark_robustness,jack_straw_1.png,rotate_15,rotation,{'degrees': 15},True,0.929688,0.421875,06b4de65,True,False,35.9472,0.912588,13.6152,0.1.0,3bcc6070f94e514764d324e397d61505df92186c,3.12.10,macOS-26.6.2-arm64-arm-64bit,2.5.3,42,cpu,opencv_yunet,landmark,insightface,spectral,dct,0.16,2026-09-13T09:31:58.154024+00:00
watermark_robustness,jack_straw_1.png,rotate_2,rotation,{'degrees': 2},True,1.0,0.359375,06b4de65,True,False,35.9472,0.912588,21.7466,0.1.0,3bcc6070f94e514764d324e397d61505df92186c,3.12.10,macOS-26.6.2-arm64-arm-64bit,2.5.3,42,cpu,opencv_yunet,landmark,insightface,spectral,dct,0.16,2026-09-13T09:31:58.154024+00:00
watermark_robustness,jack_straw_1.png,rotate_20,rotation,{'degrees': 20},False,0.921224,0.484375,,False,False,35.9472,0.912588,13.0168,0.1.0,3bcc6070f94e514764d324e397d61505df92186c,3.12.10,macOS-26.6.2-arm64-arm-64bit,2.5.3,42,cpu,opencv_yunet,landmark,insightface,spectral,dct,0.16,2026-09-13T09:31:58.154024+00:00
watermark_robustness,jack_straw_1.png,rotate_25,rotation,{'degrees': 25},True,0.864583,0.484375,06b4de65,True,False,35.9472,0.912588,12.6977,0.1.0,3bcc6070f94e514764d324e397d61505df92186c,3.12.10,macOS-26.6.2-arm64-arm-64bit,2.5.3,42,cpu,opencv_yunet,landmark,insightface,spectral,dct,0.16,2026-09-13T09:31:58.154024+00:00
watermark_robustness,jack_straw_1.png,rotate_30,rotation,{'degrees': 30},False,0.882161,0.5,,False,False,35.9472,0.912588,12.4203,0.1.0,3bcc6070f94e514764d324e397d61505df92186c,3.12.10,macOS-26.6.2-arm64-arm-64bit,2.5.3,42,cpu,opencv_yunet,landmark,insightface,spectral,dct,0.16,2026-09-13T09:31:58.154024+00:00
watermark_robustness,jack_straw_1.png,rotate_5,rotation,{'degrees': 5},True,0.990234,0.40625,06b4de65,True,False,35.9472,0.912588,17.363,0.1.0,3bcc6070f94e514764d324e397d61505df92186c,3.12.10,macOS-26.6.2-arm64-arm-64bit,2.5.3,42,cpu,opencv_yunet,landmark,insightface,spectral,dct,0.16,2026-09-13T09:31:58.154024+00:00
watermark_robustness,jack_straw_1.png,rotate_5_crop_10,rotate_crop,"{'degrees': 5, 'ratio': 0.1}",True,0.996528,0.484375,06b4de65,True,False,35.9472,0.912588,15.7378,0.1.0,3bcc6070f94e514764d324e397d61505df92186c,3.12.10,macOS-26.6.2-arm64-arm-64bit,2.5.3,42,cpu,opencv_yunet,landmark,insightface,spectral,dct,0.16,2026-09-13T09:31:58.154024+00:00
watermark_robustness,jack_straw_1.png,rotate_5_crop_20,rotate_crop,"{'degrees': 5, 'ratio': 0.2}",True,1.0,0.484375,06b4de65,True,False,35.9472,0.912588,14.2298,0.1.0,3bcc6070f94e514764d324e397d61505df92186c,3.12.10,macOS-26.6.2-arm64-arm-64bit,2.5.3,42,cpu,opencv_yunet,landmark,insightface,spectral,dct,0.16,2026-09-13T09:31:58.154024+00:00
watermark_robustness,jack_straw_2.png,rotate_10,rotation,{'degrees': 10},True,0.953342,0.375,f7a5b92f,True,False,37.0197,0.868232,17.6431,0.1.0,3bcc6070f94e514764d324e397d61505df92186c,3.12.10,macOS-26.6.2-arm64-arm-64bit,2.5.3,42,cpu,opencv_yunet,landmark,insightface,spectral,dct,0.16,2026-09-13T09:31:58.154024+00:00
watermark_robustness,jack_straw_2.png,rotate_10_crop_10,rotate_crop,"{'degrees': 10, 'ratio': 0.1}",True,0.972222,0.53125,f7a5b92f,True,False,37.0197,0.868232,13.2881,0.1.0,3bcc6070f94e514764d324e397d61505df92186c,3.12.10,macOS-26.6.2-arm64-arm-64bit,2.5.3,42,cpu,opencv_yunet,landmark,insightface,spectral,dct,0.16,2026-09-13T09:31:58.154024+00:00
watermark_robustness,jack_straw_2.png,rotate_15,rotation,{'degrees': 15},True,0.934896,0.484375,f7a5b92f,True,False,37.0197,0.868232,16.4812,0.1.0,3bcc6070f94e514764d324e397d61505df92186c,3.12.10,macOS-26.6.2-arm64-arm-64bit,2.5.3,42,cpu,opencv_yunet,landmark,insightface,spectral,dct,0.16,2026-09-13T09:31:58.154024+00:00
watermark_robustness,jack_straw_2.png,rotate_2,rotation,{'degrees': 2},True,1.0,0.421875,f7a5b92f,True,False,37.0197,0.868232,24.4075,0.1.0,3bcc6070f94e514764d324e397d61505df92186c,3.12.10,macOS-26.6.2-arm64-arm-64bit,2.5.3,42,cpu,opencv_yunet,landmark,insightface,spectral,dct,0.16,2026-09-13T09:31:58.154024+00:00
watermark_robustness,jack_straw_2.png,rotate_20,rotation,{'degrees': 20},True,0.907118,0.578125,f7a5b92f,True,False,37.0197,0.868232,15.6479,0.1.0,3bcc6070f94e514764d324e397d61505df92186c,3.12.10,macOS-26.6.2-arm64-arm-64bit,2.5.3,42,cpu,opencv_yunet,landmark,insightface,spectral,dct,0.16,2026-09-13T09:31:58.154024+00:00
watermark_robustness,jack_straw_2.png,rotate_25,rotation,{'degrees': 25},True,0.886936,0.46875,f7a5b92f,True,False,37.0197,0.868232,14.9135,0.1.0,3bcc6070f94e514764d324e397d61505df92186c,3.12.10,macOS-26.6.2-arm64-arm-64bit,2.5.3,42,cpu,opencv_yunet,landmark,insightface,spectral,dct,0.16,2026-09-13T09:31:58.154024+00:00
watermark_robustness,jack_straw_2.png,rotate_30,rotation,{'degrees': 30},True,0.873698,0.5,f7a5b92f,True,False,37.0197,0.868232,14.343,0.1.0,3bcc6070f94e514764d324e397d61505df92186c,3.12.10,macOS-26.6.2-arm64-arm-64bit,2.5.3,42,cpu,opencv_yunet,landmark,insightface,spectral,dct,0.16,2026-09-13T09:31:58.154024+00:00
watermark_robustness,jack_straw_2.png,rotate_5,rotation,{'degrees': 5},True,0.986328,0.484375,f7a5b92f,True,False,37.0197,0.868232,20.1937,0.1.0,3bcc6070f94e514764d324e397d61505df92186c,3.12.10,macOS-26.6.2-arm64-arm-64bit,2.5.3,42,cpu,opencv_yunet,landmark,insightface,spectral,dct,0.16,2026-09-13T09:31:58.154024+00:00
watermark_robustness,jack_straw_2.png,rotate_5_crop_10,rotate_crop,"{'degrees': 5, 'ratio': 0.1}",True,0.993056,0.515625,f7a5b92f,True,False,37.0197,0.868232,13.3898,0.1.0,3bcc6070f94e514764d324e397d61505df92186c,3.12.10,macOS-26.6.2-arm64-arm-64bit,2.5.3,42,cpu,opencv_yunet,landmark,insightface,spectral,dct,0.16,2026-09-13T09:31:58.154024+00:00
watermark_robustness,jack_straw_2.png,rotate_5_crop_20,rotate_crop,"{'degrees': 5, 'ratio': 0.2}",True,1.0,0.4375,f7a5b92f,True,False,37.0197,0.868232,9.2115,0.1.0,3bcc6070f94e514764d324e397d61505df92186c,3.12.10,macOS-26.6.2-arm64-arm-64bit,2.5.3,42,cpu,opencv_yunet,landmark,insightface,spectral,dct,0.16,2026-09-13T09:31:58.154024+00:00
watermark_robustness,jack_straw_3.png,rotate_10,rotation,{'degrees': 10},True,0.953125,0.5,1eb507ce,True,False,36.426,0.897697,13.199,0.1.0,3bcc6070f94e514764d324e397d61505df92186c,3.12.10,macOS-26.6.2-arm64-arm-64bit,2.5.3,42,cpu,opencv_yunet,landmark,insightface,spectral,dct,0.16,2026-09-13T09:31:58.154024+00:00
watermark_robustness,jack_straw_3.png,rotate_10_crop_10,rotate_crop,"{'degrees': 10, 'ratio': 0.1}",True,0.96875,0.453125,1eb507ce,True,False,36.426,0.897697,11.8379,0.1.0,3bcc6070f94e514764d324e397d61505df92186c,3.12.10,macOS-26.6.2-arm64-arm-64bit,2.5.3,42,cpu,opencv_yunet,landmark,insightface,spectral,dct,0.16,2026-09-13T09:31:58.154024+00:00
watermark_robustness,jack_straw_3.png,rotate_15,rotation,{'degrees': 15},True,0.929688,0.40625,1eb507ce,True,False,36.426,0.897697,12.333,0.1.0,3bcc6070f94e514764d324e397d61505df92186c,3.12.10,macOS-26.6.2-arm64-arm-64bit,2.5.3,42,cpu,opencv_yunet,landmark,insightface,spectral,dct,0.16,2026-09-13T09:31:58.154024+00:00
watermark_robustness,jack_straw_3.png,rotate_2,rotation,{'degrees': 2},True,1.0,0.40625,1eb507ce,True,False,36.426,0.897697,19.9007,0.1.0,3bcc6070f94e514764d324e397d61505df92186c,3.12.10,macOS-26.6.2-arm64-arm-64bit,2.5.3,42,cpu,opencv_yunet,landmark,insightface,spectral,dct,0.16,2026-09-13T09:31:58.154024+00:00
watermark_robustness,jack_straw_3.png,rotate_20,rotation,{'degrees': 20},True,0.910156,0.359375,1eb507ce,True,False,36.426,0.897697,11.7245,0.1.0,3bcc6070f94e514764d324e397d61505df92186c,3.12.10,macOS-26.6.2-arm64-arm-64bit,2.5.3,42,cpu,opencv_yunet,landmark,insightface,spectral,dct,0.16,2026-09-13T09:31:58.154024+00:00
watermark_robustness,jack_straw_3.png,rotate_25,rotation,{'degrees': 25},True,0.885417,0.640625,1eb507ce,True,False,36.426,0.897697,11.2051,0.1.0,3bcc6070f94e514764d324e397d61505df92186c,3.12.10,macOS-26.6.2-arm64-arm-64bit,2.5.3,42,cpu,opencv_yunet,landmark,insightface,spectral,dct,0.16,2026-09-13T09:31:58.154024+00:00
watermark_robustness,jack_straw_3.png,rotate_30,rotation,{'degrees': 30},True,0.873698,0.4375,1eb507ce,True,False,36.426,0.897697,10.9048,0.1.0,3bcc6070f94e514764d324e397d61505df92186c,3.12.10,macOS-26.6.2-arm64-arm-64bit,2.5.3,42,cpu,opencv_yunet,landmark,insightface,spectral,dct,0.16,2026-09-13T09:31:58.154024+00:00
watermark_robustness,jack_straw_3.png,rotate_5,rotation,{'degrees': 5},True,0.980469,0.53125,1eb507ce,True,False,36.426,0.897697,15.6395,0.1.0,3bcc6070f94e514764d324e397d61505df92186c,3.12.10,macOS-26.6.2-arm64-arm-64bit,2.5.3,42,cpu,opencv_yunet,landmark,insightface,spectral,dct,0.16,2026-09-13T09:31:58.154024+00:00
watermark_robustness,jack_straw_3.png,rotate_5_crop_10,rotate_crop,"{'degrees': 5, 'ratio': 0.1}",True,0.996528,0.34375,1eb507ce,True,False,36.426,0.897697,12.2782,0.1.0,3bcc6070f94e514764d324e397d61505df92186c,3.12.10,macOS-26.6.2-arm64-arm-64bit,2.5.3,42,cpu,opencv_yunet,landmark,insightface,spectral,dct,0.16,2026-09-13T09:31:58.154024+00:00
watermark_robustness,jack_straw_3.png,rotate_5_crop_20,rotate_crop,"{'degrees': 5, 'ratio': 0.2}",True,1.0,0.40625,1eb507ce,True,False,36.426,0.897697,10.1348,0.1.0,3bcc6070f94e514764d324e397d61505df92186c,3.12.10,macOS-26.6.2-arm64-arm-64bit,2.5.3,42,cpu,opencv_yunet,landmark,insightface,spectral,dct,0.16,2026-09-13T09:31:58.154024+00:00
watermark_robustness,jack_straw_4.png,rotate_10,rotation,{'degrees': 10},True,0.958333,0.546875,43b26686,True,False,37.5595,0.897445,11.9132,0.1.0,3bcc6070f94e514764d324e397d61505df92186c,3.12.10,macOS-26.6.2-arm64-arm-64bit,2.5.3,42,cpu,opencv_yunet,landmark,insightface,spectral,dct,0.16,2026-09-13T09:31:58.154024+00:00
watermark_robustness,jack_straw_4.png,rotate_10_crop_10,rotate_crop,"{'degrees': 10, 'ratio': 0.1}",True,0.965278,0.515625,43b26686,True,False,37.5595,0.897445,8.6027,0.1.0,3bcc6070f94e514764d324e397d61505df92186c,3.12.10,macOS-26.6.2-arm64-arm-64bit,2.5.3,42,cpu,opencv_yunet,landmark,insightface,spectral,dct,0.16,2026-09-13T09:31:58.154024+00:00
watermark_robustness,jack_straw_4.png,rotate_15,rotation,{'degrees': 15},True,0.925781,0.5,43b26686,True,False,37.5595,0.897445,10.712,0.1.0,3bcc6070f94e514764d324e397d61505df92186c,3.12.10,macOS-26.6.2-arm64-arm-64bit,2.5.3,42,cpu,opencv_yunet,landmark,insightface,spectral,dct,0.16,2026-09-13T09:31:58.154024+00:00
watermark_robustness,jack_straw_4.png,rotate_2,rotation,{'degrees': 2},True,1.0,0.578125,43b26686,True,False,37.5595,0.897445,19.5235,0.1.0,3bcc6070f94e514764d324e397d61505df92186c,3.12.10,macOS-26.6.2-arm64-arm-64bit,2.5.3,42,cpu,opencv_yunet,landmark,insightface,spectral,dct,0.16,2026-09-13T09:31:58.154024+00:00
watermark_robustness,jack_straw_4.png,rotate_20,rotation,{'degrees': 20},True,0.908203,0.578125,43b26686,True,False,37.5595,0.897445,9.9754,0.1.0,3bcc6070f94e514764d324e397d61505df92186c,3.12.10,macOS-26.6.2-arm64-arm-64bit,2.5.3,42,cpu,opencv_yunet,landmark,insightface,spectral,dct,0.16,2026-09-13T09:31:58.154024+00:00
watermark_robustness,jack_straw_4.png,rotate_25,rotation,{'degrees': 25},True,0.890625,0.484375,43b26686,True,False,37.5595,0.897445,9.4095,0.1.0,3bcc6070f94e514764d324e397d61505df92186c,3.12.10,macOS-26.6.2-arm64-arm-64bit,2.5.3,42,cpu,opencv_yunet,landmark,insightface,spectral,dct,0.16,2026-09-13T09:31:58.154024+00:00
watermark_robustness,jack_straw_4.png,rotate_30,rotation,{'degrees': 30},True,0.884766,0.484375,43b26686,True,False,37.5595,0.897445,9.0497,0.1.0,3bcc6070f94e514764d324e397d61505df92186c,3.12.10,macOS-26.6.2-arm64-arm-64bit,2.5.3,42,cpu,opencv_yunet,landmark,insightface,spectral,dct,0.16,2026-09-13T09:31:58.154024+00:00
watermark_robustness,jack_straw_4.png,rotate_5,rotation,{'degrees': 5},True,0.990234,0.4375,43b26686,True,False,37.5595,0.897445,14.8138,0.1.0,3bcc6070f94e514764d324e397d61505df92186c,3.12.10,macOS-26.6.2-arm64-arm-64bit,2.5.3,42,cpu,opencv_yunet,landmark,insightface,spectral,dct,0.16,2026-09-13T09:31:58.154024+00:00
watermark_robustness,jack_straw_4.png,rotate_5_crop_10,rotate_crop,"{'degrees': 5, 'ratio': 0.1}",True,1.0,0.546875,43b26686,True,False,37.5595,0.897445,8.4137,0.1.0,3bcc6070f94e514764d324e397d61505df92186c,3.12.10,macOS-26.6.2-arm64-arm-64bit,2.5.3,42,cpu,opencv_yunet,landmark,insightface,spectral,dct,0.16,2026-09-13T09:31:58.154024+00:00
watermark_robustness,jack_straw_4.png,rotate_5_crop_20,rotate_crop,"{'degrees': 5, 'ratio': 0.2}",True,0.989583,0.453125,43b26686,True,False,37.5595,0.897445,6.6468,0.1.0,3bcc6070f94e514764d324e397d61505df92186c,3.12.10,macOS-26.6.2-arm64-arm-64bit,2.5.3,42,cpu,opencv_yunet,landmark,insightface,spectral,dct,0.16,2026-09-13T09:31:58.154024+00:00
watermark_robustness,jack_straw_5.png,rotate_10,rotation,{'degrees': 10},True,0.957031,0.5,c9c71787,True,False,36.0497,0.89686,13.1055,0.1.0,3bcc6070f94e514764d324e397d61505df92186c,3.12.10,macOS-26.6.2-arm64-arm-64bit,2.5.3,42,cpu,opencv_yunet,landmark,insightface,spectral,dct,0.16,2026-09-13T09:31:58.154024+00:00
watermark_robustness,jack_straw_5.png,rotate_10_crop_10,rotate_crop,"{'degrees': 10, 'ratio': 0.1}",True,0.965278,0.53125,c9c71787,True,False,36.0497,0.89686,12.9843,0.1.0,3bcc6070f94e514764d324e397d61505df92186c,3.12.10,macOS-26.6.2-arm64-arm-64bit,2.5.3,42,cpu,opencv_yunet,landmark,insightface,spectral,dct,0.16,2026-09-13T09:31:58.154024+00:00
watermark_robustness,jack_straw_5.png,rotate_15,rotation,{'degrees': 15},True,0.9375,0.421875,c9c71787,True,False,36.0497,0.89686,12.2237,0.1.0,3bcc6070f94e514764d324e397d61505df92186c,3.12.10,macOS-26.6.2-arm64-arm-64bit,2.5.3,42,cpu,opencv_yunet,landmark,insightface,spectral,dct,0.16,2026-09-13T09:31:58.154024+00:00
watermark_robustness,jack_straw_5.png,rotate_2,rotation,{'degrees': 2},True,1.0,0.5,c9c71787,True,False,36.0497,0.89686,20.1788,0.1.0,3bcc6070f94e514764d324e397d61505df92186c,3.12.10,macOS-26.6.2-arm64-arm-64bit,2.5.3,42,cpu,opencv_yunet,landmark,insightface,spectral,dct,0.16,2026-09-13T09:31:58.154024+00:00
watermark_robustness,jack_straw_5.png,rotate_20,rotation,{'degrees': 20},True,0.905599,0.515625,c9c71787,True,False,36.0497,0.89686,11.835,0.1.0,3bcc6070f94e514764d324e397d61505df92186c,3.12.10,macOS-26.6.2-arm64-arm-64bit,2.5.3,42,cpu,opencv_yunet,landmark,insightface,spectral,dct,0.16,2026-09-13T09:31:58.154024+00:00
watermark_robustness,jack_straw_5.png,rotate_25,rotation,{'degrees': 25},True,0.88151,0.5625,c9c71787,True,False,36.0497,0.89686,11.5133,0.1.0,3bcc6070f94e514764d324e397d61505df92186c,3.12.10,macOS-26.6.2-arm64-arm-64bit,2.5.3,42,cpu,opencv_yunet,landmark,insightface,spectral,dct,0.16,2026-09-13T09:31:58.154024+00:00
watermark_robustness,jack_straw_5.png,rotate_30,rotation,{'degrees': 30},True,0.874349,0.4375,c9c71787,True,False,36.0497,0.89686,11.3494,0.1.0,3bcc6070f94e514764d324e397d61505df92186c,3.12.10,macOS-26.6.2-arm64-arm-64bit,2.5.3,42,cpu,opencv_yunet,landmark,insightface,spectral,dct,0.16,2026-09-13T09:31:58.154024+00:00
watermark_robustness,jack_straw_5.png,rotate_5,rotation,{'degrees': 5},True,0.996094,0.625,c9c71787,True,False,36.0497,0.89686,15.7057,0.1.0,3bcc6070f94e514764d324e397d61505df92186c,3.12.10,macOS-26.6.2-arm64-arm-64bit,2.5.3,42,cpu,opencv_yunet,landmark,insightface,spectral,dct,0.16,2026-09-13T09:31:58.154024+00:00
watermark_robustness,jack_straw_5.png,rotate_5_crop_10,rotate_crop,"{'degrees': 5, 'ratio': 0.1}",True,0.993056,0.421875,c9c71787,True,False,36.0497,0.89686,12.9703,0.1.0,3bcc6070f94e514764d324e397d61505df92186c,3.12.10,macOS-26.6.2-arm64-arm-64bit,2.5.3,42,cpu,opencv_yunet,landmark,insightface,spectral,dct,0.16,2026-09-13T09:31:58.154024+00:00
watermark_robustness,jack_straw_5.png,rotate_5_crop_20,rotate_crop,"{'degrees': 5, 'ratio': 0.2}",True,0.994792,0.5,c9c71787,True,False,36.0497,0.89686,12.2027,0.1.0,3bcc6070f94e514764d324e397d61505df92186c,3.12.10,macOS-26.6.2-arm64-arm-64bit,2.5.3,42,cpu,opencv_yunet,landmark,insightface,spectral,dct,0.16,2026-09-13T09:31:58.154024+00:00
watermark_robustness,jack_straw_6.png,rotate_10,rotation,{'degrees': 10},True,0.947266,0.5625,1b1d92d9,True,False,35.8817,0.923883,12.331,0.1.0,3bcc6070f94e514764d324e397d61505df92186c,3.12.10,macOS-26.6.2-arm64-arm-64bit,2.5.3,42,cpu,opencv_yunet,landmark,insightface,spectral,dct,0.16,2026-09-13T09:31:58.154024+00:00
watermark_robustness,jack_straw_6.png,rotate_10_crop_10,rotate_crop,"{'degrees': 10, 'ratio': 0.1}",True,0.954861,0.59375,1b1d92d9,True,False,35.8817,0.923883,11.7701,0.1.0,3bcc6070f94e514764d324e397d61505df92186c,3.12.10,macOS-26.6.2-arm64-arm-64bit,2.5.3,42,cpu,opencv_yunet,landmark,insightface,spectral,dct,0.16,2026-09-13T09:31:58.154024+00:00
watermark_robustness,jack_straw_6.png,rotate_15,rotation,{'degrees': 15},True,0.940755,0.46875,1b1d92d9,True,False,35.8817,0.923883,10.9472,0.1.0,3bcc6070f94e514764d324e397d61505df92186c,3.12.10,macOS-26.6.2-arm64-arm-64bit,2.5.3,42,cpu,opencv_yunet,landmark,insightface,spectral,dct,0.16,2026-09-13T09:31:58.154024+00:00
watermark_robustness,jack_straw_6.png,rotate_2,rotation,{'degrees': 2},True,1.0,0.46875,1b1d92d9,True,False,35.8817,0.923883,19.4925,0.1.0,3bcc6070f94e514764d324e397d61505df92186c,3.12.10,macOS-26.6.2-arm64-arm-64bit,2.5.3,42,cpu,opencv_yunet,landmark,insightface,spectral,dct,0.16,2026-09-13T09:31:58.154024+00:00
watermark_robustness,jack_straw_6.png,rotate_20,rotation,{'degrees': 20},True,0.91276,0.5,1b1d92d9,True,False,35.8817,0.923883,10.0658,0.1.0,3bcc6070f94e514764d324e397d61505df92186c,3.12.10,macOS-26.6.2-arm64-arm-64bit,2.5.3,42,cpu,opencv_yunet,landmark,insightface,spectral,dct,0.16,2026-09-13T09:31:58.154024+00:00
watermark_robustness,jack_straw_6.png,rotate_25,rotation,{'degrees': 25},True,0.886068,0.46875,1b1d92d9,True,False,35.8817,0.923883,9.4888,0.1.0,3bcc6070f94e514764d324e397d61505df92186c,3.12.10,macOS-26.6.2-arm64-arm-64bit,2.5.3,42,cpu,opencv_yunet,landmark,insightface,spectral,dct,0.16,2026-09-13T09:31:58.154024+00:00
watermark_robustness,jack_straw_6.png,rotate_30,rotation,{'degrees': 30},True,0.85612,0.40625,1b1d92d9,True,False,35.8817,0.923883,9.0841,0.1.0,3bcc6070f94e514764d324e397d61505df92186c,3.12.10,macOS-26.6.2-arm64-arm-64bit,2.5.3,42,cpu,opencv_yunet,landmark,insightface,spectral,dct,0.16,2026-09-13T09:31:58.154024+00:00
watermark_robustness,jack_straw_6.png,rotate_5,rotation,{'degrees': 5},True,0.994141,0.546875,1b1d92d9,True,False,35.8817,0.923883,15.1804,0.1.0,3bcc6070f94e514764d324e397d61505df92186c,3.12.10,macOS-26.6.2-arm64-arm-64bit,2.5.3,42,cpu,opencv_yunet,landmark,insightface,spectral,dct,0.16,2026-09-13T09:31:58.154024+00:00
watermark_robustness,jack_straw_6.png,rotate_5_crop_10,rotate_crop,"{'degrees': 5, 'ratio': 0.1}",True,0.989583,0.40625,1b1d92d9,True,False,35.8817,0.923883,11.9114,0.1.0,3bcc6070f94e514764d324e397d61505df92186c,3.12.10,macOS-26.6.2-arm64-arm-64bit,2.5.3,42,cpu,opencv_yunet,landmark,insightface,spectral,dct,0.16,2026-09-13T09:31:58.154024+00:00
watermark_robustness,jack_straw_6.png,rotate_5_crop_20,rotate_crop,"{'degrees': 5, 'ratio': 0.2}",True,1.0,0.53125,1b1d92d9,True,False,35.8817,0.923883,10.246,0.1.0,3bcc6070f94e514764d324e397d61505df92186c,3.12.10,macOS-26.6.2-arm64-arm-64bit,2.5.3,42,cpu,opencv_yunet,landmark,insightface,spectral,dct,0.16,2026-09-13T09:31:58.154024+00:00
watermark_robustness,jack_straw_7.png,rotate_10,rotation,{'degrees': 10},True,0.972005,0.515625,33d291ac,True,False,36.1708,0.904064,14.0914,0.1.0,3bcc6070f94e514764d324e397d61505df92186c,3.12.10,macOS-26.6.2-arm64-arm-64bit,2.5.3,42,cpu,opencv_yunet,landmark,insightface,spectral,dct,0.16,2026-09-13T09:31:58.154024+00:00
watermark_robustness,jack_straw_7.png,rotate_10_crop_10,rotate_crop,"{'degrees': 10, 'ratio': 0.1}",False,0.979167,0.5,,False,False,36.1708,0.904064,13.0553,0.1.0,3bcc6070f94e514764d324e397d61505df92186c,3.12.10,macOS-26.6.2-arm64-arm-64bit,2.5.3,42,cpu,opencv_yunet,landmark,insightface,spectral,dct,0.16,2026-09-13T09:31:58.154024+00:00
watermark_robustness,jack_straw_7.png,rotate_15,rotation,{'degrees': 15},True,0.940755,0.5625,33d291ac,True,False,36.1708,0.904064,13.0223,0.1.0,3bcc6070f94e514764d324e397d61505df92186c,3.12.10,macOS-26.6.2-arm64-arm-64bit,2.5.3,42,cpu,opencv_yunet,landmark,insightface,spectral,dct,0.16,2026-09-13T09:31:58.154024+00:00
watermark_robustness,jack_straw_7.png,rotate_2,rotation,{'degrees': 2},True,1.0,0.390625,33d291ac,True,False,36.1708,0.904064,20.7625,0.1.0,3bcc6070f94e514764d324e397d61505df92186c,3.12.10,macOS-26.6.2-arm64-arm-64bit,2.5.3,42,cpu,opencv_yunet,landmark,insightface,spectral,dct,0.16,2026-09-13T09:31:58.154024+00:00
watermark_robustness,jack_straw_7.png,rotate_20,rotation,{'degrees': 20},True,0.912109,0.53125,33d291ac,True,False,36.1708,0.904064,12.4067,0.1.0,3bcc6070f94e514764d324e397d61505df92186c,3.12.10,macOS-26.6.2-arm64-arm-64bit,2.5.3,42,cpu,opencv_yunet,landmark,insightface,spectral,dct,0.16,2026-09-13T09:31:58.154024+00:00
watermark_robustness,jack_straw_7.png,rotate_25,rotation,{'degrees': 25},True,0.905599,0.5,33d291ac,True,False,36.1708,0.904064,12.1274,0.1.0,3bcc6070f94e514764d324e397d61505df92186c,3.12.10,macOS-26.6.2-arm64-arm-64bit,2.5.3,42,cpu,opencv_yunet,landmark,insightface,spectral,dct,0.16,2026-09-13T09:31:58.154024+00:00
watermark_robustness,jack_straw_7.png,rotate_30,rotation,{'degrees': 30},True,0.877604,0.453125,33d291ac,True,False,36.1708,0.904064,11.7916,0.1.0,3bcc6070f94e514764d324e397d61505df92186c,3.12.10,macOS-26.6.2-arm64-arm-64bit,2.5.3,42,cpu,opencv_yunet,landmark,insightface,spectral,dct,0.16,2026-09-13T09:31:58.154024+00:00
watermark_robustness,jack_straw_7.png,rotate_5,rotation,{'degrees': 5},True,0.998047,0.453125,33d291ac,True,False,36.1708,0.904064,16.6383,0.1.0,3bcc6070f94e514764d324e397d61505df92186c,3.12.10,macOS-26.6.2-arm64-arm-64bit,2.5.3,42,cpu,opencv_yunet,landmark,insightface,spectral,dct,0.16,2026-09-13T09:31:58.154024+00:00
watermark_robustness,jack_straw_7.png,rotate_5_crop_10,rotate_crop,"{'degrees': 5, 'ratio': 0.1}",True,0.996528,0.453125,33d291ac,True,False,36.1708,0.904064,13.9708,0.1.0,3bcc6070f94e514764d324e397d61505df92186c,3.12.10,macOS-26.6.2-arm64-arm-64bit,2.5.3,42,cpu,opencv_yunet,landmark,insightface,spectral,dct,0.16,2026-09-13T09:31:58.154024+00:00
watermark_robustness,jack_straw_7.png,rotate_5_crop_20,rotate_crop,"{'degrees': 5, 'ratio': 0.2}",True,1.0,0.5,33d291ac,True,False,36.1708,0.904064,11.3735,0.1.0,3bcc6070f94e514764d324e397d61505df92186c,3.12.10,macOS-26.6.2-arm64-arm-64bit,2.5.3,42,cpu,opencv_yunet,landmark,insightface,spectral,dct,0.16,2026-09-13T09:31:58.154024+00:00
watermark_robustness,jennifer_lopez_0.png,rotate_10,rotation,{'degrees': 10},True,0.957682,0.390625,f4c8cd39,True,False,36.0551,0.921173,12.579,0.1.0,3bcc6070f94e514764d324e397d61505df92186c,3.12.10,macOS-26.6.2-arm64-arm-64bit,2.5.3,42,cpu,opencv_yunet,landmark,insightface,spectral,dct,0.16,2026-09-13T09:31:58.154024+00:00
watermark_robustness,jennifer_lopez_0.png,rotate_10_crop_10,rotate_crop,"{'degrees': 10, 'ratio': 0.1}",True,0.961806,0.53125,f4c8cd39,True,False,36.0551,0.921173,10.7193,0.1.0,3bcc6070f94e514764d324e397d61505df92186c,3.12.10,macOS-26.6.2-arm64-arm-64bit,2.5.3,42,cpu,opencv_yunet,landmark,insightface,spectral,dct,0.16,2026-09-13T09:31:58.154024+00:00
watermark_robustness,jennifer_lopez_0.png,rotate_15,rotation,{'degrees': 15},True,0.942708,0.515625,f4c8cd39,True,False,36.0551,0.921173,11.135,0.1.0,3bcc6070f94e514764d324e397d61505df92186c,3.12.10,macOS-26.6.2-arm64-arm-64bit,2.5.3,42,cpu,opencv_yunet,landmark,insightface,spectral,dct,0.16,2026-09-13T09:31:58.154024+00:00
watermark_robustness,jennifer_lopez_0.png,rotate_2,rotation,{'degrees': 2},True,0.998047,0.375,f4c8cd39,True,False,36.0551,0.921173,19.4225,0.1.0,3bcc6070f94e514764d324e397d61505df92186c,3.12.10,macOS-26.6.2-arm64-arm-64bit,2.5.3,42,cpu,opencv_yunet,landmark,insightface,spectral,dct,0.16,2026-09-13T09:31:58.154024+00:00
watermark_robustness,jennifer_lopez_0.png,rotate_20,rotation,{'degrees': 20},True,0.920573,0.5,f4c8cd39,True,False,36.0551,0.921173,10.2855,0.1.0,3bcc6070f94e514764d324e397d61505df92186c,3.12.10,macOS-26.6.2-arm64-arm-64bit,2.5.3,42,cpu,opencv_yunet,landmark,insightface,spectral,dct,0.16,2026-09-13T09:31:58.154024+00:00
watermark_robustness,jennifer_lopez_0.png,rotate_25,rotation,{'degrees': 25},True,0.912109,0.390625,f4c8cd39,True,False,36.0551,0.921173,9.6908,0.1.0,3bcc6070f94e514764d324e397d61505df92186c,3.12.10,macOS-26.6.2-arm64-arm-64bit,2.5.3,42,cpu,opencv_yunet,landmark,insightface,spectral,dct,0.16,2026-09-13T09:31:58.154024+00:00
watermark_robustness,jennifer_lopez_0.png,rotate_30,rotation,{'degrees': 30},True,0.875651,0.390625,f4c8cd39,True,False,36.0551,0.921173,9.2028,0.1.0,3bcc6070f94e514764d324e397d61505df92186c,3.12.10,macOS-26.6.2-arm64-arm-64bit,2.5.3,42,cpu,opencv_yunet,landmark,insightface,spectral,dct,0.16,2026-09-13T09:31:58.154024+00:00
watermark_robustness,jennifer_lopez_0.png,rotate_5,rotation,{'degrees': 5},True,0.985677,0.515625,f4c8cd39,True,False,36.0551,0.921173,15.2623,0.1.0,3bcc6070f94e514764d324e397d61505df92186c,3.12.10,macOS-26.6.2-arm64-arm-64bit,2.5.3,42,cpu,opencv_yunet,landmark,insightface,spectral,dct,0.16,2026-09-13T09:31:58.154024+00:00
watermark_robustness,jennifer_lopez_0.png,rotate_5_crop_10,rotate_crop,"{'degrees': 5, 'ratio': 0.1}",True,0.996528,0.515625,f4c8cd39,True,False,36.0551,0.921173,11.2928,0.1.0,3bcc6070f94e514764d324e397d61505df92186c,3.12.10,macOS-26.6.2-arm64-arm-64bit,2.5.3,42,cpu,opencv_yunet,landmark,insightface,spectral,dct,0.16,2026-09-13T09:31:58.154024+00:00
watermark_robustness,jennifer_lopez_0.png,rotate_5_crop_20,rotate_crop,"{'degrees': 5, 'ratio': 0.2}",True,1.0,0.46875,f4c8cd39,True,False,36.0551,0.921173,9.2468,0.1.0,3bcc6070f94e514764d324e397d61505df92186c,3.12.10,macOS-26.6.2-arm64-arm-64bit,2.5.3,42,cpu,opencv_yunet,landmark,insightface,spectral,dct,0.16,2026-09-13T09:31:58.154024+00:00
watermark_robustness,jennifer_lopez_1.png,rotate_10,rotation,{'degrees': 10},True,0.950521,0.515625,aacdf8e8,True,False,36.0542,0.910026,11.2763,0.1.0,3bcc6070f94e514764d324e397d61505df92186c,3.12.10,macOS-26.6.2-arm64-arm-64bit,2.5.3,42,cpu,opencv_yunet,landmark,insightface,spectral,dct,0.16,2026-09-13T09:31:58.154024+00:00
watermark_robustness,jennifer_lopez_1.png,rotate_10_crop_10,rotate_crop,"{'degrees': 10, 'ratio': 0.1}",True,0.961806,0.5,aacdf8e8,True,False,36.0542,0.910026,11.672,0.1.0,3bcc6070f94e514764d324e397d61505df92186c,3.12.10,macOS-26.6.2-arm64-arm-64bit,2.5.3,42,cpu,opencv_yunet,landmark,insightface,spectral,dct,0.16,2026-09-13T09:31:58.154024+00:00
watermark_robustness,jennifer_lopez_1.png,rotate_15,rotation,{'degrees': 15},True,0.932943,0.46875,aacdf8e8,True,False,36.0542,0.910026,10.0389,0.1.0,3bcc6070f94e514764d324e397d61505df92186c,3.12.10,macOS-26.6.2-arm64-arm-64bit,2.5.3,42,cpu,opencv_yunet,landmark,insightface,spectral,dct,0.16,2026-09-13T09:31:58.154024+00:00
watermark_robustness,jennifer_lopez_1.png,rotate_2,rotation,{'degrees': 2},True,1.0,0.390625,aacdf8e8,True,False,36.0542,0.910026,17.6781,0.1.0,3bcc6070f94e514764d324e397d61505df92186c,3.12.10,macOS-26.6.2-arm64-arm-64bit,2.5.3,42,cpu,opencv_yunet,landmark,insightface,spectral,dct,0.16,2026-09-13T09:31:58.154024+00:00
watermark_robustness,jennifer_lopez_1.png,rotate_20,rotation,{'degrees': 20},True,0.912109,0.546875,aacdf8e8,True,False,36.0542,0.910026,9.2893,0.1.0,3bcc6070f94e514764d324e397d61505df92186c,3.12.10,macOS-26.6.2-arm64-arm-64bit,2.5.3,42,cpu,opencv_yunet,landmark,insightface,spectral,dct,0.16,2026-09-13T09:31:58.154024+00:00
watermark_robustness,jennifer_lopez_1.png,rotate_25,rotation,{'degrees': 25},True,0.89974,0.5625,aacdf8e8,True,False,36.0542,0.910026,8.7018,0.1.0,3bcc6070f94e514764d324e397d61505df92186c,3.12.10,macOS-26.6.2-arm64-arm-64bit,2.5.3,42,cpu,opencv_yunet,landmark,insightface,spectral,dct,0.16,2026-09-13T09:31:58.154024+00:00
watermark_robustness,jennifer_lopez_1.png,rotate_30,rotation,{'degrees': 30},True,0.88151,0.5625,aacdf8e8,True,False,36.0542,0.910026,8.2637,0.1.0,3bcc6070f94e514764d324e397d61505df92186c,3.12.10,macOS-26.6.2-arm64-arm-64bit,2.5.3,42,cpu,opencv_yunet,landmark,insightface,spectral,dct,0.16,2026-09-13T09:31:58.154024+00:00
watermark_robustness,jennifer_lopez_1.png,rotate_5,rotation,{'degrees': 5},True,0.988281,0.4375,aacdf8e8,True,False,36.0542,0.910026,13.708,0.1.0,3bcc6070f94e514764d324e397d61505df92186c,3.12.10,macOS-26.6.2-arm64-arm-64bit,2.5.3,42,cpu,opencv_yunet,landmark,insightface,spectral,dct,0.16,2026-09-13T09:31:58.154024+00:00
watermark_robustness,jennifer_lopez_1.png,rotate_5_crop_10,rotate_crop,"{'degrees': 5, 'ratio': 0.1}",True,0.989583,0.5,aacdf8e8,True,False,36.0542,0.910026,12.2877,0.1.0,3bcc6070f94e514764d324e397d61505df92186c,3.12.10,macOS-26.6.2-arm64-arm-64bit,2.5.3,42,cpu,opencv_yunet,landmark,insightface,spectral,dct,0.16,2026-09-13T09:31:58.154024+00:00
watermark_robustness,jennifer_lopez_1.png,rotate_5_crop_20,rotate_crop,"{'degrees': 5, 'ratio': 0.2}",True,1.0,0.609375,aacdf8e8,True,False,36.0542,0.910026,10.1841,0.1.0,3bcc6070f94e514764d324e397d61505df92186c,3.12.10,macOS-26.6.2-arm64-arm-64bit,2.5.3,42,cpu,opencv_yunet,landmark,insightface,spectral,dct,0.16,2026-09-13T09:31:58.154024+00:00
watermark_robustness,jennifer_lopez_2.png,rotate_10,rotation,{'degrees': 10},True,0.960286,0.515625,59283193,True,False,35.8981,0.930166,12.6828,0.1.0,3bcc6070f94e514764d324e397d61505df92186c,3.12.10,macOS-26.6.2-arm64-arm-64bit,2.5.3,42,cpu,opencv_yunet,landmark,insightface,spectral,dct,0.16,2026-09-13T09:31:58.154024+00:00
watermark_robustness,jennifer_lopez_2.png,rotate_10_crop_10,rotate_crop,"{'degrees': 10, 'ratio': 0.1}",True,0.975694,0.546875,59283193,True,False,35.8981,0.930166,11.6781,0.1.0,3bcc6070f94e514764d324e397d61505df92186c,3.12.10,macOS-26.6.2-arm64-arm-64bit,2.5.3,42,cpu,opencv_yunet,landmark,insightface,spectral,dct,0.16,2026-09-13T09:31:58.154024+00:00
watermark_robustness,jennifer_lopez_2.png,rotate_15,rotation,{'degrees': 15},True,0.942057,0.484375,59283193,True,False,35.8981,0.930166,11.6463,0.1.0,3bcc6070f94e514764d324e397d61505df92186c,3.12.10,macOS-26.6.2-arm64-arm-64bit,2.5.3,42,cpu,opencv_yunet,landmark,insightface,spectral,dct,0.16,2026-09-13T09:31:58.154024+00:00
watermark_robustness,jennifer_lopez_2.png,rotate_2,rotation,{'degrees': 2},True,0.998047,0.515625,59283193,True,False,35.8981,0.930166,18.237,0.1.0,3bcc6070f94e514764d324e397d61505df92186c,3.12.10,macOS-26.6.2-arm64-arm-64bit,2.5.3,42,cpu,opencv_yunet,landmark,insightface,spectral,dct,0.16,2026-09-13T09:31:58.154024+00:00
watermark_robustness,jennifer_lopez_2.png,rotate_20,rotation,{'degrees': 20},True,0.931641,0.578125,59283193,True,False,35.8981,0.930166,11.0396,0.1.0,3bcc6070f94e514764d324e397d61505df92186c,3.12.10,macOS-26.6.2-arm64-arm-64bit,2.5.3,42,cpu,opencv_yunet,landmark,insightface,spectral,dct,0.16,2026-09-13T09:31:58.154024+00:00
watermark_robustness,jennifer_lopez_2.png,rotate_25,rotation,{'degrees': 25},True,0.911458,0.453125,59283193,True,False,35.8981,0.930166,10.6985,0.1.0,3bcc6070f94e514764d324e397d61505df92186c,3.12.10,macOS-26.6.2-arm64-arm-64bit,2.5.3,42,cpu,opencv_yunet,landmark,insightface,spectral,dct,0.16,2026-09-13T09:31:58.154024+00:00
watermark_robustness,jennifer_lopez_2.png,rotate_30,rotation,{'degrees': 30},True,0.915365,0.515625,59283193,True,False,35.8981,0.930166,10.55,0.1.0,3bcc6070f94e514764d324e397d61505df92186c,3.12.10,macOS-26.6.2-arm64-arm-64bit,2.5.3,42,cpu,opencv_yunet,landmark,insightface,spectral,dct,0.16,2026-09-13T09:31:58.154024+00:00
watermark_robustness,jennifer_lopez_2.png,rotate_5,rotation,{'degrees': 5},True,0.994141,0.515625,59283193,True,False,35.8981,0.930166,14.6082,0.1.0,3bcc6070f94e514764d324e397d61505df92186c,3.12.10,macOS-26.6.2-arm64-arm-64bit,2.5.3,42,cpu,opencv_yunet,landmark,insightface,spectral,dct,0.16,2026-09-13T09:31:58.154024+00:00
watermark_robustness,jennifer_lopez_2.png,rotate_5_crop_10,rotate_crop,"{'degrees': 5, 'ratio': 0.1}",True,0.996528,0.59375,59283193,True,False,35.8981,0.930166,12.251,0.1.0,3bcc6070f94e514764d324e397d61505df92186c,3.12.10,macOS-26.6.2-arm64-arm-64bit,2.5.3,42,cpu,opencv_yunet,landmark,insightface,spectral,dct,0.16,2026-09-13T09:31:58.154024+00:00
watermark_robustness,jennifer_lopez_2.png,rotate_5_crop_20,rotate_crop,"{'degrees': 5, 'ratio': 0.2}",True,0.996528,0.59375,59283193,True,False,35.8981,0.930166,10.1431,0.1.0,3bcc6070f94e514764d324e397d61505df92186c,3.12.10,macOS-26.6.2-arm64-arm-64bit,2.5.3,42,cpu,opencv_yunet,landmark,insightface,spectral,dct,0.16,2026-09-13T09:31:58.154024+00:00
watermark_robustness,jennifer_lopez_3.png,rotate_10,rotation,{'degrees': 10},True,0.96224,0.453125,67abf7a1,True,False,35.9442,0.919839,11.2444,0.1.0,3bcc6070f94e514764d324e397d61505df92186c,3.12.10,macOS-26.6.2-arm64-arm-64bit,2.5.3,42,cpu,opencv_yunet,landmark,insightface,spectral,dct,0.16,2026-09-13T09:31:58.154024+00:00
watermark_robustness,jennifer_lopez_3.png,rotate_10_crop_10,rotate_crop,"{'degrees': 10, 'ratio': 0.1}",True,0.961806,0.375,67abf7a1,True,False,35.9442,0.919839,9.6633,0.1.0,3bcc6070f94e514764d324e397d61505df92186c,3.12.10,macOS-26.6.2-arm64-arm-64bit,2.5.3,42,cpu,opencv_yunet,landmark,insightface,spectral,dct,0.16,2026-09-13T09:31:58.154024+00:00
watermark_robustness,jennifer_lopez_3.png,rotate_15,rotation,{'degrees': 15},True,0.904948,0.390625,67abf7a1,True,False,35.9442,0.919839,9.9211,0.1.0,3bcc6070f94e514764d324e397d61505df92186c,3.12.10,macOS-26.6.2-arm64-arm-64bit,2.5.3,42,cpu,opencv_yunet,landmark,insightface,spectral,dct,0.16,2026-09-13T09:31:58.154024+00:00
watermark_robustness,jennifer_lopez_3.png,rotate_2,rotation,{'degrees': 2},True,0.998047,0.46875,67abf7a1,True,False,35.9442,0.919839,18.0131,0.1.0,3bcc6070f94e514764d324e397d61505df92186c,3.12.10,macOS-26.6.2-arm64-arm-64bit,2.5.3,42,cpu,opencv_yunet,landmark,insightface,spectral,dct,0.16,2026-09-13T09:31:58.154024+00:00
watermark_robustness,jennifer_lopez_3.png,rotate_20,rotation,{'degrees': 20},True,0.891927,0.40625,67abf7a1,True,False,35.9442,0.919839,9.0887,0.1.0,3bcc6070f94e514764d324e397d61505df92186c,3.12.10,macOS-26.6.2-arm64-arm-64bit,2.5.3,42,cpu,opencv_yunet,landmark,insightface,spectral,dct,0.16,2026-09-13T09:31:58.154024+00:00
watermark_robustness,jennifer_lopez_3.png,rotate_25,rotation,{'degrees': 25},True,0.874349,0.453125,67abf7a1,True,False,35.9442,0.919839,8.5249,0.1.0,3bcc6070f94e514764d324e397d61505df92186c,3.12.10,macOS-26.6.2-arm64-arm-64bit,2.5.3,42,cpu,opencv_yunet,landmark,insightface,spectral,dct,0.16,2026-09-13T09:31:58.154024+00:00
watermark_robustness,jennifer_lopez_3.png,rotate_30,rotation,{'degrees': 30},True,0.878906,0.46875,67abf7a1,True,False,35.9442,0.919839,8.1818,0.1.0,3bcc6070f94e514764d324e397d61505df92186c,3.12.10,macOS-26.6.2-arm64-arm-64bit,2.5.3,42,cpu,opencv_yunet,landmark,insightface,spectral,dct,0.16,2026-09-13T09:31:58.154024+00:00
watermark_robustness,jennifer_lopez_3.png,rotate_5,rotation,{'degrees': 5},True,0.985677,0.578125,67abf7a1,True,False,35.9442,0.919839,13.9492,0.1.0,3bcc6070f94e514764d324e397d61505df92186c,3.12.10,macOS-26.6.2-arm64-arm-64bit,2.5.3,42,cpu,opencv_yunet,landmark,insightface,spectral,dct,0.16,2026-09-13T09:31:58.154024+00:00
watermark_robustness,jennifer_lopez_3.png,rotate_5_crop_10,rotate_crop,"{'degrees': 5, 'ratio': 0.1}",True,0.989583,0.390625,67abf7a1,True,False,35.9442,0.919839,9.8027,0.1.0,3bcc6070f94e514764d324e397d61505df92186c,3.12.10,macOS-26.6.2-arm64-arm-64bit,2.5.3,42,cpu,opencv_yunet,landmark,insightface,spectral,dct,0.16,2026-09-13T09:31:58.154024+00:00
watermark_robustness,jennifer_lopez_3.png,rotate_5_crop_20,rotate_crop,"{'degrees': 5, 'ratio': 0.2}",True,1.0,0.453125,67abf7a1,True,False,35.9442,0.919839,7.9598,0.1.0,3bcc6070f94e514764d324e397d61505df92186c,3.12.10,macOS-26.6.2-arm64-arm-64bit,2.5.3,42,cpu,opencv_yunet,landmark,insightface,spectral,dct,0.16,2026-09-13T09:31:58.154024+00:00
watermark_robustness,jennifer_lopez_4.png,rotate_10,rotation,{'degrees': 10},True,0.973958,0.421875,a585a625,True,False,36.8644,0.91504,15.1837,0.1.0,3bcc6070f94e514764d324e397d61505df92186c,3.12.10,macOS-26.6.2-arm64-arm-64bit,2.5.3,42,cpu,opencv_yunet,landmark,insightface,spectral,dct,0.16,2026-09-13T09:31:58.154024+00:00
watermark_robustness,jennifer_lopez_4.png,rotate_10_crop_10,rotate_crop,"{'degrees': 10, 'ratio': 0.1}",True,0.982639,0.4375,a585a625,True,False,36.8644,0.91504,13.1078,0.1.0,3bcc6070f94e514764d324e397d61505df92186c,3.12.10,macOS-26.6.2-arm64-arm-64bit,2.5.3,42,cpu,opencv_yunet,landmark,insightface,spectral,dct,0.16,2026-09-13T09:31:58.154024+00:00
watermark_robustness,jennifer_lopez_4.png,rotate_15,rotation,{'degrees': 15},True,0.940104,0.5,a585a625,True,False,36.8644,0.91504,13.7649,0.1.0,3bcc6070f94e514764d324e397d61505df92186c,3.12.10,macOS-26.6.2-arm64-arm-64bit,2.5.3,42,cpu,opencv_yunet,landmark,insightface,spectral,dct,0.16,2026-09-13T09:31:58.154024+00:00
watermark_robustness,jennifer_lopez_4.png,rotate_2,rotation,{'degrees': 2},True,1.0,0.40625,a585a625,True,False,36.8644,0.91504,22.758,0.1.0,3bcc6070f94e514764d324e397d61505df92186c,3.12.10,macOS-26.6.2-arm64-arm-64bit,2.5.3,42,cpu,opencv_yunet,landmark,insightface,spectral,dct,0.16,2026-09-13T09:31:58.154024+00:00
watermark_robustness,jennifer_lopez_4.png,rotate_20,rotation,{'degrees': 20},True,0.933377,0.5,a585a625,True,False,36.8644,0.91504,12.833,0.1.0,3bcc6070f94e514764d324e397d61505df92186c,3.12.10,macOS-26.6.2-arm64-arm-64bit,2.5.3,42,cpu,opencv_yunet,landmark,insightface,spectral,dct,0.16,2026-09-13T09:31:58.154024+00:00
watermark_robustness,jennifer_lopez_4.png,rotate_25,rotation,{'degrees': 25},True,0.907769,0.5,a585a625,True,False,36.8644,0.91504,12.1371,0.1.0,3bcc6070f94e514764d324e397d61505df92186c,3.12.10,macOS-26.6.2-arm64-arm-64bit,2.5.3,42,cpu,opencv_yunet,landmark,insightface,spectral,dct,0.16,2026-09-13T09:31:58.154024+00:00
watermark_robustness,jennifer_lopez_4.png,rotate_30,rotation,{'degrees': 30},True,0.903646,0.578125,a585a625,True,False,36.8644,0.91504,11.5759,0.1.0,3bcc6070f94e514764d324e397d61505df92186c,3.12.10,macOS-26.6.2-arm64-arm-64bit,2.5.3,42,cpu,opencv_yunet,landmark,insightface,spectral,dct,0.16,2026-09-13T09:31:58.154024+00:00
watermark_robustness,jennifer_lopez_4.png,rotate_5,rotation,{'degrees': 5},True,0.986328,0.59375,a585a625,True,False,36.8644,0.91504,18.1165,0.1.0,3bcc6070f94e514764d324e397d61505df92186c,3.12.10,macOS-26.6.2-arm64-arm-64bit,2.5.3,42,cpu,opencv_yunet,landmark,insightface,spectral,dct,0.16,2026-09-13T09:31:58.154024+00:00
watermark_robustness,jennifer_lopez_4.png,rotate_5_crop_10,rotate_crop,"{'degrees': 5, 'ratio': 0.1}",True,0.996528,0.578125,a585a625,True,False,36.8644,0.91504,13.5415,0.1.0,3bcc6070f94e514764d324e397d61505df92186c,3.12.10,macOS-26.6.2-arm64-arm-64bit,2.5.3,42,cpu,opencv_yunet,landmark,insightface,spectral,dct,0.16,2026-09-13T09:31:58.154024+00:00
watermark_robustness,jennifer_lopez_4.png,rotate_5_crop_20,rotate_crop,"{'degrees': 5, 'ratio': 0.2}",True,0.991319,0.5625,a585a625,True,False,36.8644,0.91504,10.054,0.1.0,3bcc6070f94e514764d324e397d61505df92186c,3.12.10,macOS-26.6.2-arm64-arm-64bit,2.5.3,42,cpu,opencv_yunet,landmark,insightface,spectral,dct,0.16,2026-09-13T09:31:58.154024+00:00
watermark_robustness,jennifer_lopez_5.png,rotate_10,rotation,{'degrees': 10},True,0.953125,0.515625,4d18b064,True,False,36.0466,0.911487,12.3144,0.1.0,3bcc6070f94e514764d324e397d61505df92186c,3.12.10,macOS-26.6.2-arm64-arm-64bit,2.5.3,42,cpu,opencv_yunet,landmark,insightface,spectral,dct,0.16,2026-09-13T09:31:58.154024+00:00
watermark_robustness,jennifer_lopez_5.png,rotate_10_crop_10,rotate_crop,"{'degrees': 10, 'ratio': 0.1}",True,0.961806,0.375,4d18b064,True,False,36.0466,0.911487,12.9488,0.1.0,3bcc6070f94e514764d324e397d61505df92186c,3.12.10,macOS-26.6.2-arm64-arm-64bit,2.5.3,42,cpu,opencv_yunet,landmark,insightface,spectral,dct,0.16,2026-09-13T09:31:58.154024+00:00
watermark_robustness,jennifer_lopez_5.png,rotate_15,rotation,{'degrees': 15},True,0.934896,0.5625,4d18b064,True,False,36.0466,0.911487,11.1703,0.1.0,3bcc6070f94e514764d324e397d61505df92186c,3.12.10,macOS-26.6.2-arm64-arm-64bit,2.5.3,42,cpu,opencv_yunet,landmark,insightface,spectral,dct,0.16,2026-09-13T09:31:58.154024+00:00
watermark_robustness,jennifer_lopez_5.png,rotate_2,rotation,{'degrees': 2},True,1.0,0.359375,4d18b064,True,False,36.0466,0.911487,18.8637,0.1.0,3bcc6070f94e514764d324e397d61505df92186c,3.12.10,macOS-26.6.2-arm64-arm-64bit,2.5.3,42,cpu,opencv_yunet,landmark,insightface,spectral,dct,0.16,2026-09-13T09:31:58.154024+00:00
watermark_robustness,jennifer_lopez_5.png,rotate_20,rotation,{'degrees': 20},True,0.915365,0.484375,4d18b064,True,False,36.0466,0.911487,10.4272,0.1.0,3bcc6070f94e514764d324e397d61505df92186c,3.12.10,macOS-26.6.2-arm64-arm-64bit,2.5.3,42,cpu,opencv_yunet,landmark,insightface,spectral,dct,0.16,2026-09-13T09:31:58.154024+00:00
watermark_robustness,jennifer_lopez_5.png,rotate_25,rotation,{'degrees': 25},True,0.902995,0.4375,4d18b064,True,False,36.0466,0.911487,9.8428,0.1.0,3bcc6070f94e514764d324e397d61505df92186c,3.12.10,macOS-26.6.2-arm64-arm-64bit,2.5.3,42,cpu,opencv_yunet,landmark,insightface,spectral,dct,0.16,2026-09-13T09:31:58.154024+00:00
watermark_robustness,jennifer_lopez_5.png,rotate_30,rotation,{'degrees': 30},True,0.885417,0.53125,4d18b064,True,False,36.0466,0.911487,9.4476,0.1.0,3bcc6070f94e514764d324e397d61505df92186c,3.12.10,macOS-26.6.2-arm64-arm-64bit,2.5.3,42,cpu,opencv_yunet,landmark,insightface,spectral,dct,0.16,2026-09-13T09:31:58.154024+00:00
watermark_robustness,jennifer_lopez_5.png,rotate_5,rotation,{'degrees': 5},True,0.992188,0.546875,4d18b064,True,False,36.0466,0.911487,14.8527,0.1.0,3bcc6070f94e514764d324e397d61505df92186c,3.12.10,macOS-26.6.2-arm64-arm-64bit,2.5.3,42,cpu,opencv_yunet,landmark,insightface,spectral,dct,0.16,2026-09-13T09:31:58.154024+00:00
watermark_robustness,jennifer_lopez_5.png,rotate_5_crop_10,rotate_crop,"{'degrees': 5, 'ratio': 0.1}",True,0.986111,0.4375,4d18b064,True,False,36.0466,0.911487,13.41,0.1.0,3bcc6070f94e514764d324e397d61505df92186c,3.12.10,macOS-26.6.2-arm64-arm-64bit,2.5.3,42,cpu,opencv_yunet,landmark,insightface,spectral,dct,0.16,2026-09-13T09:31:58.154024+00:00
watermark_robustness,jennifer_lopez_5.png,rotate_5_crop_20,rotate_crop,"{'degrees': 5, 'ratio': 0.2}",True,1.0,0.5,4d18b064,True,False,36.0466,0.911487,10.9683,0.1.0,3bcc6070f94e514764d324e397d61505df92186c,3.12.10,macOS-26.6.2-arm64-arm-64bit,2.5.3,42,cpu,opencv_yunet,landmark,insightface,spectral,dct,0.16,2026-09-13T09:31:58.154024+00:00
watermark_robustness,jennifer_lopez_6.png,rotate_10,rotation,{'degrees': 10},True,0.953776,0.375,135d2a62,True,False,36.0432,0.884719,16.2306,0.1.0,3bcc6070f94e514764d324e397d61505df92186c,3.12.10,macOS-26.6.2-arm64-arm-64bit,2.5.3,42,cpu,opencv_yunet,landmark,insightface,spectral,dct,0.16,2026-09-13T09:31:58.154024+00:00
watermark_robustness,jennifer_lopez_6.png,rotate_10_crop_10,rotate_crop,"{'degrees': 10, 'ratio': 0.1}",True,0.965278,0.578125,135d2a62,True,False,36.0432,0.884719,16.5825,0.1.0,3bcc6070f94e514764d324e397d61505df92186c,3.12.10,macOS-26.6.2-arm64-arm-64bit,2.5.3,42,cpu,opencv_yunet,landmark,insightface,spectral,dct,0.16,2026-09-13T09:31:58.154024+00:00
watermark_robustness,jennifer_lopez_6.png,rotate_15,rotation,{'degrees': 15},True,0.927734,0.46875,135d2a62,True,False,36.0432,0.884719,14.8182,0.1.0,3bcc6070f94e514764d324e397d61505df92186c,3.12.10,macOS-26.6.2-arm64-arm-64bit,2.5.3,42,cpu,opencv_yunet,landmark,insightface,spectral,dct,0.16,2026-09-13T09:31:58.154024+00:00
watermark_robustness,jennifer_lopez_6.png,rotate_2,rotation,{'degrees': 2},True,1.0,0.4375,135d2a62,True,False,36.0432,0.884719,22.9085,0.1.0,3bcc6070f94e514764d324e397d61505df92186c,3.12.10,macOS-26.6.2-arm64-arm-64bit,2.5.3,42,cpu,opencv_yunet,landmark,insightface,spectral,dct,0.16,2026-09-13T09:31:58.154024+00:00
watermark_robustness,jennifer_lopez_6.png,rotate_20,rotation,{'degrees': 20},True,0.910156,0.546875,135d2a62,True,False,36.0432,0.884719,13.915,0.1.0,3bcc6070f94e514764d324e397d61505df92186c,3.12.10,macOS-26.6.2-arm64-arm-64bit,2.5.3,42,cpu,opencv_yunet,landmark,insightface,spectral,dct,0.16,2026-09-13T09:31:58.154024+00:00
watermark_robustness,jennifer_lopez_6.png,rotate_25,rotation,{'degrees': 25},True,0.869141,0.53125,135d2a62,True,False,36.0432,0.884719,13.2741,0.1.0,3bcc6070f94e514764d324e397d61505df92186c,3.12.10,macOS-26.6.2-arm64-arm-64bit,2.5.3,42,cpu,opencv_yunet,landmark,insightface,spectral,dct,0.16,2026-09-13T09:31:58.154024+00:00
watermark_robustness,jennifer_lopez_6.png,rotate_30,rotation,{'degrees': 30},True,0.867188,0.46875,135d2a62,True,False,36.0432,0.884719,12.8328,0.1.0,3bcc6070f94e514764d324e397d61505df92186c,3.12.10,macOS-26.6.2-arm64-arm-64bit,2.5.3,42,cpu,opencv_yunet,landmark,insightface,spectral,dct,0.16,2026-09-13T09:31:58.154024+00:00
watermark_robustness,jennifer_lopez_6.png,rotate_5,rotation,{'degrees': 5},True,1.0,0.484375,135d2a62,True,False,36.0432,0.884719,18.9437,0.1.0,3bcc6070f94e514764d324e397d61505df92186c,3.12.10,macOS-26.6.2-arm64-arm-64bit,2.5.3,42,cpu,opencv_yunet,landmark,insightface,spectral,dct,0.16,2026-09-13T09:31:58.154024+00:00
watermark_robustness,jennifer_lopez_6.png,rotate_5_crop_10,rotate_crop,"{'degrees': 5, 'ratio': 0.1}",True,0.993056,0.359375,135d2a62,True,False,36.0432,0.884719,17.0604,0.1.0,3bcc6070f94e514764d324e397d61505df92186c,3.12.10,macOS-26.6.2-arm64-arm-64bit,2.5.3,42,cpu,opencv_yunet,landmark,insightface,spectral,dct,0.16,2026-09-13T09:31:58.154024+00:00
watermark_robustness,jennifer_lopez_6.png,rotate_5_crop_20,rotate_crop,"{'degrees': 5, 'ratio': 0.2}",True,1.0,0.359375,135d2a62,True,False,36.0432,0.884719,13.6164,0.1.0,3bcc6070f94e514764d324e397d61505df92186c,3.12.10,macOS-26.6.2-arm64-arm-64bit,2.5.3,42,cpu,opencv_yunet,landmark,insightface,spectral,dct,0.16,2026-09-13T09:31:58.154024+00:00
watermark_robustness,jennifer_lopez_7.png,rotate_10,rotation,{'degrees': 10},True,0.970052,0.5,93e427e8,True,False,36.1275,0.901616,14.4681,0.1.0,3bcc6070f94e514764d324e397d61505df92186c,3.12.10,macOS-26.6.2-arm64-arm-64bit,2.5.3,42,cpu,opencv_yunet,landmark,insightface,spectral,dct,0.16,2026-09-13T09:31:58.154024+00:00
watermark_robustness,jennifer_lopez_7.png,rotate_10_crop_10,rotate_crop,"{'degrees': 10, 'ratio': 0.1}",True,0.982639,0.46875,93e427e8,True,False,36.1275,0.901616,14.2257,0.1.0,3bcc6070f94e514764d324e397d61505df92186c,3.12.10,macOS-26.6.2-arm64-arm-64bit,2.5.3,42,cpu,opencv_yunet,landmark,insightface,spectral,dct,0.16,2026-09-13T09:31:58.154024+00:00
watermark_robustness,jennifer_lopez_7.png,rotate_15,rotation,{'degrees': 15},True,0.938802,0.515625,93e427e8,True,False,36.1275,0.901616,13.0956,0.1.0,3bcc6070f94e514764d324e397d61505df92186c,3.12.10,macOS-26.6.2-arm64-arm-64bit,2.5.3,42,cpu,opencv_yunet,landmark,insightface,spectral,dct,0.16,2026-09-13T09:31:58.154024+00:00
watermark_robustness,jennifer_lopez_7.png,rotate_2,rotation,{'degrees': 2},True,1.0,0.484375,93e427e8,True,False,36.1275,0.901616,21.4332,0.1.0,3bcc6070f94e514764d324e397d61505df92186c,3.12.10,macOS-26.6.2-arm64-arm-64bit,2.5.3,42,cpu,opencv_yunet,landmark,insightface,spectral,dct,0.16,2026-09-13T09:31:58.154024+00:00
watermark_robustness,jennifer_lopez_7.png,rotate_20,rotation,{'degrees': 20},True,0.926432,0.5625,93e427e8,True,False,36.1275,0.901616,12.3926,0.1.0,3bcc6070f94e514764d324e397d61505df92186c,3.12.10,macOS-26.6.2-arm64-arm-64bit,2.5.3,42,cpu,opencv_yunet,landmark,insightface,spectral,dct,0.16,2026-09-13T09:31:58.154024+00:00
watermark_robustness,jennifer_lopez_7.png,rotate_25,rotation,{'degrees': 25},True,0.914714,0.46875,93e427e8,True,False,36.1275,0.901616,12.0109,0.1.0,3bcc6070f94e514764d324e397d61505df92186c,3.12.10,macOS-26.6.2-arm64-arm-64bit,2.5.3,42,cpu,opencv_yunet,landmark,insightface,spectral,dct,0.16,2026-09-13T09:31:58.154024+00:00
watermark_robustness,jennifer_lopez_7.png,rotate_30,rotation,{'degrees': 30},True,0.896484,0.546875,93e427e8,True,False,36.1275,0.901616,11.7928,0.1.0,3bcc6070f94e514764d324e397d61505df92186c,3.12.10,macOS-26.6.2-arm64-arm-64bit,2.5.3,42,cpu,opencv_yunet,landmark,insightface,spectral,dct,0.16,2026-09-13T09:31:58.154024+00:00
watermark_robustness,jennifer_lopez_7.png,rotate_5,rotation,{'degrees': 5},True,0.998047,0.59375,93e427e8,True,False,36.1275,0.901616,17.35,0.1.0,3bcc6070f94e514764d324e397d61505df92186c,3.12.10,macOS-26.6.2-arm64-arm-64bit,2.5.3,42,cpu,opencv_yunet,landmark,insightface,spectral,dct,0.16,2026-09-13T09:31:58.154024+00:00
watermark_robustness,jennifer_lopez_7.png,rotate_5_crop_10,rotate_crop,"{'degrees': 5, 'ratio': 0.1}",True,0.996528,0.515625,93e427e8,True,False,36.1275,0.901616,14.6975,0.1.0,3bcc6070f94e514764d324e397d61505df92186c,3.12.10,macOS-26.6.2-arm64-arm-64bit,2.5.3,42,cpu,opencv_yunet,landmark,insightface,spectral,dct,0.16,2026-09-13T09:31:58.154024+00:00
watermark_robustness,jennifer_lopez_7.png,rotate_5_crop_20,rotate_crop,"{'degrees': 5, 'ratio': 0.2}",True,1.0,0.484375,93e427e8,True,False,36.1275,0.901616,12.3035,0.1.0,3bcc6070f94e514764d324e397d61505df92186c,3.12.10,macOS-26.6.2-arm64-arm-64bit,2.5.3,42,cpu,opencv_yunet,landmark,insightface,spectral,dct,0.16,2026-09-13T09:31:58.154024+00:00
watermark_robustness,jerry_springer_0.png,rotate_10,rotation,{'degrees': 10},True,0.974826,0.453125,2fa23d55,True,False,36.2856,0.932425,13.0008,0.1.0,3bcc6070f94e514764d324e397d61505df92186c,3.12.10,macOS-26.6.2-arm64-arm-64bit,2.5.3,42,cpu,opencv_yunet,landmark,insightface,spectral,dct,0.16,2026-09-13T09:31:58.154024+00:00
watermark_robustness,jerry_springer_0.png,rotate_10_crop_10,rotate_crop,"{'degrees': 10, 'ratio': 0.1}",True,0.96875,0.53125,2fa23d55,True,False,36.2856,0.932425,11.1116,0.1.0,3bcc6070f94e514764d324e397d61505df92186c,3.12.10,macOS-26.6.2-arm64-arm-64bit,2.5.3,42,cpu,opencv_yunet,landmark,insightface,spectral,dct,0.16,2026-09-13T09:31:58.154024+00:00
watermark_robustness,jerry_springer_0.png,rotate_15,rotation,{'degrees': 15},True,0.949436,0.46875,2fa23d55,True,False,36.2856,0.932425,11.8338,0.1.0,3bcc6070f94e514764d324e397d61505df92186c,3.12.10,macOS-26.6.2-arm64-arm-64bit,2.5.3,42,cpu,opencv_yunet,landmark,insightface,spectral,dct,0.16,2026-09-13T09:31:58.154024+00:00
watermark_robustness,jerry_springer_0.png,rotate_2,rotation,{'degrees': 2},True,0.997396,0.40625,2fa23d55,True,False,36.2856,0.932425,20.104,0.1.0,3bcc6070f94e514764d324e397d61505df92186c,3.12.10,macOS-26.6.2-arm64-arm-64bit,2.5.3,42,cpu,opencv_yunet,landmark,insightface,spectral,dct,0.16,2026-09-13T09:31:58.154024+00:00
watermark_robustness,jerry_springer_0.png,rotate_20,rotation,{'degrees': 20},True,0.91862,0.484375,2fa23d55,True,False,36.2856,0.932425,11.313,0.1.0,3bcc6070f94e514764d324e397d61505df92186c,3.12.10,macOS-26.6.2-arm64-arm-64bit,2.5.3,42,cpu,opencv_yunet,landmark,insightface,spectral,dct,0.16,2026-09-13T09:31:58.154024+00:00
watermark_robustness,jerry_springer_0.png,rotate_25,rotation,{'degrees': 25},True,0.90191,0.484375,2fa23d55,True,False,36.2856,0.932425,11.0206,0.1.0,3bcc6070f94e514764d324e397d61505df92186c,3.12.10,macOS-26.6.2-arm64-arm-64bit,2.5.3,42,cpu,opencv_yunet,landmark,insightface,spectral,dct,0.16,2026-09-13T09:31:58.154024+00:00
watermark_robustness,jerry_springer_0.png,rotate_30,rotation,{'degrees': 30},True,0.902561,0.578125,2fa23d55,True,False,36.2856,0.932425,10.7657,0.1.0,3bcc6070f94e514764d324e397d61505df92186c,3.12.10,macOS-26.6.2-arm64-arm-64bit,2.5.3,42,cpu,opencv_yunet,landmark,insightface,spectral,dct,0.16,2026-09-13T09:31:58.154024+00:00
watermark_robustness,jerry_springer_0.png,rotate_5,rotation,{'degrees': 5},True,0.989583,0.5,2fa23d55,True,False,36.2856,0.932425,15.7619,0.1.0,3bcc6070f94e514764d324e397d61505df92186c,3.12.10,macOS-26.6.2-arm64-arm-64bit,2.5.3,42,cpu,opencv_yunet,landmark,insightface,spectral,dct,0.16,2026-09-13T09:31:58.154024+00:00
watermark_robustness,jerry_springer_0.png,rotate_5_crop_10,rotate_crop,"{'degrees': 5, 'ratio': 0.1}",True,0.993056,0.421875,2fa23d55,True,False,36.2856,0.932425,10.9626,0.1.0,3bcc6070f94e514764d324e397d61505df92186c,3.12.10,macOS-26.6.2-arm64-arm-64bit,2.5.3,42,cpu,opencv_yunet,landmark,insightface,spectral,dct,0.16,2026-09-13T09:31:58.154024+00:00
watermark_robustness,jerry_springer_0.png,rotate_5_crop_20,rotate_crop,"{'degrees': 5, 'ratio': 0.2}",True,0.989583,0.546875,2fa23d55,True,False,36.2856,0.932425,9.9637,0.1.0,3bcc6070f94e514764d324e397d61505df92186c,3.12.10,macOS-26.6.2-arm64-arm-64bit,2.5.3,42,cpu,opencv_yunet,landmark,insightface,spectral,dct,0.16,2026-09-13T09:31:58.154024+00:00
watermark_robustness,jerry_springer_1.png,rotate_10,rotation,{'degrees': 10},True,0.973307,0.515625,dcabc92d,True,False,36.3947,0.870786,18.5076,0.1.0,3bcc6070f94e514764d324e397d61505df92186c,3.12.10,macOS-26.6.2-arm64-arm-64bit,2.5.3,42,cpu,opencv_yunet,landmark,insightface,spectral,dct,0.16,2026-09-13T09:31:58.154024+00:00
watermark_robustness,jerry_springer_1.png,rotate_10_crop_10,rotate_crop,"{'degrees': 10, 'ratio': 0.1}",True,0.986111,0.421875,dcabc92d,True,False,36.3947,0.870786,14.653,0.1.0,3bcc6070f94e514764d324e397d61505df92186c,3.12.10,macOS-26.6.2-arm64-arm-64bit,2.5.3,42,cpu,opencv_yunet,landmark,insightface,spectral,dct,0.16,2026-09-13T09:31:58.154024+00:00
watermark_robustness,jerry_springer_1.png,rotate_15,rotation,{'degrees': 15},True,0.945312,0.484375,dcabc92d,True,False,36.3947,0.870786,16.9241,0.1.0,3bcc6070f94e514764d324e397d61505df92186c,3.12.10,macOS-26.6.2-arm64-arm-64bit,2.5.3,42,cpu,opencv_yunet,landmark,insightface,spectral,dct,0.16,2026-09-13T09:31:58.154024+00:00
watermark_robustness,jerry_springer_1.png,rotate_2,rotation,{'degrees': 2},True,1.0,0.390625,dcabc92d,True,False,36.3947,0.870786,25.6688,0.1.0,3bcc6070f94e514764d324e397d61505df92186c,3.12.10,macOS-26.6.2-arm64-arm-64bit,2.5.3,42,cpu,opencv_yunet,landmark,insightface,spectral,dct,0.16,2026-09-13T09:31:58.154024+00:00
watermark_robustness,jerry_springer_1.png,rotate_20,rotation,{'degrees': 20},True,0.926432,0.453125,dcabc92d,True,False,36.3947,0.870786,15.9189,0.1.0,3bcc6070f94e514764d324e397d61505df92186c,3.12.10,macOS-26.6.2-arm64-arm-64bit,2.5.3,42,cpu,opencv_yunet,landmark,insightface,spectral,dct,0.16,2026-09-13T09:31:58.154024+00:00
watermark_robustness,jerry_springer_1.png,rotate_25,rotation,{'degrees': 25},True,0.906901,0.421875,dcabc92d,True,False,36.3947,0.870786,15.1274,0.1.0,3bcc6070f94e514764d324e397d61505df92186c,3.12.10,macOS-26.6.2-arm64-arm-64bit,2.5.3,42,cpu,opencv_yunet,landmark,insightface,spectral,dct,0.16,2026-09-13T09:31:58.154024+00:00
watermark_robustness,jerry_springer_1.png,rotate_30,rotation,{'degrees': 30},True,0.886068,0.390625,dcabc92d,True,False,36.3947,0.870786,14.6081,0.1.0,3bcc6070f94e514764d324e397d61505df92186c,3.12.10,macOS-26.6.2-arm64-arm-64bit,2.5.3,42,cpu,opencv_yunet,landmark,insightface,spectral,dct,0.16,2026-09-13T09:31:58.154024+00:00
watermark_robustness,jerry_springer_1.png,rotate_5,rotation,{'degrees': 5},True,1.0,0.453125,dcabc92d,True,False,36.3947,0.870786,21.246,0.1.0,3bcc6070f94e514764d324e397d61505df92186c,3.12.10,macOS-26.6.2-arm64-arm-64bit,2.5.3,42,cpu,opencv_yunet,landmark,insightface,spectral,dct,0.16,2026-09-13T09:31:58.154024+00:00
watermark_robustness,jerry_springer_1.png,rotate_5_crop_10,rotate_crop,"{'degrees': 5, 'ratio': 0.1}",True,1.0,0.40625,dcabc92d,True,False,36.3947,0.870786,15.3699,0.1.0,3bcc6070f94e514764d324e397d61505df92186c,3.12.10,macOS-26.6.2-arm64-arm-64bit,2.5.3,42,cpu,opencv_yunet,landmark,insightface,spectral,dct,0.16,2026-09-13T09:31:58.154024+00:00
watermark_robustness,jerry_springer_1.png,rotate_5_crop_20,rotate_crop,"{'degrees': 5, 'ratio': 0.2}",True,1.0,0.515625,dcabc92d,True,False,36.3947,0.870786,13.778,0.1.0,3bcc6070f94e514764d324e397d61505df92186c,3.12.10,macOS-26.6.2-arm64-arm-64bit,2.5.3,42,cpu,opencv_yunet,landmark,insightface,spectral,dct,0.16,2026-09-13T09:31:58.154024+00:00
watermark_robustness,jerry_springer_2.png,rotate_10,rotation,{'degrees': 10},True,0.923177,0.4375,a73fbb5c,True,False,36.492,0.907314,12.7924,0.1.0,3bcc6070f94e514764d324e397d61505df92186c,3.12.10,macOS-26.6.2-arm64-arm-64bit,2.5.3,42,cpu,opencv_yunet,landmark,insightface,spectral,dct,0.16,2026-09-13T09:31:58.154024+00:00
watermark_robustness,jerry_springer_2.png,rotate_10_crop_10,rotate_crop,"{'degrees': 10, 'ratio': 0.1}",True,0.954861,0.421875,a73fbb5c,True,False,36.492,0.907314,10.0051,0.1.0,3bcc6070f94e514764d324e397d61505df92186c,3.12.10,macOS-26.6.2-arm64-arm-64bit,2.5.3,42,cpu,opencv_yunet,landmark,insightface,spectral,dct,0.16,2026-09-13T09:31:58.154024+00:00
watermark_robustness,jerry_springer_2.png,rotate_15,rotation,{'degrees': 15},True,0.916016,0.421875,a73fbb5c,True,False,36.492,0.907314,11.7264,0.1.0,3bcc6070f94e514764d324e397d61505df92186c,3.12.10,macOS-26.6.2-arm64-arm-64bit,2.5.3,42,cpu,opencv_yunet,landmark,insightface,spectral,dct,0.16,2026-09-13T09:31:58.154024+00:00
watermark_robustness,jerry_springer_2.png,rotate_2,rotation,{'degrees': 2},True,1.0,0.453125,a73fbb5c,True,False,36.492,0.907314,19.4955,0.1.0,3bcc6070f94e514764d324e397d61505df92186c,3.12.10,macOS-26.6.2-arm64-arm-64bit,2.5.3,42,cpu,opencv_yunet,landmark,insightface,spectral,dct,0.16,2026-09-13T09:31:58.154024+00:00
watermark_robustness,jerry_springer_2.png,rotate_20,rotation,{'degrees': 20},True,0.896484,0.40625,a73fbb5c,True,False,36.492,0.907314,11.3202,0.1.0,3bcc6070f94e514764d324e397d61505df92186c,3.12.10,macOS-26.6.2-arm64-arm-64bit,2.5.3,42,cpu,opencv_yunet,landmark,insightface,spectral,dct,0.16,2026-09-13T09:31:58.154024+00:00
watermark_robustness,jerry_springer_2.png,rotate_25,rotation,{'degrees': 25},False,0.897135,0.484375,,False,False,36.492,0.907314,11.1686,0.1.0,3bcc6070f94e514764d324e397d61505df92186c,3.12.10,macOS-26.6.2-arm64-arm-64bit,2.5.3,42,cpu,opencv_yunet,landmark,insightface,spectral,dct,0.16,2026-09-13T09:31:58.154024+00:00
watermark_robustness,jerry_springer_2.png,rotate_30,rotation,{'degrees': 30},False,0.893229,0.359375,,False,False,36.492,0.907314,10.984,0.1.0,3bcc6070f94e514764d324e397d61505df92186c,3.12.10,macOS-26.6.2-arm64-arm-64bit,2.5.3,42,cpu,opencv_yunet,landmark,insightface,spectral,dct,0.16,2026-09-13T09:31:58.154024+00:00
watermark_robustness,jerry_springer_2.png,rotate_5,rotation,{'degrees': 5},True,0.988281,0.515625,a73fbb5c,True,False,36.492,0.907314,15.3283,0.1.0,3bcc6070f94e514764d324e397d61505df92186c,3.12.10,macOS-26.6.2-arm64-arm-64bit,2.5.3,42,cpu,opencv_yunet,landmark,insightface,spectral,dct,0.16,2026-09-13T09:31:58.154024+00:00
watermark_robustness,jerry_springer_2.png,rotate_5_crop_10,rotate_crop,"{'degrees': 5, 'ratio': 0.1}",True,0.989583,0.515625,a73fbb5c,True,False,36.492,0.907314,10.0829,0.1.0,3bcc6070f94e514764d324e397d61505df92186c,3.12.10,macOS-26.6.2-arm64-arm-64bit,2.5.3,42,cpu,opencv_yunet,landmark,insightface,spectral,dct,0.16,2026-09-13T09:31:58.154024+00:00
watermark_robustness,jerry_springer_2.png,rotate_5_crop_20,rotate_crop,"{'degrees': 5, 'ratio': 0.2}",True,0.993056,0.375,a73fbb5c,True,False,36.492,0.907314,10.2985,0.1.0,3bcc6070f94e514764d324e397d61505df92186c,3.12.10,macOS-26.6.2-arm64-arm-64bit,2.5.3,42,cpu,opencv_yunet,landmark,insightface,spectral,dct,0.16,2026-09-13T09:31:58.154024+00:00
watermark_robustness,jerry_springer_3.png,rotate_10,rotation,{'degrees': 10},True,0.974609,0.515625,a866321b,True,False,37.1253,0.87585,18.6471,0.1.0,3bcc6070f94e514764d324e397d61505df92186c,3.12.10,macOS-26.6.2-arm64-arm-64bit,2.5.3,42,cpu,opencv_yunet,landmark,insightface,spectral,dct,0.16,2026-09-13T09:31:58.154024+00:00
watermark_robustness,jerry_springer_3.png,rotate_10_crop_10,rotate_crop,"{'degrees': 10, 'ratio': 0.1}",True,0.972222,0.5,a866321b,True,False,37.1253,0.87585,14.7274,0.1.0,3bcc6070f94e514764d324e397d61505df92186c,3.12.10,macOS-26.6.2-arm64-arm-64bit,2.5.3,42,cpu,opencv_yunet,landmark,insightface,spectral,dct,0.16,2026-09-13T09:31:58.154024+00:00
watermark_robustness,jerry_springer_3.png,rotate_15,rotation,{'degrees': 15},True,0.951823,0.53125,a866321b,True,False,37.1253,0.87585,17.3032,0.1.0,3bcc6070f94e514764d324e397d61505df92186c,3.12.10,macOS-26.6.2-arm64-arm-64bit,2.5.3,42,cpu,opencv_yunet,landmark,insightface,spectral,dct,0.16,2026-09-13T09:31:58.154024+00:00
watermark_robustness,jerry_springer_3.png,rotate_2,rotation,{'degrees': 2},True,1.0,0.5,a866321b,True,False,37.1253,0.87585,25.7883,0.1.0,3bcc6070f94e514764d324e397d61505df92186c,3.12.10,macOS-26.6.2-arm64-arm-64bit,2.5.3,42,cpu,opencv_yunet,landmark,insightface,spectral,dct,0.16,2026-09-13T09:31:58.154024+00:00
watermark_robustness,jerry_springer_3.png,rotate_20,rotation,{'degrees': 20},True,0.933594,0.65625,a866321b,True,False,37.1253,0.87585,16.4754,0.1.0,3bcc6070f94e514764d324e397d61505df92186c,3.12.10,macOS-26.6.2-arm64-arm-64bit,2.5.3,42,cpu,opencv_yunet,landmark,insightface,spectral,dct,0.16,2026-09-13T09:31:58.154024+00:00
watermark_robustness,jerry_springer_3.png,rotate_25,rotation,{'degrees': 25},True,0.914062,0.46875,a866321b,True,False,37.1253,0.87585,15.8152,0.1.0,3bcc6070f94e514764d324e397d61505df92186c,3.12.10,macOS-26.6.2-arm64-arm-64bit,2.5.3,42,cpu,opencv_yunet,landmark,insightface,spectral,dct,0.16,2026-09-13T09:31:58.154024+00:00
watermark_robustness,jerry_springer_3.png,rotate_30,rotation,{'degrees': 30},True,0.916667,0.484375,a866321b,True,False,37.1253,0.87585,15.1874,0.1.0,3bcc6070f94e514764d324e397d61505df92186c,3.12.10,macOS-26.6.2-arm64-arm-64bit,2.5.3,42,cpu,opencv_yunet,landmark,insightface,spectral,dct,0.16,2026-09-13T09:31:58.154024+00:00
watermark_robustness,jerry_springer_3.png,rotate_5,rotation,{'degrees': 5},True,0.998047,0.46875,a866321b,True,False,37.1253,0.87585,21.4018,0.1.0,3bcc6070f94e514764d324e397d61505df92186c,3.12.10,macOS-26.6.2-arm64-arm-64bit,2.5.3,42,cpu,opencv_yunet,landmark,insightface,spectral,dct,0.16,2026-09-13T09:31:58.154024+00:00
watermark_robustness,jerry_springer_3.png,rotate_5_crop_10,rotate_crop,"{'degrees': 5, 'ratio': 0.1}",True,1.0,0.421875,a866321b,True,False,37.1253,0.87585,14.5685,0.1.0,3bcc6070f94e514764d324e397d61505df92186c,3.12.10,macOS-26.6.2-arm64-arm-64bit,2.5.3,42,cpu,opencv_yunet,landmark,insightface,spectral,dct,0.16,2026-09-13T09:31:58.154024+00:00
watermark_robustness,jerry_springer_3.png,rotate_5_crop_20,rotate_crop,"{'degrees': 5, 'ratio': 0.2}",True,1.0,0.53125,a866321b,True,False,37.1253,0.87585,12.1847,0.1.0,3bcc6070f94e514764d324e397d61505df92186c,3.12.10,macOS-26.6.2-arm64-arm-64bit,2.5.3,42,cpu,opencv_yunet,landmark,insightface,spectral,dct,0.16,2026-09-13T09:31:58.154024+00:00
watermark_robustness,jim_furyk_0.png,rotate_10,rotation,{'degrees': 10},True,0.965495,0.5,26711cc7,True,False,35.9702,0.88632,16.2466,0.1.0,3bcc6070f94e514764d324e397d61505df92186c,3.12.10,macOS-26.6.2-arm64-arm-64bit,2.5.3,42,cpu,opencv_yunet,landmark,insightface,spectral,dct,0.16,2026-09-13T09:31:58.154024+00:00
watermark_robustness,jim_furyk_0.png,rotate_10_crop_10,rotate_crop,"{'degrees': 10, 'ratio': 0.1}",False,0.975694,0.5,,False,False,35.9702,0.88632,14.2667,0.1.0,3bcc6070f94e514764d324e397d61505df92186c,3.12.10,macOS-26.6.2-arm64-arm-64bit,2.5.3,42,cpu,opencv_yunet,landmark,insightface,spectral,dct,0.16,2026-09-13T09:31:58.154024+00:00
watermark_robustness,jim_furyk_0.png,rotate_15,rotation,{'degrees': 15},True,0.939453,0.46875,26711cc7,True,False,35.9702,0.88632,14.9079,0.1.0,3bcc6070f94e514764d324e397d61505df92186c,3.12.10,macOS-26.6.2-arm64-arm-64bit,2.5.3,42,cpu,opencv_yunet,landmark,insightface,spectral,dct,0.16,2026-09-13T09:31:58.154024+00:00
watermark_robustness,jim_furyk_0.png,rotate_2,rotation,{'degrees': 2},True,1.0,0.453125,26711cc7,True,False,35.9702,0.88632,21.9429,0.1.0,3bcc6070f94e514764d324e397d61505df92186c,3.12.10,macOS-26.6.2-arm64-arm-64bit,2.5.3,42,cpu,opencv_yunet,landmark,insightface,spectral,dct,0.16,2026-09-13T09:31:58.154024+00:00
watermark_robustness,jim_furyk_0.png,rotate_20,rotation,{'degrees': 20},True,0.916016,0.578125,26711cc7,True,False,35.9702,0.88632,14.2606,0.1.0,3bcc6070f94e514764d324e397d61505df92186c,3.12.10,macOS-26.6.2-arm64-arm-64bit,2.5.3,42,cpu,opencv_yunet,landmark,insightface,spectral,dct,0.16,2026-09-13T09:31:58.154024+00:00
watermark_robustness,jim_furyk_0.png,rotate_25,rotation,{'degrees': 25},True,0.903646,0.53125,26711cc7,True,False,35.9702,0.88632,13.5693,0.1.0,3bcc6070f94e514764d324e397d61505df92186c,3.12.10,macOS-26.6.2-arm64-arm-64bit,2.5.3,42,cpu,opencv_yunet,landmark,insightface,spectral,dct,0.16,2026-09-13T09:31:58.154024+00:00
watermark_robustness,jim_furyk_0.png,rotate_30,rotation,{'degrees': 30},True,0.880859,0.59375,26711cc7,True,False,35.9702,0.88632,12.9513,0.1.0,3bcc6070f94e514764d324e397d61505df92186c,3.12.10,macOS-26.6.2-arm64-arm-64bit,2.5.3,42,cpu,opencv_yunet,landmark,insightface,spectral,dct,0.16,2026-09-13T09:31:58.154024+00:00
watermark_robustness,jim_furyk_0.png,rotate_5,rotation,{'degrees': 5},True,0.996094,0.484375,26711cc7,True,False,35.9702,0.88632,18.5413,0.1.0,3bcc6070f94e514764d324e397d61505df92186c,3.12.10,macOS-26.6.2-arm64-arm-64bit,2.5.3,42,cpu,opencv_yunet,landmark,insightface,spectral,dct,0.16,2026-09-13T09:31:58.154024+00:00
watermark_robustness,jim_furyk_0.png,rotate_5_crop_10,rotate_crop,"{'degrees': 5, 'ratio': 0.1}",True,0.996528,0.46875,26711cc7,True,False,35.9702,0.88632,14.4778,0.1.0,3bcc6070f94e514764d324e397d61505df92186c,3.12.10,macOS-26.6.2-arm64-arm-64bit,2.5.3,42,cpu,opencv_yunet,landmark,insightface,spectral,dct,0.16,2026-09-13T09:31:58.154024+00:00
watermark_robustness,jim_furyk_0.png,rotate_5_crop_20,rotate_crop,"{'degrees': 5, 'ratio': 0.2}",True,0.996528,0.59375,26711cc7,True,False,35.9702,0.88632,13.2636,0.1.0,3bcc6070f94e514764d324e397d61505df92186c,3.12.10,macOS-26.6.2-arm64-arm-64bit,2.5.3,42,cpu,opencv_yunet,landmark,insightface,spectral,dct,0.16,2026-09-13T09:31:58.154024+00:00
watermark_robustness,jim_furyk_1.png,rotate_10,rotation,{'degrees': 10},True,0.947266,0.53125,afc7d91a,True,False,36.2188,0.90972,14.9862,0.1.0,3bcc6070f94e514764d324e397d61505df92186c,3.12.10,macOS-26.6.2-arm64-arm-64bit,2.5.3,42,cpu,opencv_yunet,landmark,insightface,spectral,dct,0.16,2026-09-13T09:31:58.154024+00:00
watermark_robustness,jim_furyk_1.png,rotate_10_crop_10,rotate_crop,"{'degrees': 10, 'ratio': 0.1}",True,0.972222,0.421875,afc7d91a,True,False,36.2188,0.90972,13.7315,0.1.0,3bcc6070f94e514764d324e397d61505df92186c,3.12.10,macOS-26.6.2-arm64-arm-64bit,2.5.3,42,cpu,opencv_yunet,landmark,insightface,spectral,dct,0.16,2026-09-13T09:31:58.154024+00:00
watermark_robustness,jim_furyk_1.png,rotate_15,rotation,{'degrees': 15},True,0.924479,0.46875,afc7d91a,True,False,36.2188,0.90972,13.8779,0.1.0,3bcc6070f94e514764d324e397d61505df92186c,3.12.10,macOS-26.6.2-arm64-arm-64bit,2.5.3,42,cpu,opencv_yunet,landmark,insightface,spectral,dct,0.16,2026-09-13T09:31:58.154024+00:00
watermark_robustness,jim_furyk_1.png,rotate_2,rotation,{'degrees': 2},True,1.0,0.359375,afc7d91a,True,False,36.2188,0.90972,21.0573,0.1.0,3bcc6070f94e514764d324e397d61505df92186c,3.12.10,macOS-26.6.2-arm64-arm-64bit,2.5.3,42,cpu,opencv_yunet,landmark,insightface,spectral,dct,0.16,2026-09-13T09:31:58.154024+00:00
watermark_robustness,jim_furyk_1.png,rotate_20,rotation,{'degrees': 20},True,0.903646,0.421875,afc7d91a,True,False,36.2188,0.90972,13.3115,0.1.0,3bcc6070f94e514764d324e397d61505df92186c,3.12.10,macOS-26.6.2-arm64-arm-64bit,2.5.3,42,cpu,opencv_yunet,landmark,insightface,spectral,dct,0.16,2026-09-13T09:31:58.154024+00:00
watermark_robustness,jim_furyk_1.png,rotate_25,rotation,{'degrees': 25},True,0.869792,0.5,afc7d91a,True,False,36.2188,0.90972,13.0623,0.1.0,3bcc6070f94e514764d324e397d61505df92186c,3.12.10,macOS-26.6.2-arm64-arm-64bit,2.5.3,42,cpu,opencv_yunet,landmark,insightface,spectral,dct,0.16,2026-09-13T09:31:58.154024+00:00
watermark_robustness,jim_furyk_1.png,rotate_30,rotation,{'degrees': 30},True,0.841146,0.53125,afc7d91a,True,False,36.2188,0.90972,12.9265,0.1.0,3bcc6070f94e514764d324e397d61505df92186c,3.12.10,macOS-26.6.2-arm64-arm-64bit,2.5.3,42,cpu,opencv_yunet,landmark,insightface,spectral,dct,0.16,2026-09-13T09:31:58.154024+00:00
watermark_robustness,jim_furyk_1.png,rotate_5,rotation,{'degrees': 5},True,0.986328,0.46875,afc7d91a,True,False,36.2188,0.90972,17.3069,0.1.0,3bcc6070f94e514764d324e397d61505df92186c,3.12.10,macOS-26.6.2-arm64-arm-64bit,2.5.3,42,cpu,opencv_yunet,landmark,insightface,spectral,dct,0.16,2026-09-13T09:31:58.154024+00:00
watermark_robustness,jim_furyk_1.png,rotate_5_crop_10,rotate_crop,"{'degrees': 5, 'ratio': 0.1}",True,1.0,0.5625,afc7d91a,True,False,36.2188,0.90972,13.7982,0.1.0,3bcc6070f94e514764d324e397d61505df92186c,3.12.10,macOS-26.6.2-arm64-arm-64bit,2.5.3,42,cpu,opencv_yunet,landmark,insightface,spectral,dct,0.16,2026-09-13T09:31:58.154024+00:00
watermark_robustness,jim_furyk_1.png,rotate_5_crop_20,rotate_crop,"{'degrees': 5, 'ratio': 0.2}",True,0.996528,0.46875,afc7d91a,True,False,36.2188,0.90972,12.8146,0.1.0,3bcc6070f94e514764d324e397d61505df92186c,3.12.10,macOS-26.6.2-arm64-arm-64bit,2.5.3,42,cpu,opencv_yunet,landmark,insightface,spectral,dct,0.16,2026-09-13T09:31:58.154024+00:00
watermark_robustness,jim_furyk_2.png,rotate_10,rotation,{'degrees': 10},True,0.959635,0.515625,18894ff1,True,False,35.985,0.912801,12.1067,0.1.0,3bcc6070f94e514764d324e397d61505df92186c,3.12.10,macOS-26.6.2-arm64-arm-64bit,2.5.3,42,cpu,opencv_yunet,landmark,insightface,spectral,dct,0.16,2026-09-13T09:31:58.154024+00:00
watermark_robustness,jim_furyk_2.png,rotate_10_crop_10,rotate_crop,"{'degrees': 10, 'ratio': 0.1}",True,0.958333,0.625,18894ff1,True,False,35.985,0.912801,12.0937,0.1.0,3bcc6070f94e514764d324e397d61505df92186c,3.12.10,macOS-26.6.2-arm64-arm-64bit,2.5.3,42,cpu,opencv_yunet,landmark,insightface,spectral,dct,0.16,2026-09-13T09:31:58.154024+00:00
watermark_robustness,jim_furyk_2.png,rotate_15,rotation,{'degrees': 15},True,0.934896,0.65625,18894ff1,True,False,35.985,0.912801,10.8378,0.1.0,3bcc6070f94e514764d324e397d61505df92186c,3.12.10,macOS-26.6.2-arm64-arm-64bit,2.5.3,42,cpu,opencv_yunet,landmark,insightface,spectral,dct,0.16,2026-09-13T09:31:58.154024+00:00
watermark_robustness,jim_furyk_2.png,rotate_2,rotation,{'degrees': 2},True,1.0,0.453125,18894ff1,True,False,35.985,0.912801,18.3988,0.1.0,3bcc6070f94e514764d324e397d61505df92186c,3.12.10,macOS-26.6.2-arm64-arm-64bit,2.5.3,42,cpu,opencv_yunet,landmark,insightface,spectral,dct,0.16,2026-09-13T09:31:58.154024+00:00
watermark_robustness,jim_furyk_2.png,rotate_20,rotation,{'degrees': 20},True,0.922526,0.609375,18894ff1,True,False,35.985,0.912801,10.1188,0.1.0,3bcc6070f94e514764d324e397d61505df92186c,3.12.10,macOS-26.6.2-arm64-arm-64bit,2.5.3,42,cpu,opencv_yunet,landmark,insightface,spectral,dct,0.16,2026-09-13T09:31:58.154024+00:00
watermark_robustness,jim_furyk_2.png,rotate_25,rotation,{'degrees': 25},True,0.89974,0.546875,18894ff1,True,False,35.985,0.912801,9.6114,0.1.0,3bcc6070f94e514764d324e397d61505df92186c,3.12.10,macOS-26.6.2-arm64-arm-64bit,2.5.3,42,cpu,opencv_yunet,landmark,insightface,spectral,dct,0.16,2026-09-13T09:31:58.154024+00:00
watermark_robustness,jim_furyk_2.png,rotate_30,rotation,{'degrees': 30},True,0.875651,0.546875,18894ff1,True,False,35.985,0.912801,9.2222,0.1.0,3bcc6070f94e514764d324e397d61505df92186c,3.12.10,macOS-26.6.2-arm64-arm-64bit,2.5.3,42,cpu,opencv_yunet,landmark,insightface,spectral,dct,0.16,2026-09-13T09:31:58.154024+00:00
watermark_robustness,jim_furyk_2.png,rotate_5,rotation,{'degrees': 5},True,0.994141,0.5,18894ff1,True,False,35.985,0.912801,14.6811,0.1.0,3bcc6070f94e514764d324e397d61505df92186c,3.12.10,macOS-26.6.2-arm64-arm-64bit,2.5.3,42,cpu,opencv_yunet,landmark,insightface,spectral,dct,0.16,2026-09-13T09:31:58.154024+00:00
watermark_robustness,jim_furyk_2.png,rotate_5_crop_10,rotate_crop,"{'degrees': 5, 'ratio': 0.1}",True,0.989583,0.359375,18894ff1,True,False,35.985,0.912801,12.5926,0.1.0,3bcc6070f94e514764d324e397d61505df92186c,3.12.10,macOS-26.6.2-arm64-arm-64bit,2.5.3,42,cpu,opencv_yunet,landmark,insightface,spectral,dct,0.16,2026-09-13T09:31:58.154024+00:00
watermark_robustness,jim_furyk_2.png,rotate_5_crop_20,rotate_crop,"{'degrees': 5, 'ratio': 0.2}",True,1.0,0.46875,18894ff1,True,False,35.985,0.912801,11.1936,0.1.0,3bcc6070f94e514764d324e397d61505df92186c,3.12.10,macOS-26.6.2-arm64-arm-64bit,2.5.3,42,cpu,opencv_yunet,landmark,insightface,spectral,dct,0.16,2026-09-13T09:31:58.154024+00:00
watermark_robustness,jim_furyk_3.png,rotate_10,rotation,{'degrees': 10},True,0.962891,0.53125,3da43e09,True,False,35.9094,0.902848,12.0769,0.1.0,3bcc6070f94e514764d324e397d61505df92186c,3.12.10,macOS-26.6.2-arm64-arm-64bit,2.5.3,42,cpu,opencv_yunet,landmark,insightface,spectral,dct,0.16,2026-09-13T09:31:58.154024+00:00
watermark_robustness,jim_furyk_3.png,rotate_10_crop_10,rotate_crop,"{'degrees': 10, 'ratio': 0.1}",True,0.972222,0.46875,3da43e09,True,False,35.9094,0.902848,9.8423,0.1.0,3bcc6070f94e514764d324e397d61505df92186c,3.12.10,macOS-26.6.2-arm64-arm-64bit,2.5.3,42,cpu,opencv_yunet,landmark,insightface,spectral,dct,0.16,2026-09-13T09:31:58.154024+00:00
watermark_robustness,jim_furyk_3.png,rotate_15,rotation,{'degrees': 15},True,0.922526,0.59375,3da43e09,True,False,35.9094,0.902848,10.7614,0.1.0,3bcc6070f94e514764d324e397d61505df92186c,3.12.10,macOS-26.6.2-arm64-arm-64bit,2.5.3,42,cpu,opencv_yunet,landmark,insightface,spectral,dct,0.16,2026-09-13T09:31:58.154024+00:00
watermark_robustness,jim_furyk_3.png,rotate_2,rotation,{'degrees': 2},True,0.998047,0.5,3da43e09,True,False,35.9094,0.902848,18.6346,0.1.0,3bcc6070f94e514764d324e397d61505df92186c,3.12.10,macOS-26.6.2-arm64-arm-64bit,2.5.3,42,cpu,opencv_yunet,landmark,insightface,spectral,dct,0.16,2026-09-13T09:31:58.154024+00:00
watermark_robustness,jim_furyk_3.png,rotate_20,rotation,{'degrees': 20},True,0.902344,0.46875,3da43e09,True,False,35.9094,0.902848,9.9846,0.1.0,3bcc6070f94e514764d324e397d61505df92186c,3.12.10,macOS-26.6.2-arm64-arm-64bit,2.5.3,42,cpu,opencv_yunet,landmark,insightface,spectral,dct,0.16,2026-09-13T09:31:58.154024+00:00
watermark_robustness,jim_furyk_3.png,rotate_25,rotation,{'degrees': 25},True,0.897786,0.578125,3da43e09,True,False,35.9094,0.902848,9.564,0.1.0,3bcc6070f94e514764d324e397d61505df92186c,3.12.10,macOS-26.6.2-arm64-arm-64bit,2.5.3,42,cpu,opencv_yunet,landmark,insightface,spectral,dct,0.16,2026-09-13T09:31:58.154024+00:00
watermark_robustness,jim_furyk_3.png,rotate_30,rotation,{'degrees': 30},True,0.889323,0.4375,3da43e09,True,False,35.9094,0.902848,9.3805,0.1.0,3bcc6070f94e514764d324e397d61505df92186c,3.12.10,macOS-26.6.2-arm64-arm-64bit,2.5.3,42,cpu,opencv_yunet,landmark,insightface,spectral,dct,0.16,2026-09-13T09:31:58.154024+00:00
watermark_robustness,jim_furyk_3.png,rotate_5,rotation,{'degrees': 5},True,0.986328,0.609375,3da43e09,True,False,35.9094,0.902848,14.6575,0.1.0,3bcc6070f94e514764d324e397d61505df92186c,3.12.10,macOS-26.6.2-arm64-arm-64bit,2.5.3,42,cpu,opencv_yunet,landmark,insightface,spectral,dct,0.16,2026-09-13T09:31:58.154024+00:00
watermark_robustness,jim_furyk_3.png,rotate_5_crop_10,rotate_crop,"{'degrees': 5, 'ratio': 0.1}",True,1.0,0.53125,3da43e09,True,False,35.9094,0.902848,10.0468,0.1.0,3bcc6070f94e514764d324e397d61505df92186c,3.12.10,macOS-26.6.2-arm64-arm-64bit,2.5.3,42,cpu,opencv_yunet,landmark,insightface,spectral,dct,0.16,2026-09-13T09:31:58.154024+00:00
watermark_robustness,jim_furyk_3.png,rotate_5_crop_20,rotate_crop,"{'degrees': 5, 'ratio': 0.2}",True,1.0,0.515625,3da43e09,True,False,35.9094,0.902848,9.1538,0.1.0,3bcc6070f94e514764d324e397d61505df92186c,3.12.10,macOS-26.6.2-arm64-arm-64bit,2.5.3,42,cpu,opencv_yunet,landmark,insightface,spectral,dct,0.16,2026-09-13T09:31:58.154024+00:00
watermark_robustness,jim_furyk_4.png,rotate_10,rotation,{'degrees': 10},True,0.953559,0.421875,86fbbbc3,True,False,35.9277,0.913587,11.9013,0.1.0,3bcc6070f94e514764d324e397d61505df92186c,3.12.10,macOS-26.6.2-arm64-arm-64bit,2.5.3,42,cpu,opencv_yunet,landmark,insightface,spectral,dct,0.16,2026-09-13T09:31:58.154024+00:00
watermark_robustness,jim_furyk_4.png,rotate_10_crop_10,rotate_crop,"{'degrees': 10, 'ratio': 0.1}",True,0.961806,0.453125,86fbbbc3,True,False,35.9277,0.913587,11.5994,0.1.0,3bcc6070f94e514764d324e397d61505df92186c,3.12.10,macOS-26.6.2-arm64-arm-64bit,2.5.3,42,cpu,opencv_yunet,landmark,insightface,spectral,dct,0.16,2026-09-13T09:31:58.154024+00:00
watermark_robustness,jim_furyk_4.png,rotate_15,rotation,{'degrees': 15},False,0.947266,0.46875,,False,False,35.9277,0.913587,10.9716,0.1.0,3bcc6070f94e514764d324e397d61505df92186c,3.12.10,macOS-26.6.2-arm64-arm-64bit,2.5.3,42,cpu,opencv_yunet,landmark,insightface,spectral,dct,0.16,2026-09-13T09:31:58.154024+00:00
watermark_robustness,jim_furyk_4.png,rotate_2,rotation,{'degrees': 2},True,1.0,0.34375,86fbbbc3,True,False,35.9277,0.913587,18.0752,0.1.0,3bcc6070f94e514764d324e397d61505df92186c,3.12.10,macOS-26.6.2-arm64-arm-64bit,2.5.3,42,cpu,opencv_yunet,landmark,insightface,spectral,dct,0.16,2026-09-13T09:31:58.154024+00:00
watermark_robustness,jim_furyk_4.png,rotate_20,rotation,{'degrees': 20},False,0.929036,0.5,,False,False,35.9277,0.913587,10.4472,0.1.0,3bcc6070f94e514764d324e397d61505df92186c,3.12.10,macOS-26.6.2-arm64-arm-64bit,2.5.3,42,cpu,opencv_yunet,landmark,insightface,spectral,dct,0.16,2026-09-13T09:31:58.154024+00:00
watermark_robustness,jim_furyk_4.png,rotate_25,rotation,{'degrees': 25},False,0.907552,0.515625,,False,False,35.9277,0.913587,10.1806,0.1.0,3bcc6070f94e514764d324e397d61505df92186c,3.12.10,macOS-26.6.2-arm64-arm-64bit,2.5.3,42,cpu,opencv_yunet,landmark,insightface,spectral,dct,0.16,2026-09-13T09:31:58.154024+00:00
watermark_robustness,jim_furyk_4.png,rotate_30,rotation,{'degrees': 30},False,0.888672,0.484375,,False,False,35.9277,0.913587,10.0446,0.1.0,3bcc6070f94e514764d324e397d61505df92186c,3.12.10,macOS-26.6.2-arm64-arm-64bit,2.5.3,42,cpu,opencv_yunet,landmark,insightface,spectral,dct,0.16,2026-09-13T09:31:58.154024+00:00
watermark_robustness,jim_furyk_4.png,rotate_5,rotation,{'degrees': 5},True,0.982422,0.40625,86fbbbc3,True,False,35.9277,0.913587,14.0414,0.1.0,3bcc6070f94e514764d324e397d61505df92186c,3.12.10,macOS-26.6.2-arm64-arm-64bit,2.5.3,42,cpu,opencv_yunet,landmark,insightface,spectral,dct,0.16,2026-09-13T09:31:58.154024+00:00
watermark_robustness,jim_furyk_4.png,rotate_5_crop_10,rotate_crop,"{'degrees': 5, 'ratio': 0.1}",True,0.993056,0.46875,86fbbbc3,True,False,35.9277,0.913587,11.5648,0.1.0,3bcc6070f94e514764d324e397d61505df92186c,3.12.10,macOS-26.6.2-arm64-arm-64bit,2.5.3,42,cpu,opencv_yunet,landmark,insightface,spectral,dct,0.16,2026-09-13T09:31:58.154024+00:00
watermark_robustness,jim_furyk_4.png,rotate_5_crop_20,rotate_crop,"{'degrees': 5, 'ratio': 0.2}",True,1.0,0.546875,86fbbbc3,True,False,35.9277,0.913587,11.33,0.1.0,3bcc6070f94e514764d324e397d61505df92186c,3.12.10,macOS-26.6.2-arm64-arm-64bit,2.5.3,42,cpu,opencv_yunet,landmark,insightface,spectral,dct,0.16,2026-09-13T09:31:58.154024+00:00
watermark_robustness,jim_furyk_5.png,rotate_10,rotation,{'degrees': 10},True,0.949219,0.546875,906dc04e,True,False,35.924,0.904535,14.1835,0.1.0,3bcc6070f94e514764d324e397d61505df92186c,3.12.10,macOS-26.6.2-arm64-arm-64bit,2.5.3,42,cpu,opencv_yunet,landmark,insightface,spectral,dct,0.16,2026-09-13T09:31:58.154024+00:00
watermark_robustness,jim_furyk_5.png,rotate_10_crop_10,rotate_crop,"{'degrees': 10, 'ratio': 0.1}",True,0.961806,0.46875,906dc04e,True,False,35.924,0.904535,12.6607,0.1.0,3bcc6070f94e514764d324e397d61505df92186c,3.12.10,macOS-26.6.2-arm64-arm-64bit,2.5.3,42,cpu,opencv_yunet,landmark,insightface,spectral,dct,0.16,2026-09-13T09:31:58.154024+00:00
watermark_robustness,jim_furyk_5.png,rotate_15,rotation,{'degrees': 15},True,0.926432,0.53125,906dc04e,True,False,35.924,0.904535,12.7033,0.1.0,3bcc6070f94e514764d324e397d61505df92186c,3.12.10,macOS-26.6.2-arm64-arm-64bit,2.5.3,42,cpu,opencv_yunet,landmark,insightface,spectral,dct,0.16,2026-09-13T09:31:58.154024+00:00
watermark_robustness,jim_furyk_5.png,rotate_2,rotation,{'degrees': 2},True,1.0,0.453125,906dc04e,True,False,35.924,0.904535,20.0073,0.1.0,3bcc6070f94e514764d324e397d61505df92186c,3.12.10,macOS-26.6.2-arm64-arm-64bit,2.5.3,42,cpu,opencv_yunet,landmark,insightface,spectral,dct,0.16,2026-09-13T09:31:58.154024+00:00
watermark_robustness,jim_furyk_5.png,rotate_20,rotation,{'degrees': 20},True,0.915365,0.46875,906dc04e,True,False,35.924,0.904535,11.7792,0.1.0,3bcc6070f94e514764d324e397d61505df92186c,3.12.10,macOS-26.6.2-arm64-arm-64bit,2.5.3,42,cpu,opencv_yunet,landmark,insightface,spectral,dct,0.16,2026-09-13T09:31:58.154024+00:00
watermark_robustness,jim_furyk_5.png,rotate_25,rotation,{'degrees': 25},True,0.888672,0.4375,906dc04e,True,False,35.924,0.904535,11.1092,0.1.0,3bcc6070f94e514764d324e397d61505df92186c,3.12.10,macOS-26.6.2-arm64-arm-64bit,2.5.3,42,cpu,opencv_yunet,landmark,insightface,spectral,dct,0.16,2026-09-13T09:31:58.154024+00:00
watermark_robustness,jim_furyk_5.png,rotate_30,rotation,{'degrees': 30},True,0.875,0.5,906dc04e,True,False,35.924,0.904535,10.5683,0.1.0,3bcc6070f94e514764d324e397d61505df92186c,3.12.10,macOS-26.6.2-arm64-arm-64bit,2.5.3,42,cpu,opencv_yunet,landmark,insightface,spectral,dct,0.16,2026-09-13T09:31:58.154024+00:00
watermark_robustness,jim_furyk_5.png,rotate_5,rotation,{'degrees': 5},True,0.99349,0.484375,906dc04e,True,False,35.924,0.904535,16.6949,0.1.0,3bcc6070f94e514764d324e397d61505df92186c,3.12.10,macOS-26.6.2-arm64-arm-64bit,2.5.3,42,cpu,opencv_yunet,landmark,insightface,spectral,dct,0.16,2026-09-13T09:31:58.154024+00:00
watermark_robustness,jim_furyk_5.png,rotate_5_crop_10,rotate_crop,"{'degrees': 5, 'ratio': 0.1}",True,0.989583,0.46875,906dc04e,True,False,35.924,0.904535,13.0993,0.1.0,3bcc6070f94e514764d324e397d61505df92186c,3.12.10,macOS-26.6.2-arm64-arm-64bit,2.5.3,42,cpu,opencv_yunet,landmark,insightface,spectral,dct,0.16,2026-09-13T09:31:58.154024+00:00
watermark_robustness,jim_furyk_5.png,rotate_5_crop_20,rotate_crop,"{'degrees': 5, 'ratio': 0.2}",True,1.0,0.515625,906dc04e,True,False,35.924,0.904535,11.3583,0.1.0,3bcc6070f94e514764d324e397d61505df92186c,3.12.10,macOS-26.6.2-arm64-arm-64bit,2.5.3,42,cpu,opencv_yunet,landmark,insightface,spectral,dct,0.16,2026-09-13T09:31:58.154024+00:00
watermark_robustness,john_allen_muhammad_0.png,rotate_10,rotation,{'degrees': 10},True,0.960938,0.5,2f4a0d5f,True,False,35.9558,0.894184,14.5136,0.1.0,3bcc6070f94e514764d324e397d61505df92186c,3.12.10,macOS-26.6.2-arm64-arm-64bit,2.5.3,42,cpu,opencv_yunet,landmark,insightface,spectral,dct,0.16,2026-09-13T09:31:58.154024+00:00
watermark_robustness,john_allen_muhammad_0.png,rotate_10_crop_10,rotate_crop,"{'degrees': 10, 'ratio': 0.1}",True,0.961806,0.546875,2f4a0d5f,True,False,35.9558,0.894184,14.3017,0.1.0,3bcc6070f94e514764d324e397d61505df92186c,3.12.10,macOS-26.6.2-arm64-arm-64bit,2.5.3,42,cpu,opencv_yunet,landmark,insightface,spectral,dct,0.16,2026-09-13T09:31:58.154024+00:00
watermark_robustness,john_allen_muhammad_0.png,rotate_15,rotation,{'degrees': 15},True,0.936849,0.375,2f4a0d5f,True,False,35.9558,0.894184,13.1898,0.1.0,3bcc6070f94e514764d324e397d61505df92186c,3.12.10,macOS-26.6.2-arm64-arm-64bit,2.5.3,42,cpu,opencv_yunet,landmark,insightface,spectral,dct,0.16,2026-09-13T09:31:58.154024+00:00
watermark_robustness,john_allen_muhammad_0.png,rotate_2,rotation,{'degrees': 2},True,1.0,0.421875,2f4a0d5f,True,False,35.9558,0.894184,21.4133,0.1.0,3bcc6070f94e514764d324e397d61505df92186c,3.12.10,macOS-26.6.2-arm64-arm-64bit,2.5.3,42,cpu,opencv_yunet,landmark,insightface,spectral,dct,0.16,2026-09-13T09:31:58.154024+00:00
watermark_robustness,john_allen_muhammad_0.png,rotate_20,rotation,{'degrees': 20},True,0.911458,0.421875,2f4a0d5f,True,False,35.9558,0.894184,12.339,0.1.0,3bcc6070f94e514764d324e397d61505df92186c,3.12.10,macOS-26.6.2-arm64-arm-64bit,2.5.3,42,cpu,opencv_yunet,landmark,insightface,spectral,dct,0.16,2026-09-13T09:31:58.154024+00:00
watermark_robustness,john_allen_muhammad_0.png,rotate_25,rotation,{'degrees': 25},True,0.891927,0.546875,2f4a0d5f,True,False,35.9558,0.894184,11.749,0.1.0,3bcc6070f94e514764d324e397d61505df92186c,3.12.10,macOS-26.6.2-arm64-arm-64bit,2.5.3,42,cpu,opencv_yunet,landmark,insightface,spectral,dct,0.16,2026-09-13T09:31:58.154024+00:00
watermark_robustness,john_allen_muhammad_0.png,rotate_30,rotation,{'degrees': 30},False,0.897786,0.5,,False,False,35.9558,0.894184,11.3754,0.1.0,3bcc6070f94e514764d324e397d61505df92186c,3.12.10,macOS-26.6.2-arm64-arm-64bit,2.5.3,42,cpu,opencv_yunet,landmark,insightface,spectral,dct,0.16,2026-09-13T09:31:58.154024+00:00
watermark_robustness,john_allen_muhammad_0.png,rotate_5,rotation,{'degrees': 5},True,0.998047,0.484375,2f4a0d5f,True,False,35.9558,0.894184,17.1795,0.1.0,3bcc6070f94e514764d324e397d61505df92186c,3.12.10,macOS-26.6.2-arm64-arm-64bit,2.5.3,42,cpu,opencv_yunet,landmark,insightface,spectral,dct,0.16,2026-09-13T09:31:58.154024+00:00
watermark_robustness,john_allen_muhammad_0.png,rotate_5_crop_10,rotate_crop,"{'degrees': 5, 'ratio': 0.1}",True,0.993056,0.5,2f4a0d5f,True,False,35.9558,0.894184,14.6132,0.1.0,3bcc6070f94e514764d324e397d61505df92186c,3.12.10,macOS-26.6.2-arm64-arm-64bit,2.5.3,42,cpu,opencv_yunet,landmark,insightface,spectral,dct,0.16,2026-09-13T09:31:58.154024+00:00
watermark_robustness,john_allen_muhammad_0.png,rotate_5_crop_20,rotate_crop,"{'degrees': 5, 'ratio': 0.2}",True,1.0,0.4375,2f4a0d5f,True,False,35.9558,0.894184,12.8541,0.1.0,3bcc6070f94e514764d324e397d61505df92186c,3.12.10,macOS-26.6.2-arm64-arm-64bit,2.5.3,42,cpu,opencv_yunet,landmark,insightface,spectral,dct,0.16,2026-09-13T09:31:58.154024+00:00
watermark_robustness,john_allen_muhammad_1.png,rotate_10,rotation,{'degrees': 10},True,0.938802,0.546875,d193d80a,True,False,36.2428,0.901413,9.715,0.1.0,3bcc6070f94e514764d324e397d61505df92186c,3.12.10,macOS-26.6.2-arm64-arm-64bit,2.5.3,42,cpu,opencv_yunet,landmark,insightface,spectral,dct,0.16,2026-09-13T09:31:58.154024+00:00
watermark_robustness,john_allen_muhammad_1.png,rotate_10_crop_10,rotate_crop,"{'degrees': 10, 'ratio': 0.1}",True,0.954861,0.546875,d193d80a,True,False,36.2428,0.901413,7.4329,0.1.0,3bcc6070f94e514764d324e397d61505df92186c,3.12.10,macOS-26.6.2-arm64-arm-64bit,2.5.3,42,cpu,opencv_yunet,landmark,insightface,spectral,dct,0.16,2026-09-13T09:31:58.154024+00:00
watermark_robustness,john_allen_muhammad_1.png,rotate_15,rotation,{'degrees': 15},True,0.914062,0.484375,d193d80a,True,False,36.2428,0.901413,8.317,0.1.0,3bcc6070f94e514764d324e397d61505df92186c,3.12.10,macOS-26.6.2-arm64-arm-64bit,2.5.3,42,cpu,opencv_yunet,landmark,insightface,spectral,dct,0.16,2026-09-13T09:31:58.154024+00:00
watermark_robustness,john_allen_muhammad_1.png,rotate_2,rotation,{'degrees': 2},True,0.998047,0.453125,d193d80a,True,False,36.2428,0.901413,16.905,0.1.0,3bcc6070f94e514764d324e397d61505df92186c,3.12.10,macOS-26.6.2-arm64-arm-64bit,2.5.3,42,cpu,opencv_yunet,landmark,insightface,spectral,dct,0.16,2026-09-13T09:31:58.154024+00:00
watermark_robustness,john_allen_muhammad_1.png,rotate_20,rotation,{'degrees': 20},True,0.902995,0.484375,d193d80a,True,False,36.2428,0.901413,7.4922,0.1.0,3bcc6070f94e514764d324e397d61505df92186c,3.12.10,macOS-26.6.2-arm64-arm-64bit,2.5.3,42,cpu,opencv_yunet,landmark,insightface,spectral,dct,0.16,2026-09-13T09:31:58.154024+00:00
watermark_robustness,john_allen_muhammad_1.png,rotate_25,rotation,{'degrees': 25},True,0.886068,0.578125,d193d80a,True,False,36.2428,0.901413,6.9386,0.1.0,3bcc6070f94e514764d324e397d61505df92186c,3.12.10,macOS-26.6.2-arm64-arm-64bit,2.5.3,42,cpu,opencv_yunet,landmark,insightface,spectral,dct,0.16,2026-09-13T09:31:58.154024+00:00
watermark_robustness,john_allen_muhammad_1.png,rotate_30,rotation,{'degrees': 30},True,0.890625,0.5,d193d80a,True,False,36.2428,0.901413,6.5125,0.1.0,3bcc6070f94e514764d324e397d61505df92186c,3.12.10,macOS-26.6.2-arm64-arm-64bit,2.5.3,42,cpu,opencv_yunet,landmark,insightface,spectral,dct,0.16,2026-09-13T09:31:58.154024+00:00
watermark_robustness,john_allen_muhammad_1.png,rotate_5,rotation,{'degrees': 5},True,0.986328,0.59375,d193d80a,True,False,36.2428,0.901413,12.6288,0.1.0,3bcc6070f94e514764d324e397d61505df92186c,3.12.10,macOS-26.6.2-arm64-arm-64bit,2.5.3,42,cpu,opencv_yunet,landmark,insightface,spectral,dct,0.16,2026-09-13T09:31:58.154024+00:00
watermark_robustness,john_allen_muhammad_1.png,rotate_5_crop_10,rotate_crop,"{'degrees': 5, 'ratio': 0.1}",True,0.989583,0.546875,d193d80a,True,False,36.2428,0.901413,7.6435,0.1.0,3bcc6070f94e514764d324e397d61505df92186c,3.12.10,macOS-26.6.2-arm64-arm-64bit,2.5.3,42,cpu,opencv_yunet,landmark,insightface,spectral,dct,0.16,2026-09-13T09:31:58.154024+00:00
watermark_robustness,john_allen_muhammad_1.png,rotate_5_crop_20,rotate_crop,"{'degrees': 5, 'ratio': 0.2}",True,1.0,0.59375,d193d80a,True,False,36.2428,0.901413,6.3284,0.1.0,3bcc6070f94e514764d324e397d61505df92186c,3.12.10,macOS-26.6.2-arm64-arm-64bit,2.5.3,42,cpu,opencv_yunet,landmark,insightface,spectral,dct,0.16,2026-09-13T09:31:58.154024+00:00
watermark_robustness,john_allen_muhammad_2.png,rotate_10,rotation,{'degrees': 10},True,0.959635,0.4375,e3b13146,True,False,36.2178,0.9203,12.2265,0.1.0,3bcc6070f94e514764d324e397d61505df92186c,3.12.10,macOS-26.6.2-arm64-arm-64bit,2.5.3,42,cpu,opencv_yunet,landmark,insightface,spectral,dct,0.16,2026-09-13T09:31:58.154024+00:00
watermark_robustness,john_allen_muhammad_2.png,rotate_10_crop_10,rotate_crop,"{'degrees': 10, 'ratio': 0.1}",True,0.96875,0.546875,e3b13146,True,False,36.2178,0.9203,10.9205,0.1.0,3bcc6070f94e514764d324e397d61505df92186c,3.12.10,macOS-26.6.2-arm64-arm-64bit,2.5.3,42,cpu,opencv_yunet,landmark,insightface,spectral,dct,0.16,2026-09-13T09:31:58.154024+00:00
watermark_robustness,john_allen_muhammad_2.png,rotate_15,rotation,{'degrees': 15},True,0.916667,0.484375,e3b13146,True,False,36.2178,0.9203,10.885,0.1.0,3bcc6070f94e514764d324e397d61505df92186c,3.12.10,macOS-26.6.2-arm64-arm-64bit,2.5.3,42,cpu,opencv_yunet,landmark,insightface,spectral,dct,0.16,2026-09-13T09:31:58.154024+00:00
watermark_robustness,john_allen_muhammad_2.png,rotate_2,rotation,{'degrees': 2},True,0.994141,0.390625,e3b13146,True,False,36.2178,0.9203,19.0379,0.1.0,3bcc6070f94e514764d324e397d61505df92186c,3.12.10,macOS-26.6.2-arm64-arm-64bit,2.5.3,42,cpu,opencv_yunet,landmark,insightface,spectral,dct,0.16,2026-09-13T09:31:58.154024+00:00
watermark_robustness,john_allen_muhammad_2.png,rotate_20,rotation,{'degrees': 20},True,0.88737,0.4375,e3b13146,True,False,36.2178,0.9203,9.99,0.1.0,3bcc6070f94e514764d324e397d61505df92186c,3.12.10,macOS-26.6.2-arm64-arm-64bit,2.5.3,42,cpu,opencv_yunet,landmark,insightface,spectral,dct,0.16,2026-09-13T09:31:58.154024+00:00
watermark_robustness,john_allen_muhammad_2.png,rotate_25,rotation,{'degrees': 25},True,0.875651,0.53125,e3b13146,True,False,36.2178,0.9203,9.2923,0.1.0,3bcc6070f94e514764d324e397d61505df92186c,3.12.10,macOS-26.6.2-arm64-arm-64bit,2.5.3,42,cpu,opencv_yunet,landmark,insightface,spectral,dct,0.16,2026-09-13T09:31:58.154024+00:00
watermark_robustness,john_allen_muhammad_2.png,rotate_30,rotation,{'degrees': 30},True,0.880208,0.46875,e3b13146,True,False,36.2178,0.9203,8.7375,0.1.0,3bcc6070f94e514764d324e397d61505df92186c,3.12.10,macOS-26.6.2-arm64-arm-64bit,2.5.3,42,cpu,opencv_yunet,landmark,insightface,spectral,dct,0.16,2026-09-13T09:31:58.154024+00:00
watermark_robustness,john_allen_muhammad_2.png,rotate_5,rotation,{'degrees': 5},True,0.983724,0.484375,e3b13146,True,False,36.2178,0.9203,14.9022,0.1.0,3bcc6070f94e514764d324e397d61505df92186c,3.12.10,macOS-26.6.2-arm64-arm-64bit,2.5.3,42,cpu,opencv_yunet,landmark,insightface,spectral,dct,0.16,2026-09-13T09:31:58.154024+00:00
watermark_robustness,john_allen_muhammad_2.png,rotate_5_crop_10,rotate_crop,"{'degrees': 5, 'ratio': 0.1}",True,0.989583,0.5,e3b13146,True,False,36.2178,0.9203,10.703,0.1.0,3bcc6070f94e514764d324e397d61505df92186c,3.12.10,macOS-26.6.2-arm64-arm-64bit,2.5.3,42,cpu,opencv_yunet,landmark,insightface,spectral,dct,0.16,2026-09-13T09:31:58.154024+00:00
watermark_robustness,john_allen_muhammad_2.png,rotate_5_crop_20,rotate_crop,"{'degrees': 5, 'ratio': 0.2}",True,1.0,0.46875,e3b13146,True,False,36.2178,0.9203,8.044,0.1.0,3bcc6070f94e514764d324e397d61505df92186c,3.12.10,macOS-26.6.2-arm64-arm-64bit,2.5.3,42,cpu,opencv_yunet,landmark,insightface,spectral,dct,0.16,2026-09-13T09:31:58.154024+00:00
watermark_robustness,john_allen_muhammad_3.png,rotate_10,rotation,{'degrees': 10},True,0.959635,0.484375,8d8e489e,True,False,36.0525,0.907294,12.1943,0.1.0,3bcc6070f94e514764d324e397d61505df92186c,3.12.10,macOS-26.6.2-arm64-arm-64bit,2.5.3,42,cpu,opencv_yunet,landmark,insightface,spectral,dct,0.16,2026-09-13T09:31:58.154024+00:00
watermark_robustness,john_allen_muhammad_3.png,rotate_10_crop_10,rotate_crop,"{'degrees': 10, 'ratio': 0.1}",True,0.961806,0.484375,8d8e489e,True,False,36.0525,0.907294,13.9234,0.1.0,3bcc6070f94e514764d324e397d61505df92186c,3.12.10,macOS-26.6.2-arm64-arm-64bit,2.5.3,42,cpu,opencv_yunet,landmark,insightface,spectral,dct,0.16,2026-09-13T09:31:58.154024+00:00
watermark_robustness,john_allen_muhammad_3.png,rotate_15,rotation,{'degrees': 15},False,0.938802,0.4375,,False,False,36.0525,0.907294,10.6281,0.1.0,3bcc6070f94e514764d324e397d61505df92186c,3.12.10,macOS-26.6.2-arm64-arm-64bit,2.5.3,42,cpu,opencv_yunet,landmark,insightface,spectral,dct,0.16,2026-09-13T09:31:58.154024+00:00
watermark_robustness,john_allen_muhammad_3.png,rotate_2,rotation,{'degrees': 2},True,1.0,0.421875,8d8e489e,True,False,36.0525,0.907294,19.5878,0.1.0,3bcc6070f94e514764d324e397d61505df92186c,3.12.10,macOS-26.6.2-arm64-arm-64bit,2.5.3,42,cpu,opencv_yunet,landmark,insightface,spectral,dct,0.16,2026-09-13T09:31:58.154024+00:00
watermark_robustness,john_allen_muhammad_3.png,rotate_20,rotation,{'degrees': 20},False,0.920573,0.4375,,False,False,36.0525,0.907294,9.6905,0.1.0,3bcc6070f94e514764d324e397d61505df92186c,3.12.10,macOS-26.6.2-arm64-arm-64bit,2.5.3,42,cpu,opencv_yunet,landmark,insightface,spectral,dct,0.16,2026-09-13T09:31:58.154024+00:00
watermark_robustness,john_allen_muhammad_3.png,rotate_25,rotation,{'degrees': 25},False,0.897135,0.40625,,False,False,36.0525,0.907294,9.0471,0.1.0,3bcc6070f94e514764d324e397d61505df92186c,3.12.10,macOS-26.6.2-arm64-arm-64bit,2.5.3,42,cpu,opencv_yunet,landmark,insightface,spectral,dct,0.16,2026-09-13T09:31:58.154024+00:00
watermark_robustness,john_allen_muhammad_3.png,rotate_30,rotation,{'degrees': 30},False,0.888021,0.4375,,False,False,36.0525,0.907294,8.5597,0.1.0,3bcc6070f94e514764d324e397d61505df92186c,3.12.10,macOS-26.6.2-arm64-arm-64bit,2.5.3,42,cpu,opencv_yunet,landmark,insightface,spectral,dct,0.16,2026-09-13T09:31:58.154024+00:00
watermark_robustness,john_allen_muhammad_3.png,rotate_5,rotation,{'degrees': 5},True,0.991536,0.515625,8d8e489e,True,False,36.0525,0.907294,15.2016,0.1.0,3bcc6070f94e514764d324e397d61505df92186c,3.12.10,macOS-26.6.2-arm64-arm-64bit,2.5.3,42,cpu,opencv_yunet,landmark,insightface,spectral,dct,0.16,2026-09-13T09:31:58.154024+00:00
watermark_robustness,john_allen_muhammad_3.png,rotate_5_crop_10,rotate_crop,"{'degrees': 5, 'ratio': 0.1}",True,0.989583,0.515625,8d8e489e,True,False,36.0525,0.907294,13.7042,0.1.0,3bcc6070f94e514764d324e397d61505df92186c,3.12.10,macOS-26.6.2-arm64-arm-64bit,2.5.3,42,cpu,opencv_yunet,landmark,insightface,spectral,dct,0.16,2026-09-13T09:31:58.154024+00:00
watermark_robustness,john_allen_muhammad_3.png,rotate_5_crop_20,rotate_crop,"{'degrees': 5, 'ratio': 0.2}",True,1.0,0.5625,8d8e489e,True,False,36.0525,0.907294,9.874,0.1.0,3bcc6070f94e514764d324e397d61505df92186c,3.12.10,macOS-26.6.2-arm64-arm-64bit,2.5.3,42,cpu,opencv_yunet,landmark,insightface,spectral,dct,0.16,2026-09-13T09:31:58.154024+00:00
watermark_robustness,john_allen_muhammad_4.png,rotate_10,rotation,{'degrees': 10},True,0.968099,0.5,ae1ecbc5,True,False,36.1149,0.901969,14.1435,0.1.0,3bcc6070f94e514764d324e397d61505df92186c,3.12.10,macOS-26.6.2-arm64-arm-64bit,2.5.3,42,cpu,opencv_yunet,landmark,insightface,spectral,dct,0.16,2026-09-13T09:31:58.154024+00:00
watermark_robustness,john_allen_muhammad_4.png,rotate_10_crop_10,rotate_crop,"{'degrees': 10, 'ratio': 0.1}",True,0.972222,0.4375,ae1ecbc5,True,False,36.1149,0.901969,13.307,0.1.0,3bcc6070f94e514764d324e397d61505df92186c,3.12.10,macOS-26.6.2-arm64-arm-64bit,2.5.3,42,cpu,opencv_yunet,landmark,insightface,spectral,dct,0.16,2026-09-13T09:31:58.154024+00:00
watermark_robustness,john_allen_muhammad_4.png,rotate_15,rotation,{'degrees': 15},True,0.936198,0.578125,ae1ecbc5,True,False,36.1149,0.901969,12.9036,0.1.0,3bcc6070f94e514764d324e397d61505df92186c,3.12.10,macOS-26.6.2-arm64-arm-64bit,2.5.3,42,cpu,opencv_yunet,landmark,insightface,spectral,dct,0.16,2026-09-13T09:31:58.154024+00:00
watermark_robustness,john_allen_muhammad_4.png,rotate_2,rotation,{'degrees': 2},True,1.0,0.453125,ae1ecbc5,True,False,36.1149,0.901969,21.3692,0.1.0,3bcc6070f94e514764d324e397d61505df92186c,3.12.10,macOS-26.6.2-arm64-arm-64bit,2.5.3,42,cpu,opencv_yunet,landmark,insightface,spectral,dct,0.16,2026-09-13T09:31:58.154024+00:00
watermark_robustness,john_allen_muhammad_4.png,rotate_20,rotation,{'degrees': 20},True,0.920573,0.515625,ae1ecbc5,True,False,36.1149,0.901969,12.3308,0.1.0,3bcc6070f94e514764d324e397d61505df92186c,3.12.10,macOS-26.6.2-arm64-arm-64bit,2.5.3,42,cpu,opencv_yunet,landmark,insightface,spectral,dct,0.16,2026-09-13T09:31:58.154024+00:00
watermark_robustness,john_allen_muhammad_4.png,rotate_25,rotation,{'degrees': 25},True,0.901693,0.53125,ae1ecbc5,True,False,36.1149,0.901969,12.0954,0.1.0,3bcc6070f94e514764d324e397d61505df92186c,3.12.10,macOS-26.6.2-arm64-arm-64bit,2.5.3,42,cpu,opencv_yunet,landmark,insightface,spectral,dct,0.16,2026-09-13T09:31:58.154024+00:00
watermark_robustness,john_allen_muhammad_4.png,rotate_30,rotation,{'degrees': 30},True,0.875,0.453125,ae1ecbc5,True,False,36.1149,0.901969,11.8988,0.1.0,3bcc6070f94e514764d324e397d61505df92186c,3.12.10,macOS-26.6.2-arm64-arm-64bit,2.5.3,42,cpu,opencv_yunet,landmark,insightface,spectral,dct,0.16,2026-09-13T09:31:58.154024+00:00
watermark_robustness,john_allen_muhammad_4.png,rotate_5,rotation,{'degrees': 5},True,0.99349,0.4375,ae1ecbc5,True,False,36.1149,0.901969,16.9831,0.1.0,3bcc6070f94e514764d324e397d61505df92186c,3.12.10,macOS-26.6.2-arm64-arm-64bit,2.5.3,42,cpu,opencv_yunet,landmark,insightface,spectral,dct,0.16,2026-09-13T09:31:58.154024+00:00
watermark_robustness,john_allen_muhammad_4.png,rotate_5_crop_10,rotate_crop,"{'degrees': 5, 'ratio': 0.1}",True,1.0,0.453125,ae1ecbc5,True,False,36.1149,0.901969,14.075,0.1.0,3bcc6070f94e514764d324e397d61505df92186c,3.12.10,macOS-26.6.2-arm64-arm-64bit,2.5.3,42,cpu,opencv_yunet,landmark,insightface,spectral,dct,0.16,2026-09-13T09:31:58.154024+00:00
watermark_robustness,john_allen_muhammad_4.png,rotate_5_crop_20,rotate_crop,"{'degrees': 5, 'ratio': 0.2}",True,1.0,0.484375,ae1ecbc5,True,False,36.1149,0.901969,12.4547,0.1.0,3bcc6070f94e514764d324e397d61505df92186c,3.12.10,macOS-26.6.2-arm64-arm-64bit,2.5.3,42,cpu,opencv_yunet,landmark,insightface,spectral,dct,0.16,2026-09-13T09:31:58.154024+00:00
watermark_robustness,john_allen_muhammad_5.png,rotate_10,rotation,{'degrees': 10},True,0.969401,0.609375,4e0835f9,True,False,35.9388,0.900231,15.0881,0.1.0,3bcc6070f94e514764d324e397d61505df92186c,3.12.10,macOS-26.6.2-arm64-arm-64bit,2.5.3,42,cpu,opencv_yunet,landmark,insightface,spectral,dct,0.16,2026-09-13T09:31:58.154024+00:00
watermark_robustness,john_allen_muhammad_5.png,rotate_10_crop_10,rotate_crop,"{'degrees': 10, 'ratio': 0.1}",True,0.96875,0.515625,4e0835f9,True,False,35.9388,0.900231,13.4308,0.1.0,3bcc6070f94e514764d324e397d61505df92186c,3.12.10,macOS-26.6.2-arm64-arm-64bit,2.5.3,42,cpu,opencv_yunet,landmark,insightface,spectral,dct,0.16,2026-09-13T09:31:58.154024+00:00
watermark_robustness,john_allen_muhammad_5.png,rotate_15,rotation,{'degrees': 15},True,0.944661,0.5625,4e0835f9,True,False,35.9388,0.900231,13.563,0.1.0,3bcc6070f94e514764d324e397d61505df92186c,3.12.10,macOS-26.6.2-arm64-arm-64bit,2.5.3,42,cpu,opencv_yunet,landmark,insightface,spectral,dct,0.16,2026-09-13T09:31:58.154024+00:00
watermark_robustness,john_allen_muhammad_5.png,rotate_2,rotation,{'degrees': 2},True,1.0,0.46875,4e0835f9,True,False,35.9388,0.900231,22.1976,0.1.0,3bcc6070f94e514764d324e397d61505df92186c,3.12.10,macOS-26.6.2-arm64-arm-64bit,2.5.3,42,cpu,opencv_yunet,landmark,insightface,spectral,dct,0.16,2026-09-13T09:31:58.154024+00:00
watermark_robustness,john_allen_muhammad_5.png,rotate_20,rotation,{'degrees': 20},True,0.926432,0.5625,4e0835f9,True,False,35.9388,0.900231,12.6394,0.1.0,3bcc6070f94e514764d324e397d61505df92186c,3.12.10,macOS-26.6.2-arm64-arm-64bit,2.5.3,42,cpu,opencv_yunet,landmark,insightface,spectral,dct,0.16,2026-09-13T09:31:58.154024+00:00
watermark_robustness,john_allen_muhammad_5.png,rotate_25,rotation,{'degrees': 25},True,0.902995,0.484375,4e0835f9,True,False,35.9388,0.900231,11.9959,0.1.0,3bcc6070f94e514764d324e397d61505df92186c,3.12.10,macOS-26.6.2-arm64-arm-64bit,2.5.3,42,cpu,opencv_yunet,landmark,insightface,spectral,dct,0.16,2026-09-13T09:31:58.154024+00:00
watermark_robustness,john_allen_muhammad_5.png,rotate_30,rotation,{'degrees': 30},True,0.897786,0.5625,4e0835f9,True,False,35.9388,0.900231,11.5081,0.1.0,3bcc6070f94e514764d324e397d61505df92186c,3.12.10,macOS-26.6.2-arm64-arm-64bit,2.5.3,42,cpu,opencv_yunet,landmark,insightface,spectral,dct,0.16,2026-09-13T09:31:58.154024+00:00
watermark_robustness,john_allen_muhammad_5.png,rotate_5,rotation,{'degrees': 5},True,0.992188,0.546875,4e0835f9,True,False,35.9388,0.900231,17.9292,0.1.0,3bcc6070f94e514764d324e397d61505df92186c,3.12.10,macOS-26.6.2-arm64-arm-64bit,2.5.3,42,cpu,opencv_yunet,landmark,insightface,spectral,dct,0.16,2026-09-13T09:31:58.154024+00:00
watermark_robustness,john_allen_muhammad_5.png,rotate_5_crop_10,rotate_crop,"{'degrees': 5, 'ratio': 0.1}",True,0.996528,0.46875,4e0835f9,True,False,35.9388,0.900231,13.9192,0.1.0,3bcc6070f94e514764d324e397d61505df92186c,3.12.10,macOS-26.6.2-arm64-arm-64bit,2.5.3,42,cpu,opencv_yunet,landmark,insightface,spectral,dct,0.16,2026-09-13T09:31:58.154024+00:00
watermark_robustness,john_allen_muhammad_5.png,rotate_5_crop_20,rotate_crop,"{'degrees': 5, 'ratio': 0.2}",True,1.0,0.640625,4e0835f9,True,False,35.9388,0.900231,10.7997,0.1.0,3bcc6070f94e514764d324e397d61505df92186c,3.12.10,macOS-26.6.2-arm64-arm-64bit,2.5.3,42,cpu,opencv_yunet,landmark,insightface,spectral,dct,0.16,2026-09-13T09:31:58.154024+00:00
watermark_robustness,john_manley_0.png,rotate_10,rotation,{'degrees': 10},True,0.959635,0.609375,e01b7b12,True,False,37.4177,0.873084,14.8321,0.1.0,3bcc6070f94e514764d324e397d61505df92186c,3.12.10,macOS-26.6.2-arm64-arm-64bit,2.5.3,42,cpu,opencv_yunet,landmark,insightface,spectral,dct,0.16,2026-09-13T09:31:58.154024+00:00
watermark_robustness,john_manley_0.png,rotate_10_crop_10,rotate_crop,"{'degrees': 10, 'ratio': 0.1}",True,0.982639,0.609375,e01b7b12,True,False,37.4177,0.873084,13.1794,0.1.0,3bcc6070f94e514764d324e397d61505df92186c,3.12.10,macOS-26.6.2-arm64-arm-64bit,2.5.3,42,cpu,opencv_yunet,landmark,insightface,spectral,dct,0.16,2026-09-13T09:31:58.154024+00:00
watermark_robustness,john_manley_0.png,rotate_15,rotation,{'degrees': 15},True,0.936849,0.609375,e01b7b12,True,False,37.4177,0.873084,13.7378,0.1.0,3bcc6070f94e514764d324e397d61505df92186c,3.12.10,macOS-26.6.2-arm64-arm-64bit,2.5.3,42,cpu,opencv_yunet,landmark,insightface,spectral,dct,0.16,2026-09-13T09:31:58.154024+00:00
watermark_robustness,john_manley_0.png,rotate_2,rotation,{'degrees': 2},True,1.0,0.515625,e01b7b12,True,False,37.4177,0.873084,20.9487,0.1.0,3bcc6070f94e514764d324e397d61505df92186c,3.12.10,macOS-26.6.2-arm64-arm-64bit,2.5.3,42,cpu,opencv_yunet,landmark,insightface,spectral,dct,0.16,2026-09-13T09:31:58.154024+00:00
watermark_robustness,john_manley_0.png,rotate_20,rotation,{'degrees': 20},True,0.924479,0.421875,e01b7b12,True,False,37.4177,0.873084,13.0938,0.1.0,3bcc6070f94e514764d324e397d61505df92186c,3.12.10,macOS-26.6.2-arm64-arm-64bit,2.5.3,42,cpu,opencv_yunet,landmark,insightface,spectral,dct,0.16,2026-09-13T09:31:58.154024+00:00
watermark_robustness,john_manley_0.png,rotate_25,rotation,{'degrees': 25},True,0.895182,0.453125,e01b7b12,True,False,37.4177,0.873084,12.6288,0.1.0,3bcc6070f94e514764d324e397d61505df92186c,3.12.10,macOS-26.6.2-arm64-arm-64bit,2.5.3,42,cpu,opencv_yunet,landmark,insightface,spectral,dct,0.16,2026-09-13T09:31:58.154024+00:00
watermark_robustness,john_manley_0.png,rotate_30,rotation,{'degrees': 30},True,0.884115,0.5625,e01b7b12,True,False,37.4177,0.873084,12.2716,0.1.0,3bcc6070f94e514764d324e397d61505df92186c,3.12.10,macOS-26.6.2-arm64-arm-64bit,2.5.3,42,cpu,opencv_yunet,landmark,insightface,spectral,dct,0.16,2026-09-13T09:31:58.154024+00:00
watermark_robustness,john_manley_0.png,rotate_5,rotation,{'degrees': 5},True,0.996094,0.625,e01b7b12,True,False,37.4177,0.873084,16.9676,0.1.0,3bcc6070f94e514764d324e397d61505df92186c,3.12.10,macOS-26.6.2-arm64-arm-64bit,2.5.3,42,cpu,opencv_yunet,landmark,insightface,spectral,dct,0.16,2026-09-13T09:31:58.154024+00:00
watermark_robustness,john_manley_0.png,rotate_5_crop_10,rotate_crop,"{'degrees': 5, 'ratio': 0.1}",True,0.996528,0.484375,e01b7b12,True,False,37.4177,0.873084,13.6527,0.1.0,3bcc6070f94e514764d324e397d61505df92186c,3.12.10,macOS-26.6.2-arm64-arm-64bit,2.5.3,42,cpu,opencv_yunet,landmark,insightface,spectral,dct,0.16,2026-09-13T09:31:58.154024+00:00
watermark_robustness,john_manley_0.png,rotate_5_crop_20,rotate_crop,"{'degrees': 5, 'ratio': 0.2}",True,0.994792,0.65625,e01b7b12,True,False,37.4177,0.873084,10.672,0.1.0,3bcc6070f94e514764d324e397d61505df92186c,3.12.10,macOS-26.6.2-arm64-arm-64bit,2.5.3,42,cpu,opencv_yunet,landmark,insightface,spectral,dct,0.16,2026-09-13T09:31:58.154024+00:00
watermark_robustness,john_manley_1.png,rotate_10,rotation,{'degrees': 10},True,0.972005,0.484375,3e3884fa,True,False,36.2267,0.922414,13.4122,0.1.0,3bcc6070f94e514764d324e397d61505df92186c,3.12.10,macOS-26.6.2-arm64-arm-64bit,2.5.3,42,cpu,opencv_yunet,landmark,insightface,spectral,dct,0.16,2026-09-13T09:31:58.154024+00:00
watermark_robustness,john_manley_1.png,rotate_10_crop_10,rotate_crop,"{'degrees': 10, 'ratio': 0.1}",True,0.965278,0.546875,3e3884fa,True,False,36.2267,0.922414,10.9503,0.1.0,3bcc6070f94e514764d324e397d61505df92186c,3.12.10,macOS-26.6.2-arm64-arm-64bit,2.5.3,42,cpu,opencv_yunet,landmark,insightface,spectral,dct,0.16,2026-09-13T09:31:58.154024+00:00
watermark_robustness,john_manley_1.png,rotate_15,rotation,{'degrees': 15},True,0.947266,0.46875,3e3884fa,True,False,36.2267,0.922414,12.1138,0.1.0,3bcc6070f94e514764d324e397d61505df92186c,3.12.10,macOS-26.6.2-arm64-arm-64bit,2.5.3,42,cpu,opencv_yunet,landmark,insightface,spectral,dct,0.16,2026-09-13T09:31:58.154024+00:00
watermark_robustness,john_manley_1.png,rotate_2,rotation,{'degrees': 2},True,0.998047,0.484375,3e3884fa,True,False,36.2267,0.922414,20.9802,0.1.0,3bcc6070f94e514764d324e397d61505df92186c,3.12.10,macOS-26.6.2-arm64-arm-64bit,2.5.3,42,cpu,opencv_yunet,landmark,insightface,spectral,dct,0.16,2026-09-13T09:31:58.154024+00:00
watermark_robustness,john_manley_1.png,rotate_20,rotation,{'degrees': 20},True,0.910807,0.53125,3e3884fa,True,False,36.2267,0.922414,11.3047,0.1.0,3bcc6070f94e514764d324e397d61505df92186c,3.12.10,macOS-26.6.2-arm64-arm-64bit,2.5.3,42,cpu,opencv_yunet,landmark,insightface,spectral,dct,0.16,2026-09-13T09:31:58.154024+00:00
watermark_robustness,john_manley_1.png,rotate_25,rotation,{'degrees': 25},True,0.908854,0.53125,3e3884fa,True,False,36.2267,0.922414,10.7765,0.1.0,3bcc6070f94e514764d324e397d61505df92186c,3.12.10,macOS-26.6.2-arm64-arm-64bit,2.5.3,42,cpu,opencv_yunet,landmark,insightface,spectral,dct,0.16,2026-09-13T09:31:58.154024+00:00
watermark_robustness,john_manley_1.png,rotate_30,rotation,{'degrees': 30},True,0.878906,0.515625,3e3884fa,True,False,36.2267,0.922414,10.414,0.1.0,3bcc6070f94e514764d324e397d61505df92186c,3.12.10,macOS-26.6.2-arm64-arm-64bit,2.5.3,42,cpu,opencv_yunet,landmark,insightface,spectral,dct,0.16,2026-09-13T09:31:58.154024+00:00
watermark_robustness,john_manley_1.png,rotate_5,rotation,{'degrees': 5},True,0.992188,0.578125,3e3884fa,True,False,36.2267,0.922414,16.2099,0.1.0,3bcc6070f94e514764d324e397d61505df92186c,3.12.10,macOS-26.6.2-arm64-arm-64bit,2.5.3,42,cpu,opencv_yunet,landmark,insightface,spectral,dct,0.16,2026-09-13T09:31:58.154024+00:00
watermark_robustness,john_manley_1.png,rotate_5_crop_10,rotate_crop,"{'degrees': 5, 'ratio': 0.1}",True,1.0,0.5,3e3884fa,True,False,36.2267,0.922414,11.1183,0.1.0,3bcc6070f94e514764d324e397d61505df92186c,3.12.10,macOS-26.6.2-arm64-arm-64bit,2.5.3,42,cpu,opencv_yunet,landmark,insightface,spectral,dct,0.16,2026-09-13T09:31:58.154024+00:00
watermark_robustness,john_manley_1.png,rotate_5_crop_20,rotate_crop,"{'degrees': 5, 'ratio': 0.2}",True,1.0,0.5,3e3884fa,True,False,36.2267,0.922414,10.2474,0.1.0,3bcc6070f94e514764d324e397d61505df92186c,3.12.10,macOS-26.6.2-arm64-arm-64bit,2.5.3,42,cpu,opencv_yunet,landmark,insightface,spectral,dct,0.16,2026-09-13T09:31:58.154024+00:00
watermark_robustness,john_manley_2.png,rotate_10,rotation,{'degrees': 10},True,0.951823,0.515625,e67d6428,True,False,37.0483,0.917315,12.3201,0.1.0,3bcc6070f94e514764d324e397d61505df92186c,3.12.10,macOS-26.6.2-arm64-arm-64bit,2.5.3,42,cpu,opencv_yunet,landmark,insightface,spectral,dct,0.16,2026-09-13T09:31:58.154024+00:00
watermark_robustness,john_manley_2.png,rotate_10_crop_10,rotate_crop,"{'degrees': 10, 'ratio': 0.1}",True,0.979167,0.421875,e67d6428,True,False,37.0483,0.917315,10.7685,0.1.0,3bcc6070f94e514764d324e397d61505df92186c,3.12.10,macOS-26.6.2-arm64-arm-64bit,2.5.3,42,cpu,opencv_yunet,landmark,insightface,spectral,dct,0.16,2026-09-13T09:31:58.154024+00:00
watermark_robustness,john_manley_2.png,rotate_15,rotation,{'degrees': 15},True,0.940104,0.359375,e67d6428,True,False,37.0483,0.917315,11.1238,0.1.0,3bcc6070f94e514764d324e397d61505df92186c,3.12.10,macOS-26.6.2-arm64-arm-64bit,2.5.3,42,cpu,opencv_yunet,landmark,insightface,spectral,dct,0.16,2026-09-13T09:31:58.154024+00:00
watermark_robustness,john_manley_2.png,rotate_2,rotation,{'degrees': 2},True,1.0,0.5,e67d6428,True,False,37.0483,0.917315,18.9516,0.1.0,3bcc6070f94e514764d324e397d61505df92186c,3.12.10,macOS-26.6.2-arm64-arm-64bit,2.5.3,42,cpu,opencv_yunet,landmark,insightface,spectral,dct,0.16,2026-09-13T09:31:58.154024+00:00
watermark_robustness,john_manley_2.png,rotate_20,rotation,{'degrees': 20},True,0.910156,0.53125,e67d6428,True,False,37.0483,0.917315,10.4393,0.1.0,3bcc6070f94e514764d324e397d61505df92186c,3.12.10,macOS-26.6.2-arm64-arm-64bit,2.5.3,42,cpu,opencv_yunet,landmark,insightface,spectral,dct,0.16,2026-09-13T09:31:58.154024+00:00
watermark_robustness,john_manley_2.png,rotate_25,rotation,{'degrees': 25},False,0.904297,0.46875,,False,False,37.0483,0.917315,9.9945,0.1.0,3bcc6070f94e514764d324e397d61505df92186c,3.12.10,macOS-26.6.2-arm64-arm-64bit,2.5.3,42,cpu,opencv_yunet,landmark,insightface,spectral,dct,0.16,2026-09-13T09:31:58.154024+00:00
watermark_robustness,john_manley_2.png,rotate_30,rotation,{'degrees': 30},True,0.878906,0.484375,e67d6428,True,False,37.0483,0.917315,9.5036,0.1.0,3bcc6070f94e514764d324e397d61505df92186c,3.12.10,macOS-26.6.2-arm64-arm-64bit,2.5.3,42,cpu,opencv_yunet,landmark,insightface,spectral,dct,0.16,2026-09-13T09:31:58.154024+00:00
watermark_robustness,john_manley_2.png,rotate_5,rotation,{'degrees': 5},True,0.994141,0.578125,e67d6428,True,False,37.0483,0.917315,14.8179,0.1.0,3bcc6070f94e514764d324e397d61505df92186c,3.12.10,macOS-26.6.2-arm64-arm-64bit,2.5.3,42,cpu,opencv_yunet,landmark,insightface,spectral,dct,0.16,2026-09-13T09:31:58.154024+00:00
watermark_robustness,john_manley_2.png,rotate_5_crop_10,rotate_crop,"{'degrees': 5, 'ratio': 0.1}",True,1.0,0.578125,e67d6428,True,False,37.0483,0.917315,11.0834,0.1.0,3bcc6070f94e514764d324e397d61505df92186c,3.12.10,macOS-26.6.2-arm64-arm-64bit,2.5.3,42,cpu,opencv_yunet,landmark,insightface,spectral,dct,0.16,2026-09-13T09:31:58.154024+00:00
watermark_robustness,john_manley_2.png,rotate_5_crop_20,rotate_crop,"{'degrees': 5, 'ratio': 0.2}",True,1.0,0.46875,e67d6428,True,False,37.0483,0.917315,8.8964,0.1.0,3bcc6070f94e514764d324e397d61505df92186c,3.12.10,macOS-26.6.2-arm64-arm-64bit,2.5.3,42,cpu,opencv_yunet,landmark,insightface,spectral,dct,0.16,2026-09-13T09:31:58.154024+00:00
watermark_robustness,john_manley_3.png,rotate_10,rotation,{'degrees': 10},True,0.958984,0.53125,4d70877d,True,False,35.8577,0.897068,13.5471,0.1.0,3bcc6070f94e514764d324e397d61505df92186c,3.12.10,macOS-26.6.2-arm64-arm-64bit,2.5.3,42,cpu,opencv_yunet,landmark,insightface,spectral,dct,0.16,2026-09-13T09:31:58.154024+00:00
watermark_robustness,john_manley_3.png,rotate_10_crop_10,rotate_crop,"{'degrees': 10, 'ratio': 0.1}",True,0.972222,0.390625,4d70877d,True,False,35.8577,0.897068,13.7749,0.1.0,3bcc6070f94e514764d324e397d61505df92186c,3.12.10,macOS-26.6.2-arm64-arm-64bit,2.5.3,42,cpu,opencv_yunet,landmark,insightface,spectral,dct,0.16,2026-09-13T09:31:58.154024+00:00
watermark_robustness,john_manley_3.png,rotate_15,rotation,{'degrees': 15},True,0.925781,0.53125,4d70877d,True,False,35.8577,0.897068,12.2865,0.1.0,3bcc6070f94e514764d324e397d61505df92186c,3.12.10,macOS-26.6.2-arm64-arm-64bit,2.5.3,42,cpu,opencv_yunet,landmark,insightface,spectral,dct,0.16,2026-09-13T09:31:58.154024+00:00
watermark_robustness,john_manley_3.png,rotate_2,rotation,{'degrees': 2},True,1.0,0.453125,4d70877d,True,False,35.8577,0.897068,20.299,0.1.0,3bcc6070f94e514764d324e397d61505df92186c,3.12.10,macOS-26.6.2-arm64-arm-64bit,2.5.3,42,cpu,opencv_yunet,landmark,insightface,spectral,dct,0.16,2026-09-13T09:31:58.154024+00:00
watermark_robustness,john_manley_3.png,rotate_20,rotation,{'degrees': 20},True,0.923177,0.5625,4d70877d,True,False,35.8577,0.897068,11.6507,0.1.0,3bcc6070f94e514764d324e397d61505df92186c,3.12.10,macOS-26.6.2-arm64-arm-64bit,2.5.3,42,cpu,opencv_yunet,landmark,insightface,spectral,dct,0.16,2026-09-13T09:31:58.154024+00:00
watermark_robustness,john_manley_3.png,rotate_25,rotation,{'degrees': 25},True,0.896484,0.53125,4d70877d,True,False,35.8577,0.897068,11.264,0.1.0,3bcc6070f94e514764d324e397d61505df92186c,3.12.10,macOS-26.6.2-arm64-arm-64bit,2.5.3,42,cpu,opencv_yunet,landmark,insightface,spectral,dct,0.16,2026-09-13T09:31:58.154024+00:00
watermark_robustness,john_manley_3.png,rotate_30,rotation,{'degrees': 30},True,0.872396,0.453125,4d70877d,True,False,35.8577,0.897068,10.9331,0.1.0,3bcc6070f94e514764d324e397d61505df92186c,3.12.10,macOS-26.6.2-arm64-arm-64bit,2.5.3,42,cpu,opencv_yunet,landmark,insightface,spectral,dct,0.16,2026-09-13T09:31:58.154024+00:00
watermark_robustness,john_manley_3.png,rotate_5,rotation,{'degrees': 5},True,0.996094,0.421875,4d70877d,True,False,35.8577,0.897068,16.2192,0.1.0,3bcc6070f94e514764d324e397d61505df92186c,3.12.10,macOS-26.6.2-arm64-arm-64bit,2.5.3,42,cpu,opencv_yunet,landmark,insightface,spectral,dct,0.16,2026-09-13T09:31:58.154024+00:00
watermark_robustness,john_manley_3.png,rotate_5_crop_10,rotate_crop,"{'degrees': 5, 'ratio': 0.1}",True,1.0,0.515625,4d70877d,True,False,35.8577,0.897068,14.1128,0.1.0,3bcc6070f94e514764d324e397d61505df92186c,3.12.10,macOS-26.6.2-arm64-arm-64bit,2.5.3,42,cpu,opencv_yunet,landmark,insightface,spectral,dct,0.16,2026-09-13T09:31:58.154024+00:00
watermark_robustness,john_manley_3.png,rotate_5_crop_20,rotate_crop,"{'degrees': 5, 'ratio': 0.2}",True,1.0,0.5625,4d70877d,True,False,35.8577,0.897068,12.5005,0.1.0,3bcc6070f94e514764d324e397d61505df92186c,3.12.10,macOS-26.6.2-arm64-arm-64bit,2.5.3,42,cpu,opencv_yunet,landmark,insightface,spectral,dct,0.16,2026-09-13T09:31:58.154024+00:00
watermark_robustness,john_manley_4.png,rotate_10,rotation,{'degrees': 10},True,0.971354,0.578125,3c4230ef,True,False,36.0954,0.916126,12.7879,0.1.0,3bcc6070f94e514764d324e397d61505df92186c,3.12.10,macOS-26.6.2-arm64-arm-64bit,2.5.3,42,cpu,opencv_yunet,landmark,insightface,spectral,dct,0.16,2026-09-13T09:31:58.154024+00:00
watermark_robustness,john_manley_4.png,rotate_10_crop_10,rotate_crop,"{'degrees': 10, 'ratio': 0.1}",True,0.961806,0.5,3c4230ef,True,False,36.0954,0.916126,10.7588,0.1.0,3bcc6070f94e514764d324e397d61505df92186c,3.12.10,macOS-26.6.2-arm64-arm-64bit,2.5.3,42,cpu,opencv_yunet,landmark,insightface,spectral,dct,0.16,2026-09-13T09:31:58.154024+00:00
watermark_robustness,john_manley_4.png,rotate_15,rotation,{'degrees': 15},True,0.940104,0.484375,3c4230ef,True,False,36.0954,0.916126,11.6506,0.1.0,3bcc6070f94e514764d324e397d61505df92186c,3.12.10,macOS-26.6.2-arm64-arm-64bit,2.5.3,42,cpu,opencv_yunet,landmark,insightface,spectral,dct,0.16,2026-09-13T09:31:58.154024+00:00
watermark_robustness,john_manley_4.png,rotate_2,rotation,{'degrees': 2},True,1.0,0.546875,3c4230ef,True,False,36.0954,0.916126,20.3242,0.1.0,3bcc6070f94e514764d324e397d61505df92186c,3.12.10,macOS-26.6.2-arm64-arm-64bit,2.5.3,42,cpu,opencv_yunet,landmark,insightface,spectral,dct,0.16,2026-09-13T09:31:58.154024+00:00
watermark_robustness,john_manley_4.png,rotate_20,rotation,{'degrees': 20},True,0.934245,0.5625,3c4230ef,True,False,36.0954,0.916126,11.0582,0.1.0,3bcc6070f94e514764d324e397d61505df92186c,3.12.10,macOS-26.6.2-arm64-arm-64bit,2.5.3,42,cpu,opencv_yunet,landmark,insightface,spectral,dct,0.16,2026-09-13T09:31:58.154024+00:00
watermark_robustness,john_manley_4.png,rotate_25,rotation,{'degrees': 25},True,0.908854,0.484375,3c4230ef,True,False,36.0954,0.916126,10.6194,0.1.0,3bcc6070f94e514764d324e397d61505df92186c,3.12.10,macOS-26.6.2-arm64-arm-64bit,2.5.3,42,cpu,opencv_yunet,landmark,insightface,spectral,dct,0.16,2026-09-13T09:31:58.154024+00:00
watermark_robustness,john_manley_4.png,rotate_30,rotation,{'degrees': 30},True,0.90625,0.5625,3c4230ef,True,False,36.0954,0.916126,10.2884,0.1.0,3bcc6070f94e514764d324e397d61505df92186c,3.12.10,macOS-26.6.2-arm64-arm-64bit,2.5.3,42,cpu,opencv_yunet,landmark,insightface,spectral,dct,0.16,2026-09-13T09:31:58.154024+00:00
watermark_robustness,john_manley_4.png,rotate_5,rotation,{'degrees': 5},True,0.996094,0.515625,3c4230ef,True,False,36.0954,0.916126,15.5854,0.1.0,3bcc6070f94e514764d324e397d61505df92186c,3.12.10,macOS-26.6.2-arm64-arm-64bit,2.5.3,42,cpu,opencv_yunet,landmark,insightface,spectral,dct,0.16,2026-09-13T09:31:58.154024+00:00
watermark_robustness,john_manley_4.png,rotate_5_crop_10,rotate_crop,"{'degrees': 5, 'ratio': 0.1}",True,0.993056,0.5,3c4230ef,True,False,36.0954,0.916126,10.6601,0.1.0,3bcc6070f94e514764d324e397d61505df92186c,3.12.10,macOS-26.6.2-arm64-arm-64bit,2.5.3,42,cpu,opencv_yunet,landmark,insightface,spectral,dct,0.16,2026-09-13T09:31:58.154024+00:00
watermark_robustness,john_manley_4.png,rotate_5_crop_20,rotate_crop,"{'degrees': 5, 'ratio': 0.2}",True,1.0,0.59375,3c4230ef,True,False,36.0954,0.916126,9.8316,0.1.0,3bcc6070f94e514764d324e397d61505df92186c,3.12.10,macOS-26.6.2-arm64-arm-64bit,2.5.3,42,cpu,opencv_yunet,landmark,insightface,spectral,dct,0.16,2026-09-13T09:31:58.154024+00:00
watermark_robustness,john_manley_5.png,rotate_10,rotation,{'degrees': 10},True,0.971354,0.46875,dd06a0c7,True,False,36.3327,0.89434,13.387,0.1.0,3bcc6070f94e514764d324e397d61505df92186c,3.12.10,macOS-26.6.2-arm64-arm-64bit,2.5.3,42,cpu,opencv_yunet,landmark,insightface,spectral,dct,0.16,2026-09-13T09:31:58.154024+00:00
watermark_robustness,john_manley_5.png,rotate_10_crop_10,rotate_crop,"{'degrees': 10, 'ratio': 0.1}",True,0.975694,0.484375,dd06a0c7,True,False,36.3327,0.89434,10.7282,0.1.0,3bcc6070f94e514764d324e397d61505df92186c,3.12.10,macOS-26.6.2-arm64-arm-64bit,2.5.3,42,cpu,opencv_yunet,landmark,insightface,spectral,dct,0.16,2026-09-13T09:31:58.154024+00:00
watermark_robustness,john_manley_5.png,rotate_15,rotation,{'degrees': 15},True,0.940104,0.5,dd06a0c7,True,False,36.3327,0.89434,12.0848,0.1.0,3bcc6070f94e514764d324e397d61505df92186c,3.12.10,macOS-26.6.2-arm64-arm-64bit,2.5.3,42,cpu,opencv_yunet,landmark,insightface,spectral,dct,0.16,2026-09-13T09:31:58.154024+00:00
watermark_robustness,john_manley_5.png,rotate_2,rotation,{'degrees': 2},True,1.0,0.4375,dd06a0c7,True,False,36.3327,0.89434,20.6307,0.1.0,3bcc6070f94e514764d324e397d61505df92186c,3.12.10,macOS-26.6.2-arm64-arm-64bit,2.5.3,42,cpu,opencv_yunet,landmark,insightface,spectral,dct,0.16,2026-09-13T09:31:58.154024+00:00
watermark_robustness,john_manley_5.png,rotate_20,rotation,{'degrees': 20},True,0.936198,0.46875,dd06a0c7,True,False,36.3327,0.89434,11.1954,0.1.0,3bcc6070f94e514764d324e397d61505df92186c,3.12.10,macOS-26.6.2-arm64-arm-64bit,2.5.3,42,cpu,opencv_yunet,landmark,insightface,spectral,dct,0.16,2026-09-13T09:31:58.154024+00:00
watermark_robustness,john_manley_5.png,rotate_25,rotation,{'degrees': 25},True,0.914062,0.5,dd06a0c7,True,False,36.3327,0.89434,10.543,0.1.0,3bcc6070f94e514764d324e397d61505df92186c,3.12.10,macOS-26.6.2-arm64-arm-64bit,2.5.3,42,cpu,opencv_yunet,landmark,insightface,spectral,dct,0.16,2026-09-13T09:31:58.154024+00:00
watermark_robustness,john_manley_5.png,rotate_30,rotation,{'degrees': 30},True,0.900391,0.484375,dd06a0c7,True,False,36.3327,0.89434,10.0664,0.1.0,3bcc6070f94e514764d324e397d61505df92186c,3.12.10,macOS-26.6.2-arm64-arm-64bit,2.5.3,42,cpu,opencv_yunet,landmark,insightface,spectral,dct,0.16,2026-09-13T09:31:58.154024+00:00
watermark_robustness,john_manley_5.png,rotate_5,rotation,{'degrees': 5},True,0.992188,0.5,dd06a0c7,True,False,36.3327,0.89434,16.0039,0.1.0,3bcc6070f94e514764d324e397d61505df92186c,3.12.10,macOS-26.6.2-arm64-arm-64bit,2.5.3,42,cpu,opencv_yunet,landmark,insightface,spectral,dct,0.16,2026-09-13T09:31:58.154024+00:00
watermark_robustness,john_manley_5.png,rotate_5_crop_10,rotate_crop,"{'degrees': 5, 'ratio': 0.1}",True,0.996528,0.4375,dd06a0c7,True,False,36.3327,0.89434,11.1968,0.1.0,3bcc6070f94e514764d324e397d61505df92186c,3.12.10,macOS-26.6.2-arm64-arm-64bit,2.5.3,42,cpu,opencv_yunet,landmark,insightface,spectral,dct,0.16,2026-09-13T09:31:58.154024+00:00
watermark_robustness,john_manley_5.png,rotate_5_crop_20,rotate_crop,"{'degrees': 5, 'ratio': 0.2}",True,1.0,0.546875,dd06a0c7,True,False,36.3327,0.89434,8.6395,0.1.0,3bcc6070f94e514764d324e397d61505df92186c,3.12.10,macOS-26.6.2-arm64-arm-64bit,2.5.3,42,cpu,opencv_yunet,landmark,insightface,spectral,dct,0.16,2026-09-13T09:31:58.154024+00:00
watermark_robustness,jose_serra_0.png,rotate_10,rotation,{'degrees': 10},True,0.960286,0.4375,257a0d2d,True,False,36.1631,0.905172,12.1723,0.1.0,3bcc6070f94e514764d324e397d61505df92186c,3.12.10,macOS-26.6.2-arm64-arm-64bit,2.5.3,42,cpu,opencv_yunet,landmark,insightface,spectral,dct,0.16,2026-09-13T09:31:58.154024+00:00
watermark_robustness,jose_serra_0.png,rotate_10_crop_10,rotate_crop,"{'degrees': 10, 'ratio': 0.1}",True,0.96875,0.53125,257a0d2d,True,False,36.1631,0.905172,11.884,0.1.0,3bcc6070f94e514764d324e397d61505df92186c,3.12.10,macOS-26.6.2-arm64-arm-64bit,2.5.3,42,cpu,opencv_yunet,landmark,insightface,spectral,dct,0.16,2026-09-13T09:31:58.154024+00:00
watermark_robustness,jose_serra_0.png,rotate_15,rotation,{'degrees': 15},True,0.929036,0.46875,257a0d2d,True,False,36.1631,0.905172,11.1631,0.1.0,3bcc6070f94e514764d324e397d61505df92186c,3.12.10,macOS-26.6.2-arm64-arm-64bit,2.5.3,42,cpu,opencv_yunet,landmark,insightface,spectral,dct,0.16,2026-09-13T09:31:58.154024+00:00
watermark_robustness,jose_serra_0.png,rotate_2,rotation,{'degrees': 2},True,1.0,0.421875,257a0d2d,True,False,36.1631,0.905172,19.5118,0.1.0,3bcc6070f94e514764d324e397d61505df92186c,3.12.10,macOS-26.6.2-arm64-arm-64bit,2.5.3,42,cpu,opencv_yunet,landmark,insightface,spectral,dct,0.16,2026-09-13T09:31:58.154024+00:00
watermark_robustness,jose_serra_0.png,rotate_20,rotation,{'degrees': 20},False,0.916667,0.453125,,False,False,36.1631,0.905172,10.4867,0.1.0,3bcc6070f94e514764d324e397d61505df92186c,3.12.10,macOS-26.6.2-arm64-arm-64bit,2.5.3,42,cpu,opencv_yunet,landmark,insightface,spectral,dct,0.16,2026-09-13T09:31:58.154024+00:00
watermark_robustness,jose_serra_0.png,rotate_25,rotation,{'degrees': 25},True,0.89388,0.5,257a0d2d,True,False,36.1631,0.905172,9.7835,0.1.0,3bcc6070f94e514764d324e397d61505df92186c,3.12.10,macOS-26.6.2-arm64-arm-64bit,2.5.3,42,cpu,opencv_yunet,landmark,insightface,spectral,dct,0.16,2026-09-13T09:31:58.154024+00:00
watermark_robustness,jose_serra_0.png,rotate_30,rotation,{'degrees': 30},False,0.897135,0.4375,,False,False,36.1631,0.905172,9.1496,0.1.0,3bcc6070f94e514764d324e397d61505df92186c,3.12.10,macOS-26.6.2-arm64-arm-64bit,2.5.3,42,cpu,opencv_yunet,landmark,insightface,spectral,dct,0.16,2026-09-13T09:31:58.154024+00:00
watermark_robustness,jose_serra_0.png,rotate_5,rotation,{'degrees': 5},True,0.996094,0.71875,257a0d2d,True,False,36.1631,0.905172,14.7794,0.1.0,3bcc6070f94e514764d324e397d61505df92186c,3.12.10,macOS-26.6.2-arm64-arm-64bit,2.5.3,42,cpu,opencv_yunet,landmark,insightface,spectral,dct,0.16,2026-09-13T09:31:58.154024+00:00
watermark_robustness,jose_serra_0.png,rotate_5_crop_10,rotate_crop,"{'degrees': 5, 'ratio': 0.1}",True,1.0,0.46875,257a0d2d,True,False,36.1631,0.905172,12.8087,0.1.0,3bcc6070f94e514764d324e397d61505df92186c,3.12.10,macOS-26.6.2-arm64-arm-64bit,2.5.3,42,cpu,opencv_yunet,landmark,insightface,spectral,dct,0.16,2026-09-13T09:31:58.154024+00:00
watermark_robustness,jose_serra_0.png,rotate_5_crop_20,rotate_crop,"{'degrees': 5, 'ratio': 0.2}",True,1.0,0.578125,257a0d2d,True,False,36.1631,0.905172,11.6759,0.1.0,3bcc6070f94e514764d324e397d61505df92186c,3.12.10,macOS-26.6.2-arm64-arm-64bit,2.5.3,42,cpu,opencv_yunet,landmark,insightface,spectral,dct,0.16,2026-09-13T09:31:58.154024+00:00
watermark_robustness,jose_serra_1.png,rotate_10,rotation,{'degrees': 10},True,0.975911,0.59375,0160d151,True,False,36.4273,0.906988,12.8618,0.1.0,3bcc6070f94e514764d324e397d61505df92186c,3.12.10,macOS-26.6.2-arm64-arm-64bit,2.5.3,42,cpu,opencv_yunet,landmark,insightface,spectral,dct,0.16,2026-09-13T09:31:58.154024+00:00
watermark_robustness,jose_serra_1.png,rotate_10_crop_10,rotate_crop,"{'degrees': 10, 'ratio': 0.1}",True,0.982639,0.578125,0160d151,True,False,36.4273,0.906988,9.747,0.1.0,3bcc6070f94e514764d324e397d61505df92186c,3.12.10,macOS-26.6.2-arm64-arm-64bit,2.5.3,42,cpu,opencv_yunet,landmark,insightface,spectral,dct,0.16,2026-09-13T09:31:58.154024+00:00
watermark_robustness,jose_serra_1.png,rotate_15,rotation,{'degrees': 15},True,0.951172,0.578125,0160d151,True,False,36.4273,0.906988,11.8788,0.1.0,3bcc6070f94e514764d324e397d61505df92186c,3.12.10,macOS-26.6.2-arm64-arm-64bit,2.5.3,42,cpu,opencv_yunet,landmark,insightface,spectral,dct,0.16,2026-09-13T09:31:58.154024+00:00
watermark_robustness,jose_serra_1.png,rotate_2,rotation,{'degrees': 2},True,1.0,0.609375,0160d151,True,False,36.4273,0.906988,20.1243,0.1.0,3bcc6070f94e514764d324e397d61505df92186c,3.12.10,macOS-26.6.2-arm64-arm-64bit,2.5.3,42,cpu,opencv_yunet,landmark,insightface,spectral,dct,0.16,2026-09-13T09:31:58.154024+00:00
watermark_robustness,jose_serra_1.png,rotate_20,rotation,{'degrees': 20},True,0.944661,0.625,0160d151,True,False,36.4273,0.906988,11.3664,0.1.0,3bcc6070f94e514764d324e397d61505df92186c,3.12.10,macOS-26.6.2-arm64-arm-64bit,2.5.3,42,cpu,opencv_yunet,landmark,insightface,spectral,dct,0.16,2026-09-13T09:31:58.154024+00:00
watermark_robustness,jose_serra_1.png,rotate_25,rotation,{'degrees': 25},True,0.928385,0.5625,0160d151,True,False,36.4273,0.906988,10.8274,0.1.0,3bcc6070f94e514764d324e397d61505df92186c,3.12.10,macOS-26.6.2-arm64-arm-64bit,2.5.3,42,cpu,opencv_yunet,landmark,insightface,spectral,dct,0.16,2026-09-13T09:31:58.154024+00:00
watermark_robustness,jose_serra_1.png,rotate_30,rotation,{'degrees': 30},True,0.911458,0.609375,0160d151,True,False,36.4273,0.906988,10.3884,0.1.0,3bcc6070f94e514764d324e397d61505df92186c,3.12.10,macOS-26.6.2-arm64-arm-64bit,2.5.3,42,cpu,opencv_yunet,landmark,insightface,spectral,dct,0.16,2026-09-13T09:31:58.154024+00:00
watermark_robustness,jose_serra_1.png,rotate_5,rotation,{'degrees': 5},True,0.994141,0.59375,0160d151,True,False,36.4273,0.906988,15.5408,0.1.0,3bcc6070f94e514764d324e397d61505df92186c,3.12.10,macOS-26.6.2-arm64-arm-64bit,2.5.3,42,cpu,opencv_yunet,landmark,insightface,spectral,dct,0.16,2026-09-13T09:31:58.154024+00:00
watermark_robustness,jose_serra_1.png,rotate_5_crop_10,rotate_crop,"{'degrees': 5, 'ratio': 0.1}",True,1.0,0.546875,0160d151,True,False,36.4273,0.906988,10.0664,0.1.0,3bcc6070f94e514764d324e397d61505df92186c,3.12.10,macOS-26.6.2-arm64-arm-64bit,2.5.3,42,cpu,opencv_yunet,landmark,insightface,spectral,dct,0.16,2026-09-13T09:31:58.154024+00:00
watermark_robustness,jose_serra_1.png,rotate_5_crop_20,rotate_crop,"{'degrees': 5, 'ratio': 0.2}",True,1.0,0.625,0160d151,True,False,36.4273,0.906988,9.4736,0.1.0,3bcc6070f94e514764d324e397d61505df92186c,3.12.10,macOS-26.6.2-arm64-arm-64bit,2.5.3,42,cpu,opencv_yunet,landmark,insightface,spectral,dct,0.16,2026-09-13T09:31:58.154024+00:00
watermark_robustness,jose_serra_2.png,rotate_10,rotation,{'degrees': 10},True,0.946615,0.5625,746a29cd,True,False,36.1227,0.897893,12.5024,0.1.0,3bcc6070f94e514764d324e397d61505df92186c,3.12.10,macOS-26.6.2-arm64-arm-64bit,2.5.3,42,cpu,opencv_yunet,landmark,insightface,spectral,dct,0.16,2026-09-13T09:31:58.154024+00:00
watermark_robustness,jose_serra_2.png,rotate_10_crop_10,rotate_crop,"{'degrees': 10, 'ratio': 0.1}",True,0.96875,0.5,746a29cd,True,False,36.1227,0.897893,11.2585,0.1.0,3bcc6070f94e514764d324e397d61505df92186c,3.12.10,macOS-26.6.2-arm64-arm-64bit,2.5.3,42,cpu,opencv_yunet,landmark,insightface,spectral,dct,0.16,2026-09-13T09:31:58.154024+00:00
watermark_robustness,jose_serra_2.png,rotate_15,rotation,{'degrees': 15},True,0.930339,0.5,746a29cd,True,False,36.1227,0.897893,11.3741,0.1.0,3bcc6070f94e514764d324e397d61505df92186c,3.12.10,macOS-26.6.2-arm64-arm-64bit,2.5.3,42,cpu,opencv_yunet,landmark,insightface,spectral,dct,0.16,2026-09-13T09:31:58.154024+00:00
watermark_robustness,jose_serra_2.png,rotate_2,rotation,{'degrees': 2},True,0.994141,0.515625,746a29cd,True,False,36.1227,0.897893,19.9399,0.1.0,3bcc6070f94e514764d324e397d61505df92186c,3.12.10,macOS-26.6.2-arm64-arm-64bit,2.5.3,42,cpu,opencv_yunet,landmark,insightface,spectral,dct,0.16,2026-09-13T09:31:58.154024+00:00
watermark_robustness,jose_serra_2.png,rotate_20,rotation,{'degrees': 20},True,0.901693,0.53125,746a29cd,True,False,36.1227,0.897893,10.5433,0.1.0,3bcc6070f94e514764d324e397d61505df92186c,3.12.10,macOS-26.6.2-arm64-arm-64bit,2.5.3,42,cpu,opencv_yunet,landmark,insightface,spectral,dct,0.16,2026-09-13T09:31:58.154024+00:00
watermark_robustness,jose_serra_2.png,rotate_25,rotation,{'degrees': 25},True,0.892578,0.578125,746a29cd,True,False,36.1227,0.897893,10.0106,0.1.0,3bcc6070f94e514764d324e397d61505df92186c,3.12.10,macOS-26.6.2-arm64-arm-64bit,2.5.3,42,cpu,opencv_yunet,landmark,insightface,spectral,dct,0.16,2026-09-13T09:31:58.154024+00:00
watermark_robustness,jose_serra_2.png,rotate_30,rotation,{'degrees': 30},True,0.889974,0.46875,746a29cd,True,False,36.1227,0.897893,9.5717,0.1.0,3bcc6070f94e514764d324e397d61505df92186c,3.12.10,macOS-26.6.2-arm64-arm-64bit,2.5.3,42,cpu,opencv_yunet,landmark,insightface,spectral,dct,0.16,2026-09-13T09:31:58.154024+00:00
watermark_robustness,jose_serra_2.png,rotate_5,rotation,{'degrees': 5},True,0.988281,0.46875,746a29cd,True,False,36.1227,0.897893,15.1725,0.1.0,3bcc6070f94e514764d324e397d61505df92186c,3.12.10,macOS-26.6.2-arm64-arm-64bit,2.5.3,42,cpu,opencv_yunet,landmark,insightface,spectral,dct,0.16,2026-09-13T09:31:58.154024+00:00
watermark_robustness,jose_serra_2.png,rotate_5_crop_10,rotate_crop,"{'degrees': 5, 'ratio': 0.1}",True,0.996528,0.578125,746a29cd,True,False,36.1227,0.897893,11.9839,0.1.0,3bcc6070f94e514764d324e397d61505df92186c,3.12.10,macOS-26.6.2-arm64-arm-64bit,2.5.3,42,cpu,opencv_yunet,landmark,insightface,spectral,dct,0.16,2026-09-13T09:31:58.154024+00:00
watermark_robustness,jose_serra_2.png,rotate_5_crop_20,rotate_crop,"{'degrees': 5, 'ratio': 0.2}",True,1.0,0.53125,746a29cd,True,False,36.1227,0.897893,11.353,0.1.0,3bcc6070f94e514764d324e397d61505df92186c,3.12.10,macOS-26.6.2-arm64-arm-64bit,2.5.3,42,cpu,opencv_yunet,landmark,insightface,spectral,dct,0.16,2026-09-13T09:31:58.154024+00:00
watermark_robustness,jose_serra_3.png,rotate_10,rotation,{'degrees': 10},True,0.965495,0.484375,e8ab5b6b,True,False,35.9592,0.88523,13.3016,0.1.0,3bcc6070f94e514764d324e397d61505df92186c,3.12.10,macOS-26.6.2-arm64-arm-64bit,2.5.3,42,cpu,opencv_yunet,landmark,insightface,spectral,dct,0.16,2026-09-13T09:31:58.154024+00:00
watermark_robustness,jose_serra_3.png,rotate_10_crop_10,rotate_crop,"{'degrees': 10, 'ratio': 0.1}",True,0.979167,0.484375,e8ab5b6b,True,False,35.9592,0.88523,14.6444,0.1.0,3bcc6070f94e514764d324e397d61505df92186c,3.12.10,macOS-26.6.2-arm64-arm-64bit,2.5.3,42,cpu,opencv_yunet,landmark,insightface,spectral,dct,0.16,2026-09-13T09:31:58.154024+00:00
watermark_robustness,jose_serra_3.png,rotate_15,rotation,{'degrees': 15},True,0.927083,0.609375,e8ab5b6b,True,False,35.9592,0.88523,12.0955,0.1.0,3bcc6070f94e514764d324e397d61505df92186c,3.12.10,macOS-26.6.2-arm64-arm-64bit,2.5.3,42,cpu,opencv_yunet,landmark,insightface,spectral,dct,0.16,2026-09-13T09:31:58.154024+00:00
watermark_robustness,jose_serra_3.png,rotate_2,rotation,{'degrees': 2},True,1.0,0.453125,e8ab5b6b,True,False,35.9592,0.88523,20.3959,0.1.0,3bcc6070f94e514764d324e397d61505df92186c,3.12.10,macOS-26.6.2-arm64-arm-64bit,2.5.3,42,cpu,opencv_yunet,landmark,insightface,spectral,dct,0.16,2026-09-13T09:31:58.154024+00:00
watermark_robustness,jose_serra_3.png,rotate_20,rotation,{'degrees': 20},True,0.913411,0.453125,e8ab5b6b,True,False,35.9592,0.88523,11.4081,0.1.0,3bcc6070f94e514764d324e397d61505df92186c,3.12.10,macOS-26.6.2-arm64-arm-64bit,2.5.3,42,cpu,opencv_yunet,landmark,insightface,spectral,dct,0.16,2026-09-13T09:31:58.154024+00:00
watermark_robustness,jose_serra_3.png,rotate_25,rotation,{'degrees': 25},True,0.897786,0.515625,e8ab5b6b,True,False,35.9592,0.88523,10.9369,0.1.0,3bcc6070f94e514764d324e397d61505df92186c,3.12.10,macOS-26.6.2-arm64-arm-64bit,2.5.3,42,cpu,opencv_yunet,landmark,insightface,spectral,dct,0.16,2026-09-13T09:31:58.154024+00:00
watermark_robustness,jose_serra_3.png,rotate_30,rotation,{'degrees': 30},True,0.879557,0.46875,e8ab5b6b,True,False,35.9592,0.88523,10.6119,0.1.0,3bcc6070f94e514764d324e397d61505df92186c,3.12.10,macOS-26.6.2-arm64-arm-64bit,2.5.3,42,cpu,opencv_yunet,landmark,insightface,spectral,dct,0.16,2026-09-13T09:31:58.154024+00:00
watermark_robustness,jose_serra_3.png,rotate_5,rotation,{'degrees': 5},True,0.986328,0.421875,e8ab5b6b,True,False,35.9592,0.88523,16.0399,0.1.0,3bcc6070f94e514764d324e397d61505df92186c,3.12.10,macOS-26.6.2-arm64-arm-64bit,2.5.3,42,cpu,opencv_yunet,landmark,insightface,spectral,dct,0.16,2026-09-13T09:31:58.154024+00:00
watermark_robustness,jose_serra_3.png,rotate_5_crop_10,rotate_crop,"{'degrees': 5, 'ratio': 0.1}",True,0.996528,0.5625,e8ab5b6b,True,False,35.9592,0.88523,15.3837,0.1.0,3bcc6070f94e514764d324e397d61505df92186c,3.12.10,macOS-26.6.2-arm64-arm-64bit,2.5.3,42,cpu,opencv_yunet,landmark,insightface,spectral,dct,0.16,2026-09-13T09:31:58.154024+00:00
watermark_robustness,jose_serra_3.png,rotate_5_crop_20,rotate_crop,"{'degrees': 5, 'ratio': 0.2}",True,1.0,0.484375,e8ab5b6b,True,False,35.9592,0.88523,14.1638,0.1.0,3bcc6070f94e514764d324e397d61505df92186c,3.12.10,macOS-26.6.2-arm64-arm-64bit,2.5.3,42,cpu,opencv_yunet,landmark,insightface,spectral,dct,0.16,2026-09-13T09:31:58.154024+00:00
watermark_robustness,jose_serra_4.png,rotate_10,rotation,{'degrees': 10},True,0.95638,0.578125,fc0ea42c,True,False,35.9544,0.917284,11.0871,0.1.0,3bcc6070f94e514764d324e397d61505df92186c,3.12.10,macOS-26.6.2-arm64-arm-64bit,2.5.3,42,cpu,opencv_yunet,landmark,insightface,spectral,dct,0.16,2026-09-13T09:31:58.154024+00:00
watermark_robustness,jose_serra_4.png,rotate_10_crop_10,rotate_crop,"{'degrees': 10, 'ratio': 0.1}",True,0.954861,0.546875,fc0ea42c,True,False,35.9544,0.917284,10.4118,0.1.0,3bcc6070f94e514764d324e397d61505df92186c,3.12.10,macOS-26.6.2-arm64-arm-64bit,2.5.3,42,cpu,opencv_yunet,landmark,insightface,spectral,dct,0.16,2026-09-13T09:31:58.154024+00:00
watermark_robustness,jose_serra_4.png,rotate_15,rotation,{'degrees': 15},True,0.926432,0.546875,fc0ea42c,True,False,35.9544,0.917284,9.8438,0.1.0,3bcc6070f94e514764d324e397d61505df92186c,3.12.10,macOS-26.6.2-arm64-arm-64bit,2.5.3,42,cpu,opencv_yunet,landmark,insightface,spectral,dct,0.16,2026-09-13T09:31:58.154024+00:00
watermark_robustness,jose_serra_4.png,rotate_2,rotation,{'degrees': 2},True,1.0,0.484375,fc0ea42c,True,False,35.9544,0.917284,18.2453,0.1.0,3bcc6070f94e514764d324e397d61505df92186c,3.12.10,macOS-26.6.2-arm64-arm-64bit,2.5.3,42,cpu,opencv_yunet,landmark,insightface,spectral,dct,0.16,2026-09-13T09:31:58.154024+00:00
watermark_robustness,jose_serra_4.png,rotate_20,rotation,{'degrees': 20},True,0.916016,0.515625,fc0ea42c,True,False,35.9544,0.917284,9.1686,0.1.0,3bcc6070f94e514764d324e397d61505df92186c,3.12.10,macOS-26.6.2-arm64-arm-64bit,2.5.3,42,cpu,opencv_yunet,landmark,insightface,spectral,dct,0.16,2026-09-13T09:31:58.154024+00:00
watermark_robustness,jose_serra_4.png,rotate_25,rotation,{'degrees': 25},True,0.886068,0.4375,fc0ea42c,True,False,35.9544,0.917284,8.928,0.1.0,3bcc6070f94e514764d324e397d61505df92186c,3.12.10,macOS-26.6.2-arm64-arm-64bit,2.5.3,42,cpu,opencv_yunet,landmark,insightface,spectral,dct,0.16,2026-09-13T09:31:58.154024+00:00
watermark_robustness,jose_serra_4.png,rotate_30,rotation,{'degrees': 30},True,0.880208,0.359375,fc0ea42c,True,False,35.9544,0.917284,8.9392,0.1.0,3bcc6070f94e514764d324e397d61505df92186c,3.12.10,macOS-26.6.2-arm64-arm-64bit,2.5.3,42,cpu,opencv_yunet,landmark,insightface,spectral,dct,0.16,2026-09-13T09:31:58.154024+00:00
watermark_robustness,jose_serra_4.png,rotate_5,rotation,{'degrees': 5},True,0.994141,0.5,fc0ea42c,True,False,35.9544,0.917284,13.782,0.1.0,3bcc6070f94e514764d324e397d61505df92186c,3.12.10,macOS-26.6.2-arm64-arm-64bit,2.5.3,42,cpu,opencv_yunet,landmark,insightface,spectral,dct,0.16,2026-09-13T09:31:58.154024+00:00
watermark_robustness,jose_serra_4.png,rotate_5_crop_10,rotate_crop,"{'degrees': 5, 'ratio': 0.1}",True,0.986111,0.609375,fc0ea42c,True,False,35.9544,0.917284,10.5808,0.1.0,3bcc6070f94e514764d324e397d61505df92186c,3.12.10,macOS-26.6.2-arm64-arm-64bit,2.5.3,42,cpu,opencv_yunet,landmark,insightface,spectral,dct,0.16,2026-09-13T09:31:58.154024+00:00
watermark_robustness,jose_serra_4.png,rotate_5_crop_20,rotate_crop,"{'degrees': 5, 'ratio': 0.2}",True,1.0,0.5,fc0ea42c,True,False,35.9544,0.917284,9.083,0.1.0,3bcc6070f94e514764d324e397d61505df92186c,3.12.10,macOS-26.6.2-arm64-arm-64bit,2.5.3,42,cpu,opencv_yunet,landmark,insightface,spectral,dct,0.16,2026-09-13T09:31:58.154024+00:00
watermark_robustness,jose_serra_5.png,rotate_10,rotation,{'degrees': 10},True,0.967882,0.5,2933838f,True,False,36.5673,0.897273,11.8812,0.1.0,3bcc6070f94e514764d324e397d61505df92186c,3.12.10,macOS-26.6.2-arm64-arm-64bit,2.5.3,42,cpu,opencv_yunet,landmark,insightface,spectral,dct,0.16,2026-09-13T09:31:58.154024+00:00
watermark_robustness,jose_serra_5.png,rotate_10_crop_10,rotate_crop,"{'degrees': 10, 'ratio': 0.1}",False,0.982639,0.640625,,False,False,36.5673,0.897273,10.4975,0.1.0,3bcc6070f94e514764d324e397d61505df92186c,3.12.10,macOS-26.6.2-arm64-arm-64bit,2.5.3,42,cpu,opencv_yunet,landmark,insightface,spectral,dct,0.16,2026-09-13T09:31:58.154024+00:00
watermark_robustness,jose_serra_5.png,rotate_15,rotation,{'degrees': 15},True,0.943793,0.390625,2933838f,True,False,36.5673,0.897273,10.8151,0.1.0,3bcc6070f94e514764d324e397d61505df92186c,3.12.10,macOS-26.6.2-arm64-arm-64bit,2.5.3,42,cpu,opencv_yunet,landmark,insightface,spectral,dct,0.16,2026-09-13T09:31:58.154024+00:00
watermark_robustness,jose_serra_5.png,rotate_2,rotation,{'degrees': 2},True,1.0,0.375,2933838f,True,False,36.5673,0.897273,19.3773,0.1.0,3bcc6070f94e514764d324e397d61505df92186c,3.12.10,macOS-26.6.2-arm64-arm-64bit,2.5.3,42,cpu,opencv_yunet,landmark,insightface,spectral,dct,0.16,2026-09-13T09:31:58.154024+00:00
watermark_robustness,jose_serra_5.png,rotate_20,rotation,{'degrees': 20},True,0.919705,0.484375,2933838f,True,False,36.5673,0.897273,10.4255,0.1.0,3bcc6070f94e514764d324e397d61505df92186c,3.12.10,macOS-26.6.2-arm64-arm-64bit,2.5.3,42,cpu,opencv_yunet,landmark,insightface,spectral,dct,0.16,2026-09-13T09:31:58.154024+00:00
watermark_robustness,jose_serra_5.png,rotate_25,rotation,{'degrees': 25},True,0.902127,0.40625,2933838f,True,False,36.5673,0.897273,10.2459,0.1.0,3bcc6070f94e514764d324e397d61505df92186c,3.12.10,macOS-26.6.2-arm64-arm-64bit,2.5.3,42,cpu,opencv_yunet,landmark,insightface,spectral,dct,0.16,2026-09-13T09:31:58.154024+00:00
watermark_robustness,jose_serra_5.png,rotate_30,rotation,{'degrees': 30},True,0.890408,0.53125,2933838f,True,False,36.5673,0.897273,10.0114,0.1.0,3bcc6070f94e514764d324e397d61505df92186c,3.12.10,macOS-26.6.2-arm64-arm-64bit,2.5.3,42,cpu,opencv_yunet,landmark,insightface,spectral,dct,0.16,2026-09-13T09:31:58.154024+00:00
watermark_robustness,jose_serra_5.png,rotate_5,rotation,{'degrees': 5},True,0.992188,0.390625,2933838f,True,False,36.5673,0.897273,14.5498,0.1.0,3bcc6070f94e514764d324e397d61505df92186c,3.12.10,macOS-26.6.2-arm64-arm-64bit,2.5.3,42,cpu,opencv_yunet,landmark,insightface,spectral,dct,0.16,2026-09-13T09:31:58.154024+00:00
watermark_robustness,jose_serra_5.png,rotate_5_crop_10,rotate_crop,"{'degrees': 5, 'ratio': 0.1}",True,1.0,0.453125,2933838f,True,False,36.5673,0.897273,11.1639,0.1.0,3bcc6070f94e514764d324e397d61505df92186c,3.12.10,macOS-26.6.2-arm64-arm-64bit,2.5.3,42,cpu,opencv_yunet,landmark,insightface,spectral,dct,0.16,2026-09-13T09:31:58.154024+00:00
watermark_robustness,jose_serra_5.png,rotate_5_crop_20,rotate_crop,"{'degrees': 5, 'ratio': 0.2}",False,1.0,0.5,,False,False,36.5673,0.897273,9.841,0.1.0,3bcc6070f94e514764d324e397d61505df92186c,3.12.10,macOS-26.6.2-arm64-arm-64bit,2.5.3,42,cpu,opencv_yunet,landmark,insightface,spectral,dct,0.16,2026-09-13T09:31:58.154024+00:00
watermark_robustness,jose_serra_6.png,rotate_10,rotation,{'degrees': 10},True,0.950521,0.5,75324b66,True,False,35.9874,0.920086,13.3327,0.1.0,3bcc6070f94e514764d324e397d61505df92186c,3.12.10,macOS-26.6.2-arm64-arm-64bit,2.5.3,42,cpu,opencv_yunet,landmark,insightface,spectral,dct,0.16,2026-09-13T09:31:58.154024+00:00
watermark_robustness,jose_serra_6.png,rotate_10_crop_10,rotate_crop,"{'degrees': 10, 'ratio': 0.1}",True,0.961806,0.5,75324b66,True,False,35.9874,0.920086,12.2375,0.1.0,3bcc6070f94e514764d324e397d61505df92186c,3.12.10,macOS-26.6.2-arm64-arm-64bit,2.5.3,42,cpu,opencv_yunet,landmark,insightface,spectral,dct,0.16,2026-09-13T09:31:58.154024+00:00
watermark_robustness,jose_serra_6.png,rotate_15,rotation,{'degrees': 15},True,0.933594,0.453125,75324b66,True,False,35.9874,0.920086,11.8888,0.1.0,3bcc6070f94e514764d324e397d61505df92186c,3.12.10,macOS-26.6.2-arm64-arm-64bit,2.5.3,42,cpu,opencv_yunet,landmark,insightface,spectral,dct,0.16,2026-09-13T09:31:58.154024+00:00
watermark_robustness,jose_serra_6.png,rotate_2,rotation,{'degrees': 2},True,1.0,0.421875,75324b66,True,False,35.9874,0.920086,19.8046,0.1.0,3bcc6070f94e514764d324e397d61505df92186c,3.12.10,macOS-26.6.2-arm64-arm-64bit,2.5.3,42,cpu,opencv_yunet,landmark,insightface,spectral,dct,0.16,2026-09-13T09:31:58.154024+00:00
watermark_robustness,jose_serra_6.png,rotate_20,rotation,{'degrees': 20},False,0.909505,0.546875,,False,False,35.9874,0.920086,10.965,0.1.0,3bcc6070f94e514764d324e397d61505df92186c,3.12.10,macOS-26.6.2-arm64-arm-64bit,2.5.3,42,cpu,opencv_yunet,landmark,insightface,spectral,dct,0.16,2026-09-13T09:31:58.154024+00:00
watermark_robustness,jose_serra_6.png,rotate_25,rotation,{'degrees': 25},True,0.880208,0.484375,75324b66,True,False,35.9874,0.920086,10.3592,0.1.0,3bcc6070f94e514764d324e397d61505df92186c,3.12.10,macOS-26.6.2-arm64-arm-64bit,2.5.3,42,cpu,opencv_yunet,landmark,insightface,spectral,dct,0.16,2026-09-13T09:31:58.154024+00:00
watermark_robustness,jose_serra_6.png,rotate_30,rotation,{'degrees': 30},True,0.873698,0.359375,75324b66,True,False,35.9874,0.920086,9.9562,0.1.0,3bcc6070f94e514764d324e397d61505df92186c,3.12.10,macOS-26.6.2-arm64-arm-64bit,2.5.3,42,cpu,opencv_yunet,landmark,insightface,spectral,dct,0.16,2026-09-13T09:31:58.154024+00:00
watermark_robustness,jose_serra_6.png,rotate_5,rotation,{'degrees': 5},True,0.991536,0.390625,75324b66,True,False,35.9874,0.920086,15.939,0.1.0,3bcc6070f94e514764d324e397d61505df92186c,3.12.10,macOS-26.6.2-arm64-arm-64bit,2.5.3,42,cpu,opencv_yunet,landmark,insightface,spectral,dct,0.16,2026-09-13T09:31:58.154024+00:00
watermark_robustness,jose_serra_6.png,rotate_5_crop_10,rotate_crop,"{'degrees': 5, 'ratio': 0.1}",True,0.993056,0.546875,75324b66,True,False,35.9874,0.920086,12.5072,0.1.0,3bcc6070f94e514764d324e397d61505df92186c,3.12.10,macOS-26.6.2-arm64-arm-64bit,2.5.3,42,cpu,opencv_yunet,landmark,insightface,spectral,dct,0.16,2026-09-13T09:31:58.154024+00:00
watermark_robustness,jose_serra_6.png,rotate_5_crop_20,rotate_crop,"{'degrees': 5, 'ratio': 0.2}",True,1.0,0.390625,75324b66,True,False,35.9874,0.920086,10.1399,0.1.0,3bcc6070f94e514764d324e397d61505df92186c,3.12.10,macOS-26.6.2-arm64-arm-64bit,2.5.3,42,cpu,opencv_yunet,landmark,insightface,spectral,dct,0.16,2026-09-13T09:31:58.154024+00:00
watermark_robustness,jose_serra_7.png,rotate_10,rotation,{'degrees': 10},True,0.964844,0.59375,0e4899d9,True,False,36.7146,0.894798,16.0193,0.1.0,3bcc6070f94e514764d324e397d61505df92186c,3.12.10,macOS-26.6.2-arm64-arm-64bit,2.5.3,42,cpu,opencv_yunet,landmark,insightface,spectral,dct,0.16,2026-09-13T09:31:58.154024+00:00
watermark_robustness,jose_serra_7.png,rotate_10_crop_10,rotate_crop,"{'degrees': 10, 'ratio': 0.1}",True,0.979167,0.4375,0e4899d9,True,False,36.7146,0.894798,13.5077,0.1.0,3bcc6070f94e514764d324e397d61505df92186c,3.12.10,macOS-26.6.2-arm64-arm-64bit,2.5.3,42,cpu,opencv_yunet,landmark,insightface,spectral,dct,0.16,2026-09-13T09:31:58.154024+00:00
watermark_robustness,jose_serra_7.png,rotate_15,rotation,{'degrees': 15},True,0.951823,0.4375,0e4899d9,True,False,36.7146,0.894798,14.8633,0.1.0,3bcc6070f94e514764d324e397d61505df92186c,3.12.10,macOS-26.6.2-arm64-arm-64bit,2.5.3,42,cpu,opencv_yunet,landmark,insightface,spectral,dct,0.16,2026-09-13T09:31:58.154024+00:00
watermark_robustness,jose_serra_7.png,rotate_2,rotation,{'degrees': 2},True,1.0,0.421875,0e4899d9,True,False,36.7146,0.894798,23.3203,0.1.0,3bcc6070f94e514764d324e397d61505df92186c,3.12.10,macOS-26.6.2-arm64-arm-64bit,2.5.3,42,cpu,opencv_yunet,landmark,insightface,spectral,dct,0.16,2026-09-13T09:31:58.154024+00:00
watermark_robustness,jose_serra_7.png,rotate_20,rotation,{'degrees': 20},True,0.927734,0.546875,0e4899d9,True,False,36.7146,0.894798,14.1493,0.1.0,3bcc6070f94e514764d324e397d61505df92186c,3.12.10,macOS-26.6.2-arm64-arm-64bit,2.5.3,42,cpu,opencv_yunet,landmark,insightface,spectral,dct,0.16,2026-09-13T09:31:58.154024+00:00
watermark_robustness,jose_serra_7.png,rotate_25,rotation,{'degrees': 25},True,0.901693,0.515625,0e4899d9,True,False,36.7146,0.894798,13.6262,0.1.0,3bcc6070f94e514764d324e397d61505df92186c,3.12.10,macOS-26.6.2-arm64-arm-64bit,2.5.3,42,cpu,opencv_yunet,landmark,insightface,spectral,dct,0.16,2026-09-13T09:31:58.154024+00:00
watermark_robustness,jose_serra_7.png,rotate_30,rotation,{'degrees': 30},True,0.889323,0.5,0e4899d9,True,False,36.7146,0.894798,13.1591,0.1.0,3bcc6070f94e514764d324e397d61505df92186c,3.12.10,macOS-26.6.2-arm64-arm-64bit,2.5.3,42,cpu,opencv_yunet,landmark,insightface,spectral,dct,0.16,2026-09-13T09:31:58.154024+00:00
watermark_robustness,jose_serra_7.png,rotate_5,rotation,{'degrees': 5},True,0.995443,0.484375,0e4899d9,True,False,36.7146,0.894798,18.7768,0.1.0,3bcc6070f94e514764d324e397d61505df92186c,3.12.10,macOS-26.6.2-arm64-arm-64bit,2.5.3,42,cpu,opencv_yunet,landmark,insightface,spectral,dct,0.16,2026-09-13T09:31:58.154024+00:00
watermark_robustness,jose_serra_7.png,rotate_5_crop_10,rotate_crop,"{'degrees': 5, 'ratio': 0.1}",True,1.0,0.5625,0e4899d9,True,False,36.7146,0.894798,13.9556,0.1.0,3bcc6070f94e514764d324e397d61505df92186c,3.12.10,macOS-26.6.2-arm64-arm-64bit,2.5.3,42,cpu,opencv_yunet,landmark,insightface,spectral,dct,0.16,2026-09-13T09:31:58.154024+00:00
watermark_robustness,jose_serra_7.png,rotate_5_crop_20,rotate_crop,"{'degrees': 5, 'ratio': 0.2}",True,1.0,0.515625,0e4899d9,True,False,36.7146,0.894798,12.0403,0.1.0,3bcc6070f94e514764d324e397d61505df92186c,3.12.10,macOS-26.6.2-arm64-arm-64bit,2.5.3,42,cpu,opencv_yunet,landmark,insightface,spectral,dct,0.16,2026-09-13T09:31:58.154024+00:00
watermark_robustness,justin_timberlake_0.png,rotate_10,rotation,{'degrees': 10},True,0.95638,0.453125,5c750f6e,True,False,36.1357,0.888572,13.2166,0.1.0,3bcc6070f94e514764d324e397d61505df92186c,3.12.10,macOS-26.6.2-arm64-arm-64bit,2.5.3,42,cpu,opencv_yunet,landmark,insightface,spectral,dct,0.16,2026-09-13T09:31:58.154024+00:00
watermark_robustness,justin_timberlake_0.png,rotate_10_crop_10,rotate_crop,"{'degrees': 10, 'ratio': 0.1}",True,0.958333,0.515625,5c750f6e,True,False,36.1357,0.888572,12.4344,0.1.0,3bcc6070f94e514764d324e397d61505df92186c,3.12.10,macOS-26.6.2-arm64-arm-64bit,2.5.3,42,cpu,opencv_yunet,landmark,insightface,spectral,dct,0.16,2026-09-13T09:31:58.154024+00:00
watermark_robustness,justin_timberlake_0.png,rotate_15,rotation,{'degrees': 15},True,0.926432,0.484375,5c750f6e,True,False,36.1357,0.888572,12.1707,0.1.0,3bcc6070f94e514764d324e397d61505df92186c,3.12.10,macOS-26.6.2-arm64-arm-64bit,2.5.3,42,cpu,opencv_yunet,landmark,insightface,spectral,dct,0.16,2026-09-13T09:31:58.154024+00:00
watermark_robustness,justin_timberlake_0.png,rotate_2,rotation,{'degrees': 2},True,0.998047,0.40625,5c750f6e,True,False,36.1357,0.888572,19.5774,0.1.0,3bcc6070f94e514764d324e397d61505df92186c,3.12.10,macOS-26.6.2-arm64-arm-64bit,2.5.3,42,cpu,opencv_yunet,landmark,insightface,spectral,dct,0.16,2026-09-13T09:31:58.154024+00:00
watermark_robustness,justin_timberlake_0.png,rotate_20,rotation,{'degrees': 20},True,0.909505,0.578125,5c750f6e,True,False,36.1357,0.888572,11.5108,0.1.0,3bcc6070f94e514764d324e397d61505df92186c,3.12.10,macOS-26.6.2-arm64-arm-64bit,2.5.3,42,cpu,opencv_yunet,landmark,insightface,spectral,dct,0.16,2026-09-13T09:31:58.154024+00:00
watermark_robustness,justin_timberlake_0.png,rotate_25,rotation,{'degrees': 25},False,0.908854,0.5625,,False,False,36.1357,0.888572,10.9121,0.1.0,3bcc6070f94e514764d324e397d61505df92186c,3.12.10,macOS-26.6.2-arm64-arm-64bit,2.5.3,42,cpu,opencv_yunet,landmark,insightface,spectral,dct,0.16,2026-09-13T09:31:58.154024+00:00
watermark_robustness,justin_timberlake_0.png,rotate_30,rotation,{'degrees': 30},False,0.886719,0.4375,,False,False,36.1357,0.888572,10.4151,0.1.0,3bcc6070f94e514764d324e397d61505df92186c,3.12.10,macOS-26.6.2-arm64-arm-64bit,2.5.3,42,cpu,opencv_yunet,landmark,insightface,spectral,dct,0.16,2026-09-13T09:31:58.154024+00:00
watermark_robustness,justin_timberlake_0.png,rotate_5,rotation,{'degrees': 5},True,0.98763,0.59375,5c750f6e,True,False,36.1357,0.888572,15.4377,0.1.0,3bcc6070f94e514764d324e397d61505df92186c,3.12.10,macOS-26.6.2-arm64-arm-64bit,2.5.3,42,cpu,opencv_yunet,landmark,insightface,spectral,dct,0.16,2026-09-13T09:31:58.154024+00:00
watermark_robustness,justin_timberlake_0.png,rotate_5_crop_10,rotate_crop,"{'degrees': 5, 'ratio': 0.1}",True,0.996528,0.46875,5c750f6e,True,False,36.1357,0.888572,12.9894,0.1.0,3bcc6070f94e514764d324e397d61505df92186c,3.12.10,macOS-26.6.2-arm64-arm-64bit,2.5.3,42,cpu,opencv_yunet,landmark,insightface,spectral,dct,0.16,2026-09-13T09:31:58.154024+00:00
watermark_robustness,justin_timberlake_0.png,rotate_5_crop_20,rotate_crop,"{'degrees': 5, 'ratio': 0.2}",True,0.994792,0.53125,5c750f6e,True,False,36.1357,0.888572,10.9969,0.1.0,3bcc6070f94e514764d324e397d61505df92186c,3.12.10,macOS-26.6.2-arm64-arm-64bit,2.5.3,42,cpu,opencv_yunet,landmark,insightface,spectral,dct,0.16,2026-09-13T09:31:58.154024+00:00
watermark_robustness,justin_timberlake_1.png,rotate_10,rotation,{'degrees': 10},True,0.957031,0.484375,443826ce,True,False,36.0128,0.934279,10.0222,0.1.0,3bcc6070f94e514764d324e397d61505df92186c,3.12.10,macOS-26.6.2-arm64-arm-64bit,2.5.3,42,cpu,opencv_yunet,landmark,insightface,spectral,dct,0.16,2026-09-13T09:31:58.154024+00:00
watermark_robustness,justin_timberlake_1.png,rotate_10_crop_10,rotate_crop,"{'degrees': 10, 'ratio': 0.1}",True,0.972222,0.515625,443826ce,True,False,36.0128,0.934279,9.8029,0.1.0,3bcc6070f94e514764d324e397d61505df92186c,3.12.10,macOS-26.6.2-arm64-arm-64bit,2.5.3,42,cpu,opencv_yunet,landmark,insightface,spectral,dct,0.16,2026-09-13T09:31:58.154024+00:00
watermark_robustness,justin_timberlake_1.png,rotate_15,rotation,{'degrees': 15},True,0.923177,0.5625,443826ce,True,False,36.0128,0.934279,9.1735,0.1.0,3bcc6070f94e514764d324e397d61505df92186c,3.12.10,macOS-26.6.2-arm64-arm-64bit,2.5.3,42,cpu,opencv_yunet,landmark,insightface,spectral,dct,0.16,2026-09-13T09:31:58.154024+00:00
watermark_robustness,justin_timberlake_1.png,rotate_2,rotation,{'degrees': 2},True,1.0,0.546875,443826ce,True,False,36.0128,0.934279,14.5015,0.1.0,3bcc6070f94e514764d324e397d61505df92186c,3.12.10,macOS-26.6.2-arm64-arm-64bit,2.5.3,42,cpu,opencv_yunet,landmark,insightface,spectral,dct,0.16,2026-09-13T09:31:58.154024+00:00
watermark_robustness,justin_timberlake_1.png,rotate_20,rotation,{'degrees': 20},True,0.902344,0.578125,443826ce,True,False,36.0128,0.934279,8.6299,0.1.0,3bcc6070f94e514764d324e397d61505df92186c,3.12.10,macOS-26.6.2-arm64-arm-64bit,2.5.3,42,cpu,opencv_yunet,landmark,insightface,spectral,dct,0.16,2026-09-13T09:31:58.154024+00:00
watermark_robustness,justin_timberlake_1.png,rotate_25,rotation,{'degrees': 25},True,0.886719,0.609375,443826ce,True,False,36.0128,0.934279,8.1515,0.1.0,3bcc6070f94e514764d324e397d61505df92186c,3.12.10,macOS-26.6.2-arm64-arm-64bit,2.5.3,42,cpu,opencv_yunet,landmark,insightface,spectral,dct,0.16,2026-09-13T09:31:58.154024+00:00
watermark_robustness,justin_timberlake_1.png,rotate_30,rotation,{'degrees': 30},True,0.890625,0.609375,443826ce,True,False,36.0128,0.934279,7.7847,0.1.0,3bcc6070f94e514764d324e397d61505df92186c,3.12.10,macOS-26.6.2-arm64-arm-64bit,2.5.3,42,cpu,opencv_yunet,landmark,insightface,spectral,dct,0.16,2026-09-13T09:31:58.154024+00:00
watermark_robustness,justin_timberlake_1.png,rotate_5,rotation,{'degrees': 5},True,0.986328,0.578125,443826ce,True,False,36.0128,0.934279,11.6796,0.1.0,3bcc6070f94e514764d324e397d61505df92186c,3.12.10,macOS-26.6.2-arm64-arm-64bit,2.5.3,42,cpu,opencv_yunet,landmark,insightface,spectral,dct,0.16,2026-09-13T09:31:58.154024+00:00
watermark_robustness,justin_timberlake_1.png,rotate_5_crop_10,rotate_crop,"{'degrees': 5, 'ratio': 0.1}",True,0.982639,0.5625,443826ce,True,False,36.0128,0.934279,10.1133,0.1.0,3bcc6070f94e514764d324e397d61505df92186c,3.12.10,macOS-26.6.2-arm64-arm-64bit,2.5.3,42,cpu,opencv_yunet,landmark,insightface,spectral,dct,0.16,2026-09-13T09:31:58.154024+00:00
watermark_robustness,justin_timberlake_1.png,rotate_5_crop_20,rotate_crop,"{'degrees': 5, 'ratio': 0.2}",True,1.0,0.46875,443826ce,True,False,36.0128,0.934279,9.4268,0.1.0,3bcc6070f94e514764d324e397d61505df92186c,3.12.10,macOS-26.6.2-arm64-arm-64bit,2.5.3,42,cpu,opencv_yunet,landmark,insightface,spectral,dct,0.16,2026-09-13T09:31:58.154024+00:00
watermark_robustness,justin_timberlake_2.png,rotate_10,rotation,{'degrees': 10},True,0.959635,0.546875,49411ae2,True,False,35.9953,0.906391,13.0456,0.1.0,3bcc6070f94e514764d324e397d61505df92186c,3.12.10,macOS-26.6.2-arm64-arm-64bit,2.5.3,42,cpu,opencv_yunet,landmark,insightface,spectral,dct,0.16,2026-09-13T09:31:58.154024+00:00
watermark_robustness,justin_timberlake_2.png,rotate_10_crop_10,rotate_crop,"{'degrees': 10, 'ratio': 0.1}",True,0.979167,0.546875,49411ae2,True,False,35.9953,0.906391,12.6707,0.1.0,3bcc6070f94e514764d324e397d61505df92186c,3.12.10,macOS-26.6.2-arm64-arm-64bit,2.5.3,42,cpu,opencv_yunet,landmark,insightface,spectral,dct,0.16,2026-09-13T09:31:58.154024+00:00
watermark_robustness,justin_timberlake_2.png,rotate_15,rotation,{'degrees': 15},True,0.946615,0.578125,49411ae2,True,False,35.9953,0.906391,11.4965,0.1.0,3bcc6070f94e514764d324e397d61505df92186c,3.12.10,macOS-26.6.2-arm64-arm-64bit,2.5.3,42,cpu,opencv_yunet,landmark,insightface,spectral,dct,0.16,2026-09-13T09:31:58.154024+00:00
watermark_robustness,justin_timberlake_2.png,rotate_2,rotation,{'degrees': 2},True,0.996094,0.421875,49411ae2,True,False,35.9953,0.906391,20.8069,0.1.0,3bcc6070f94e514764d324e397d61505df92186c,3.12.10,macOS-26.6.2-arm64-arm-64bit,2.5.3,42,cpu,opencv_yunet,landmark,insightface,spectral,dct,0.16,2026-09-13T09:31:58.154024+00:00
watermark_robustness,justin_timberlake_2.png,rotate_20,rotation,{'degrees': 20},True,0.920573,0.46875,49411ae2,True,False,35.9953,0.906391,10.5413,0.1.0,3bcc6070f94e514764d324e397d61505df92186c,3.12.10,macOS-26.6.2-arm64-arm-64bit,2.5.3,42,cpu,opencv_yunet,landmark,insightface,spectral,dct,0.16,2026-09-13T09:31:58.154024+00:00
watermark_robustness,justin_timberlake_2.png,rotate_25,rotation,{'degrees': 25},True,0.901693,0.53125,49411ae2,True,False,35.9953,0.906391,9.8803,0.1.0,3bcc6070f94e514764d324e397d61505df92186c,3.12.10,macOS-26.6.2-arm64-arm-64bit,2.5.3,42,cpu,opencv_yunet,landmark,insightface,spectral,dct,0.16,2026-09-13T09:31:58.154024+00:00
watermark_robustness,justin_timberlake_2.png,rotate_30,rotation,{'degrees': 30},True,0.896484,0.609375,49411ae2,True,False,35.9953,0.906391,9.3721,0.1.0,3bcc6070f94e514764d324e397d61505df92186c,3.12.10,macOS-26.6.2-arm64-arm-64bit,2.5.3,42,cpu,opencv_yunet,landmark,insightface,spectral,dct,0.16,2026-09-13T09:31:58.154024+00:00
watermark_robustness,justin_timberlake_2.png,rotate_5,rotation,{'degrees': 5},True,0.988281,0.5625,49411ae2,True,False,35.9953,0.906391,16.2034,0.1.0,3bcc6070f94e514764d324e397d61505df92186c,3.12.10,macOS-26.6.2-arm64-arm-64bit,2.5.3,42,cpu,opencv_yunet,landmark,insightface,spectral,dct,0.16,2026-09-13T09:31:58.154024+00:00
watermark_robustness,justin_timberlake_2.png,rotate_5_crop_10,rotate_crop,"{'degrees': 5, 'ratio': 0.1}",True,0.993056,0.484375,49411ae2,True,False,35.9953,0.906391,13.0486,0.1.0,3bcc6070f94e514764d324e397d61505df92186c,3.12.10,macOS-26.6.2-arm64-arm-64bit,2.5.3,42,cpu,opencv_yunet,landmark,insightface,spectral,dct,0.16,2026-09-13T09:31:58.154024+00:00
watermark_robustness,justin_timberlake_2.png,rotate_5_crop_20,rotate_crop,"{'degrees': 5, 'ratio': 0.2}",True,1.0,0.46875,49411ae2,True,False,35.9953,0.906391,10.5153,0.1.0,3bcc6070f94e514764d324e397d61505df92186c,3.12.10,macOS-26.6.2-arm64-arm-64bit,2.5.3,42,cpu,opencv_yunet,landmark,insightface,spectral,dct,0.16,2026-09-13T09:31:58.154024+00:00
watermark_robustness,justin_timberlake_3.png,rotate_10,rotation,{'degrees': 10},True,0.959635,0.515625,5d2b0ede,True,False,36.1125,0.894502,16.4956,0.1.0,3bcc6070f94e514764d324e397d61505df92186c,3.12.10,macOS-26.6.2-arm64-arm-64bit,2.5.3,42,cpu,opencv_yunet,landmark,insightface,spectral,dct,0.16,2026-09-13T09:31:58.154024+00:00
watermark_robustness,justin_timberlake_3.png,rotate_10_crop_10,rotate_crop,"{'degrees': 10, 'ratio': 0.1}",True,0.965278,0.4375,5d2b0ede,True,False,36.1125,0.894502,14.9006,0.1.0,3bcc6070f94e514764d324e397d61505df92186c,3.12.10,macOS-26.6.2-arm64-arm-64bit,2.5.3,42,cpu,opencv_yunet,landmark,insightface,spectral,dct,0.16,2026-09-13T09:31:58.154024+00:00
watermark_robustness,justin_timberlake_3.png,rotate_15,rotation,{'degrees': 15},False,0.942057,0.625,,False,False,36.1125,0.894502,14.9374,0.1.0,3bcc6070f94e514764d324e397d61505df92186c,3.12.10,macOS-26.6.2-arm64-arm-64bit,2.5.3,42,cpu,opencv_yunet,landmark,insightface,spectral,dct,0.16,2026-09-13T09:31:58.154024+00:00
watermark_robustness,justin_timberlake_3.png,rotate_2,rotation,{'degrees': 2},True,1.0,0.3125,5d2b0ede,True,False,36.1125,0.894502,24.3847,0.1.0,3bcc6070f94e514764d324e397d61505df92186c,3.12.10,macOS-26.6.2-arm64-arm-64bit,2.5.3,42,cpu,opencv_yunet,landmark,insightface,spectral,dct,0.16,2026-09-13T09:31:58.154024+00:00
watermark_robustness,justin_timberlake_3.png,rotate_20,rotation,{'degrees': 20},True,0.919922,0.40625,5d2b0ede,True,False,36.1125,0.894502,13.9967,0.1.0,3bcc6070f94e514764d324e397d61505df92186c,3.12.10,macOS-26.6.2-arm64-arm-64bit,2.5.3,42,cpu,opencv_yunet,landmark,insightface,spectral,dct,0.16,2026-09-13T09:31:58.154024+00:00
watermark_robustness,justin_timberlake_3.png,rotate_25,rotation,{'degrees': 25},False,0.902995,0.40625,,False,False,36.1125,0.894502,13.3122,0.1.0,3bcc6070f94e514764d324e397d61505df92186c,3.12.10,macOS-26.6.2-arm64-arm-64bit,2.5.3,42,cpu,opencv_yunet,landmark,insightface,spectral,dct,0.16,2026-09-13T09:31:58.154024+00:00
watermark_robustness,justin_timberlake_3.png,rotate_30,rotation,{'degrees': 30},False,0.890625,0.5,,False,False,36.1125,0.894502,12.794,0.1.0,3bcc6070f94e514764d324e397d61505df92186c,3.12.10,macOS-26.6.2-arm64-arm-64bit,2.5.3,42,cpu,opencv_yunet,landmark,insightface,spectral,dct,0.16,2026-09-13T09:31:58.154024+00:00
watermark_robustness,justin_timberlake_3.png,rotate_5,rotation,{'degrees': 5},True,0.998047,0.40625,5d2b0ede,True,False,36.1125,0.894502,19.6502,0.1.0,3bcc6070f94e514764d324e397d61505df92186c,3.12.10,macOS-26.6.2-arm64-arm-64bit,2.5.3,42,cpu,opencv_yunet,landmark,insightface,spectral,dct,0.16,2026-09-13T09:31:58.154024+00:00
watermark_robustness,justin_timberlake_3.png,rotate_5_crop_10,rotate_crop,"{'degrees': 5, 'ratio': 0.1}",True,1.0,0.40625,5d2b0ede,True,False,36.1125,0.894502,15.4889,0.1.0,3bcc6070f94e514764d324e397d61505df92186c,3.12.10,macOS-26.6.2-arm64-arm-64bit,2.5.3,42,cpu,opencv_yunet,landmark,insightface,spectral,dct,0.16,2026-09-13T09:31:58.154024+00:00
watermark_robustness,justin_timberlake_3.png,rotate_5_crop_20,rotate_crop,"{'degrees': 5, 'ratio': 0.2}",True,1.0,0.484375,5d2b0ede,True,False,36.1125,0.894502,12.5496,0.1.0,3bcc6070f94e514764d324e397d61505df92186c,3.12.10,macOS-26.6.2-arm64-arm-64bit,2.5.3,42,cpu,opencv_yunet,landmark,insightface,spectral,dct,0.16,2026-09-13T09:31:58.154024+00:00
watermark_robustness,justin_timberlake_4.png,rotate_10,rotation,{'degrees': 10},True,0.974609,0.5,b75bc739,True,False,36.28,0.910325,14.4313,0.1.0,3bcc6070f94e514764d324e397d61505df92186c,3.12.10,macOS-26.6.2-arm64-arm-64bit,2.5.3,42,cpu,opencv_yunet,landmark,insightface,spectral,dct,0.16,2026-09-13T09:31:58.154024+00:00
watermark_robustness,justin_timberlake_4.png,rotate_10_crop_10,rotate_crop,"{'degrees': 10, 'ratio': 0.1}",True,0.965278,0.34375,b75bc739,True,False,36.28,0.910325,11.1231,0.1.0,3bcc6070f94e514764d324e397d61505df92186c,3.12.10,macOS-26.6.2-arm64-arm-64bit,2.5.3,42,cpu,opencv_yunet,landmark,insightface,spectral,dct,0.16,2026-09-13T09:31:58.154024+00:00
watermark_robustness,justin_timberlake_4.png,rotate_15,rotation,{'degrees': 15},True,0.955078,0.453125,b75bc739,True,False,36.28,0.910325,12.9311,0.1.0,3bcc6070f94e514764d324e397d61505df92186c,3.12.10,macOS-26.6.2-arm64-arm-64bit,2.5.3,42,cpu,opencv_yunet,landmark,insightface,spectral,dct,0.16,2026-09-13T09:31:58.154024+00:00
watermark_robustness,justin_timberlake_4.png,rotate_2,rotation,{'degrees': 2},True,1.0,0.359375,b75bc739,True,False,36.28,0.910325,22.3759,0.1.0,3bcc6070f94e514764d324e397d61505df92186c,3.12.10,macOS-26.6.2-arm64-arm-64bit,2.5.3,42,cpu,opencv_yunet,landmark,insightface,spectral,dct,0.16,2026-09-13T09:31:58.154024+00:00
watermark_robustness,justin_timberlake_4.png,rotate_20,rotation,{'degrees': 20},True,0.925781,0.515625,b75bc739,True,False,36.28,0.910325,11.9405,0.1.0,3bcc6070f94e514764d324e397d61505df92186c,3.12.10,macOS-26.6.2-arm64-arm-64bit,2.5.3,42,cpu,opencv_yunet,landmark,insightface,spectral,dct,0.16,2026-09-13T09:31:58.154024+00:00
watermark_robustness,justin_timberlake_4.png,rotate_25,rotation,{'degrees': 25},True,0.907552,0.453125,b75bc739,True,False,36.28,0.910325,11.3031,0.1.0,3bcc6070f94e514764d324e397d61505df92186c,3.12.10,macOS-26.6.2-arm64-arm-64bit,2.5.3,42,cpu,opencv_yunet,landmark,insightface,spectral,dct,0.16,2026-09-13T09:31:58.154024+00:00
watermark_robustness,justin_timberlake_4.png,rotate_30,rotation,{'degrees': 30},False,0.897135,0.46875,,False,False,36.28,0.910325,10.8391,0.1.0,3bcc6070f94e514764d324e397d61505df92186c,3.12.10,macOS-26.6.2-arm64-arm-64bit,2.5.3,42,cpu,opencv_yunet,landmark,insightface,spectral,dct,0.16,2026-09-13T09:31:58.154024+00:00
watermark_robustness,justin_timberlake_4.png,rotate_5,rotation,{'degrees': 5},True,0.996094,0.5,b75bc739,True,False,36.28,0.910325,17.3793,0.1.0,3bcc6070f94e514764d324e397d61505df92186c,3.12.10,macOS-26.6.2-arm64-arm-64bit,2.5.3,42,cpu,opencv_yunet,landmark,insightface,spectral,dct,0.16,2026-09-13T09:31:58.154024+00:00
watermark_robustness,justin_timberlake_4.png,rotate_5_crop_10,rotate_crop,"{'degrees': 5, 'ratio': 0.1}",True,1.0,0.453125,b75bc739,True,False,36.28,0.910325,11.3056,0.1.0,3bcc6070f94e514764d324e397d61505df92186c,3.12.10,macOS-26.6.2-arm64-arm-64bit,2.5.3,42,cpu,opencv_yunet,landmark,insightface,spectral,dct,0.16,2026-09-13T09:31:58.154024+00:00
watermark_robustness,justin_timberlake_4.png,rotate_5_crop_20,rotate_crop,"{'degrees': 5, 'ratio': 0.2}",True,1.0,0.421875,b75bc739,True,False,36.28,0.910325,9.807,0.1.0,3bcc6070f94e514764d324e397d61505df92186c,3.12.10,macOS-26.6.2-arm64-arm-64bit,2.5.3,42,cpu,opencv_yunet,landmark,insightface,spectral,dct,0.16,2026-09-13T09:31:58.154024+00:00
watermark_robustness,justin_timberlake_5.png,rotate_10,rotation,{'degrees': 10},True,0.968099,0.46875,212370ba,True,False,36.2038,0.907145,13.5727,0.1.0,3bcc6070f94e514764d324e397d61505df92186c,3.12.10,macOS-26.6.2-arm64-arm-64bit,2.5.3,42,cpu,opencv_yunet,landmark,insightface,spectral,dct,0.16,2026-09-13T09:31:58.154024+00:00
watermark_robustness,justin_timberlake_5.png,rotate_10_crop_10,rotate_crop,"{'degrees': 10, 'ratio': 0.1}",True,0.972222,0.484375,212370ba,True,False,36.2038,0.907145,11.5348,0.1.0,3bcc6070f94e514764d324e397d61505df92186c,3.12.10,macOS-26.6.2-arm64-arm-64bit,2.5.3,42,cpu,opencv_yunet,landmark,insightface,spectral,dct,0.16,2026-09-13T09:31:58.154024+00:00
watermark_robustness,justin_timberlake_5.png,rotate_15,rotation,{'degrees': 15},True,0.938151,0.625,212370ba,True,False,36.2038,0.907145,12.2703,0.1.0,3bcc6070f94e514764d324e397d61505df92186c,3.12.10,macOS-26.6.2-arm64-arm-64bit,2.5.3,42,cpu,opencv_yunet,landmark,insightface,spectral,dct,0.16,2026-09-13T09:31:58.154024+00:00
watermark_robustness,justin_timberlake_5.png,rotate_2,rotation,{'degrees': 2},True,1.0,0.40625,212370ba,True,False,36.2038,0.907145,19.8365,0.1.0,3bcc6070f94e514764d324e397d61505df92186c,3.12.10,macOS-26.6.2-arm64-arm-64bit,2.5.3,42,cpu,opencv_yunet,landmark,insightface,spectral,dct,0.16,2026-09-13T09:31:58.154024+00:00
watermark_robustness,justin_timberlake_5.png,rotate_20,rotation,{'degrees': 20},True,0.916667,0.46875,212370ba,True,False,36.2038,0.907145,11.5928,0.1.0,3bcc6070f94e514764d324e397d61505df92186c,3.12.10,macOS-26.6.2-arm64-arm-64bit,2.5.3,42,cpu,opencv_yunet,landmark,insightface,spectral,dct,0.16,2026-09-13T09:31:58.154024+00:00
watermark_robustness,justin_timberlake_5.png,rotate_25,rotation,{'degrees': 25},True,0.907552,0.609375,212370ba,True,False,36.2038,0.907145,11.1323,0.1.0,3bcc6070f94e514764d324e397d61505df92186c,3.12.10,macOS-26.6.2-arm64-arm-64bit,2.5.3,42,cpu,opencv_yunet,landmark,insightface,spectral,dct,0.16,2026-09-13T09:31:58.154024+00:00
watermark_robustness,justin_timberlake_5.png,rotate_30,rotation,{'degrees': 30},True,0.902995,0.53125,212370ba,True,False,36.2038,0.907145,10.7507,0.1.0,3bcc6070f94e514764d324e397d61505df92186c,3.12.10,macOS-26.6.2-arm64-arm-64bit,2.5.3,42,cpu,opencv_yunet,landmark,insightface,spectral,dct,0.16,2026-09-13T09:31:58.154024+00:00
watermark_robustness,justin_timberlake_5.png,rotate_5,rotation,{'degrees': 5},True,0.996094,0.5,212370ba,True,False,36.2038,0.907145,15.8568,0.1.0,3bcc6070f94e514764d324e397d61505df92186c,3.12.10,macOS-26.6.2-arm64-arm-64bit,2.5.3,42,cpu,opencv_yunet,landmark,insightface,spectral,dct,0.16,2026-09-13T09:31:58.154024+00:00
watermark_robustness,justin_timberlake_5.png,rotate_5_crop_10,rotate_crop,"{'degrees': 5, 'ratio': 0.1}",True,0.996528,0.5625,212370ba,True,False,36.2038,0.907145,11.7066,0.1.0,3bcc6070f94e514764d324e397d61505df92186c,3.12.10,macOS-26.6.2-arm64-arm-64bit,2.5.3,42,cpu,opencv_yunet,landmark,insightface,spectral,dct,0.16,2026-09-13T09:31:58.154024+00:00
watermark_robustness,justin_timberlake_5.png,rotate_5_crop_20,rotate_crop,"{'degrees': 5, 'ratio': 0.2}",True,1.0,0.5625,212370ba,True,False,36.2038,0.907145,10.6579,0.1.0,3bcc6070f94e514764d324e397d61505df92186c,3.12.10,macOS-26.6.2-arm64-arm-64bit,2.5.3,42,cpu,opencv_yunet,landmark,insightface,spectral,dct,0.16,2026-09-13T09:31:58.154024+00:00
watermark_robustness,justin_timberlake_6.png,rotate_10,rotation,{'degrees': 10},True,0.958333,0.421875,48ae03f9,True,False,36.3164,0.897691,14.8972,0.1.0,3bcc6070f94e514764d324e397d61505df92186c,3.12.10,macOS-26.6.2-arm64-arm-64bit,2.5.3,42,cpu,opencv_yunet,landmark,insightface,spectral,dct,0.16,2026-09-13T09:31:58.154024+00:00
watermark_robustness,justin_timberlake_6.png,rotate_10_crop_10,rotate_crop,"{'degrees': 10, 'ratio': 0.1}",True,0.972222,0.546875,48ae03f9,True,False,36.3164,0.897691,13.07,0.1.0,3bcc6070f94e514764d324e397d61505df92186c,3.12.10,macOS-26.6.2-arm64-arm-64bit,2.5.3,42,cpu,opencv_yunet,landmark,insightface,spectral,dct,0.16,2026-09-13T09:31:58.154024+00:00
watermark_robustness,justin_timberlake_6.png,rotate_15,rotation,{'degrees': 15},True,0.939453,0.578125,48ae03f9,True,False,36.3164,0.897691,13.4264,0.1.0,3bcc6070f94e514764d324e397d61505df92186c,3.12.10,macOS-26.6.2-arm64-arm-64bit,2.5.3,42,cpu,opencv_yunet,landmark,insightface,spectral,dct,0.16,2026-09-13T09:31:58.154024+00:00
watermark_robustness,justin_timberlake_6.png,rotate_2,rotation,{'degrees': 2},True,1.0,0.453125,48ae03f9,True,False,36.3164,0.897691,22.3964,0.1.0,3bcc6070f94e514764d324e397d61505df92186c,3.12.10,macOS-26.6.2-arm64-arm-64bit,2.5.3,42,cpu,opencv_yunet,landmark,insightface,spectral,dct,0.16,2026-09-13T09:31:58.154024+00:00
watermark_robustness,justin_timberlake_6.png,rotate_20,rotation,{'degrees': 20},True,0.921224,0.515625,48ae03f9,True,False,36.3164,0.897691,12.4852,0.1.0,3bcc6070f94e514764d324e397d61505df92186c,3.12.10,macOS-26.6.2-arm64-arm-64bit,2.5.3,42,cpu,opencv_yunet,landmark,insightface,spectral,dct,0.16,2026-09-13T09:31:58.154024+00:00
watermark_robustness,justin_timberlake_6.png,rotate_25,rotation,{'degrees': 25},True,0.909505,0.5625,48ae03f9,True,False,36.3164,0.897691,11.8306,0.1.0,3bcc6070f94e514764d324e397d61505df92186c,3.12.10,macOS-26.6.2-arm64-arm-64bit,2.5.3,42,cpu,opencv_yunet,landmark,insightface,spectral,dct,0.16,2026-09-13T09:31:58.154024+00:00
watermark_robustness,justin_timberlake_6.png,rotate_30,rotation,{'degrees': 30},True,0.884766,0.484375,48ae03f9,True,False,36.3164,0.897691,11.3498,0.1.0,3bcc6070f94e514764d324e397d61505df92186c,3.12.10,macOS-26.6.2-arm64-arm-64bit,2.5.3,42,cpu,opencv_yunet,landmark,insightface,spectral,dct,0.16,2026-09-13T09:31:58.154024+00:00
watermark_robustness,justin_timberlake_6.png,rotate_5,rotation,{'degrees': 5},True,0.998047,0.40625,48ae03f9,True,False,36.3164,0.897691,17.6875,0.1.0,3bcc6070f94e514764d324e397d61505df92186c,3.12.10,macOS-26.6.2-arm64-arm-64bit,2.5.3,42,cpu,opencv_yunet,landmark,insightface,spectral,dct,0.16,2026-09-13T09:31:58.154024+00:00
watermark_robustness,justin_timberlake_6.png,rotate_5_crop_10,rotate_crop,"{'degrees': 5, 'ratio': 0.1}",True,1.0,0.484375,48ae03f9,True,False,36.3164,0.897691,13.2343,0.1.0,3bcc6070f94e514764d324e397d61505df92186c,3.12.10,macOS-26.6.2-arm64-arm-64bit,2.5.3,42,cpu,opencv_yunet,landmark,insightface,spectral,dct,0.16,2026-09-13T09:31:58.154024+00:00
watermark_robustness,justin_timberlake_6.png,rotate_5_crop_20,rotate_crop,"{'degrees': 5, 'ratio': 0.2}",True,1.0,0.5625,48ae03f9,True,False,36.3164,0.897691,11.3346,0.1.0,3bcc6070f94e514764d324e397d61505df92186c,3.12.10,macOS-26.6.2-arm64-arm-64bit,2.5.3,42,cpu,opencv_yunet,landmark,insightface,spectral,dct,0.16,2026-09-13T09:31:58.154024+00:00
watermark_robustness,kim_clijsters_0.png,rotate_10,rotation,{'degrees': 10},True,0.955078,0.515625,ae8274d9,True,False,36.5783,0.907258,13.5848,0.1.0,3bcc6070f94e514764d324e397d61505df92186c,3.12.10,macOS-26.6.2-arm64-arm-64bit,2.5.3,42,cpu,opencv_yunet,landmark,insightface,spectral,dct,0.16,2026-09-13T09:31:58.154024+00:00
watermark_robustness,kim_clijsters_0.png,rotate_10_crop_10,rotate_crop,"{'degrees': 10, 'ratio': 0.1}",True,0.961806,0.453125,ae8274d9,True,False,36.5783,0.907258,10.0473,0.1.0,3bcc6070f94e514764d324e397d61505df92186c,3.12.10,macOS-26.6.2-arm64-arm-64bit,2.5.3,42,cpu,opencv_yunet,landmark,insightface,spectral,dct,0.16,2026-09-13T09:31:58.154024+00:00
watermark_robustness,kim_clijsters_0.png,rotate_15,rotation,{'degrees': 15},True,0.936198,0.421875,ae8274d9,True,False,36.5783,0.907258,12.3142,0.1.0,3bcc6070f94e514764d324e397d61505df92186c,3.12.10,macOS-26.6.2-arm64-arm-64bit,2.5.3,42,cpu,opencv_yunet,landmark,insightface,spectral,dct,0.16,2026-09-13T09:31:58.154024+00:00
watermark_robustness,kim_clijsters_0.png,rotate_2,rotation,{'degrees': 2},True,1.0,0.515625,ae8274d9,True,False,36.5783,0.907258,20.4352,0.1.0,3bcc6070f94e514764d324e397d61505df92186c,3.12.10,macOS-26.6.2-arm64-arm-64bit,2.5.3,42,cpu,opencv_yunet,landmark,insightface,spectral,dct,0.16,2026-09-13T09:31:58.154024+00:00
watermark_robustness,kim_clijsters_0.png,rotate_20,rotation,{'degrees': 20},True,0.904948,0.484375,ae8274d9,True,False,36.5783,0.907258,11.513,0.1.0,3bcc6070f94e514764d324e397d61505df92186c,3.12.10,macOS-26.6.2-arm64-arm-64bit,2.5.3,42,cpu,opencv_yunet,landmark,insightface,spectral,dct,0.16,2026-09-13T09:31:58.154024+00:00
watermark_robustness,kim_clijsters_0.png,rotate_25,rotation,{'degrees': 25},True,0.888021,0.59375,ae8274d9,True,False,36.5783,0.907258,10.9634,0.1.0,3bcc6070f94e514764d324e397d61505df92186c,3.12.10,macOS-26.6.2-arm64-arm-64bit,2.5.3,42,cpu,opencv_yunet,landmark,insightface,spectral,dct,0.16,2026-09-13T09:31:58.154024+00:00
watermark_robustness,kim_clijsters_0.png,rotate_30,rotation,{'degrees': 30},True,0.872396,0.5,ae8274d9,True,False,36.5783,0.907258,10.5298,0.1.0,3bcc6070f94e514764d324e397d61505df92186c,3.12.10,macOS-26.6.2-arm64-arm-64bit,2.5.3,42,cpu,opencv_yunet,landmark,insightface,spectral,dct,0.16,2026-09-13T09:31:58.154024+00:00
watermark_robustness,kim_clijsters_0.png,rotate_5,rotation,{'degrees': 5},True,0.984375,0.453125,ae8274d9,True,False,36.5783,0.907258,16.1526,0.1.0,3bcc6070f94e514764d324e397d61505df92186c,3.12.10,macOS-26.6.2-arm64-arm-64bit,2.5.3,42,cpu,opencv_yunet,landmark,insightface,spectral,dct,0.16,2026-09-13T09:31:58.154024+00:00
watermark_robustness,kim_clijsters_0.png,rotate_5_crop_10,rotate_crop,"{'degrees': 5, 'ratio': 0.1}",True,0.996528,0.484375,ae8274d9,True,False,36.5783,0.907258,10.3613,0.1.0,3bcc6070f94e514764d324e397d61505df92186c,3.12.10,macOS-26.6.2-arm64-arm-64bit,2.5.3,42,cpu,opencv_yunet,landmark,insightface,spectral,dct,0.16,2026-09-13T09:31:58.154024+00:00
watermark_robustness,kim_clijsters_0.png,rotate_5_crop_20,rotate_crop,"{'degrees': 5, 'ratio': 0.2}",True,0.994792,0.5,ae8274d9,True,False,36.5783,0.907258,9.7736,0.1.0,3bcc6070f94e514764d324e397d61505df92186c,3.12.10,macOS-26.6.2-arm64-arm-64bit,2.5.3,42,cpu,opencv_yunet,landmark,insightface,spectral,dct,0.16,2026-09-13T09:31:58.154024+00:00
watermark_robustness,kim_clijsters_1.png,rotate_10,rotation,{'degrees': 10},True,0.962891,0.53125,7a3f49a6,True,False,35.9979,0.90572,14.1996,0.1.0,3bcc6070f94e514764d324e397d61505df92186c,3.12.10,macOS-26.6.2-arm64-arm-64bit,2.5.3,42,cpu,opencv_yunet,landmark,insightface,spectral,dct,0.16,2026-09-13T09:31:58.154024+00:00
watermark_robustness,kim_clijsters_1.png,rotate_10_crop_10,rotate_crop,"{'degrees': 10, 'ratio': 0.1}",True,0.958333,0.53125,7a3f49a6,True,False,35.9979,0.90572,11.0355,0.1.0,3bcc6070f94e514764d324e397d61505df92186c,3.12.10,macOS-26.6.2-arm64-arm-64bit,2.5.3,42,cpu,opencv_yunet,landmark,insightface,spectral,dct,0.16,2026-09-13T09:31:58.154024+00:00
watermark_robustness,kim_clijsters_1.png,rotate_15,rotation,{'degrees': 15},False,0.938802,0.390625,,False,False,35.9979,0.90572,12.7117,0.1.0,3bcc6070f94e514764d324e397d61505df92186c,3.12.10,macOS-26.6.2-arm64-arm-64bit,2.5.3,42,cpu,opencv_yunet,landmark,insightface,spectral,dct,0.16,2026-09-13T09:31:58.154024+00:00
watermark_robustness,kim_clijsters_1.png,rotate_2,rotation,{'degrees': 2},True,1.0,0.328125,7a3f49a6,True,False,35.9979,0.90572,21.4091,0.1.0,3bcc6070f94e514764d324e397d61505df92186c,3.12.10,macOS-26.6.2-arm64-arm-64bit,2.5.3,42,cpu,opencv_yunet,landmark,insightface,spectral,dct,0.16,2026-09-13T09:31:58.154024+00:00
watermark_robustness,kim_clijsters_1.png,rotate_20,rotation,{'degrees': 20},False,0.923828,0.53125,,False,False,35.9979,0.90572,11.7568,0.1.0,3bcc6070f94e514764d324e397d61505df92186c,3.12.10,macOS-26.6.2-arm64-arm-64bit,2.5.3,42,cpu,opencv_yunet,landmark,insightface,spectral,dct,0.16,2026-09-13T09:31:58.154024+00:00
watermark_robustness,kim_clijsters_1.png,rotate_25,rotation,{'degrees': 25},False,0.904948,0.484375,,False,False,35.9979,0.90572,10.9739,0.1.0,3bcc6070f94e514764d324e397d61505df92186c,3.12.10,macOS-26.6.2-arm64-arm-64bit,2.5.3,42,cpu,opencv_yunet,landmark,insightface,spectral,dct,0.16,2026-09-13T09:31:58.154024+00:00
watermark_robustness,kim_clijsters_1.png,rotate_30,rotation,{'degrees': 30},False,0.890625,0.390625,,False,False,35.9979,0.90572,10.4326,0.1.0,3bcc6070f94e514764d324e397d61505df92186c,3.12.10,macOS-26.6.2-arm64-arm-64bit,2.5.3,42,cpu,opencv_yunet,landmark,insightface,spectral,dct,0.16,2026-09-13T09:31:58.154024+00:00
watermark_robustness,kim_clijsters_1.png,rotate_5,rotation,{'degrees': 5},True,0.994141,0.4375,7a3f49a6,True,False,35.9979,0.90572,17.0237,0.1.0,3bcc6070f94e514764d324e397d61505df92186c,3.12.10,macOS-26.6.2-arm64-arm-64bit,2.5.3,42,cpu,opencv_yunet,landmark,insightface,spectral,dct,0.16,2026-09-13T09:31:58.154024+00:00
watermark_robustness,kim_clijsters_1.png,rotate_5_crop_10,rotate_crop,"{'degrees': 5, 'ratio': 0.1}",True,0.996528,0.46875,7a3f49a6,True,False,35.9979,0.90572,11.0859,0.1.0,3bcc6070f94e514764d324e397d61505df92186c,3.12.10,macOS-26.6.2-arm64-arm-64bit,2.5.3,42,cpu,opencv_yunet,landmark,insightface,spectral,dct,0.16,2026-09-13T09:31:58.154024+00:00
watermark_robustness,kim_clijsters_1.png,rotate_5_crop_20,rotate_crop,"{'degrees': 5, 'ratio': 0.2}",True,1.0,0.4375,7a3f49a6,True,False,35.9979,0.90572,10.0752,0.1.0,3bcc6070f94e514764d324e397d61505df92186c,3.12.10,macOS-26.6.2-arm64-arm-64bit,2.5.3,42,cpu,opencv_yunet,landmark,insightface,spectral,dct,0.16,2026-09-13T09:31:58.154024+00:00
watermark_robustness,kim_clijsters_2.png,rotate_10,rotation,{'degrees': 10},True,0.96875,0.40625,3b8774d6,True,False,36.2809,0.923023,13.4979,0.1.0,3bcc6070f94e514764d324e397d61505df92186c,3.12.10,macOS-26.6.2-arm64-arm-64bit,2.5.3,42,cpu,opencv_yunet,landmark,insightface,spectral,dct,0.16,2026-09-13T09:31:58.154024+00:00
watermark_robustness,kim_clijsters_2.png,rotate_10_crop_10,rotate_crop,"{'degrees': 10, 'ratio': 0.1}",True,0.96875,0.484375,3b8774d6,True,False,36.2809,0.923023,12.5016,0.1.0,3bcc6070f94e514764d324e397d61505df92186c,3.12.10,macOS-26.6.2-arm64-arm-64bit,2.5.3,42,cpu,opencv_yunet,landmark,insightface,spectral,dct,0.16,2026-09-13T09:31:58.154024+00:00
watermark_robustness,kim_clijsters_2.png,rotate_15,rotation,{'degrees': 15},False,0.947266,0.5,,False,False,36.2809,0.923023,12.1372,0.1.0,3bcc6070f94e514764d324e397d61505df92186c,3.12.10,macOS-26.6.2-arm64-arm-64bit,2.5.3,42,cpu,opencv_yunet,landmark,insightface,spectral,dct,0.16,2026-09-13T09:31:58.154024+00:00
watermark_robustness,kim_clijsters_2.png,rotate_2,rotation,{'degrees': 2},True,0.996094,0.390625,3b8774d6,True,False,36.2809,0.923023,19.8928,0.1.0,3bcc6070f94e514764d324e397d61505df92186c,3.12.10,macOS-26.6.2-arm64-arm-64bit,2.5.3,42,cpu,opencv_yunet,landmark,insightface,spectral,dct,0.16,2026-09-13T09:31:58.154024+00:00
watermark_robustness,kim_clijsters_2.png,rotate_20,rotation,{'degrees': 20},False,0.929036,0.40625,,False,False,36.2809,0.923023,11.2652,0.1.0,3bcc6070f94e514764d324e397d61505df92186c,3.12.10,macOS-26.6.2-arm64-arm-64bit,2.5.3,42,cpu,opencv_yunet,landmark,insightface,spectral,dct,0.16,2026-09-13T09:31:58.154024+00:00
watermark_robustness,kim_clijsters_2.png,rotate_25,rotation,{'degrees': 25},False,0.91276,0.46875,,False,False,36.2809,0.923023,10.6959,0.1.0,3bcc6070f94e514764d324e397d61505df92186c,3.12.10,macOS-26.6.2-arm64-arm-64bit,2.5.3,42,cpu,opencv_yunet,landmark,insightface,spectral,dct,0.16,2026-09-13T09:31:58.154024+00:00
watermark_robustness,kim_clijsters_2.png,rotate_30,rotation,{'degrees': 30},False,0.898438,0.40625,,False,False,36.2809,0.923023,10.3259,0.1.0,3bcc6070f94e514764d324e397d61505df92186c,3.12.10,macOS-26.6.2-arm64-arm-64bit,2.5.3,42,cpu,opencv_yunet,landmark,insightface,spectral,dct,0.16,2026-09-13T09:31:58.154024+00:00
watermark_robustness,kim_clijsters_2.png,rotate_5,rotation,{'degrees': 5},True,0.994792,0.46875,3b8774d6,True,False,36.2809,0.923023,16.0351,0.1.0,3bcc6070f94e514764d324e397d61505df92186c,3.12.10,macOS-26.6.2-arm64-arm-64bit,2.5.3,42,cpu,opencv_yunet,landmark,insightface,spectral,dct,0.16,2026-09-13T09:31:58.154024+00:00
watermark_robustness,kim_clijsters_2.png,rotate_5_crop_10,rotate_crop,"{'degrees': 5, 'ratio': 0.1}",True,1.0,0.421875,3b8774d6,True,False,36.2809,0.923023,13.1953,0.1.0,3bcc6070f94e514764d324e397d61505df92186c,3.12.10,macOS-26.6.2-arm64-arm-64bit,2.5.3,42,cpu,opencv_yunet,landmark,insightface,spectral,dct,0.16,2026-09-13T09:31:58.154024+00:00
watermark_robustness,kim_clijsters_2.png,rotate_5_crop_20,rotate_crop,"{'degrees': 5, 'ratio': 0.2}",True,1.0,0.59375,3b8774d6,True,False,36.2809,0.923023,10.2515,0.1.0,3bcc6070f94e514764d324e397d61505df92186c,3.12.10,macOS-26.6.2-arm64-arm-64bit,2.5.3,42,cpu,opencv_yunet,landmark,insightface,spectral,dct,0.16,2026-09-13T09:31:58.154024+00:00
watermark_robustness,kim_clijsters_3.png,rotate_10,rotation,{'degrees': 10},False,0.965495,0.359375,,False,False,36.0246,0.929402,11.034,0.1.0,3bcc6070f94e514764d324e397d61505df92186c,3.12.10,macOS-26.6.2-arm64-arm-64bit,2.5.3,42,cpu,opencv_yunet,landmark,insightface,spectral,dct,0.16,2026-09-13T09:31:58.154024+00:00
watermark_robustness,kim_clijsters_3.png,rotate_10_crop_10,rotate_crop,"{'degrees': 10, 'ratio': 0.1}",False,0.951389,0.359375,,False,False,36.0246,0.929402,9.7611,0.1.0,3bcc6070f94e514764d324e397d61505df92186c,3.12.10,macOS-26.6.2-arm64-arm-64bit,2.5.3,42,cpu,opencv_yunet,landmark,insightface,spectral,dct,0.16,2026-09-13T09:31:58.154024+00:00
watermark_robustness,kim_clijsters_3.png,rotate_15,rotation,{'degrees': 15},False,0.938151,0.390625,,False,False,36.0246,0.929402,9.8837,0.1.0,3bcc6070f94e514764d324e397d61505df92186c,3.12.10,macOS-26.6.2-arm64-arm-64bit,2.5.3,42,cpu,opencv_yunet,landmark,insightface,spectral,dct,0.16,2026-09-13T09:31:58.154024+00:00
watermark_robustness,kim_clijsters_3.png,rotate_2,rotation,{'degrees': 2},False,1.0,0.234375,,False,False,36.0246,0.929402,16.6886,0.1.0,3bcc6070f94e514764d324e397d61505df92186c,3.12.10,macOS-26.6.2-arm64-arm-64bit,2.5.3,42,cpu,opencv_yunet,landmark,insightface,spectral,dct,0.16,2026-09-13T09:31:58.154024+00:00
watermark_robustness,kim_clijsters_3.png,rotate_20,rotation,{'degrees': 20},False,0.923828,0.34375,,False,False,36.0246,0.929402,8.9785,0.1.0,3bcc6070f94e514764d324e397d61505df92186c,3.12.10,macOS-26.6.2-arm64-arm-64bit,2.5.3,42,cpu,opencv_yunet,landmark,insightface,spectral,dct,0.16,2026-09-13T09:31:58.154024+00:00
watermark_robustness,kim_clijsters_3.png,rotate_25,rotation,{'degrees': 25},False,0.897786,0.46875,,False,False,36.0246,0.929402,8.3387,0.1.0,3bcc6070f94e514764d324e397d61505df92186c,3.12.10,macOS-26.6.2-arm64-arm-64bit,2.5.3,42,cpu,opencv_yunet,landmark,insightface,spectral,dct,0.16,2026-09-13T09:31:58.154024+00:00
watermark_robustness,kim_clijsters_3.png,rotate_30,rotation,{'degrees': 30},False,0.891276,0.421875,,False,False,36.0246,0.929402,7.9859,0.1.0,3bcc6070f94e514764d324e397d61505df92186c,3.12.10,macOS-26.6.2-arm64-arm-64bit,2.5.3,42,cpu,opencv_yunet,landmark,insightface,spectral,dct,0.16,2026-09-13T09:31:58.154024+00:00
watermark_robustness,kim_clijsters_3.png,rotate_5,rotation,{'degrees': 5},False,0.989583,0.515625,,False,False,36.0246,0.929402,13.0296,0.1.0,3bcc6070f94e514764d324e397d61505df92186c,3.12.10,macOS-26.6.2-arm64-arm-64bit,2.5.3,42,cpu,opencv_yunet,landmark,insightface,spectral,dct,0.16,2026-09-13T09:31:58.154024+00:00
watermark_robustness,kim_clijsters_3.png,rotate_5_crop_10,rotate_crop,"{'degrees': 5, 'ratio': 0.1}",False,0.989583,0.421875,,False,False,36.0246,0.929402,9.9121,0.1.0,3bcc6070f94e514764d324e397d61505df92186c,3.12.10,macOS-26.6.2-arm64-arm-64bit,2.5.3,42,cpu,opencv_yunet,landmark,insightface,spectral,dct,0.16,2026-09-13T09:31:58.154024+00:00
watermark_robustness,kim_clijsters_3.png,rotate_5_crop_20,rotate_crop,"{'degrees': 5, 'ratio': 0.2}",False,0.994792,0.53125,,False,False,36.0246,0.929402,9.4794,0.1.0,3bcc6070f94e514764d324e397d61505df92186c,3.12.10,macOS-26.6.2-arm64-arm-64bit,2.5.3,42,cpu,opencv_yunet,landmark,insightface,spectral,dct,0.16,2026-09-13T09:31:58.154024+00:00
watermark_robustness,kim_clijsters_4.png,rotate_10,rotation,{'degrees': 10},True,0.942057,0.390625,b34eb882,True,False,35.6567,0.934377,12.0022,0.1.0,3bcc6070f94e514764d324e397d61505df92186c,3.12.10,macOS-26.6.2-arm64-arm-64bit,2.5.3,42,cpu,opencv_yunet,landmark,insightface,spectral,dct,0.16,2026-09-13T09:31:58.154024+00:00
watermark_robustness,kim_clijsters_4.png,rotate_10_crop_10,rotate_crop,"{'degrees': 10, 'ratio': 0.1}",True,0.975694,0.5625,b34eb882,True,False,35.6567,0.934377,11.3938,0.1.0,3bcc6070f94e514764d324e397d61505df92186c,3.12.10,macOS-26.6.2-arm64-arm-64bit,2.5.3,42,cpu,opencv_yunet,landmark,insightface,spectral,dct,0.16,2026-09-13T09:31:58.154024+00:00
watermark_robustness,kim_clijsters_4.png,rotate_15,rotation,{'degrees': 15},True,0.921875,0.515625,b34eb882,True,False,35.6567,0.934377,10.9982,0.1.0,3bcc6070f94e514764d324e397d61505df92186c,3.12.10,macOS-26.6.2-arm64-arm-64bit,2.5.3,42,cpu,opencv_yunet,landmark,insightface,spectral,dct,0.16,2026-09-13T09:31:58.154024+00:00
watermark_robustness,kim_clijsters_4.png,rotate_2,rotation,{'degrees': 2},True,1.0,0.40625,b34eb882,True,False,35.6567,0.934377,17.8418,0.1.0,3bcc6070f94e514764d324e397d61505df92186c,3.12.10,macOS-26.6.2-arm64-arm-64bit,2.5.3,42,cpu,opencv_yunet,landmark,insightface,spectral,dct,0.16,2026-09-13T09:31:58.154024+00:00
watermark_robustness,kim_clijsters_4.png,rotate_20,rotation,{'degrees': 20},True,0.886719,0.3125,b34eb882,True,False,35.6567,0.934377,10.3932,0.1.0,3bcc6070f94e514764d324e397d61505df92186c,3.12.10,macOS-26.6.2-arm64-arm-64bit,2.5.3,42,cpu,opencv_yunet,landmark,insightface,spectral,dct,0.16,2026-09-13T09:31:58.154024+00:00
watermark_robustness,kim_clijsters_4.png,rotate_25,rotation,{'degrees': 25},True,0.872396,0.5,b34eb882,True,False,35.6567,0.934377,9.9901,0.1.0,3bcc6070f94e514764d324e397d61505df92186c,3.12.10,macOS-26.6.2-arm64-arm-64bit,2.5.3,42,cpu,opencv_yunet,landmark,insightface,spectral,dct,0.16,2026-09-13T09:31:58.154024+00:00
watermark_robustness,kim_clijsters_4.png,rotate_30,rotation,{'degrees': 30},True,0.848958,0.5,b34eb882,True,False,35.6567,0.934377,9.7671,0.1.0,3bcc6070f94e514764d324e397d61505df92186c,3.12.10,macOS-26.6.2-arm64-arm-64bit,2.5.3,42,cpu,opencv_yunet,landmark,insightface,spectral,dct,0.16,2026-09-13T09:31:58.154024+00:00
watermark_robustness,kim_clijsters_4.png,rotate_5,rotation,{'degrees': 5},True,0.983724,0.375,b34eb882,True,False,35.6567,0.934377,14.254,0.1.0,3bcc6070f94e514764d324e397d61505df92186c,3.12.10,macOS-26.6.2-arm64-arm-64bit,2.5.3,42,cpu,opencv_yunet,landmark,insightface,spectral,dct,0.16,2026-09-13T09:31:58.154024+00:00
watermark_robustness,kim_clijsters_4.png,rotate_5_crop_10,rotate_crop,"{'degrees': 5, 'ratio': 0.1}",True,0.993056,0.4375,b34eb882,True,False,35.6567,0.934377,11.5136,0.1.0,3bcc6070f94e514764d324e397d61505df92186c,3.12.10,macOS-26.6.2-arm64-arm-64bit,2.5.3,42,cpu,opencv_yunet,landmark,insightface,spectral,dct,0.16,2026-09-13T09:31:58.154024+00:00
watermark_robustness,kim_clijsters_4.png,rotate_5_crop_20,rotate_crop,"{'degrees': 5, 'ratio': 0.2}",True,0.994792,0.5,b34eb882,True,False,35.6567,0.934377,10.7457,0.1.0,3bcc6070f94e514764d324e397d61505df92186c,3.12.10,macOS-26.6.2-arm64-arm-64bit,2.5.3,42,cpu,opencv_yunet,landmark,insightface,spectral,dct,0.16,2026-09-13T09:31:58.154024+00:00
watermark_robustness,kim_clijsters_5.png,rotate_10,rotation,{'degrees': 10},True,0.962891,0.515625,01a3ecd8,True,False,35.8842,0.89526,12.4288,0.1.0,3bcc6070f94e514764d324e397d61505df92186c,3.12.10,macOS-26.6.2-arm64-arm-64bit,2.5.3,42,cpu,opencv_yunet,landmark,insightface,spectral,dct,0.16,2026-09-13T09:31:58.154024+00:00
watermark_robustness,kim_clijsters_5.png,rotate_10_crop_10,rotate_crop,"{'degrees': 10, 'ratio': 0.1}",True,0.972222,0.484375,01a3ecd8,True,False,35.8842,0.89526,13.0436,0.1.0,3bcc6070f94e514764d324e397d61505df92186c,3.12.10,macOS-26.6.2-arm64-arm-64bit,2.5.3,42,cpu,opencv_yunet,landmark,insightface,spectral,dct,0.16,2026-09-13T09:31:58.154024+00:00
watermark_robustness,kim_clijsters_5.png,rotate_15,rotation,{'degrees': 15},True,0.935547,0.453125,01a3ecd8,True,False,35.8842,0.89526,10.9679,0.1.0,3bcc6070f94e514764d324e397d61505df92186c,3.12.10,macOS-26.6.2-arm64-arm-64bit,2.5.3,42,cpu,opencv_yunet,landmark,insightface,spectral,dct,0.16,2026-09-13T09:31:58.154024+00:00
watermark_robustness,kim_clijsters_5.png,rotate_2,rotation,{'degrees': 2},True,1.0,0.453125,01a3ecd8,True,False,35.8842,0.89526,19.3334,0.1.0,3bcc6070f94e514764d324e397d61505df92186c,3.12.10,macOS-26.6.2-arm64-arm-64bit,2.5.3,42,cpu,opencv_yunet,landmark,insightface,spectral,dct,0.16,2026-09-13T09:31:58.154024+00:00
watermark_robustness,kim_clijsters_5.png,rotate_20,rotation,{'degrees': 20},True,0.916016,0.453125,01a3ecd8,True,False,35.8842,0.89526,10.1416,0.1.0,3bcc6070f94e514764d324e397d61505df92186c,3.12.10,macOS-26.6.2-arm64-arm-64bit,2.5.3,42,cpu,opencv_yunet,landmark,insightface,spectral,dct,0.16,2026-09-13T09:31:58.154024+00:00
watermark_robustness,kim_clijsters_5.png,rotate_25,rotation,{'degrees': 25},True,0.895833,0.484375,01a3ecd8,True,False,35.8842,0.89526,9.6501,0.1.0,3bcc6070f94e514764d324e397d61505df92186c,3.12.10,macOS-26.6.2-arm64-arm-64bit,2.5.3,42,cpu,opencv_yunet,landmark,insightface,spectral,dct,0.16,2026-09-13T09:31:58.154024+00:00
watermark_robustness,kim_clijsters_5.png,rotate_30,rotation,{'degrees': 30},True,0.873481,0.546875,01a3ecd8,True,False,35.8842,0.89526,9.3375,0.1.0,3bcc6070f94e514764d324e397d61505df92186c,3.12.10,macOS-26.6.2-arm64-arm-64bit,2.5.3,42,cpu,opencv_yunet,landmark,insightface,spectral,dct,0.16,2026-09-13T09:31:58.154024+00:00
watermark_robustness,kim_clijsters_5.png,rotate_5,rotation,{'degrees': 5},True,0.983724,0.65625,01a3ecd8,True,False,35.8842,0.89526,15.2608,0.1.0,3bcc6070f94e514764d324e397d61505df92186c,3.12.10,macOS-26.6.2-arm64-arm-64bit,2.5.3,42,cpu,opencv_yunet,landmark,insightface,spectral,dct,0.16,2026-09-13T09:31:58.154024+00:00
watermark_robustness,kim_clijsters_5.png,rotate_5_crop_10,rotate_crop,"{'degrees': 5, 'ratio': 0.1}",True,0.989583,0.53125,01a3ecd8,True,False,35.8842,0.89526,13.8951,0.1.0,3bcc6070f94e514764d324e397d61505df92186c,3.12.10,macOS-26.6.2-arm64-arm-64bit,2.5.3,42,cpu,opencv_yunet,landmark,insightface,spectral,dct,0.16,2026-09-13T09:31:58.154024+00:00
watermark_robustness,kim_clijsters_5.png,rotate_5_crop_20,rotate_crop,"{'degrees': 5, 'ratio': 0.2}",True,1.0,0.453125,01a3ecd8,True,False,35.8842,0.89526,11.2925,0.1.0,3bcc6070f94e514764d324e397d61505df92186c,3.12.10,macOS-26.6.2-arm64-arm-64bit,2.5.3,42,cpu,opencv_yunet,landmark,insightface,spectral,dct,0.16,2026-09-13T09:31:58.154024+00:00
watermark_robustness,kim_clijsters_6.png,rotate_10,rotation,{'degrees': 10},True,0.932943,0.609375,a8cec0e6,True,False,35.9893,0.914963,12.3908,0.1.0,3bcc6070f94e514764d324e397d61505df92186c,3.12.10,macOS-26.6.2-arm64-arm-64bit,2.5.3,42,cpu,opencv_yunet,landmark,insightface,spectral,dct,0.16,2026-09-13T09:31:58.154024+00:00
watermark_robustness,kim_clijsters_6.png,rotate_10_crop_10,rotate_crop,"{'degrees': 10, 'ratio': 0.1}",True,0.979167,0.453125,a8cec0e6,True,False,35.9893,0.914963,11.2171,0.1.0,3bcc6070f94e514764d324e397d61505df92186c,3.12.10,macOS-26.6.2-arm64-arm-64bit,2.5.3,42,cpu,opencv_yunet,landmark,insightface,spectral,dct,0.16,2026-09-13T09:31:58.154024+00:00
watermark_robustness,kim_clijsters_6.png,rotate_15,rotation,{'degrees': 15},True,0.938151,0.546875,a8cec0e6,True,False,35.9893,0.914963,11.2485,0.1.0,3bcc6070f94e514764d324e397d61505df92186c,3.12.10,macOS-26.6.2-arm64-arm-64bit,2.5.3,42,cpu,opencv_yunet,landmark,insightface,spectral,dct,0.16,2026-09-13T09:31:58.154024+00:00
watermark_robustness,kim_clijsters_6.png,rotate_2,rotation,{'degrees': 2},True,1.0,0.453125,a8cec0e6,True,False,35.9893,0.914963,18.2531,0.1.0,3bcc6070f94e514764d324e397d61505df92186c,3.12.10,macOS-26.6.2-arm64-arm-64bit,2.5.3,42,cpu,opencv_yunet,landmark,insightface,spectral,dct,0.16,2026-09-13T09:31:58.154024+00:00
watermark_robustness,kim_clijsters_6.png,rotate_20,rotation,{'degrees': 20},True,0.908854,0.4375,a8cec0e6,True,False,35.9893,0.914963,10.6009,0.1.0,3bcc6070f94e514764d324e397d61505df92186c,3.12.10,macOS-26.6.2-arm64-arm-64bit,2.5.3,42,cpu,opencv_yunet,landmark,insightface,spectral,dct,0.16,2026-09-13T09:31:58.154024+00:00
watermark_robustness,kim_clijsters_6.png,rotate_25,rotation,{'degrees': 25},True,0.900391,0.4375,a8cec0e6,True,False,35.9893,0.914963,10.0926,0.1.0,3bcc6070f94e514764d324e397d61505df92186c,3.12.10,macOS-26.6.2-arm64-arm-64bit,2.5.3,42,cpu,opencv_yunet,landmark,insightface,spectral,dct,0.16,2026-09-13T09:31:58.154024+00:00
watermark_robustness,kim_clijsters_6.png,rotate_30,rotation,{'degrees': 30},True,0.878255,0.5,a8cec0e6,True,False,35.9893,0.914963,9.6847,0.1.0,3bcc6070f94e514764d324e397d61505df92186c,3.12.10,macOS-26.6.2-arm64-arm-64bit,2.5.3,42,cpu,opencv_yunet,landmark,insightface,spectral,dct,0.16,2026-09-13T09:31:58.154024+00:00
watermark_robustness,kim_clijsters_6.png,rotate_5,rotation,{'degrees': 5},True,0.992188,0.375,a8cec0e6,True,False,35.9893,0.914963,14.4495,0.1.0,3bcc6070f94e514764d324e397d61505df92186c,3.12.10,macOS-26.6.2-arm64-arm-64bit,2.5.3,42,cpu,opencv_yunet,landmark,insightface,spectral,dct,0.16,2026-09-13T09:31:58.154024+00:00
watermark_robustness,kim_clijsters_6.png,rotate_5_crop_10,rotate_crop,"{'degrees': 5, 'ratio': 0.1}",True,0.989583,0.578125,a8cec0e6,True,False,35.9893,0.914963,11.475,0.1.0,3bcc6070f94e514764d324e397d61505df92186c,3.12.10,macOS-26.6.2-arm64-arm-64bit,2.5.3,42,cpu,opencv_yunet,landmark,insightface,spectral,dct,0.16,2026-09-13T09:31:58.154024+00:00
watermark_robustness,kim_clijsters_6.png,rotate_5_crop_20,rotate_crop,"{'degrees': 5, 'ratio': 0.2}",True,1.0,0.390625,a8cec0e6,True,False,35.9893,0.914963,10.3228,0.1.0,3bcc6070f94e514764d324e397d61505df92186c,3.12.10,macOS-26.6.2-arm64-arm-64bit,2.5.3,42,cpu,opencv_yunet,landmark,insightface,spectral,dct,0.16,2026-09-13T09:31:58.154024+00:00
watermark_robustness,kim_clijsters_7.png,rotate_10,rotation,{'degrees': 10},True,0.967448,0.421875,efc1f5d0,True,False,36.0522,0.920984,12.6119,0.1.0,3bcc6070f94e514764d324e397d61505df92186c,3.12.10,macOS-26.6.2-arm64-arm-64bit,2.5.3,42,cpu,opencv_yunet,landmark,insightface,spectral,dct,0.16,2026-09-13T09:31:58.154024+00:00
watermark_robustness,kim_clijsters_7.png,rotate_10_crop_10,rotate_crop,"{'degrees': 10, 'ratio': 0.1}",True,0.979167,0.609375,efc1f5d0,True,False,36.0522,0.920984,10.0893,0.1.0,3bcc6070f94e514764d324e397d61505df92186c,3.12.10,macOS-26.6.2-arm64-arm-64bit,2.5.3,42,cpu,opencv_yunet,landmark,insightface,spectral,dct,0.16,2026-09-13T09:31:58.154024+00:00
watermark_robustness,kim_clijsters_7.png,rotate_15,rotation,{'degrees': 15},True,0.935547,0.484375,efc1f5d0,True,False,36.0522,0.920984,11.419,0.1.0,3bcc6070f94e514764d324e397d61505df92186c,3.12.10,macOS-26.6.2-arm64-arm-64bit,2.5.3,42,cpu,opencv_yunet,landmark,insightface,spectral,dct,0.16,2026-09-13T09:31:58.154024+00:00
watermark_robustness,kim_clijsters_7.png,rotate_2,rotation,{'degrees': 2},True,1.0,0.40625,efc1f5d0,True,False,36.0522,0.920984,20.1478,0.1.0,3bcc6070f94e514764d324e397d61505df92186c,3.12.10,macOS-26.6.2-arm64-arm-64bit,2.5.3,42,cpu,opencv_yunet,landmark,insightface,spectral,dct,0.16,2026-09-13T09:31:58.154024+00:00
watermark_robustness,kim_clijsters_7.png,rotate_20,rotation,{'degrees': 20},True,0.927734,0.5,efc1f5d0,True,False,36.0522,0.920984,10.7177,0.1.0,3bcc6070f94e514764d324e397d61505df92186c,3.12.10,macOS-26.6.2-arm64-arm-64bit,2.5.3,42,cpu,opencv_yunet,landmark,insightface,spectral,dct,0.16,2026-09-13T09:31:58.154024+00:00
watermark_robustness,kim_clijsters_7.png,rotate_25,rotation,{'degrees': 25},True,0.908854,0.40625,efc1f5d0,True,False,36.0522,0.920984,10.2942,0.1.0,3bcc6070f94e514764d324e397d61505df92186c,3.12.10,macOS-26.6.2-arm64-arm-64bit,2.5.3,42,cpu,opencv_yunet,landmark,insightface,spectral,dct,0.16,2026-09-13T09:31:58.154024+00:00
watermark_robustness,kim_clijsters_7.png,rotate_30,rotation,{'degrees': 30},True,0.891276,0.453125,efc1f5d0,True,False,36.0522,0.920984,9.9824,0.1.0,3bcc6070f94e514764d324e397d61505df92186c,3.12.10,macOS-26.6.2-arm64-arm-64bit,2.5.3,42,cpu,opencv_yunet,landmark,insightface,spectral,dct,0.16,2026-09-13T09:31:58.154024+00:00
watermark_robustness,kim_clijsters_7.png,rotate_5,rotation,{'degrees': 5},True,0.992188,0.484375,efc1f5d0,True,False,36.0522,0.920984,15.3893,0.1.0,3bcc6070f94e514764d324e397d61505df92186c,3.12.10,macOS-26.6.2-arm64-arm-64bit,2.5.3,42,cpu,opencv_yunet,landmark,insightface,spectral,dct,0.16,2026-09-13T09:31:58.154024+00:00
watermark_robustness,kim_clijsters_7.png,rotate_5_crop_10,rotate_crop,"{'degrees': 5, 'ratio': 0.1}",True,1.0,0.515625,efc1f5d0,True,False,36.0522,0.920984,10.3365,0.1.0,3bcc6070f94e514764d324e397d61505df92186c,3.12.10,macOS-26.6.2-arm64-arm-64bit,2.5.3,42,cpu,opencv_yunet,landmark,insightface,spectral,dct,0.16,2026-09-13T09:31:58.154024+00:00
watermark_robustness,kim_clijsters_7.png,rotate_5_crop_20,rotate_crop,"{'degrees': 5, 'ratio': 0.2}",True,1.0,0.390625,efc1f5d0,True,False,36.0522,0.920984,8.7643,0.1.0,3bcc6070f94e514764d324e397d61505df92186c,3.12.10,macOS-26.6.2-arm64-arm-64bit,2.5.3,42,cpu,opencv_yunet,landmark,insightface,spectral,dct,0.16,2026-09-13T09:31:58.154024+00:00
watermark_robustness,larry_thompson_0.png,rotate_10,rotation,{'degrees': 10},True,0.949219,0.421875,76d97b3b,True,False,36.4426,0.914627,13.0342,0.1.0,3bcc6070f94e514764d324e397d61505df92186c,3.12.10,macOS-26.6.2-arm64-arm-64bit,2.5.3,42,cpu,opencv_yunet,landmark,insightface,spectral,dct,0.16,2026-09-13T09:31:58.154024+00:00
watermark_robustness,larry_thompson_0.png,rotate_10_crop_10,rotate_crop,"{'degrees': 10, 'ratio': 0.1}",False,0.979167,0.515625,,False,False,36.4426,0.914627,11.0364,0.1.0,3bcc6070f94e514764d324e397d61505df92186c,3.12.10,macOS-26.6.2-arm64-arm-64bit,2.5.3,42,cpu,opencv_yunet,landmark,insightface,spectral,dct,0.16,2026-09-13T09:31:58.154024+00:00
watermark_robustness,larry_thompson_0.png,rotate_15,rotation,{'degrees': 15},True,0.922526,0.4375,76d97b3b,True,False,36.4426,0.914627,12.1299,0.1.0,3bcc6070f94e514764d324e397d61505df92186c,3.12.10,macOS-26.6.2-arm64-arm-64bit,2.5.3,42,cpu,opencv_yunet,landmark,insightface,spectral,dct,0.16,2026-09-13T09:31:58.154024+00:00
watermark_robustness,larry_thompson_0.png,rotate_2,rotation,{'degrees': 2},True,1.0,0.375,76d97b3b,True,False,36.4426,0.914627,20.108,0.1.0,3bcc6070f94e514764d324e397d61505df92186c,3.12.10,macOS-26.6.2-arm64-arm-64bit,2.5.3,42,cpu,opencv_yunet,landmark,insightface,spectral,dct,0.16,2026-09-13T09:31:58.154024+00:00
watermark_robustness,larry_thompson_0.png,rotate_20,rotation,{'degrees': 20},True,0.902344,0.515625,76d97b3b,True,False,36.4426,0.914627,11.7673,0.1.0,3bcc6070f94e514764d324e397d61505df92186c,3.12.10,macOS-26.6.2-arm64-arm-64bit,2.5.3,42,cpu,opencv_yunet,landmark,insightface,spectral,dct,0.16,2026-09-13T09:31:58.154024+00:00
watermark_robustness,larry_thompson_0.png,rotate_25,rotation,{'degrees': 25},True,0.885417,0.5,76d97b3b,True,False,36.4426,0.914627,11.628,0.1.0,3bcc6070f94e514764d324e397d61505df92186c,3.12.10,macOS-26.6.2-arm64-arm-64bit,2.5.3,42,cpu,opencv_yunet,landmark,insightface,spectral,dct,0.16,2026-09-13T09:31:58.154024+00:00
watermark_robustness,larry_thompson_0.png,rotate_30,rotation,{'degrees': 30},True,0.874349,0.453125,76d97b3b,True,False,36.4426,0.914627,11.5962,0.1.0,3bcc6070f94e514764d324e397d61505df92186c,3.12.10,macOS-26.6.2-arm64-arm-64bit,2.5.3,42,cpu,opencv_yunet,landmark,insightface,spectral,dct,0.16,2026-09-13T09:31:58.154024+00:00
watermark_robustness,larry_thompson_0.png,rotate_5,rotation,{'degrees': 5},True,0.986328,0.46875,76d97b3b,True,False,36.4426,0.914627,15.6067,0.1.0,3bcc6070f94e514764d324e397d61505df92186c,3.12.10,macOS-26.6.2-arm64-arm-64bit,2.5.3,42,cpu,opencv_yunet,landmark,insightface,spectral,dct,0.16,2026-09-13T09:31:58.154024+00:00
watermark_robustness,larry_thompson_0.png,rotate_5_crop_10,rotate_crop,"{'degrees': 5, 'ratio': 0.1}",True,1.0,0.40625,76d97b3b,True,False,36.4426,0.914627,11.2174,0.1.0,3bcc6070f94e514764d324e397d61505df92186c,3.12.10,macOS-26.6.2-arm64-arm-64bit,2.5.3,42,cpu,opencv_yunet,landmark,insightface,spectral,dct,0.16,2026-09-13T09:31:58.154024+00:00
watermark_robustness,larry_thompson_0.png,rotate_5_crop_20,rotate_crop,"{'degrees': 5, 'ratio': 0.2}",True,1.0,0.484375,76d97b3b,True,False,36.4426,0.914627,12.1843,0.1.0,3bcc6070f94e514764d324e397d61505df92186c,3.12.10,macOS-26.6.2-arm64-arm-64bit,2.5.3,42,cpu,opencv_yunet,landmark,insightface,spectral,dct,0.16,2026-09-13T09:31:58.154024+00:00
watermark_robustness,larry_thompson_1.png,rotate_10,rotation,{'degrees': 10},True,0.948568,0.484375,700f5d82,True,False,35.9421,0.917159,11.8422,0.1.0,3bcc6070f94e514764d324e397d61505df92186c,3.12.10,macOS-26.6.2-arm64-arm-64bit,2.5.3,42,cpu,opencv_yunet,landmark,insightface,spectral,dct,0.16,2026-09-13T09:31:58.154024+00:00
watermark_robustness,larry_thompson_1.png,rotate_10_crop_10,rotate_crop,"{'degrees': 10, 'ratio': 0.1}",True,0.979167,0.65625,700f5d82,True,False,35.9421,0.917159,11.0891,0.1.0,3bcc6070f94e514764d324e397d61505df92186c,3.12.10,macOS-26.6.2-arm64-arm-64bit,2.5.3,42,cpu,opencv_yunet,landmark,insightface,spectral,dct,0.16,2026-09-13T09:31:58.154024+00:00
watermark_robustness,larry_thompson_1.png,rotate_15,rotation,{'degrees': 15},True,0.932292,0.484375,700f5d82,True,False,35.9421,0.917159,10.5899,0.1.0,3bcc6070f94e514764d324e397d61505df92186c,3.12.10,macOS-26.6.2-arm64-arm-64bit,2.5.3,42,cpu,opencv_yunet,landmark,insightface,spectral,dct,0.16,2026-09-13T09:31:58.154024+00:00
watermark_robustness,larry_thompson_1.png,rotate_2,rotation,{'degrees': 2},True,1.0,0.453125,700f5d82,True,False,35.9421,0.917159,18.9095,0.1.0,3bcc6070f94e514764d324e397d61505df92186c,3.12.10,macOS-26.6.2-arm64-arm-64bit,2.5.3,42,cpu,opencv_yunet,landmark,insightface,spectral,dct,0.16,2026-09-13T09:31:58.154024+00:00
watermark_robustness,larry_thompson_1.png,rotate_20,rotation,{'degrees': 20},True,0.915365,0.5625,700f5d82,True,False,35.9421,0.917159,10.1166,0.1.0,3bcc6070f94e514764d324e397d61505df92186c,3.12.10,macOS-26.6.2-arm64-arm-64bit,2.5.3,42,cpu,opencv_yunet,landmark,insightface,spectral,dct,0.16,2026-09-13T09:31:58.154024+00:00
watermark_robustness,larry_thompson_1.png,rotate_25,rotation,{'degrees': 25},True,0.897786,0.578125,700f5d82,True,False,35.9421,0.917159,9.8402,0.1.0,3bcc6070f94e514764d324e397d61505df92186c,3.12.10,macOS-26.6.2-arm64-arm-64bit,2.5.3,42,cpu,opencv_yunet,landmark,insightface,spectral,dct,0.16,2026-09-13T09:31:58.154024+00:00
watermark_robustness,larry_thompson_1.png,rotate_30,rotation,{'degrees': 30},True,0.888021,0.5,700f5d82,True,False,35.9421,0.917159,9.4477,0.1.0,3bcc6070f94e514764d324e397d61505df92186c,3.12.10,macOS-26.6.2-arm64-arm-64bit,2.5.3,42,cpu,opencv_yunet,landmark,insightface,spectral,dct,0.16,2026-09-13T09:31:58.154024+00:00
watermark_robustness,larry_thompson_1.png,rotate_5,rotation,{'degrees': 5},True,0.992188,0.515625,700f5d82,True,False,35.9421,0.917159,14.6709,0.1.0,3bcc6070f94e514764d324e397d61505df92186c,3.12.10,macOS-26.6.2-arm64-arm-64bit,2.5.3,42,cpu,opencv_yunet,landmark,insightface,spectral,dct,0.16,2026-09-13T09:31:58.154024+00:00
watermark_robustness,larry_thompson_1.png,rotate_5_crop_10,rotate_crop,"{'degrees': 5, 'ratio': 0.1}",True,0.993056,0.5625,700f5d82,True,False,35.9421,0.917159,11.0516,0.1.0,3bcc6070f94e514764d324e397d61505df92186c,3.12.10,macOS-26.6.2-arm64-arm-64bit,2.5.3,42,cpu,opencv_yunet,landmark,insightface,spectral,dct,0.16,2026-09-13T09:31:58.154024+00:00
watermark_robustness,larry_thompson_1.png,rotate_5_crop_20,rotate_crop,"{'degrees': 5, 'ratio': 0.2}",True,1.0,0.484375,700f5d82,True,False,35.9421,0.917159,9.9713,0.1.0,3bcc6070f94e514764d324e397d61505df92186c,3.12.10,macOS-26.6.2-arm64-arm-64bit,2.5.3,42,cpu,opencv_yunet,landmark,insightface,spectral,dct,0.16,2026-09-13T09:31:58.154024+00:00
watermark_robustness,larry_thompson_2.png,rotate_10,rotation,{'degrees': 10},True,0.95638,0.46875,a14808d8,True,False,35.9893,0.90958,14.049,0.1.0,3bcc6070f94e514764d324e397d61505df92186c,3.12.10,macOS-26.6.2-arm64-arm-64bit,2.5.3,42,cpu,opencv_yunet,landmark,insightface,spectral,dct,0.16,2026-09-13T09:31:58.154024+00:00
watermark_robustness,larry_thompson_2.png,rotate_10_crop_10,rotate_crop,"{'degrees': 10, 'ratio': 0.1}",True,0.982639,0.578125,a14808d8,True,False,35.9893,0.90958,12.8911,0.1.0,3bcc6070f94e514764d324e397d61505df92186c,3.12.10,macOS-26.6.2-arm64-arm-64bit,2.5.3,42,cpu,opencv_yunet,landmark,insightface,spectral,dct,0.16,2026-09-13T09:31:58.154024+00:00
watermark_robustness,larry_thompson_2.png,rotate_15,rotation,{'degrees': 15},True,0.947917,0.5,a14808d8,True,False,35.9893,0.90958,13.1393,0.1.0,3bcc6070f94e514764d324e397d61505df92186c,3.12.10,macOS-26.6.2-arm64-arm-64bit,2.5.3,42,cpu,opencv_yunet,landmark,insightface,spectral,dct,0.16,2026-09-13T09:31:58.154024+00:00
watermark_robustness,larry_thompson_2.png,rotate_2,rotation,{'degrees': 2},True,1.0,0.390625,a14808d8,True,False,35.9893,0.90958,20.8026,0.1.0,3bcc6070f94e514764d324e397d61505df92186c,3.12.10,macOS-26.6.2-arm64-arm-64bit,2.5.3,42,cpu,opencv_yunet,landmark,insightface,spectral,dct,0.16,2026-09-13T09:31:58.154024+00:00
watermark_robustness,larry_thompson_2.png,rotate_20,rotation,{'degrees': 20},True,0.921224,0.53125,a14808d8,True,False,35.9893,0.90958,12.6978,0.1.0,3bcc6070f94e514764d324e397d61505df92186c,3.12.10,macOS-26.6.2-arm64-arm-64bit,2.5.3,42,cpu,opencv_yunet,landmark,insightface,spectral,dct,0.16,2026-09-13T09:31:58.154024+00:00
watermark_robustness,larry_thompson_2.png,rotate_25,rotation,{'degrees': 25},True,0.90625,0.46875,a14808d8,True,False,35.9893,0.90958,12.3517,0.1.0,3bcc6070f94e514764d324e397d61505df92186c,3.12.10,macOS-26.6.2-arm64-arm-64bit,2.5.3,42,cpu,opencv_yunet,landmark,insightface,spectral,dct,0.16,2026-09-13T09:31:58.154024+00:00
watermark_robustness,larry_thompson_2.png,rotate_30,rotation,{'degrees': 30},True,0.886719,0.5,a14808d8,True,False,35.9893,0.90958,12.0744,0.1.0,3bcc6070f94e514764d324e397d61505df92186c,3.12.10,macOS-26.6.2-arm64-arm-64bit,2.5.3,42,cpu,opencv_yunet,landmark,insightface,spectral,dct,0.16,2026-09-13T09:31:58.154024+00:00
watermark_robustness,larry_thompson_2.png,rotate_5,rotation,{'degrees': 5},True,0.990234,0.5625,a14808d8,True,False,35.9893,0.90958,16.5292,0.1.0,3bcc6070f94e514764d324e397d61505df92186c,3.12.10,macOS-26.6.2-arm64-arm-64bit,2.5.3,42,cpu,opencv_yunet,landmark,insightface,spectral,dct,0.16,2026-09-13T09:31:58.154024+00:00
watermark_robustness,larry_thompson_2.png,rotate_5_crop_10,rotate_crop,"{'degrees': 5, 'ratio': 0.1}",True,0.996528,0.5625,a14808d8,True,False,35.9893,0.90958,13.2971,0.1.0,3bcc6070f94e514764d324e397d61505df92186c,3.12.10,macOS-26.6.2-arm64-arm-64bit,2.5.3,42,cpu,opencv_yunet,landmark,insightface,spectral,dct,0.16,2026-09-13T09:31:58.154024+00:00
watermark_robustness,larry_thompson_2.png,rotate_5_crop_20,rotate_crop,"{'degrees': 5, 'ratio': 0.2}",True,1.0,0.5,a14808d8,True,False,35.9893,0.90958,11.6159,0.1.0,3bcc6070f94e514764d324e397d61505df92186c,3.12.10,macOS-26.6.2-arm64-arm-64bit,2.5.3,42,cpu,opencv_yunet,landmark,insightface,spectral,dct,0.16,2026-09-13T09:31:58.154024+00:00
watermark_robustness,larry_thompson_3.png,rotate_10,rotation,{'degrees': 10},True,0.966797,0.484375,9ef411fc,True,False,35.9231,0.940459,12.6547,0.1.0,3bcc6070f94e514764d324e397d61505df92186c,3.12.10,macOS-26.6.2-arm64-arm-64bit,2.5.3,42,cpu,opencv_yunet,landmark,insightface,spectral,dct,0.16,2026-09-13T09:31:58.154024+00:00
watermark_robustness,larry_thompson_3.png,rotate_10_crop_10,rotate_crop,"{'degrees': 10, 'ratio': 0.1}",True,0.961806,0.515625,9ef411fc,True,False,35.9231,0.940459,12.3523,0.1.0,3bcc6070f94e514764d324e397d61505df92186c,3.12.10,macOS-26.6.2-arm64-arm-64bit,2.5.3,42,cpu,opencv_yunet,landmark,insightface,spectral,dct,0.16,2026-09-13T09:31:58.154024+00:00
watermark_robustness,larry_thompson_3.png,rotate_15,rotation,{'degrees': 15},True,0.940755,0.46875,9ef411fc,True,False,35.9231,0.940459,11.8195,0.1.0,3bcc6070f94e514764d324e397d61505df92186c,3.12.10,macOS-26.6.2-arm64-arm-64bit,2.5.3,42,cpu,opencv_yunet,landmark,insightface,spectral,dct,0.16,2026-09-13T09:31:58.154024+00:00
watermark_robustness,larry_thompson_3.png,rotate_2,rotation,{'degrees': 2},True,1.0,0.46875,9ef411fc,True,False,35.9231,0.940459,18.9227,0.1.0,3bcc6070f94e514764d324e397d61505df92186c,3.12.10,macOS-26.6.2-arm64-arm-64bit,2.5.3,42,cpu,opencv_yunet,landmark,insightface,spectral,dct,0.16,2026-09-13T09:31:58.154024+00:00
watermark_robustness,larry_thompson_3.png,rotate_20,rotation,{'degrees': 20},True,0.91862,0.484375,9ef411fc,True,False,35.9231,0.940459,11.3747,0.1.0,3bcc6070f94e514764d324e397d61505df92186c,3.12.10,macOS-26.6.2-arm64-arm-64bit,2.5.3,42,cpu,opencv_yunet,landmark,insightface,spectral,dct,0.16,2026-09-13T09:31:58.154024+00:00
watermark_robustness,larry_thompson_3.png,rotate_25,rotation,{'degrees': 25},True,0.892578,0.5,9ef411fc,True,False,35.9231,0.940459,11.0005,0.1.0,3bcc6070f94e514764d324e397d61505df92186c,3.12.10,macOS-26.6.2-arm64-arm-64bit,2.5.3,42,cpu,opencv_yunet,landmark,insightface,spectral,dct,0.16,2026-09-13T09:31:58.154024+00:00
watermark_robustness,larry_thompson_3.png,rotate_30,rotation,{'degrees': 30},True,0.888021,0.421875,9ef411fc,True,False,35.9231,0.940459,10.6448,0.1.0,3bcc6070f94e514764d324e397d61505df92186c,3.12.10,macOS-26.6.2-arm64-arm-64bit,2.5.3,42,cpu,opencv_yunet,landmark,insightface,spectral,dct,0.16,2026-09-13T09:31:58.154024+00:00
watermark_robustness,larry_thompson_3.png,rotate_5,rotation,{'degrees': 5},True,0.992188,0.515625,9ef411fc,True,False,35.9231,0.940459,14.7592,0.1.0,3bcc6070f94e514764d324e397d61505df92186c,3.12.10,macOS-26.6.2-arm64-arm-64bit,2.5.3,42,cpu,opencv_yunet,landmark,insightface,spectral,dct,0.16,2026-09-13T09:31:58.154024+00:00
watermark_robustness,larry_thompson_3.png,rotate_5_crop_10,rotate_crop,"{'degrees': 5, 'ratio': 0.1}",True,0.993056,0.609375,9ef411fc,True,False,35.9231,0.940459,12.8012,0.1.0,3bcc6070f94e514764d324e397d61505df92186c,3.12.10,macOS-26.6.2-arm64-arm-64bit,2.5.3,42,cpu,opencv_yunet,landmark,insightface,spectral,dct,0.16,2026-09-13T09:31:58.154024+00:00
watermark_robustness,larry_thompson_3.png,rotate_5_crop_20,rotate_crop,"{'degrees': 5, 'ratio': 0.2}",True,1.0,0.5,9ef411fc,True,False,35.9231,0.940459,11.3025,0.1.0,3bcc6070f94e514764d324e397d61505df92186c,3.12.10,macOS-26.6.2-arm64-arm-64bit,2.5.3,42,cpu,opencv_yunet,landmark,insightface,spectral,dct,0.16,2026-09-13T09:31:58.154024+00:00
watermark_robustness,mark_hurlbert_0.png,rotate_10,rotation,{'degrees': 10},True,0.966146,0.421875,b78a8fa1,True,False,36.1436,0.922363,12.5905,0.1.0,3bcc6070f94e514764d324e397d61505df92186c,3.12.10,macOS-26.6.2-arm64-arm-64bit,2.5.3,42,cpu,opencv_yunet,landmark,insightface,spectral,dct,0.16,2026-09-13T09:31:58.154024+00:00
watermark_robustness,mark_hurlbert_0.png,rotate_10_crop_10,rotate_crop,"{'degrees': 10, 'ratio': 0.1}",True,0.96875,0.609375,b78a8fa1,True,False,36.1436,0.922363,11.6015,0.1.0,3bcc6070f94e514764d324e397d61505df92186c,3.12.10,macOS-26.6.2-arm64-arm-64bit,2.5.3,42,cpu,opencv_yunet,landmark,insightface,spectral,dct,0.16,2026-09-13T09:31:58.154024+00:00
watermark_robustness,mark_hurlbert_0.png,rotate_15,rotation,{'degrees': 15},True,0.954427,0.59375,b78a8fa1,True,False,36.1436,0.922363,11.3858,0.1.0,3bcc6070f94e514764d324e397d61505df92186c,3.12.10,macOS-26.6.2-arm64-arm-64bit,2.5.3,42,cpu,opencv_yunet,landmark,insightface,spectral,dct,0.16,2026-09-13T09:31:58.154024+00:00
watermark_robustness,mark_hurlbert_0.png,rotate_2,rotation,{'degrees': 2},True,1.0,0.421875,b78a8fa1,True,False,36.1436,0.922363,19.1503,0.1.0,3bcc6070f94e514764d324e397d61505df92186c,3.12.10,macOS-26.6.2-arm64-arm-64bit,2.5.3,42,cpu,opencv_yunet,landmark,insightface,spectral,dct,0.16,2026-09-13T09:31:58.154024+00:00
watermark_robustness,mark_hurlbert_0.png,rotate_20,rotation,{'degrees': 20},True,0.942057,0.46875,b78a8fa1,True,False,36.1436,0.922363,10.6373,0.1.0,3bcc6070f94e514764d324e397d61505df92186c,3.12.10,macOS-26.6.2-arm64-arm-64bit,2.5.3,42,cpu,opencv_yunet,landmark,insightface,spectral,dct,0.16,2026-09-13T09:31:58.154024+00:00
watermark_robustness,mark_hurlbert_0.png,rotate_25,rotation,{'degrees': 25},True,0.929688,0.53125,b78a8fa1,True,False,36.1436,0.922363,10.1376,0.1.0,3bcc6070f94e514764d324e397d61505df92186c,3.12.10,macOS-26.6.2-arm64-arm-64bit,2.5.3,42,cpu,opencv_yunet,landmark,insightface,spectral,dct,0.16,2026-09-13T09:31:58.154024+00:00
watermark_robustness,mark_hurlbert_0.png,rotate_30,rotation,{'degrees': 30},True,0.914714,0.46875,b78a8fa1,True,False,36.1436,0.922363,9.7839,0.1.0,3bcc6070f94e514764d324e397d61505df92186c,3.12.10,macOS-26.6.2-arm64-arm-64bit,2.5.3,42,cpu,opencv_yunet,landmark,insightface,spectral,dct,0.16,2026-09-13T09:31:58.154024+00:00
watermark_robustness,mark_hurlbert_0.png,rotate_5,rotation,{'degrees': 5},True,0.98763,0.578125,b78a8fa1,True,False,36.1436,0.922363,15.1002,0.1.0,3bcc6070f94e514764d324e397d61505df92186c,3.12.10,macOS-26.6.2-arm64-arm-64bit,2.5.3,42,cpu,opencv_yunet,landmark,insightface,spectral,dct,0.16,2026-09-13T09:31:58.154024+00:00
watermark_robustness,mark_hurlbert_0.png,rotate_5_crop_10,rotate_crop,"{'degrees': 5, 'ratio': 0.1}",True,0.989583,0.546875,b78a8fa1,True,False,36.1436,0.922363,12.3391,0.1.0,3bcc6070f94e514764d324e397d61505df92186c,3.12.10,macOS-26.6.2-arm64-arm-64bit,2.5.3,42,cpu,opencv_yunet,landmark,insightface,spectral,dct,0.16,2026-09-13T09:31:58.154024+00:00
watermark_robustness,mark_hurlbert_0.png,rotate_5_crop_20,rotate_crop,"{'degrees': 5, 'ratio': 0.2}",True,1.0,0.578125,b78a8fa1,True,False,36.1436,0.922363,10.1783,0.1.0,3bcc6070f94e514764d324e397d61505df92186c,3.12.10,macOS-26.6.2-arm64-arm-64bit,2.5.3,42,cpu,opencv_yunet,landmark,insightface,spectral,dct,0.16,2026-09-13T09:31:58.154024+00:00
watermark_robustness,mark_hurlbert_1.png,rotate_10,rotation,{'degrees': 10},True,0.962891,0.609375,260e44d1,True,False,36.4964,0.885692,15.5222,0.1.0,3bcc6070f94e514764d324e397d61505df92186c,3.12.10,macOS-26.6.2-arm64-arm-64bit,2.5.3,42,cpu,opencv_yunet,landmark,insightface,spectral,dct,0.16,2026-09-13T09:31:58.154024+00:00
watermark_robustness,mark_hurlbert_1.png,rotate_10_crop_10,rotate_crop,"{'degrees': 10, 'ratio': 0.1}",True,0.979167,0.5625,260e44d1,True,False,36.4964,0.885692,12.2993,0.1.0,3bcc6070f94e514764d324e397d61505df92186c,3.12.10,macOS-26.6.2-arm64-arm-64bit,2.5.3,42,cpu,opencv_yunet,landmark,insightface,spectral,dct,0.16,2026-09-13T09:31:58.154024+00:00
watermark_robustness,mark_hurlbert_1.png,rotate_15,rotation,{'degrees': 15},True,0.943359,0.5625,260e44d1,True,False,36.4964,0.885692,14.4833,0.1.0,3bcc6070f94e514764d324e397d61505df92186c,3.12.10,macOS-26.6.2-arm64-arm-64bit,2.5.3,42,cpu,opencv_yunet,landmark,insightface,spectral,dct,0.16,2026-09-13T09:31:58.154024+00:00
watermark_robustness,mark_hurlbert_1.png,rotate_2,rotation,{'degrees': 2},True,1.0,0.375,260e44d1,True,False,36.4964,0.885692,22.2156,0.1.0,3bcc6070f94e514764d324e397d61505df92186c,3.12.10,macOS-26.6.2-arm64-arm-64bit,2.5.3,42,cpu,opencv_yunet,landmark,insightface,spectral,dct,0.16,2026-09-13T09:31:58.154024+00:00
watermark_robustness,mark_hurlbert_1.png,rotate_20,rotation,{'degrees': 20},True,0.929036,0.4375,260e44d1,True,False,36.4964,0.885692,13.7155,0.1.0,3bcc6070f94e514764d324e397d61505df92186c,3.12.10,macOS-26.6.2-arm64-arm-64bit,2.5.3,42,cpu,opencv_yunet,landmark,insightface,spectral,dct,0.16,2026-09-13T09:31:58.154024+00:00
watermark_robustness,mark_hurlbert_1.png,rotate_25,rotation,{'degrees': 25},True,0.908854,0.5625,260e44d1,True,False,36.4964,0.885692,13.2262,0.1.0,3bcc6070f94e514764d324e397d61505df92186c,3.12.10,macOS-26.6.2-arm64-arm-64bit,2.5.3,42,cpu,opencv_yunet,landmark,insightface,spectral,dct,0.16,2026-09-13T09:31:58.154024+00:00
watermark_robustness,mark_hurlbert_1.png,rotate_30,rotation,{'degrees': 30},True,0.893229,0.546875,260e44d1,True,False,36.4964,0.885692,12.7948,0.1.0,3bcc6070f94e514764d324e397d61505df92186c,3.12.10,macOS-26.6.2-arm64-arm-64bit,2.5.3,42,cpu,opencv_yunet,landmark,insightface,spectral,dct,0.16,2026-09-13T09:31:58.154024+00:00
watermark_robustness,mark_hurlbert_1.png,rotate_5,rotation,{'degrees': 5},True,0.992188,0.515625,260e44d1,True,False,36.4964,0.885692,18.0,0.1.0,3bcc6070f94e514764d324e397d61505df92186c,3.12.10,macOS-26.6.2-arm64-arm-64bit,2.5.3,42,cpu,opencv_yunet,landmark,insightface,spectral,dct,0.16,2026-09-13T09:31:58.154024+00:00
watermark_robustness,mark_hurlbert_1.png,rotate_5_crop_10,rotate_crop,"{'degrees': 5, 'ratio': 0.1}",True,1.0,0.59375,260e44d1,True,False,36.4964,0.885692,12.6975,0.1.0,3bcc6070f94e514764d324e397d61505df92186c,3.12.10,macOS-26.6.2-arm64-arm-64bit,2.5.3,42,cpu,opencv_yunet,landmark,insightface,spectral,dct,0.16,2026-09-13T09:31:58.154024+00:00
watermark_robustness,mark_hurlbert_1.png,rotate_5_crop_20,rotate_crop,"{'degrees': 5, 'ratio': 0.2}",True,1.0,0.390625,260e44d1,True,False,36.4964,0.885692,11.1261,0.1.0,3bcc6070f94e514764d324e397d61505df92186c,3.12.10,macOS-26.6.2-arm64-arm-64bit,2.5.3,42,cpu,opencv_yunet,landmark,insightface,spectral,dct,0.16,2026-09-13T09:31:58.154024+00:00
watermark_robustness,mark_hurlbert_2.png,rotate_10,rotation,{'degrees': 10},True,0.965495,0.5,c8892cf1,True,False,36.3905,0.90302,13.0119,0.1.0,3bcc6070f94e514764d324e397d61505df92186c,3.12.10,macOS-26.6.2-arm64-arm-64bit,2.5.3,42,cpu,opencv_yunet,landmark,insightface,spectral,dct,0.16,2026-09-13T09:31:58.154024+00:00
watermark_robustness,mark_hurlbert_2.png,rotate_10_crop_10,rotate_crop,"{'degrees': 10, 'ratio': 0.1}",True,0.972222,0.390625,c8892cf1,True,False,36.3905,0.90302,11.9242,0.1.0,3bcc6070f94e514764d324e397d61505df92186c,3.12.10,macOS-26.6.2-arm64-arm-64bit,2.5.3,42,cpu,opencv_yunet,landmark,insightface,spectral,dct,0.16,2026-09-13T09:31:58.154024+00:00
watermark_robustness,mark_hurlbert_2.png,rotate_15,rotation,{'degrees': 15},True,0.951172,0.578125,c8892cf1,True,False,36.3905,0.90302,11.7234,0.1.0,3bcc6070f94e514764d324e397d61505df92186c,3.12.10,macOS-26.6.2-arm64-arm-64bit,2.5.3,42,cpu,opencv_yunet,landmark,insightface,spectral,dct,0.16,2026-09-13T09:31:58.154024+00:00
watermark_robustness,mark_hurlbert_2.png,rotate_2,rotation,{'degrees': 2},True,1.0,0.390625,c8892cf1,True,False,36.3905,0.90302,20.1728,0.1.0,3bcc6070f94e514764d324e397d61505df92186c,3.12.10,macOS-26.6.2-arm64-arm-64bit,2.5.3,42,cpu,opencv_yunet,landmark,insightface,spectral,dct,0.16,2026-09-13T09:31:58.154024+00:00
watermark_robustness,mark_hurlbert_2.png,rotate_20,rotation,{'degrees': 20},True,0.926432,0.609375,c8892cf1,True,False,36.3905,0.90302,11.1677,0.1.0,3bcc6070f94e514764d324e397d61505df92186c,3.12.10,macOS-26.6.2-arm64-arm-64bit,2.5.3,42,cpu,opencv_yunet,landmark,insightface,spectral,dct,0.16,2026-09-13T09:31:58.154024+00:00
watermark_robustness,mark_hurlbert_2.png,rotate_25,rotation,{'degrees': 25},True,0.902344,0.453125,c8892cf1,True,False,36.3905,0.90302,10.9073,0.1.0,3bcc6070f94e514764d324e397d61505df92186c,3.12.10,macOS-26.6.2-arm64-arm-64bit,2.5.3,42,cpu,opencv_yunet,landmark,insightface,spectral,dct,0.16,2026-09-13T09:31:58.154024+00:00
watermark_robustness,mark_hurlbert_2.png,rotate_30,rotation,{'degrees': 30},True,0.888672,0.484375,c8892cf1,True,False,36.3905,0.90302,10.7378,0.1.0,3bcc6070f94e514764d324e397d61505df92186c,3.12.10,macOS-26.6.2-arm64-arm-64bit,2.5.3,42,cpu,opencv_yunet,landmark,insightface,spectral,dct,0.16,2026-09-13T09:31:58.154024+00:00
watermark_robustness,mark_hurlbert_2.png,rotate_5,rotation,{'degrees': 5},True,0.988281,0.5,c8892cf1,True,False,36.3905,0.90302,15.7951,0.1.0,3bcc6070f94e514764d324e397d61505df92186c,3.12.10,macOS-26.6.2-arm64-arm-64bit,2.5.3,42,cpu,opencv_yunet,landmark,insightface,spectral,dct,0.16,2026-09-13T09:31:58.154024+00:00
watermark_robustness,mark_hurlbert_2.png,rotate_5_crop_10,rotate_crop,"{'degrees': 5, 'ratio': 0.1}",True,1.0,0.515625,c8892cf1,True,False,36.3905,0.90302,12.0974,0.1.0,3bcc6070f94e514764d324e397d61505df92186c,3.12.10,macOS-26.6.2-arm64-arm-64bit,2.5.3,42,cpu,opencv_yunet,landmark,insightface,spectral,dct,0.16,2026-09-13T09:31:58.154024+00:00
watermark_robustness,mark_hurlbert_2.png,rotate_5_crop_20,rotate_crop,"{'degrees': 5, 'ratio': 0.2}",True,1.0,0.46875,c8892cf1,True,False,36.3905,0.90302,11.2503,0.1.0,3bcc6070f94e514764d324e397d61505df92186c,3.12.10,macOS-26.6.2-arm64-arm-64bit,2.5.3,42,cpu,opencv_yunet,landmark,insightface,spectral,dct,0.16,2026-09-13T09:31:58.154024+00:00
watermark_robustness,mark_hurlbert_3.png,rotate_10,rotation,{'degrees': 10},True,0.943359,0.546875,1d2fd2c2,True,False,36.3773,0.916728,11.6149,0.1.0,3bcc6070f94e514764d324e397d61505df92186c,3.12.10,macOS-26.6.2-arm64-arm-64bit,2.5.3,42,cpu,opencv_yunet,landmark,insightface,spectral,dct,0.16,2026-09-13T09:31:58.154024+00:00
watermark_robustness,mark_hurlbert_3.png,rotate_10_crop_10,rotate_crop,"{'degrees': 10, 'ratio': 0.1}",True,0.975694,0.609375,1d2fd2c2,True,False,36.3773,0.916728,9.8519,0.1.0,3bcc6070f94e514764d324e397d61505df92186c,3.12.10,macOS-26.6.2-arm64-arm-64bit,2.5.3,42,cpu,opencv_yunet,landmark,insightface,spectral,dct,0.16,2026-09-13T09:31:58.154024+00:00
watermark_robustness,mark_hurlbert_3.png,rotate_15,rotation,{'degrees': 15},True,0.93099,0.484375,1d2fd2c2,True,False,36.3773,0.916728,10.5145,0.1.0,3bcc6070f94e514764d324e397d61505df92186c,3.12.10,macOS-26.6.2-arm64-arm-64bit,2.5.3,42,cpu,opencv_yunet,landmark,insightface,spectral,dct,0.16,2026-09-13T09:31:58.154024+00:00
watermark_robustness,mark_hurlbert_3.png,rotate_2,rotation,{'degrees': 2},True,1.0,0.484375,1d2fd2c2,True,False,36.3773,0.916728,18.538,0.1.0,3bcc6070f94e514764d324e397d61505df92186c,3.12.10,macOS-26.6.2-arm64-arm-64bit,2.5.3,42,cpu,opencv_yunet,landmark,insightface,spectral,dct,0.16,2026-09-13T09:31:58.154024+00:00
watermark_robustness,mark_hurlbert_3.png,rotate_20,rotation,{'degrees': 20},True,0.91276,0.484375,1d2fd2c2,True,False,36.3773,0.916728,9.9569,0.1.0,3bcc6070f94e514764d324e397d61505df92186c,3.12.10,macOS-26.6.2-arm64-arm-64bit,2.5.3,42,cpu,opencv_yunet,landmark,insightface,spectral,dct,0.16,2026-09-13T09:31:58.154024+00:00
watermark_robustness,mark_hurlbert_3.png,rotate_25,rotation,{'degrees': 25},True,0.871094,0.46875,1d2fd2c2,True,False,36.3773,0.916728,9.7221,0.1.0,3bcc6070f94e514764d324e397d61505df92186c,3.12.10,macOS-26.6.2-arm64-arm-64bit,2.5.3,42,cpu,opencv_yunet,landmark,insightface,spectral,dct,0.16,2026-09-13T09:31:58.154024+00:00
watermark_robustness,mark_hurlbert_3.png,rotate_30,rotation,{'degrees': 30},True,0.871745,0.5,1d2fd2c2,True,False,36.3773,0.916728,9.5654,0.1.0,3bcc6070f94e514764d324e397d61505df92186c,3.12.10,macOS-26.6.2-arm64-arm-64bit,2.5.3,42,cpu,opencv_yunet,landmark,insightface,spectral,dct,0.16,2026-09-13T09:31:58.154024+00:00
watermark_robustness,mark_hurlbert_3.png,rotate_5,rotation,{'degrees': 5},True,0.99349,0.546875,1d2fd2c2,True,False,36.3773,0.916728,14.2688,0.1.0,3bcc6070f94e514764d324e397d61505df92186c,3.12.10,macOS-26.6.2-arm64-arm-64bit,2.5.3,42,cpu,opencv_yunet,landmark,insightface,spectral,dct,0.16,2026-09-13T09:31:58.154024+00:00
watermark_robustness,mark_hurlbert_3.png,rotate_5_crop_10,rotate_crop,"{'degrees': 5, 'ratio': 0.1}",True,0.993056,0.515625,1d2fd2c2,True,False,36.3773,0.916728,10.2834,0.1.0,3bcc6070f94e514764d324e397d61505df92186c,3.12.10,macOS-26.6.2-arm64-arm-64bit,2.5.3,42,cpu,opencv_yunet,landmark,insightface,spectral,dct,0.16,2026-09-13T09:31:58.154024+00:00
watermark_robustness,mark_hurlbert_3.png,rotate_5_crop_20,rotate_crop,"{'degrees': 5, 'ratio': 0.2}",True,0.994792,0.59375,1d2fd2c2,True,False,36.3773,0.916728,10.4237,0.1.0,3bcc6070f94e514764d324e397d61505df92186c,3.12.10,macOS-26.6.2-arm64-arm-64bit,2.5.3,42,cpu,opencv_yunet,landmark,insightface,spectral,dct,0.16,2026-09-13T09:31:58.154024+00:00
watermark_robustness,monica_bellucci_0.png,rotate_10,rotation,{'degrees': 10},True,0.962891,0.46875,6d515903,True,False,36.0914,0.91111,11.0312,0.1.0,3bcc6070f94e514764d324e397d61505df92186c,3.12.10,macOS-26.6.2-arm64-arm-64bit,2.5.3,42,cpu,opencv_yunet,landmark,insightface,spectral,dct,0.16,2026-09-13T09:31:58.154024+00:00
watermark_robustness,monica_bellucci_0.png,rotate_10_crop_10,rotate_crop,"{'degrees': 10, 'ratio': 0.1}",True,0.979167,0.578125,6d515903,True,False,36.0914,0.91111,9.4238,0.1.0,3bcc6070f94e514764d324e397d61505df92186c,3.12.10,macOS-26.6.2-arm64-arm-64bit,2.5.3,42,cpu,opencv_yunet,landmark,insightface,spectral,dct,0.16,2026-09-13T09:31:58.154024+00:00
watermark_robustness,monica_bellucci_0.png,rotate_15,rotation,{'degrees': 15},True,0.957682,0.5,6d515903,True,False,36.0914,0.91111,9.6769,0.1.0,3bcc6070f94e514764d324e397d61505df92186c,3.12.10,macOS-26.6.2-arm64-arm-64bit,2.5.3,42,cpu,opencv_yunet,landmark,insightface,spectral,dct,0.16,2026-09-13T09:31:58.154024+00:00
watermark_robustness,monica_bellucci_0.png,rotate_2,rotation,{'degrees': 2},True,1.0,0.515625,6d515903,True,False,36.0914,0.91111,18.5512,0.1.0,3bcc6070f94e514764d324e397d61505df92186c,3.12.10,macOS-26.6.2-arm64-arm-64bit,2.5.3,42,cpu,opencv_yunet,landmark,insightface,spectral,dct,0.16,2026-09-13T09:31:58.154024+00:00
watermark_robustness,monica_bellucci_0.png,rotate_20,rotation,{'degrees': 20},True,0.934245,0.53125,6d515903,True,False,36.0914,0.91111,8.9074,0.1.0,3bcc6070f94e514764d324e397d61505df92186c,3.12.10,macOS-26.6.2-arm64-arm-64bit,2.5.3,42,cpu,opencv_yunet,landmark,insightface,spectral,dct,0.16,2026-09-13T09:31:58.154024+00:00
watermark_robustness,monica_bellucci_0.png,rotate_25,rotation,{'degrees': 25},True,0.917318,0.5625,6d515903,True,False,36.0914,0.91111,8.46,0.1.0,3bcc6070f94e514764d324e397d61505df92186c,3.12.10,macOS-26.6.2-arm64-arm-64bit,2.5.3,42,cpu,opencv_yunet,landmark,insightface,spectral,dct,0.16,2026-09-13T09:31:58.154024+00:00
watermark_robustness,monica_bellucci_0.png,rotate_30,rotation,{'degrees': 30},True,0.914062,0.5625,6d515903,True,False,36.0914,0.91111,8.1392,0.1.0,3bcc6070f94e514764d324e397d61505df92186c,3.12.10,macOS-26.6.2-arm64-arm-64bit,2.5.3,42,cpu,opencv_yunet,landmark,insightface,spectral,dct,0.16,2026-09-13T09:31:58.154024+00:00
watermark_robustness,monica_bellucci_0.png,rotate_5,rotation,{'degrees': 5},True,0.995443,0.515625,6d515903,True,False,36.0914,0.91111,13.9318,0.1.0,3bcc6070f94e514764d324e397d61505df92186c,3.12.10,macOS-26.6.2-arm64-arm-64bit,2.5.3,42,cpu,opencv_yunet,landmark,insightface,spectral,dct,0.16,2026-09-13T09:31:58.154024+00:00
watermark_robustness,monica_bellucci_0.png,rotate_5_crop_10,rotate_crop,"{'degrees': 5, 'ratio': 0.1}",True,1.0,0.53125,6d515903,True,False,36.0914,0.91111,9.7712,0.1.0,3bcc6070f94e514764d324e397d61505df92186c,3.12.10,macOS-26.6.2-arm64-arm-64bit,2.5.3,42,cpu,opencv_yunet,landmark,insightface,spectral,dct,0.16,2026-09-13T09:31:58.154024+00:00
watermark_robustness,monica_bellucci_0.png,rotate_5_crop_20,rotate_crop,"{'degrees': 5, 'ratio': 0.2}",True,1.0,0.671875,6d515903,True,False,36.0914,0.91111,7.6928,0.1.0,3bcc6070f94e514764d324e397d61505df92186c,3.12.10,macOS-26.6.2-arm64-arm-64bit,2.5.3,42,cpu,opencv_yunet,landmark,insightface,spectral,dct,0.16,2026-09-13T09:31:58.154024+00:00
watermark_robustness,monica_bellucci_1.png,rotate_10,rotation,{'degrees': 10},True,0.960286,0.546875,e09b7d8a,True,False,35.8401,0.912867,11.6825,0.1.0,3bcc6070f94e514764d324e397d61505df92186c,3.12.10,macOS-26.6.2-arm64-arm-64bit,2.5.3,42,cpu,opencv_yunet,landmark,insightface,spectral,dct,0.16,2026-09-13T09:31:58.154024+00:00
watermark_robustness,monica_bellucci_1.png,rotate_10_crop_10,rotate_crop,"{'degrees': 10, 'ratio': 0.1}",True,0.958333,0.640625,e09b7d8a,True,False,35.8401,0.912867,11.527,0.1.0,3bcc6070f94e514764d324e397d61505df92186c,3.12.10,macOS-26.6.2-arm64-arm-64bit,2.5.3,42,cpu,opencv_yunet,landmark,insightface,spectral,dct,0.16,2026-09-13T09:31:58.154024+00:00
watermark_robustness,monica_bellucci_1.png,rotate_15,rotation,{'degrees': 15},True,0.929036,0.515625,e09b7d8a,True,False,35.8401,0.912867,10.4659,0.1.0,3bcc6070f94e514764d324e397d61505df92186c,3.12.10,macOS-26.6.2-arm64-arm-64bit,2.5.3,42,cpu,opencv_yunet,landmark,insightface,spectral,dct,0.16,2026-09-13T09:31:58.154024+00:00
watermark_robustness,monica_bellucci_1.png,rotate_2,rotation,{'degrees': 2},True,1.0,0.46875,e09b7d8a,True,False,35.8401,0.912867,17.826,0.1.0,3bcc6070f94e514764d324e397d61505df92186c,3.12.10,macOS-26.6.2-arm64-arm-64bit,2.5.3,42,cpu,opencv_yunet,landmark,insightface,spectral,dct,0.16,2026-09-13T09:31:58.154024+00:00
watermark_robustness,monica_bellucci_1.png,rotate_20,rotation,{'degrees': 20},True,0.921007,0.546875,e09b7d8a,True,False,35.8401,0.912867,9.655,0.1.0,3bcc6070f94e514764d324e397d61505df92186c,3.12.10,macOS-26.6.2-arm64-arm-64bit,2.5.3,42,cpu,opencv_yunet,landmark,insightface,spectral,dct,0.16,2026-09-13T09:31:58.154024+00:00
watermark_robustness,monica_bellucci_1.png,rotate_25,rotation,{'degrees': 25},True,0.916016,0.5,e09b7d8a,True,False,35.8401,0.912867,9.0431,0.1.0,3bcc6070f94e514764d324e397d61505df92186c,3.12.10,macOS-26.6.2-arm64-arm-64bit,2.5.3,42,cpu,opencv_yunet,landmark,insightface,spectral,dct,0.16,2026-09-13T09:31:58.154024+00:00
watermark_robustness,monica_bellucci_1.png,rotate_30,rotation,{'degrees': 30},True,0.899523,0.5625,e09b7d8a,True,False,35.8401,0.912867,8.586,0.1.0,3bcc6070f94e514764d324e397d61505df92186c,3.12.10,macOS-26.6.2-arm64-arm-64bit,2.5.3,42,cpu,opencv_yunet,landmark,insightface,spectral,dct,0.16,2026-09-13T09:31:58.154024+00:00
watermark_robustness,monica_bellucci_1.png,rotate_5,rotation,{'degrees': 5},True,0.992188,0.4375,e09b7d8a,True,False,35.8401,0.912867,14.1944,0.1.0,3bcc6070f94e514764d324e397d61505df92186c,3.12.10,macOS-26.6.2-arm64-arm-64bit,2.5.3,42,cpu,opencv_yunet,landmark,insightface,spectral,dct,0.16,2026-09-13T09:31:58.154024+00:00
watermark_robustness,monica_bellucci_1.png,rotate_5_crop_10,rotate_crop,"{'degrees': 5, 'ratio': 0.1}",True,0.993056,0.625,e09b7d8a,True,False,35.8401,0.912867,11.6135,0.1.0,3bcc6070f94e514764d324e397d61505df92186c,3.12.10,macOS-26.6.2-arm64-arm-64bit,2.5.3,42,cpu,opencv_yunet,landmark,insightface,spectral,dct,0.16,2026-09-13T09:31:58.154024+00:00
watermark_robustness,monica_bellucci_1.png,rotate_5_crop_20,rotate_crop,"{'degrees': 5, 'ratio': 0.2}",True,1.0,0.515625,e09b7d8a,True,False,35.8401,0.912867,9.0623,0.1.0,3bcc6070f94e514764d324e397d61505df92186c,3.12.10,macOS-26.6.2-arm64-arm-64bit,2.5.3,42,cpu,opencv_yunet,landmark,insightface,spectral,dct,0.16,2026-09-13T09:31:58.154024+00:00
watermark_robustness,monica_bellucci_2.png,rotate_10,rotation,{'degrees': 10},True,0.960938,0.46875,cd54441c,True,False,37.0622,0.909857,16.3592,0.1.0,3bcc6070f94e514764d324e397d61505df92186c,3.12.10,macOS-26.6.2-arm64-arm-64bit,2.5.3,42,cpu,opencv_yunet,landmark,insightface,spectral,dct,0.16,2026-09-13T09:31:58.154024+00:00
watermark_robustness,monica_bellucci_2.png,rotate_10_crop_10,rotate_crop,"{'degrees': 10, 'ratio': 0.1}",True,0.986111,0.515625,cd54441c,True,False,37.0622,0.909857,14.1197,0.1.0,3bcc6070f94e514764d324e397d61505df92186c,3.12.10,macOS-26.6.2-arm64-arm-64bit,2.5.3,42,cpu,opencv_yunet,landmark,insightface,spectral,dct,0.16,2026-09-13T09:31:58.154024+00:00
watermark_robustness,monica_bellucci_2.png,rotate_15,rotation,{'degrees': 15},True,0.957682,0.515625,cd54441c,True,False,37.0622,0.909857,15.3826,0.1.0,3bcc6070f94e514764d324e397d61505df92186c,3.12.10,macOS-26.6.2-arm64-arm-64bit,2.5.3,42,cpu,opencv_yunet,landmark,insightface,spectral,dct,0.16,2026-09-13T09:31:58.154024+00:00
watermark_robustness,monica_bellucci_2.png,rotate_2,rotation,{'degrees': 2},True,1.0,0.515625,cd54441c,True,False,37.0622,0.909857,21.7346,0.1.0,3bcc6070f94e514764d324e397d61505df92186c,3.12.10,macOS-26.6.2-arm64-arm-64bit,2.5.3,42,cpu,opencv_yunet,landmark,insightface,spectral,dct,0.16,2026-09-13T09:31:58.154024+00:00
watermark_robustness,monica_bellucci_2.png,rotate_20,rotation,{'degrees': 20},True,0.940755,0.578125,cd54441c,True,False,37.0622,0.909857,14.7354,0.1.0,3bcc6070f94e514764d324e397d61505df92186c,3.12.10,macOS-26.6.2-arm64-arm-64bit,2.5.3,42,cpu,opencv_yunet,landmark,insightface,spectral,dct,0.16,2026-09-13T09:31:58.154024+00:00
watermark_robustness,monica_bellucci_2.png,rotate_25,rotation,{'degrees': 25},True,0.920573,0.453125,cd54441c,True,False,37.0622,0.909857,14.3123,0.1.0,3bcc6070f94e514764d324e397d61505df92186c,3.12.10,macOS-26.6.2-arm64-arm-64bit,2.5.3,42,cpu,opencv_yunet,landmark,insightface,spectral,dct,0.16,2026-09-13T09:31:58.154024+00:00
watermark_robustness,monica_bellucci_2.png,rotate_30,rotation,{'degrees': 30},True,0.896484,0.53125,cd54441c,True,False,37.0622,0.909857,13.9175,0.1.0,3bcc6070f94e514764d324e397d61505df92186c,3.12.10,macOS-26.6.2-arm64-arm-64bit,2.5.3,42,cpu,opencv_yunet,landmark,insightface,spectral,dct,0.16,2026-09-13T09:31:58.154024+00:00
watermark_robustness,monica_bellucci_2.png,rotate_5,rotation,{'degrees': 5},True,1.0,0.5,cd54441c,True,False,37.0622,0.909857,17.8921,0.1.0,3bcc6070f94e514764d324e397d61505df92186c,3.12.10,macOS-26.6.2-arm64-arm-64bit,2.5.3,42,cpu,opencv_yunet,landmark,insightface,spectral,dct,0.16,2026-09-13T09:31:58.154024+00:00
watermark_robustness,monica_bellucci_2.png,rotate_5_crop_10,rotate_crop,"{'degrees': 5, 'ratio': 0.1}",True,0.996528,0.578125,cd54441c,True,False,37.0622,0.909857,14.088,0.1.0,3bcc6070f94e514764d324e397d61505df92186c,3.12.10,macOS-26.6.2-arm64-arm-64bit,2.5.3,42,cpu,opencv_yunet,landmark,insightface,spectral,dct,0.16,2026-09-13T09:31:58.154024+00:00
watermark_robustness,monica_bellucci_2.png,rotate_5_crop_20,rotate_crop,"{'degrees': 5, 'ratio': 0.2}",True,1.0,0.5,cd54441c,True,False,37.0622,0.909857,10.5016,0.1.0,3bcc6070f94e514764d324e397d61505df92186c,3.12.10,macOS-26.6.2-arm64-arm-64bit,2.5.3,42,cpu,opencv_yunet,landmark,insightface,spectral,dct,0.16,2026-09-13T09:31:58.154024+00:00
watermark_robustness,paul_burrell_0.png,rotate_10,rotation,{'degrees': 10},True,0.950521,0.515625,68186ef2,True,False,35.8915,0.938584,11.7003,0.1.0,3bcc6070f94e514764d324e397d61505df92186c,3.12.10,macOS-26.6.2-arm64-arm-64bit,2.5.3,42,cpu,opencv_yunet,landmark,insightface,spectral,dct,0.16,2026-09-13T09:31:58.154024+00:00
watermark_robustness,paul_burrell_0.png,rotate_10_crop_10,rotate_crop,"{'degrees': 10, 'ratio': 0.1}",True,0.979167,0.484375,68186ef2,True,False,35.8915,0.938584,10.894,0.1.0,3bcc6070f94e514764d324e397d61505df92186c,3.12.10,macOS-26.6.2-arm64-arm-64bit,2.5.3,42,cpu,opencv_yunet,landmark,insightface,spectral,dct,0.16,2026-09-13T09:31:58.154024+00:00
watermark_robustness,paul_burrell_0.png,rotate_15,rotation,{'degrees': 15},True,0.926432,0.515625,68186ef2,True,False,35.8915,0.938584,10.8897,0.1.0,3bcc6070f94e514764d324e397d61505df92186c,3.12.10,macOS-26.6.2-arm64-arm-64bit,2.5.3,42,cpu,opencv_yunet,landmark,insightface,spectral,dct,0.16,2026-09-13T09:31:58.154024+00:00
watermark_robustness,paul_burrell_0.png,rotate_2,rotation,{'degrees': 2},True,0.994141,0.40625,68186ef2,True,False,35.8915,0.938584,16.8327,0.1.0,3bcc6070f94e514764d324e397d61505df92186c,3.12.10,macOS-26.6.2-arm64-arm-64bit,2.5.3,42,cpu,opencv_yunet,landmark,insightface,spectral,dct,0.16,2026-09-13T09:31:58.154024+00:00
watermark_robustness,paul_burrell_0.png,rotate_20,rotation,{'degrees': 20},True,0.907552,0.515625,68186ef2,True,False,35.8915,0.938584,10.1247,0.1.0,3bcc6070f94e514764d324e397d61505df92186c,3.12.10,macOS-26.6.2-arm64-arm-64bit,2.5.3,42,cpu,opencv_yunet,landmark,insightface,spectral,dct,0.16,2026-09-13T09:31:58.154024+00:00
watermark_robustness,paul_burrell_0.png,rotate_25,rotation,{'degrees': 25},True,0.897135,0.546875,68186ef2,True,False,35.8915,0.938584,9.5769,0.1.0,3bcc6070f94e514764d324e397d61505df92186c,3.12.10,macOS-26.6.2-arm64-arm-64bit,2.5.3,42,cpu,opencv_yunet,landmark,insightface,spectral,dct,0.16,2026-09-13T09:31:58.154024+00:00
watermark_robustness,paul_burrell_0.png,rotate_30,rotation,{'degrees': 30},True,0.854167,0.453125,68186ef2,True,False,35.8915,0.938584,9.1563,0.1.0,3bcc6070f94e514764d324e397d61505df92186c,3.12.10,macOS-26.6.2-arm64-arm-64bit,2.5.3,42,cpu,opencv_yunet,landmark,insightface,spectral,dct,0.16,2026-09-13T09:31:58.154024+00:00
watermark_robustness,paul_burrell_0.png,rotate_5,rotation,{'degrees': 5},True,0.977865,0.4375,68186ef2,True,False,35.8915,0.938584,13.3134,0.1.0,3bcc6070f94e514764d324e397d61505df92186c,3.12.10,macOS-26.6.2-arm64-arm-64bit,2.5.3,42,cpu,opencv_yunet,landmark,insightface,spectral,dct,0.16,2026-09-13T09:31:58.154024+00:00
watermark_robustness,paul_burrell_0.png,rotate_5_crop_10,rotate_crop,"{'degrees': 5, 'ratio': 0.1}",True,0.993056,0.546875,68186ef2,True,False,35.8915,0.938584,11.2271,0.1.0,3bcc6070f94e514764d324e397d61505df92186c,3.12.10,macOS-26.6.2-arm64-arm-64bit,2.5.3,42,cpu,opencv_yunet,landmark,insightface,spectral,dct,0.16,2026-09-13T09:31:58.154024+00:00
watermark_robustness,paul_burrell_0.png,rotate_5_crop_20,rotate_crop,"{'degrees': 5, 'ratio': 0.2}",True,1.0,0.421875,68186ef2,True,False,35.8915,0.938584,10.0769,0.1.0,3bcc6070f94e514764d324e397d61505df92186c,3.12.10,macOS-26.6.2-arm64-arm-64bit,2.5.3,42,cpu,opencv_yunet,landmark,insightface,spectral,dct,0.16,2026-09-13T09:31:58.154024+00:00
watermark_robustness,paul_burrell_1.png,rotate_10,rotation,{'degrees': 10},True,0.964193,0.578125,4b2fe932,True,False,36.0652,0.922175,11.9494,0.1.0,3bcc6070f94e514764d324e397d61505df92186c,3.12.10,macOS-26.6.2-arm64-arm-64bit,2.5.3,42,cpu,opencv_yunet,landmark,insightface,spectral,dct,0.16,2026-09-13T09:31:58.154024+00:00
watermark_robustness,paul_burrell_1.png,rotate_10_crop_10,rotate_crop,"{'degrees': 10, 'ratio': 0.1}",True,0.972222,0.546875,4b2fe932,True,False,36.0652,0.922175,11.9782,0.1.0,3bcc6070f94e514764d324e397d61505df92186c,3.12.10,macOS-26.6.2-arm64-arm-64bit,2.5.3,42,cpu,opencv_yunet,landmark,insightface,spectral,dct,0.16,2026-09-13T09:31:58.154024+00:00
watermark_robustness,paul_burrell_1.png,rotate_15,rotation,{'degrees': 15},True,0.942057,0.46875,4b2fe932,True,False,36.0652,0.922175,10.9103,0.1.0,3bcc6070f94e514764d324e397d61505df92186c,3.12.10,macOS-26.6.2-arm64-arm-64bit,2.5.3,42,cpu,opencv_yunet,landmark,insightface,spectral,dct,0.16,2026-09-13T09:31:58.154024+00:00
watermark_robustness,paul_burrell_1.png,rotate_2,rotation,{'degrees': 2},True,1.0,0.375,4b2fe932,True,False,36.0652,0.922175,18.9934,0.1.0,3bcc6070f94e514764d324e397d61505df92186c,3.12.10,macOS-26.6.2-arm64-arm-64bit,2.5.3,42,cpu,opencv_yunet,landmark,insightface,spectral,dct,0.16,2026-09-13T09:31:58.154024+00:00
watermark_robustness,paul_burrell_1.png,rotate_20,rotation,{'degrees': 20},True,0.921224,0.515625,4b2fe932,True,False,36.0652,0.922175,10.3606,0.1.0,3bcc6070f94e514764d324e397d61505df92186c,3.12.10,macOS-26.6.2-arm64-arm-64bit,2.5.3,42,cpu,opencv_yunet,landmark,insightface,spectral,dct,0.16,2026-09-13T09:31:58.154024+00:00
watermark_robustness,paul_burrell_1.png,rotate_25,rotation,{'degrees': 25},True,0.898438,0.53125,4b2fe932,True,False,36.0652,0.922175,10.0565,0.1.0,3bcc6070f94e514764d324e397d61505df92186c,3.12.10,macOS-26.6.2-arm64-arm-64bit,2.5.3,42,cpu,opencv_yunet,landmark,insightface,spectral,dct,0.16,2026-09-13T09:31:58.154024+00:00
watermark_robustness,paul_burrell_1.png,rotate_30,rotation,{'degrees': 30},True,0.873047,0.5,4b2fe932,True,False,36.0652,0.922175,9.8941,0.1.0,3bcc6070f94e514764d324e397d61505df92186c,3.12.10,macOS-26.6.2-arm64-arm-64bit,2.5.3,42,cpu,opencv_yunet,landmark,insightface,spectral,dct,0.16,2026-09-13T09:31:58.154024+00:00
watermark_robustness,paul_burrell_1.png,rotate_5,rotation,{'degrees': 5},True,0.994141,0.59375,4b2fe932,True,False,36.0652,0.922175,14.6032,0.1.0,3bcc6070f94e514764d324e397d61505df92186c,3.12.10,macOS-26.6.2-arm64-arm-64bit,2.5.3,42,cpu,opencv_yunet,landmark,insightface,spectral,dct,0.16,2026-09-13T09:31:58.154024+00:00
watermark_robustness,paul_burrell_1.png,rotate_5_crop_10,rotate_crop,"{'degrees': 5, 'ratio': 0.1}",True,0.996528,0.59375,4b2fe932,True,False,36.0652,0.922175,12.0283,0.1.0,3bcc6070f94e514764d324e397d61505df92186c,3.12.10,macOS-26.6.2-arm64-arm-64bit,2.5.3,42,cpu,opencv_yunet,landmark,insightface,spectral,dct,0.16,2026-09-13T09:31:58.154024+00:00
watermark_robustness,paul_burrell_1.png,rotate_5_crop_20,rotate_crop,"{'degrees': 5, 'ratio': 0.2}",True,1.0,0.578125,4b2fe932,True,False,36.0652,0.922175,11.0681,0.1.0,3bcc6070f94e514764d324e397d61505df92186c,3.12.10,macOS-26.6.2-arm64-arm-64bit,2.5.3,42,cpu,opencv_yunet,landmark,insightface,spectral,dct,0.16,2026-09-13T09:31:58.154024+00:00
watermark_robustness,paul_burrell_2.png,rotate_10,rotation,{'degrees': 10},True,0.955078,0.46875,44a1eac6,True,False,36.2612,0.929814,11.8217,0.1.0,3bcc6070f94e514764d324e397d61505df92186c,3.12.10,macOS-26.6.2-arm64-arm-64bit,2.5.3,42,cpu,opencv_yunet,landmark,insightface,spectral,dct,0.16,2026-09-13T09:31:58.154024+00:00
watermark_robustness,paul_burrell_2.png,rotate_10_crop_10,rotate_crop,"{'degrees': 10, 'ratio': 0.1}",True,0.975694,0.421875,44a1eac6,True,False,36.2612,0.929814,10.8366,0.1.0,3bcc6070f94e514764d324e397d61505df92186c,3.12.10,macOS-26.6.2-arm64-arm-64bit,2.5.3,42,cpu,opencv_yunet,landmark,insightface,spectral,dct,0.16,2026-09-13T09:31:58.154024+00:00
watermark_robustness,paul_burrell_2.png,rotate_15,rotation,{'degrees': 15},True,0.935547,0.515625,44a1eac6,True,False,36.2612,0.929814,11.0024,0.1.0,3bcc6070f94e514764d324e397d61505df92186c,3.12.10,macOS-26.6.2-arm64-arm-64bit,2.5.3,42,cpu,opencv_yunet,landmark,insightface,spectral,dct,0.16,2026-09-13T09:31:58.154024+00:00
watermark_robustness,paul_burrell_2.png,rotate_2,rotation,{'degrees': 2},True,1.0,0.40625,44a1eac6,True,False,36.2612,0.929814,17.9904,0.1.0,3bcc6070f94e514764d324e397d61505df92186c,3.12.10,macOS-26.6.2-arm64-arm-64bit,2.5.3,42,cpu,opencv_yunet,landmark,insightface,spectral,dct,0.16,2026-09-13T09:31:58.154024+00:00
watermark_robustness,paul_burrell_2.png,rotate_20,rotation,{'degrees': 20},True,0.902344,0.453125,44a1eac6,True,False,36.2612,0.929814,10.6606,0.1.0,3bcc6070f94e514764d324e397d61505df92186c,3.12.10,macOS-26.6.2-arm64-arm-64bit,2.5.3,42,cpu,opencv_yunet,landmark,insightface,spectral,dct,0.16,2026-09-13T09:31:58.154024+00:00
watermark_robustness,paul_burrell_2.png,rotate_25,rotation,{'degrees': 25},True,0.871745,0.515625,44a1eac6,True,False,36.2612,0.929814,10.4778,0.1.0,3bcc6070f94e514764d324e397d61505df92186c,3.12.10,macOS-26.6.2-arm64-arm-64bit,2.5.3,42,cpu,opencv_yunet,landmark,insightface,spectral,dct,0.16,2026-09-13T09:31:58.154024+00:00
watermark_robustness,paul_burrell_2.png,rotate_30,rotation,{'degrees': 30},True,0.860026,0.4375,44a1eac6,True,False,36.2612,0.929814,10.3121,0.1.0,3bcc6070f94e514764d324e397d61505df92186c,3.12.10,macOS-26.6.2-arm64-arm-64bit,2.5.3,42,cpu,opencv_yunet,landmark,insightface,spectral,dct,0.16,2026-09-13T09:31:58.154024+00:00
watermark_robustness,paul_burrell_2.png,rotate_5,rotation,{'degrees': 5},True,0.988281,0.53125,44a1eac6,True,False,36.2612,0.929814,13.9955,0.1.0,3bcc6070f94e514764d324e397d61505df92186c,3.12.10,macOS-26.6.2-arm64-arm-64bit,2.5.3,42,cpu,opencv_yunet,landmark,insightface,spectral,dct,0.16,2026-09-13T09:31:58.154024+00:00
watermark_robustness,paul_burrell_2.png,rotate_5_crop_10,rotate_crop,"{'degrees': 5, 'ratio': 0.1}",True,1.0,0.46875,44a1eac6,True,False,36.2612,0.929814,10.9675,0.1.0,3bcc6070f94e514764d324e397d61505df92186c,3.12.10,macOS-26.6.2-arm64-arm-64bit,2.5.3,42,cpu,opencv_yunet,landmark,insightface,spectral,dct,0.16,2026-09-13T09:31:58.154024+00:00
watermark_robustness,paul_burrell_2.png,rotate_5_crop_20,rotate_crop,"{'degrees': 5, 'ratio': 0.2}",True,0.996528,0.53125,44a1eac6,True,False,36.2612,0.929814,10.1156,0.1.0,3bcc6070f94e514764d324e397d61505df92186c,3.12.10,macOS-26.6.2-arm64-arm-64bit,2.5.3,42,cpu,opencv_yunet,landmark,insightface,spectral,dct,0.16,2026-09-13T09:31:58.154024+00:00
watermark_robustness,paul_burrell_3.png,rotate_10,rotation,{'degrees': 10},True,0.958984,0.484375,5598e42a,True,False,36.224,0.891057,13.7105,0.1.0,3bcc6070f94e514764d324e397d61505df92186c,3.12.10,macOS-26.6.2-arm64-arm-64bit,2.5.3,42,cpu,opencv_yunet,landmark,insightface,spectral,dct,0.16,2026-09-13T09:31:58.154024+00:00
watermark_robustness,paul_burrell_3.png,rotate_10_crop_10,rotate_crop,"{'degrees': 10, 'ratio': 0.1}",True,0.961806,0.53125,5598e42a,True,False,36.224,0.891057,11.6756,0.1.0,3bcc6070f94e514764d324e397d61505df92186c,3.12.10,macOS-26.6.2-arm64-arm-64bit,2.5.3,42,cpu,opencv_yunet,landmark,insightface,spectral,dct,0.16,2026-09-13T09:31:58.154024+00:00
watermark_robustness,paul_burrell_3.png,rotate_15,rotation,{'degrees': 15},True,0.934245,0.484375,5598e42a,True,False,36.224,0.891057,12.2704,0.1.0,3bcc6070f94e514764d324e397d61505df92186c,3.12.10,macOS-26.6.2-arm64-arm-64bit,2.5.3,42,cpu,opencv_yunet,landmark,insightface,spectral,dct,0.16,2026-09-13T09:31:58.154024+00:00
watermark_robustness,paul_burrell_3.png,rotate_2,rotation,{'degrees': 2},True,0.998047,0.46875,5598e42a,True,False,36.224,0.891057,20.6862,0.1.0,3bcc6070f94e514764d324e397d61505df92186c,3.12.10,macOS-26.6.2-arm64-arm-64bit,2.5.3,42,cpu,opencv_yunet,landmark,insightface,spectral,dct,0.16,2026-09-13T09:31:58.154024+00:00
watermark_robustness,paul_burrell_3.png,rotate_20,rotation,{'degrees': 20},True,0.905599,0.46875,5598e42a,True,False,36.224,0.891057,11.3587,0.1.0,3bcc6070f94e514764d324e397d61505df92186c,3.12.10,macOS-26.6.2-arm64-arm-64bit,2.5.3,42,cpu,opencv_yunet,landmark,insightface,spectral,dct,0.16,2026-09-13T09:31:58.154024+00:00
watermark_robustness,paul_burrell_3.png,rotate_25,rotation,{'degrees': 25},True,0.889974,0.484375,5598e42a,True,False,36.224,0.891057,10.8225,0.1.0,3bcc6070f94e514764d324e397d61505df92186c,3.12.10,macOS-26.6.2-arm64-arm-64bit,2.5.3,42,cpu,opencv_yunet,landmark,insightface,spectral,dct,0.16,2026-09-13T09:31:58.154024+00:00
watermark_robustness,paul_burrell_3.png,rotate_30,rotation,{'degrees': 30},False,0.893229,0.390625,,False,False,36.224,0.891057,10.5254,0.1.0,3bcc6070f94e514764d324e397d61505df92186c,3.12.10,macOS-26.6.2-arm64-arm-64bit,2.5.3,42,cpu,opencv_yunet,landmark,insightface,spectral,dct,0.16,2026-09-13T09:31:58.154024+00:00
watermark_robustness,paul_burrell_3.png,rotate_5,rotation,{'degrees': 5},True,0.994141,0.59375,5598e42a,True,False,36.224,0.891057,16.5232,0.1.0,3bcc6070f94e514764d324e397d61505df92186c,3.12.10,macOS-26.6.2-arm64-arm-64bit,2.5.3,42,cpu,opencv_yunet,landmark,insightface,spectral,dct,0.16,2026-09-13T09:31:58.154024+00:00
watermark_robustness,paul_burrell_3.png,rotate_5_crop_10,rotate_crop,"{'degrees': 5, 'ratio': 0.1}",True,1.0,0.390625,5598e42a,True,False,36.224,0.891057,11.6583,0.1.0,3bcc6070f94e514764d324e397d61505df92186c,3.12.10,macOS-26.6.2-arm64-arm-64bit,2.5.3,42,cpu,opencv_yunet,landmark,insightface,spectral,dct,0.16,2026-09-13T09:31:58.154024+00:00
watermark_robustness,paul_burrell_3.png,rotate_5_crop_20,rotate_crop,"{'degrees': 5, 'ratio': 0.2}",True,0.994792,0.34375,5598e42a,True,False,36.224,0.891057,9.9299,0.1.0,3bcc6070f94e514764d324e397d61505df92186c,3.12.10,macOS-26.6.2-arm64-arm-64bit,2.5.3,42,cpu,opencv_yunet,landmark,insightface,spectral,dct,0.16,2026-09-13T09:31:58.154024+00:00
watermark_robustness,paul_burrell_4.png,rotate_10,rotation,{'degrees': 10},True,0.960286,0.46875,3f790a7b,True,False,36.1471,0.95233,10.083,0.1.0,3bcc6070f94e514764d324e397d61505df92186c,3.12.10,macOS-26.6.2-arm64-arm-64bit,2.5.3,42,cpu,opencv_yunet,landmark,insightface,spectral,dct,0.16,2026-09-13T09:31:58.154024+00:00
watermark_robustness,paul_burrell_4.png,rotate_10_crop_10,rotate_crop,"{'degrees': 10, 'ratio': 0.1}",True,0.961806,0.484375,3f790a7b,True,False,36.1471,0.95233,9.1438,0.1.0,3bcc6070f94e514764d324e397d61505df92186c,3.12.10,macOS-26.6.2-arm64-arm-64bit,2.5.3,42,cpu,opencv_yunet,landmark,insightface,spectral,dct,0.16,2026-09-13T09:31:58.154024+00:00
watermark_robustness,paul_burrell_4.png,rotate_15,rotation,{'degrees': 15},True,0.94401,0.53125,3f790a7b,True,False,36.1471,0.95233,9.1596,0.1.0,3bcc6070f94e514764d324e397d61505df92186c,3.12.10,macOS-26.6.2-arm64-arm-64bit,2.5.3,42,cpu,opencv_yunet,landmark,insightface,spectral,dct,0.16,2026-09-13T09:31:58.154024+00:00
watermark_robustness,paul_burrell_4.png,rotate_2,rotation,{'degrees': 2},True,1.0,0.359375,3f790a7b,True,False,36.1471,0.95233,17.2494,0.1.0,3bcc6070f94e514764d324e397d61505df92186c,3.12.10,macOS-26.6.2-arm64-arm-64bit,2.5.3,42,cpu,opencv_yunet,landmark,insightface,spectral,dct,0.16,2026-09-13T09:31:58.154024+00:00
watermark_robustness,paul_burrell_4.png,rotate_20,rotation,{'degrees': 20},True,0.916667,0.515625,3f790a7b,True,False,36.1471,0.95233,8.6489,0.1.0,3bcc6070f94e514764d324e397d61505df92186c,3.12.10,macOS-26.6.2-arm64-arm-64bit,2.5.3,42,cpu,opencv_yunet,landmark,insightface,spectral,dct,0.16,2026-09-13T09:31:58.154024+00:00
watermark_robustness,paul_burrell_4.png,rotate_25,rotation,{'degrees': 25},True,0.89388,0.53125,3f790a7b,True,False,36.1471,0.95233,8.3906,0.1.0,3bcc6070f94e514764d324e397d61505df92186c,3.12.10,macOS-26.6.2-arm64-arm-64bit,2.5.3,42,cpu,opencv_yunet,landmark,insightface,spectral,dct,0.16,2026-09-13T09:31:58.154024+00:00
watermark_robustness,paul_burrell_4.png,rotate_30,rotation,{'degrees': 30},True,0.879557,0.453125,3f790a7b,True,False,36.1471,0.95233,8.2498,0.1.0,3bcc6070f94e514764d324e397d61505df92186c,3.12.10,macOS-26.6.2-arm64-arm-64bit,2.5.3,42,cpu,opencv_yunet,landmark,insightface,spectral,dct,0.16,2026-09-13T09:31:58.154024+00:00
watermark_robustness,paul_burrell_4.png,rotate_5,rotation,{'degrees': 5},True,0.992188,0.5,3f790a7b,True,False,36.1471,0.95233,12.5102,0.1.0,3bcc6070f94e514764d324e397d61505df92186c,3.12.10,macOS-26.6.2-arm64-arm-64bit,2.5.3,42,cpu,opencv_yunet,landmark,insightface,spectral,dct,0.16,2026-09-13T09:31:58.154024+00:00
watermark_robustness,paul_burrell_4.png,rotate_5_crop_10,rotate_crop,"{'degrees': 5, 'ratio': 0.1}",True,0.993056,0.40625,3f790a7b,True,False,36.1471,0.95233,9.5382,0.1.0,3bcc6070f94e514764d324e397d61505df92186c,3.12.10,macOS-26.6.2-arm64-arm-64bit,2.5.3,42,cpu,opencv_yunet,landmark,insightface,spectral,dct,0.16,2026-09-13T09:31:58.154024+00:00
watermark_robustness,paul_burrell_4.png,rotate_5_crop_20,rotate_crop,"{'degrees': 5, 'ratio': 0.2}",True,1.0,0.578125,3f790a7b,True,False,36.1471,0.95233,8.3671,0.1.0,3bcc6070f94e514764d324e397d61505df92186c,3.12.10,macOS-26.6.2-arm64-arm-64bit,2.5.3,42,cpu,opencv_yunet,landmark,insightface,spectral,dct,0.16,2026-09-13T09:31:58.154024+00:00
watermark_robustness,paul_burrell_5.png,rotate_10,rotation,{'degrees': 10},True,0.982422,0.515625,0fabb93d,True,False,36.1331,0.899532,14.1729,0.1.0,3bcc6070f94e514764d324e397d61505df92186c,3.12.10,macOS-26.6.2-arm64-arm-64bit,2.5.3,42,cpu,opencv_yunet,landmark,insightface,spectral,dct,0.16,2026-09-13T09:31:58.154024+00:00
watermark_robustness,paul_burrell_5.png,rotate_10_crop_10,rotate_crop,"{'degrees': 10, 'ratio': 0.1}",True,0.982639,0.515625,0fabb93d,True,False,36.1331,0.899532,14.0956,0.1.0,3bcc6070f94e514764d324e397d61505df92186c,3.12.10,macOS-26.6.2-arm64-arm-64bit,2.5.3,42,cpu,opencv_yunet,landmark,insightface,spectral,dct,0.16,2026-09-13T09:31:58.154024+00:00
watermark_robustness,paul_burrell_5.png,rotate_15,rotation,{'degrees': 15},True,0.942057,0.53125,0fabb93d,True,False,36.1331,0.899532,12.985,0.1.0,3bcc6070f94e514764d324e397d61505df92186c,3.12.10,macOS-26.6.2-arm64-arm-64bit,2.5.3,42,cpu,opencv_yunet,landmark,insightface,spectral,dct,0.16,2026-09-13T09:31:58.154024+00:00
watermark_robustness,paul_burrell_5.png,rotate_2,rotation,{'degrees': 2},True,1.0,0.453125,0fabb93d,True,False,36.1331,0.899532,22.4377,0.1.0,3bcc6070f94e514764d324e397d61505df92186c,3.12.10,macOS-26.6.2-arm64-arm-64bit,2.5.3,42,cpu,opencv_yunet,landmark,insightface,spectral,dct,0.16,2026-09-13T09:31:58.154024+00:00
watermark_robustness,paul_burrell_5.png,rotate_20,rotation,{'degrees': 20},True,0.934896,0.4375,0fabb93d,True,False,36.1331,0.899532,12.474,0.1.0,3bcc6070f94e514764d324e397d61505df92186c,3.12.10,macOS-26.6.2-arm64-arm-64bit,2.5.3,42,cpu,opencv_yunet,landmark,insightface,spectral,dct,0.16,2026-09-13T09:31:58.154024+00:00
watermark_robustness,paul_burrell_5.png,rotate_25,rotation,{'degrees': 25},True,0.920573,0.546875,0fabb93d,True,False,36.1331,0.899532,12.1562,0.1.0,3bcc6070f94e514764d324e397d61505df92186c,3.12.10,macOS-26.6.2-arm64-arm-64bit,2.5.3,42,cpu,opencv_yunet,landmark,insightface,spectral,dct,0.16,2026-09-13T09:31:58.154024+00:00
watermark_robustness,paul_burrell_5.png,rotate_30,rotation,{'degrees': 30},True,0.905599,0.5,0fabb93d,True,False,36.1331,0.899532,11.8645,0.1.0,3bcc6070f94e514764d324e397d61505df92186c,3.12.10,macOS-26.6.2-arm64-arm-64bit,2.5.3,42,cpu,opencv_yunet,landmark,insightface,spectral,dct,0.16,2026-09-13T09:31:58.154024+00:00
watermark_robustness,paul_burrell_5.png,rotate_5,rotation,{'degrees': 5},True,0.992188,0.421875,0fabb93d,True,False,36.1331,0.899532,17.3276,0.1.0,3bcc6070f94e514764d324e397d61505df92186c,3.12.10,macOS-26.6.2-arm64-arm-64bit,2.5.3,42,cpu,opencv_yunet,landmark,insightface,spectral,dct,0.16,2026-09-13T09:31:58.154024+00:00
watermark_robustness,paul_burrell_5.png,rotate_5_crop_10,rotate_crop,"{'degrees': 5, 'ratio': 0.1}",True,1.0,0.546875,0fabb93d,True,False,36.1331,0.899532,14.0999,0.1.0,3bcc6070f94e514764d324e397d61505df92186c,3.12.10,macOS-26.6.2-arm64-arm-64bit,2.5.3,42,cpu,opencv_yunet,landmark,insightface,spectral,dct,0.16,2026-09-13T09:31:58.154024+00:00
watermark_robustness,paul_burrell_5.png,rotate_5_crop_20,rotate_crop,"{'degrees': 5, 'ratio': 0.2}",True,1.0,0.578125,0fabb93d,True,False,36.1331,0.899532,9.5948,0.1.0,3bcc6070f94e514764d324e397d61505df92186c,3.12.10,macOS-26.6.2-arm64-arm-64bit,2.5.3,42,cpu,opencv_yunet,landmark,insightface,spectral,dct,0.16,2026-09-13T09:31:58.154024+00:00
watermark_robustness,paul_burrell_6.png,rotate_10,rotation,{'degrees': 10},True,0.959635,0.59375,cc433ba1,True,False,36.016,0.92896,12.6697,0.1.0,3bcc6070f94e514764d324e397d61505df92186c,3.12.10,macOS-26.6.2-arm64-arm-64bit,2.5.3,42,cpu,opencv_yunet,landmark,insightface,spectral,dct,0.16,2026-09-13T09:31:58.154024+00:00
watermark_robustness,paul_burrell_6.png,rotate_10_crop_10,rotate_crop,"{'degrees': 10, 'ratio': 0.1}",True,0.979167,0.5625,cc433ba1,True,False,36.016,0.92896,11.4426,0.1.0,3bcc6070f94e514764d324e397d61505df92186c,3.12.10,macOS-26.6.2-arm64-arm-64bit,2.5.3,42,cpu,opencv_yunet,landmark,insightface,spectral,dct,0.16,2026-09-13T09:31:58.154024+00:00
watermark_robustness,paul_burrell_6.png,rotate_15,rotation,{'degrees': 15},True,0.936198,0.53125,cc433ba1,True,False,36.016,0.92896,11.7016,0.1.0,3bcc6070f94e514764d324e397d61505df92186c,3.12.10,macOS-26.6.2-arm64-arm-64bit,2.5.3,42,cpu,opencv_yunet,landmark,insightface,spectral,dct,0.16,2026-09-13T09:31:58.154024+00:00
watermark_robustness,paul_burrell_6.png,rotate_2,rotation,{'degrees': 2},True,1.0,0.421875,cc433ba1,True,False,36.016,0.92896,18.496,0.1.0,3bcc6070f94e514764d324e397d61505df92186c,3.12.10,macOS-26.6.2-arm64-arm-64bit,2.5.3,42,cpu,opencv_yunet,landmark,insightface,spectral,dct,0.16,2026-09-13T09:31:58.154024+00:00
watermark_robustness,paul_burrell_6.png,rotate_20,rotation,{'degrees': 20},True,0.927734,0.515625,cc433ba1,True,False,36.016,0.92896,11.1312,0.1.0,3bcc6070f94e514764d324e397d61505df92186c,3.12.10,macOS-26.6.2-arm64-arm-64bit,2.5.3,42,cpu,opencv_yunet,landmark,insightface,spectral,dct,0.16,2026-09-13T09:31:58.154024+00:00
watermark_robustness,paul_burrell_6.png,rotate_25,rotation,{'degrees': 25},True,0.901693,0.484375,cc433ba1,True,False,36.016,0.92896,10.5813,0.1.0,3bcc6070f94e514764d324e397d61505df92186c,3.12.10,macOS-26.6.2-arm64-arm-64bit,2.5.3,42,cpu,opencv_yunet,landmark,insightface,spectral,dct,0.16,2026-09-13T09:31:58.154024+00:00
watermark_robustness,paul_burrell_6.png,rotate_30,rotation,{'degrees': 30},True,0.895833,0.5,cc433ba1,True,False,36.016,0.92896,10.2471,0.1.0,3bcc6070f94e514764d324e397d61505df92186c,3.12.10,macOS-26.6.2-arm64-arm-64bit,2.5.3,42,cpu,opencv_yunet,landmark,insightface,spectral,dct,0.16,2026-09-13T09:31:58.154024+00:00
watermark_robustness,paul_burrell_6.png,rotate_5,rotation,{'degrees': 5},True,0.994141,0.546875,cc433ba1,True,False,36.016,0.92896,14.6446,0.1.0,3bcc6070f94e514764d324e397d61505df92186c,3.12.10,macOS-26.6.2-arm64-arm-64bit,2.5.3,42,cpu,opencv_yunet,landmark,insightface,spectral,dct,0.16,2026-09-13T09:31:58.154024+00:00
watermark_robustness,paul_burrell_6.png,rotate_5_crop_10,rotate_crop,"{'degrees': 5, 'ratio': 0.1}",True,0.996528,0.484375,cc433ba1,True,False,36.016,0.92896,11.6042,0.1.0,3bcc6070f94e514764d324e397d61505df92186c,3.12.10,macOS-26.6.2-arm64-arm-64bit,2.5.3,42,cpu,opencv_yunet,landmark,insightface,spectral,dct,0.16,2026-09-13T09:31:58.154024+00:00
watermark_robustness,paul_burrell_6.png,rotate_5_crop_20,rotate_crop,"{'degrees': 5, 'ratio': 0.2}",True,1.0,0.578125,cc433ba1,True,False,36.016,0.92896,9.6735,0.1.0,3bcc6070f94e514764d324e397d61505df92186c,3.12.10,macOS-26.6.2-arm64-arm-64bit,2.5.3,42,cpu,opencv_yunet,landmark,insightface,spectral,dct,0.16,2026-09-13T09:31:58.154024+00:00
watermark_robustness,paul_burrell_7.png,rotate_10,rotation,{'degrees': 10},True,0.964193,0.484375,95681e22,True,False,36.2055,0.904413,15.1913,0.1.0,3bcc6070f94e514764d324e397d61505df92186c,3.12.10,macOS-26.6.2-arm64-arm-64bit,2.5.3,42,cpu,opencv_yunet,landmark,insightface,spectral,dct,0.16,2026-09-13T09:31:58.154024+00:00
watermark_robustness,paul_burrell_7.png,rotate_10_crop_10,rotate_crop,"{'degrees': 10, 'ratio': 0.1}",True,0.986111,0.453125,95681e22,True,False,36.2055,0.904413,12.9434,0.1.0,3bcc6070f94e514764d324e397d61505df92186c,3.12.10,macOS-26.6.2-arm64-arm-64bit,2.5.3,42,cpu,opencv_yunet,landmark,insightface,spectral,dct,0.16,2026-09-13T09:31:58.154024+00:00
watermark_robustness,paul_burrell_7.png,rotate_15,rotation,{'degrees': 15},True,0.934896,0.5625,95681e22,True,False,36.2055,0.904413,13.8565,0.1.0,3bcc6070f94e514764d324e397d61505df92186c,3.12.10,macOS-26.6.2-arm64-arm-64bit,2.5.3,42,cpu,opencv_yunet,landmark,insightface,spectral,dct,0.16,2026-09-13T09:31:58.154024+00:00
watermark_robustness,paul_burrell_7.png,rotate_2,rotation,{'degrees': 2},True,1.0,0.5,95681e22,True,False,36.2055,0.904413,22.373,0.1.0,3bcc6070f94e514764d324e397d61505df92186c,3.12.10,macOS-26.6.2-arm64-arm-64bit,2.5.3,42,cpu,opencv_yunet,landmark,insightface,spectral,dct,0.16,2026-09-13T09:31:58.154024+00:00
watermark_robustness,paul_burrell_7.png,rotate_20,rotation,{'degrees': 20},True,0.898438,0.609375,95681e22,True,False,36.2055,0.904413,12.948,0.1.0,3bcc6070f94e514764d324e397d61505df92186c,3.12.10,macOS-26.6.2-arm64-arm-64bit,2.5.3,42,cpu,opencv_yunet,landmark,insightface,spectral,dct,0.16,2026-09-13T09:31:58.154024+00:00
watermark_robustness,paul_burrell_7.png,rotate_25,rotation,{'degrees': 25},True,0.899089,0.546875,95681e22,True,False,36.2055,0.904413,12.2934,0.1.0,3bcc6070f94e514764d324e397d61505df92186c,3.12.10,macOS-26.6.2-arm64-arm-64bit,2.5.3,42,cpu,opencv_yunet,landmark,insightface,spectral,dct,0.16,2026-09-13T09:31:58.154024+00:00
watermark_robustness,paul_burrell_7.png,rotate_30,rotation,{'degrees': 30},True,0.882161,0.4375,95681e22,True,False,36.2055,0.904413,11.7672,0.1.0,3bcc6070f94e514764d324e397d61505df92186c,3.12.10,macOS-26.6.2-arm64-arm-64bit,2.5.3,42,cpu,opencv_yunet,landmark,insightface,spectral,dct,0.16,2026-09-13T09:31:58.154024+00:00
watermark_robustness,paul_burrell_7.png,rotate_5,rotation,{'degrees': 5},True,0.990234,0.46875,95681e22,True,False,36.2055,0.904413,17.8805,0.1.0,3bcc6070f94e514764d324e397d61505df92186c,3.12.10,macOS-26.6.2-arm64-arm-64bit,2.5.3,42,cpu,opencv_yunet,landmark,insightface,spectral,dct,0.16,2026-09-13T09:31:58.154024+00:00
watermark_robustness,paul_burrell_7.png,rotate_5_crop_10,rotate_crop,"{'degrees': 5, 'ratio': 0.1}",True,0.996528,0.578125,95681e22,True,False,36.2055,0.904413,13.2695,0.1.0,3bcc6070f94e514764d324e397d61505df92186c,3.12.10,macOS-26.6.2-arm64-arm-64bit,2.5.3,42,cpu,opencv_yunet,landmark,insightface,spectral,dct,0.16,2026-09-13T09:31:58.154024+00:00
watermark_robustness,paul_burrell_7.png,rotate_5_crop_20,rotate_crop,"{'degrees': 5, 'ratio': 0.2}",True,1.0,0.484375,95681e22,True,False,36.2055,0.904413,11.6733,0.1.0,3bcc6070f94e514764d324e397d61505df92186c,3.12.10,macOS-26.6.2-arm64-arm-64bit,2.5.3,42,cpu,opencv_yunet,landmark,insightface,spectral,dct,0.16,2026-09-13T09:31:58.154024+00:00
watermark_robustness,rick_carlisle_0.png,rotate_10,rotation,{'degrees': 10},True,0.977214,0.5,be8322b4,True,False,35.9846,0.915117,13.5101,0.1.0,3bcc6070f94e514764d324e397d61505df92186c,3.12.10,macOS-26.6.2-arm64-arm-64bit,2.5.3,42,cpu,opencv_yunet,landmark,insightface,spectral,dct,0.16,2026-09-13T09:31:58.154024+00:00
watermark_robustness,rick_carlisle_0.png,rotate_10_crop_10,rotate_crop,"{'degrees': 10, 'ratio': 0.1}",True,0.979167,0.640625,be8322b4,True,False,35.9846,0.915117,11.3583,0.1.0,3bcc6070f94e514764d324e397d61505df92186c,3.12.10,macOS-26.6.2-arm64-arm-64bit,2.5.3,42,cpu,opencv_yunet,landmark,insightface,spectral,dct,0.16,2026-09-13T09:31:58.154024+00:00
watermark_robustness,rick_carlisle_0.png,rotate_15,rotation,{'degrees': 15},True,0.942708,0.515625,be8322b4,True,False,35.9846,0.915117,12.2625,0.1.0,3bcc6070f94e514764d324e397d61505df92186c,3.12.10,macOS-26.6.2-arm64-arm-64bit,2.5.3,42,cpu,opencv_yunet,landmark,insightface,spectral,dct,0.16,2026-09-13T09:31:58.154024+00:00
watermark_robustness,rick_carlisle_0.png,rotate_2,rotation,{'degrees': 2},True,1.0,0.4375,be8322b4,True,False,35.9846,0.915117,21.0138,0.1.0,3bcc6070f94e514764d324e397d61505df92186c,3.12.10,macOS-26.6.2-arm64-arm-64bit,2.5.3,42,cpu,opencv_yunet,landmark,insightface,spectral,dct,0.16,2026-09-13T09:31:58.154024+00:00
watermark_robustness,rick_carlisle_0.png,rotate_20,rotation,{'degrees': 20},True,0.921875,0.5,be8322b4,True,False,35.9846,0.915117,11.5122,0.1.0,3bcc6070f94e514764d324e397d61505df92186c,3.12.10,macOS-26.6.2-arm64-arm-64bit,2.5.3,42,cpu,opencv_yunet,landmark,insightface,spectral,dct,0.16,2026-09-13T09:31:58.154024+00:00
watermark_robustness,rick_carlisle_0.png,rotate_25,rotation,{'degrees': 25},True,0.922526,0.453125,be8322b4,True,False,35.9846,0.915117,11.0112,0.1.0,3bcc6070f94e514764d324e397d61505df92186c,3.12.10,macOS-26.6.2-arm64-arm-64bit,2.5.3,42,cpu,opencv_yunet,landmark,insightface,spectral,dct,0.16,2026-09-13T09:31:58.154024+00:00
watermark_robustness,rick_carlisle_0.png,rotate_30,rotation,{'degrees': 30},True,0.903646,0.5,be8322b4,True,False,35.9846,0.915117,10.6832,0.1.0,3bcc6070f94e514764d324e397d61505df92186c,3.12.10,macOS-26.6.2-arm64-arm-64bit,2.5.3,42,cpu,opencv_yunet,landmark,insightface,spectral,dct,0.16,2026-09-13T09:31:58.154024+00:00
watermark_robustness,rick_carlisle_0.png,rotate_5,rotation,{'degrees': 5},True,0.995443,0.53125,be8322b4,True,False,35.9846,0.915117,16.4132,0.1.0,3bcc6070f94e514764d324e397d61505df92186c,3.12.10,macOS-26.6.2-arm64-arm-64bit,2.5.3,42,cpu,opencv_yunet,landmark,insightface,spectral,dct,0.16,2026-09-13T09:31:58.154024+00:00
watermark_robustness,rick_carlisle_0.png,rotate_5_crop_10,rotate_crop,"{'degrees': 5, 'ratio': 0.1}",True,1.0,0.484375,be8322b4,True,False,35.9846,0.915117,12.079,0.1.0,3bcc6070f94e514764d324e397d61505df92186c,3.12.10,macOS-26.6.2-arm64-arm-64bit,2.5.3,42,cpu,opencv_yunet,landmark,insightface,spectral,dct,0.16,2026-09-13T09:31:58.154024+00:00
watermark_robustness,rick_carlisle_0.png,rotate_5_crop_20,rotate_crop,"{'degrees': 5, 'ratio': 0.2}",True,1.0,0.59375,be8322b4,True,False,35.9846,0.915117,9.9711,0.1.0,3bcc6070f94e514764d324e397d61505df92186c,3.12.10,macOS-26.6.2-arm64-arm-64bit,2.5.3,42,cpu,opencv_yunet,landmark,insightface,spectral,dct,0.16,2026-09-13T09:31:58.154024+00:00
watermark_robustness,rick_carlisle_1.png,rotate_10,rotation,{'degrees': 10},True,0.966146,0.53125,2e3be1de,True,False,35.9796,0.903601,14.8054,0.1.0,3bcc6070f94e514764d324e397d61505df92186c,3.12.10,macOS-26.6.2-arm64-arm-64bit,2.5.3,42,cpu,opencv_yunet,landmark,insightface,spectral,dct,0.16,2026-09-13T09:31:58.154024+00:00
watermark_robustness,rick_carlisle_1.png,rotate_10_crop_10,rotate_crop,"{'degrees': 10, 'ratio': 0.1}",True,0.951389,0.484375,2e3be1de,True,False,35.9796,0.903601,13.4906,0.1.0,3bcc6070f94e514764d324e397d61505df92186c,3.12.10,macOS-26.6.2-arm64-arm-64bit,2.5.3,42,cpu,opencv_yunet,landmark,insightface,spectral,dct,0.16,2026-09-13T09:31:58.154024+00:00
watermark_robustness,rick_carlisle_1.png,rotate_15,rotation,{'degrees': 15},True,0.94401,0.453125,2e3be1de,True,False,35.9796,0.903601,13.4475,0.1.0,3bcc6070f94e514764d324e397d61505df92186c,3.12.10,macOS-26.6.2-arm64-arm-64bit,2.5.3,42,cpu,opencv_yunet,landmark,insightface,spectral,dct,0.16,2026-09-13T09:31:58.154024+00:00
watermark_robustness,rick_carlisle_1.png,rotate_2,rotation,{'degrees': 2},True,1.0,0.4375,2e3be1de,True,False,35.9796,0.903601,22.1878,0.1.0,3bcc6070f94e514764d324e397d61505df92186c,3.12.10,macOS-26.6.2-arm64-arm-64bit,2.5.3,42,cpu,opencv_yunet,landmark,insightface,spectral,dct,0.16,2026-09-13T09:31:58.154024+00:00
watermark_robustness,rick_carlisle_1.png,rotate_20,rotation,{'degrees': 20},True,0.919271,0.5,2e3be1de,True,False,35.9796,0.903601,12.6232,0.1.0,3bcc6070f94e514764d324e397d61505df92186c,3.12.10,macOS-26.6.2-arm64-arm-64bit,2.5.3,42,cpu,opencv_yunet,landmark,insightface,spectral,dct,0.16,2026-09-13T09:31:58.154024+00:00
watermark_robustness,rick_carlisle_1.png,rotate_25,rotation,{'degrees': 25},True,0.888672,0.515625,2e3be1de,True,False,35.9796,0.903601,12.0811,0.1.0,3bcc6070f94e514764d324e397d61505df92186c,3.12.10,macOS-26.6.2-arm64-arm-64bit,2.5.3,42,cpu,opencv_yunet,landmark,insightface,spectral,dct,0.16,2026-09-13T09:31:58.154024+00:00
watermark_robustness,rick_carlisle_1.png,rotate_30,rotation,{'degrees': 30},True,0.869792,0.546875,2e3be1de,True,False,35.9796,0.903601,11.6858,0.1.0,3bcc6070f94e514764d324e397d61505df92186c,3.12.10,macOS-26.6.2-arm64-arm-64bit,2.5.3,42,cpu,opencv_yunet,landmark,insightface,spectral,dct,0.16,2026-09-13T09:31:58.154024+00:00
watermark_robustness,rick_carlisle_1.png,rotate_5,rotation,{'degrees': 5},True,0.998047,0.53125,2e3be1de,True,False,35.9796,0.903601,17.7472,0.1.0,3bcc6070f94e514764d324e397d61505df92186c,3.12.10,macOS-26.6.2-arm64-arm-64bit,2.5.3,42,cpu,opencv_yunet,landmark,insightface,spectral,dct,0.16,2026-09-13T09:31:58.154024+00:00
watermark_robustness,rick_carlisle_1.png,rotate_5_crop_10,rotate_crop,"{'degrees': 5, 'ratio': 0.1}",True,0.996528,0.359375,2e3be1de,True,False,35.9796,0.903601,14.1963,0.1.0,3bcc6070f94e514764d324e397d61505df92186c,3.12.10,macOS-26.6.2-arm64-arm-64bit,2.5.3,42,cpu,opencv_yunet,landmark,insightface,spectral,dct,0.16,2026-09-13T09:31:58.154024+00:00
watermark_robustness,rick_carlisle_1.png,rotate_5_crop_20,rotate_crop,"{'degrees': 5, 'ratio': 0.2}",True,1.0,0.46875,2e3be1de,True,False,35.9796,0.903601,12.2464,0.1.0,3bcc6070f94e514764d324e397d61505df92186c,3.12.10,macOS-26.6.2-arm64-arm-64bit,2.5.3,42,cpu,opencv_yunet,landmark,insightface,spectral,dct,0.16,2026-09-13T09:31:58.154024+00:00
watermark_robustness,rick_carlisle_2.png,rotate_10,rotation,{'degrees': 10},True,0.94401,0.453125,e0374d65,True,False,36.1247,0.916609,13.3357,0.1.0,3bcc6070f94e514764d324e397d61505df92186c,3.12.10,macOS-26.6.2-arm64-arm-64bit,2.5.3,42,cpu,opencv_yunet,landmark,insightface,spectral,dct,0.16,2026-09-13T09:31:58.154024+00:00
watermark_robustness,rick_carlisle_2.png,rotate_10_crop_10,rotate_crop,"{'degrees': 10, 'ratio': 0.1}",True,0.979167,0.53125,e0374d65,True,False,36.1247,0.916609,11.1049,0.1.0,3bcc6070f94e514764d324e397d61505df92186c,3.12.10,macOS-26.6.2-arm64-arm-64bit,2.5.3,42,cpu,opencv_yunet,landmark,insightface,spectral,dct,0.16,2026-09-13T09:31:58.154024+00:00
watermark_robustness,rick_carlisle_2.png,rotate_15,rotation,{'degrees': 15},True,0.931641,0.5,e0374d65,True,False,36.1247,0.916609,11.9577,0.1.0,3bcc6070f94e514764d324e397d61505df92186c,3.12.10,macOS-26.6.2-arm64-arm-64bit,2.5.3,42,cpu,opencv_yunet,landmark,insightface,spectral,dct,0.16,2026-09-13T09:31:58.154024+00:00
watermark_robustness,rick_carlisle_2.png,rotate_2,rotation,{'degrees': 2},True,1.0,0.375,e0374d65,True,False,36.1247,0.916609,20.1346,0.1.0,3bcc6070f94e514764d324e397d61505df92186c,3.12.10,macOS-26.6.2-arm64-arm-64bit,2.5.3,42,cpu,opencv_yunet,landmark,insightface,spectral,dct,0.16,2026-09-13T09:31:58.154024+00:00
watermark_robustness,rick_carlisle_2.png,rotate_20,rotation,{'degrees': 20},True,0.908203,0.515625,e0374d65,True,False,36.1247,0.916609,11.0867,0.1.0,3bcc6070f94e514764d324e397d61505df92186c,3.12.10,macOS-26.6.2-arm64-arm-64bit,2.5.3,42,cpu,opencv_yunet,landmark,insightface,spectral,dct,0.16,2026-09-13T09:31:58.154024+00:00
watermark_robustness,rick_carlisle_2.png,rotate_25,rotation,{'degrees': 25},True,0.891927,0.53125,e0374d65,True,False,36.1247,0.916609,10.5765,0.1.0,3bcc6070f94e514764d324e397d61505df92186c,3.12.10,macOS-26.6.2-arm64-arm-64bit,2.5.3,42,cpu,opencv_yunet,landmark,insightface,spectral,dct,0.16,2026-09-13T09:31:58.154024+00:00
watermark_robustness,rick_carlisle_2.png,rotate_30,rotation,{'degrees': 30},True,0.874132,0.53125,e0374d65,True,False,36.1247,0.916609,10.2865,0.1.0,3bcc6070f94e514764d324e397d61505df92186c,3.12.10,macOS-26.6.2-arm64-arm-64bit,2.5.3,42,cpu,opencv_yunet,landmark,insightface,spectral,dct,0.16,2026-09-13T09:31:58.154024+00:00
watermark_robustness,rick_carlisle_2.png,rotate_5,rotation,{'degrees': 5},True,0.992188,0.4375,e0374d65,True,False,36.1247,0.916609,15.9213,0.1.0,3bcc6070f94e514764d324e397d61505df92186c,3.12.10,macOS-26.6.2-arm64-arm-64bit,2.5.3,42,cpu,opencv_yunet,landmark,insightface,spectral,dct,0.16,2026-09-13T09:31:58.154024+00:00
watermark_robustness,rick_carlisle_2.png,rotate_5_crop_10,rotate_crop,"{'degrees': 5, 'ratio': 0.1}",True,0.986111,0.5,e0374d65,True,False,36.1247,0.916609,11.3791,0.1.0,3bcc6070f94e514764d324e397d61505df92186c,3.12.10,macOS-26.6.2-arm64-arm-64bit,2.5.3,42,cpu,opencv_yunet,landmark,insightface,spectral,dct,0.16,2026-09-13T09:31:58.154024+00:00
watermark_robustness,rick_carlisle_2.png,rotate_5_crop_20,rotate_crop,"{'degrees': 5, 'ratio': 0.2}",True,1.0,0.5,e0374d65,True,False,36.1247,0.916609,10.1994,0.1.0,3bcc6070f94e514764d324e397d61505df92186c,3.12.10,macOS-26.6.2-arm64-arm-64bit,2.5.3,42,cpu,opencv_yunet,landmark,insightface,spectral,dct,0.16,2026-09-13T09:31:58.154024+00:00
watermark_robustness,roger_moore_0.png,rotate_10,rotation,{'degrees': 10},True,0.967448,0.484375,cef0b257,True,False,37.0718,0.879585,16.2401,0.1.0,3bcc6070f94e514764d324e397d61505df92186c,3.12.10,macOS-26.6.2-arm64-arm-64bit,2.5.3,42,cpu,opencv_yunet,landmark,insightface,spectral,dct,0.16,2026-09-13T09:31:58.154024+00:00
watermark_robustness,roger_moore_0.png,rotate_10_crop_10,rotate_crop,"{'degrees': 10, 'ratio': 0.1}",False,0.986111,0.390625,,False,False,37.0718,0.879585,14.7433,0.1.0,3bcc6070f94e514764d324e397d61505df92186c,3.12.10,macOS-26.6.2-arm64-arm-64bit,2.5.3,42,cpu,opencv_yunet,landmark,insightface,spectral,dct,0.16,2026-09-13T09:31:58.154024+00:00
watermark_robustness,roger_moore_0.png,rotate_15,rotation,{'degrees': 15},True,0.928385,0.453125,cef0b257,True,False,37.0718,0.879585,15.3872,0.1.0,3bcc6070f94e514764d324e397d61505df92186c,3.12.10,macOS-26.6.2-arm64-arm-64bit,2.5.3,42,cpu,opencv_yunet,landmark,insightface,spectral,dct,0.16,2026-09-13T09:31:58.154024+00:00
watermark_robustness,roger_moore_0.png,rotate_2,rotation,{'degrees': 2},True,1.0,0.359375,cef0b257,True,False,37.0718,0.879585,21.1044,0.1.0,3bcc6070f94e514764d324e397d61505df92186c,3.12.10,macOS-26.6.2-arm64-arm-64bit,2.5.3,42,cpu,opencv_yunet,landmark,insightface,spectral,dct,0.16,2026-09-13T09:31:58.154024+00:00
watermark_robustness,roger_moore_0.png,rotate_20,rotation,{'degrees': 20},True,0.921224,0.515625,cef0b257,True,False,37.0718,0.879585,14.9376,0.1.0,3bcc6070f94e514764d324e397d61505df92186c,3.12.10,macOS-26.6.2-arm64-arm-64bit,2.5.3,42,cpu,opencv_yunet,landmark,insightface,spectral,dct,0.16,2026-09-13T09:31:58.154024+00:00
watermark_robustness,roger_moore_0.png,rotate_25,rotation,{'degrees': 25},False,0.912109,0.546875,,False,False,37.0718,0.879585,14.5196,0.1.0,3bcc6070f94e514764d324e397d61505df92186c,3.12.10,macOS-26.6.2-arm64-arm-64bit,2.5.3,42,cpu,opencv_yunet,landmark,insightface,spectral,dct,0.16,2026-09-13T09:31:58.154024+00:00
watermark_robustness,roger_moore_0.png,rotate_30,rotation,{'degrees': 30},True,0.892578,0.484375,cef0b257,True,False,37.0718,0.879585,14.1832,0.1.0,3bcc6070f94e514764d324e397d61505df92186c,3.12.10,macOS-26.6.2-arm64-arm-64bit,2.5.3,42,cpu,opencv_yunet,landmark,insightface,spectral,dct,0.16,2026-09-13T09:31:58.154024+00:00
watermark_robustness,roger_moore_0.png,rotate_5,rotation,{'degrees': 5},True,0.989583,0.453125,cef0b257,True,False,37.0718,0.879585,17.9256,0.1.0,3bcc6070f94e514764d324e397d61505df92186c,3.12.10,macOS-26.6.2-arm64-arm-64bit,2.5.3,42,cpu,opencv_yunet,landmark,insightface,spectral,dct,0.16,2026-09-13T09:31:58.154024+00:00
watermark_robustness,roger_moore_0.png,rotate_5_crop_10,rotate_crop,"{'degrees': 5, 'ratio': 0.1}",True,1.0,0.421875,cef0b257,True,False,37.0718,0.879585,15.2017,0.1.0,3bcc6070f94e514764d324e397d61505df92186c,3.12.10,macOS-26.6.2-arm64-arm-64bit,2.5.3,42,cpu,opencv_yunet,landmark,insightface,spectral,dct,0.16,2026-09-13T09:31:58.154024+00:00
watermark_robustness,roger_moore_0.png,rotate_5_crop_20,rotate_crop,"{'degrees': 5, 'ratio': 0.2}",True,1.0,0.59375,cef0b257,True,False,37.0718,0.879585,12.5912,0.1.0,3bcc6070f94e514764d324e397d61505df92186c,3.12.10,macOS-26.6.2-arm64-arm-64bit,2.5.3,42,cpu,opencv_yunet,landmark,insightface,spectral,dct,0.16,2026-09-13T09:31:58.154024+00:00
watermark_robustness,roger_moore_1.png,rotate_10,rotation,{'degrees': 10},True,0.959635,0.515625,d075822f,True,False,36.4015,0.910287,11.3474,0.1.0,3bcc6070f94e514764d324e397d61505df92186c,3.12.10,macOS-26.6.2-arm64-arm-64bit,2.5.3,42,cpu,opencv_yunet,landmark,insightface,spectral,dct,0.16,2026-09-13T09:31:58.154024+00:00
watermark_robustness,roger_moore_1.png,rotate_10_crop_10,rotate_crop,"{'degrees': 10, 'ratio': 0.1}",True,0.965278,0.484375,d075822f,True,False,36.4015,0.910287,9.5498,0.1.0,3bcc6070f94e514764d324e397d61505df92186c,3.12.10,macOS-26.6.2-arm64-arm-64bit,2.5.3,42,cpu,opencv_yunet,landmark,insightface,spectral,dct,0.16,2026-09-13T09:31:58.154024+00:00
watermark_robustness,roger_moore_1.png,rotate_15,rotation,{'degrees': 15},True,0.939453,0.453125,d075822f,True,False,36.4015,0.910287,10.0927,0.1.0,3bcc6070f94e514764d324e397d61505df92186c,3.12.10,macOS-26.6.2-arm64-arm-64bit,2.5.3,42,cpu,opencv_yunet,landmark,insightface,spectral,dct,0.16,2026-09-13T09:31:58.154024+00:00
watermark_robustness,roger_moore_1.png,rotate_2,rotation,{'degrees': 2},True,1.0,0.34375,d075822f,True,False,36.4015,0.910287,18.832,0.1.0,3bcc6070f94e514764d324e397d61505df92186c,3.12.10,macOS-26.6.2-arm64-arm-64bit,2.5.3,42,cpu,opencv_yunet,landmark,insightface,spectral,dct,0.16,2026-09-13T09:31:58.154024+00:00
watermark_robustness,roger_moore_1.png,rotate_20,rotation,{'degrees': 20},True,0.899089,0.5,d075822f,True,False,36.4015,0.910287,9.4108,0.1.0,3bcc6070f94e514764d324e397d61505df92186c,3.12.10,macOS-26.6.2-arm64-arm-64bit,2.5.3,42,cpu,opencv_yunet,landmark,insightface,spectral,dct,0.16,2026-09-13T09:31:58.154024+00:00
watermark_robustness,roger_moore_1.png,rotate_25,rotation,{'degrees': 25},True,0.884766,0.375,d075822f,True,False,36.4015,0.910287,9.0698,0.1.0,3bcc6070f94e514764d324e397d61505df92186c,3.12.10,macOS-26.6.2-arm64-arm-64bit,2.5.3,42,cpu,opencv_yunet,landmark,insightface,spectral,dct,0.16,2026-09-13T09:31:58.154024+00:00
watermark_robustness,roger_moore_1.png,rotate_30,rotation,{'degrees': 30},True,0.865234,0.5,d075822f,True,False,36.4015,0.910287,8.8395,0.1.0,3bcc6070f94e514764d324e397d61505df92186c,3.12.10,macOS-26.6.2-arm64-arm-64bit,2.5.3,42,cpu,opencv_yunet,landmark,insightface,spectral,dct,0.16,2026-09-13T09:31:58.154024+00:00
watermark_robustness,roger_moore_1.png,rotate_5,rotation,{'degrees': 5},True,0.998047,0.546875,d075822f,True,False,36.4015,0.910287,14.2261,0.1.0,3bcc6070f94e514764d324e397d61505df92186c,3.12.10,macOS-26.6.2-arm64-arm-64bit,2.5.3,42,cpu,opencv_yunet,landmark,insightface,spectral,dct,0.16,2026-09-13T09:31:58.154024+00:00
watermark_robustness,roger_moore_1.png,rotate_5_crop_10,rotate_crop,"{'degrees': 5, 'ratio': 0.1}",True,0.989583,0.4375,d075822f,True,False,36.4015,0.910287,9.8075,0.1.0,3bcc6070f94e514764d324e397d61505df92186c,3.12.10,macOS-26.6.2-arm64-arm-64bit,2.5.3,42,cpu,opencv_yunet,landmark,insightface,spectral,dct,0.16,2026-09-13T09:31:58.154024+00:00
watermark_robustness,roger_moore_1.png,rotate_5_crop_20,rotate_crop,"{'degrees': 5, 'ratio': 0.2}",True,0.992188,0.53125,d075822f,True,False,36.4015,0.910287,8.7393,0.1.0,3bcc6070f94e514764d324e397d61505df92186c,3.12.10,macOS-26.6.2-arm64-arm-64bit,2.5.3,42,cpu,opencv_yunet,landmark,insightface,spectral,dct,0.16,2026-09-13T09:31:58.154024+00:00
watermark_robustness,roger_moore_2.png,rotate_10,rotation,{'degrees': 10},True,0.947266,0.515625,c4295fe7,True,False,36.1186,0.925807,11.0079,0.1.0,3bcc6070f94e514764d324e397d61505df92186c,3.12.10,macOS-26.6.2-arm64-arm-64bit,2.5.3,42,cpu,opencv_yunet,landmark,insightface,spectral,dct,0.16,2026-09-13T09:31:58.154024+00:00
watermark_robustness,roger_moore_2.png,rotate_10_crop_10,rotate_crop,"{'degrees': 10, 'ratio': 0.1}",True,0.972222,0.5625,c4295fe7,True,False,36.1186,0.925807,8.7631,0.1.0,3bcc6070f94e514764d324e397d61505df92186c,3.12.10,macOS-26.6.2-arm64-arm-64bit,2.5.3,42,cpu,opencv_yunet,landmark,insightface,spectral,dct,0.16,2026-09-13T09:31:58.154024+00:00
watermark_robustness,roger_moore_2.png,rotate_15,rotation,{'degrees': 15},False,0.942057,0.5,,False,False,36.1186,0.925807,9.7645,0.1.0,3bcc6070f94e514764d324e397d61505df92186c,3.12.10,macOS-26.6.2-arm64-arm-64bit,2.5.3,42,cpu,opencv_yunet,landmark,insightface,spectral,dct,0.16,2026-09-13T09:31:58.154024+00:00
watermark_robustness,roger_moore_2.png,rotate_2,rotation,{'degrees': 2},True,1.0,0.4375,c4295fe7,True,False,36.1186,0.925807,17.3933,0.1.0,3bcc6070f94e514764d324e397d61505df92186c,3.12.10,macOS-26.6.2-arm64-arm-64bit,2.5.3,42,cpu,opencv_yunet,landmark,insightface,spectral,dct,0.16,2026-09-13T09:31:58.154024+00:00
watermark_robustness,roger_moore_2.png,rotate_20,rotation,{'degrees': 20},False,0.926432,0.5,,False,False,36.1186,0.925807,9.129,0.1.0,3bcc6070f94e514764d324e397d61505df92186c,3.12.10,macOS-26.6.2-arm64-arm-64bit,2.5.3,42,cpu,opencv_yunet,landmark,insightface,spectral,dct,0.16,2026-09-13T09:31:58.154024+00:00
watermark_robustness,roger_moore_2.png,rotate_25,rotation,{'degrees': 25},False,0.912109,0.546875,,False,False,36.1186,0.925807,8.5913,0.1.0,3bcc6070f94e514764d324e397d61505df92186c,3.12.10,macOS-26.6.2-arm64-arm-64bit,2.5.3,42,cpu,opencv_yunet,landmark,insightface,spectral,dct,0.16,2026-09-13T09:31:58.154024+00:00
watermark_robustness,roger_moore_2.png,rotate_30,rotation,{'degrees': 30},False,0.902344,0.46875,,False,False,36.1186,0.925807,8.2507,0.1.0,3bcc6070f94e514764d324e397d61505df92186c,3.12.10,macOS-26.6.2-arm64-arm-64bit,2.5.3,42,cpu,opencv_yunet,landmark,insightface,spectral,dct,0.16,2026-09-13T09:31:58.154024+00:00
watermark_robustness,roger_moore_2.png,rotate_5,rotation,{'degrees': 5},True,0.988281,0.5,c4295fe7,True,False,36.1186,0.925807,13.4455,0.1.0,3bcc6070f94e514764d324e397d61505df92186c,3.12.10,macOS-26.6.2-arm64-arm-64bit,2.5.3,42,cpu,opencv_yunet,landmark,insightface,spectral,dct,0.16,2026-09-13T09:31:58.154024+00:00
watermark_robustness,roger_moore_2.png,rotate_5_crop_10,rotate_crop,"{'degrees': 5, 'ratio': 0.1}",True,0.993056,0.515625,c4295fe7,True,False,36.1186,0.925807,9.5697,0.1.0,3bcc6070f94e514764d324e397d61505df92186c,3.12.10,macOS-26.6.2-arm64-arm-64bit,2.5.3,42,cpu,opencv_yunet,landmark,insightface,spectral,dct,0.16,2026-09-13T09:31:58.154024+00:00
watermark_robustness,roger_moore_2.png,rotate_5_crop_20,rotate_crop,"{'degrees': 5, 'ratio': 0.2}",True,0.989583,0.453125,c4295fe7,True,False,36.1186,0.925807,7.9795,0.1.0,3bcc6070f94e514764d324e397d61505df92186c,3.12.10,macOS-26.6.2-arm64-arm-64bit,2.5.3,42,cpu,opencv_yunet,landmark,insightface,spectral,dct,0.16,2026-09-13T09:31:58.154024+00:00
watermark_robustness,roger_moore_3.png,rotate_10,rotation,{'degrees': 10},True,0.973958,0.5,c72afc9b,True,False,36.3654,0.895189,16.6356,0.1.0,3bcc6070f94e514764d324e397d61505df92186c,3.12.10,macOS-26.6.2-arm64-arm-64bit,2.5.3,42,cpu,opencv_yunet,landmark,insightface,spectral,dct,0.16,2026-09-13T09:31:58.154024+00:00
watermark_robustness,roger_moore_3.png,rotate_10_crop_10,rotate_crop,"{'degrees': 10, 'ratio': 0.1}",True,0.982639,0.421875,c72afc9b,True,False,36.3654,0.895189,14.1384,0.1.0,3bcc6070f94e514764d324e397d61505df92186c,3.12.10,macOS-26.6.2-arm64-arm-64bit,2.5.3,42,cpu,opencv_yunet,landmark,insightface,spectral,dct,0.16,2026-09-13T09:31:58.154024+00:00
watermark_robustness,roger_moore_3.png,rotate_15,rotation,{'degrees': 15},True,0.941406,0.53125,c72afc9b,True,False,36.3654,0.895189,15.2544,0.1.0,3bcc6070f94e514764d324e397d61505df92186c,3.12.10,macOS-26.6.2-arm64-arm-64bit,2.5.3,42,cpu,opencv_yunet,landmark,insightface,spectral,dct,0.16,2026-09-13T09:31:58.154024+00:00
watermark_robustness,roger_moore_3.png,rotate_2,rotation,{'degrees': 2},True,1.0,0.421875,c72afc9b,True,False,36.3654,0.895189,23.402,0.1.0,3bcc6070f94e514764d324e397d61505df92186c,3.12.10,macOS-26.6.2-arm64-arm-64bit,2.5.3,42,cpu,opencv_yunet,landmark,insightface,spectral,dct,0.16,2026-09-13T09:31:58.154024+00:00
watermark_robustness,roger_moore_3.png,rotate_20,rotation,{'degrees': 20},True,0.91862,0.46875,c72afc9b,True,False,36.3654,0.895189,14.6069,0.1.0,3bcc6070f94e514764d324e397d61505df92186c,3.12.10,macOS-26.6.2-arm64-arm-64bit,2.5.3,42,cpu,opencv_yunet,landmark,insightface,spectral,dct,0.16,2026-09-13T09:31:58.154024+00:00
watermark_robustness,roger_moore_3.png,rotate_25,rotation,{'degrees': 25},True,0.907552,0.546875,c72afc9b,True,False,36.3654,0.895189,14.112,0.1.0,3bcc6070f94e514764d324e397d61505df92186c,3.12.10,macOS-26.6.2-arm64-arm-64bit,2.5.3,42,cpu,opencv_yunet,landmark,insightface,spectral,dct,0.16,2026-09-13T09:31:58.154024+00:00
watermark_robustness,roger_moore_3.png,rotate_30,rotation,{'degrees': 30},True,0.897786,0.453125,c72afc9b,True,False,36.3654,0.895189,13.7906,0.1.0,3bcc6070f94e514764d324e397d61505df92186c,3.12.10,macOS-26.6.2-arm64-arm-64bit,2.5.3,42,cpu,opencv_yunet,landmark,insightface,spectral,dct,0.16,2026-09-13T09:31:58.154024+00:00
watermark_robustness,roger_moore_3.png,rotate_5,rotation,{'degrees': 5},True,0.990234,0.5,c72afc9b,True,False,36.3654,0.895189,19.1893,0.1.0,3bcc6070f94e514764d324e397d61505df92186c,3.12.10,macOS-26.6.2-arm64-arm-64bit,2.5.3,42,cpu,opencv_yunet,landmark,insightface,spectral,dct,0.16,2026-09-13T09:31:58.154024+00:00
watermark_robustness,roger_moore_3.png,rotate_5_crop_10,rotate_crop,"{'degrees': 5, 'ratio': 0.1}",True,1.0,0.59375,c72afc9b,True,False,36.3654,0.895189,14.3455,0.1.0,3bcc6070f94e514764d324e397d61505df92186c,3.12.10,macOS-26.6.2-arm64-arm-64bit,2.5.3,42,cpu,opencv_yunet,landmark,insightface,spectral,dct,0.16,2026-09-13T09:31:58.154024+00:00
watermark_robustness,roger_moore_3.png,rotate_5_crop_20,rotate_crop,"{'degrees': 5, 'ratio': 0.2}",True,1.0,0.578125,c72afc9b,True,False,36.3654,0.895189,11.8551,0.1.0,3bcc6070f94e514764d324e397d61505df92186c,3.12.10,macOS-26.6.2-arm64-arm-64bit,2.5.3,42,cpu,opencv_yunet,landmark,insightface,spectral,dct,0.16,2026-09-13T09:31:58.154024+00:00
watermark_robustness,roger_moore_4.png,rotate_10,rotation,{'degrees': 10},True,0.949219,0.421875,790f81bf,True,False,36.3411,0.909382,12.3495,0.1.0,3bcc6070f94e514764d324e397d61505df92186c,3.12.10,macOS-26.6.2-arm64-arm-64bit,2.5.3,42,cpu,opencv_yunet,landmark,insightface,spectral,dct,0.16,2026-09-13T09:31:58.154024+00:00
watermark_robustness,roger_moore_4.png,rotate_10_crop_10,rotate_crop,"{'degrees': 10, 'ratio': 0.1}",True,0.972222,0.5,790f81bf,True,False,36.3411,0.909382,10.2571,0.1.0,3bcc6070f94e514764d324e397d61505df92186c,3.12.10,macOS-26.6.2-arm64-arm-64bit,2.5.3,42,cpu,opencv_yunet,landmark,insightface,spectral,dct,0.16,2026-09-13T09:31:58.154024+00:00
watermark_robustness,roger_moore_4.png,rotate_15,rotation,{'degrees': 15},True,0.929688,0.546875,790f81bf,True,False,36.3411,0.909382,10.9249,0.1.0,3bcc6070f94e514764d324e397d61505df92186c,3.12.10,macOS-26.6.2-arm64-arm-64bit,2.5.3,42,cpu,opencv_yunet,landmark,insightface,spectral,dct,0.16,2026-09-13T09:31:58.154024+00:00
watermark_robustness,roger_moore_4.png,rotate_2,rotation,{'degrees': 2},True,0.996094,0.421875,790f81bf,True,False,36.3411,0.909382,18.8782,0.1.0,3bcc6070f94e514764d324e397d61505df92186c,3.12.10,macOS-26.6.2-arm64-arm-64bit,2.5.3,42,cpu,opencv_yunet,landmark,insightface,spectral,dct,0.16,2026-09-13T09:31:58.154024+00:00
watermark_robustness,roger_moore_4.png,rotate_20,rotation,{'degrees': 20},True,0.923177,0.484375,790f81bf,True,False,36.3411,0.909382,10.0773,0.1.0,3bcc6070f94e514764d324e397d61505df92186c,3.12.10,macOS-26.6.2-arm64-arm-64bit,2.5.3,42,cpu,opencv_yunet,landmark,insightface,spectral,dct,0.16,2026-09-13T09:31:58.154024+00:00
watermark_robustness,roger_moore_4.png,rotate_25,rotation,{'degrees': 25},True,0.89974,0.53125,790f81bf,True,False,36.3411,0.909382,9.4533,0.1.0,3bcc6070f94e514764d324e397d61505df92186c,3.12.10,macOS-26.6.2-arm64-arm-64bit,2.5.3,42,cpu,opencv_yunet,landmark,insightface,spectral,dct,0.16,2026-09-13T09:31:58.154024+00:00
watermark_robustness,roger_moore_4.png,rotate_30,rotation,{'degrees': 30},True,0.88737,0.546875,790f81bf,True,False,36.3411,0.909382,8.9499,0.1.0,3bcc6070f94e514764d324e397d61505df92186c,3.12.10,macOS-26.6.2-arm64-arm-64bit,2.5.3,42,cpu,opencv_yunet,landmark,insightface,spectral,dct,0.16,2026-09-13T09:31:58.154024+00:00
watermark_robustness,roger_moore_4.png,rotate_5,rotation,{'degrees': 5},True,0.977865,0.484375,790f81bf,True,False,36.3411,0.909382,14.7792,0.1.0,3bcc6070f94e514764d324e397d61505df92186c,3.12.10,macOS-26.6.2-arm64-arm-64bit,2.5.3,42,cpu,opencv_yunet,landmark,insightface,spectral,dct,0.16,2026-09-13T09:31:58.154024+00:00
watermark_robustness,roger_moore_4.png,rotate_5_crop_10,rotate_crop,"{'degrees': 5, 'ratio': 0.1}",True,0.989583,0.40625,790f81bf,True,False,36.3411,0.909382,10.5756,0.1.0,3bcc6070f94e514764d324e397d61505df92186c,3.12.10,macOS-26.6.2-arm64-arm-64bit,2.5.3,42,cpu,opencv_yunet,landmark,insightface,spectral,dct,0.16,2026-09-13T09:31:58.154024+00:00
watermark_robustness,roger_moore_4.png,rotate_5_crop_20,rotate_crop,"{'degrees': 5, 'ratio': 0.2}",True,0.996528,0.59375,790f81bf,True,False,36.3411,0.909382,9.7182,0.1.0,3bcc6070f94e514764d324e397d61505df92186c,3.12.10,macOS-26.6.2-arm64-arm-64bit,2.5.3,42,cpu,opencv_yunet,landmark,insightface,spectral,dct,0.16,2026-09-13T09:31:58.154024+00:00
watermark_robustness,thomas_fargo_0.png,rotate_10,rotation,{'degrees': 10},True,0.972005,0.53125,2eb62dfe,True,False,36.1561,0.903839,10.115,0.1.0,3bcc6070f94e514764d324e397d61505df92186c,3.12.10,macOS-26.6.2-arm64-arm-64bit,2.5.3,42,cpu,opencv_yunet,landmark,insightface,spectral,dct,0.16,2026-09-13T09:31:58.154024+00:00
watermark_robustness,thomas_fargo_0.png,rotate_10_crop_10,rotate_crop,"{'degrees': 10, 'ratio': 0.1}",True,0.961806,0.59375,2eb62dfe,True,False,36.1561,0.903839,8.7787,0.1.0,3bcc6070f94e514764d324e397d61505df92186c,3.12.10,macOS-26.6.2-arm64-arm-64bit,2.5.3,42,cpu,opencv_yunet,landmark,insightface,spectral,dct,0.16,2026-09-13T09:31:58.154024+00:00
watermark_robustness,thomas_fargo_0.png,rotate_15,rotation,{'degrees': 15},True,0.943359,0.453125,2eb62dfe,True,False,36.1561,0.903839,8.8456,0.1.0,3bcc6070f94e514764d324e397d61505df92186c,3.12.10,macOS-26.6.2-arm64-arm-64bit,2.5.3,42,cpu,opencv_yunet,landmark,insightface,spectral,dct,0.16,2026-09-13T09:31:58.154024+00:00
watermark_robustness,thomas_fargo_0.png,rotate_2,rotation,{'degrees': 2},True,1.0,0.328125,2eb62dfe,True,False,36.1561,0.903839,17.1647,0.1.0,3bcc6070f94e514764d324e397d61505df92186c,3.12.10,macOS-26.6.2-arm64-arm-64bit,2.5.3,42,cpu,opencv_yunet,landmark,insightface,spectral,dct,0.16,2026-09-13T09:31:58.154024+00:00
watermark_robustness,thomas_fargo_0.png,rotate_20,rotation,{'degrees': 20},True,0.917318,0.390625,2eb62dfe,True,False,36.1561,0.903839,8.0272,0.1.0,3bcc6070f94e514764d324e397d61505df92186c,3.12.10,macOS-26.6.2-arm64-arm-64bit,2.5.3,42,cpu,opencv_yunet,landmark,insightface,spectral,dct,0.16,2026-09-13T09:31:58.154024+00:00
watermark_robustness,thomas_fargo_0.png,rotate_25,rotation,{'degrees': 25},True,0.883464,0.421875,2eb62dfe,True,False,36.1561,0.903839,7.5396,0.1.0,3bcc6070f94e514764d324e397d61505df92186c,3.12.10,macOS-26.6.2-arm64-arm-64bit,2.5.3,42,cpu,opencv_yunet,landmark,insightface,spectral,dct,0.16,2026-09-13T09:31:58.154024+00:00
watermark_robustness,thomas_fargo_0.png,rotate_30,rotation,{'degrees': 30},False,0.885417,0.484375,,False,False,36.1561,0.903839,7.279,0.1.0,3bcc6070f94e514764d324e397d61505df92186c,3.12.10,macOS-26.6.2-arm64-arm-64bit,2.5.3,42,cpu,opencv_yunet,landmark,insightface,spectral,dct,0.16,2026-09-13T09:31:58.154024+00:00
watermark_robustness,thomas_fargo_0.png,rotate_5,rotation,{'degrees': 5},True,0.992188,0.359375,2eb62dfe,True,False,36.1561,0.903839,12.7028,0.1.0,3bcc6070f94e514764d324e397d61505df92186c,3.12.10,macOS-26.6.2-arm64-arm-64bit,2.5.3,42,cpu,opencv_yunet,landmark,insightface,spectral,dct,0.16,2026-09-13T09:31:58.154024+00:00
watermark_robustness,thomas_fargo_0.png,rotate_5_crop_10,rotate_crop,"{'degrees': 5, 'ratio': 0.1}",True,0.996528,0.484375,2eb62dfe,True,False,36.1561,0.903839,8.8463,0.1.0,3bcc6070f94e514764d324e397d61505df92186c,3.12.10,macOS-26.6.2-arm64-arm-64bit,2.5.3,42,cpu,opencv_yunet,landmark,insightface,spectral,dct,0.16,2026-09-13T09:31:58.154024+00:00
watermark_robustness,thomas_fargo_0.png,rotate_5_crop_20,rotate_crop,"{'degrees': 5, 'ratio': 0.2}",True,1.0,0.46875,2eb62dfe,True,False,36.1561,0.903839,9.3319,0.1.0,3bcc6070f94e514764d324e397d61505df92186c,3.12.10,macOS-26.6.2-arm64-arm-64bit,2.5.3,42,cpu,opencv_yunet,landmark,insightface,spectral,dct,0.16,2026-09-13T09:31:58.154024+00:00
watermark_robustness,thomas_fargo_1.png,rotate_10,rotation,{'degrees': 10},True,0.963542,0.359375,dd163bbf,True,False,37.2883,0.907776,11.92,0.1.0,3bcc6070f94e514764d324e397d61505df92186c,3.12.10,macOS-26.6.2-arm64-arm-64bit,2.5.3,42,cpu,opencv_yunet,landmark,insightface,spectral,dct,0.16,2026-09-13T09:31:58.154024+00:00
watermark_robustness,thomas_fargo_1.png,rotate_10_crop_10,rotate_crop,"{'degrees': 10, 'ratio': 0.1}",False,0.982639,0.5,,False,False,37.2883,0.907776,11.3059,0.1.0,3bcc6070f94e514764d324e397d61505df92186c,3.12.10,macOS-26.6.2-arm64-arm-64bit,2.5.3,42,cpu,opencv_yunet,landmark,insightface,spectral,dct,0.16,2026-09-13T09:31:58.154024+00:00
watermark_robustness,thomas_fargo_1.png,rotate_15,rotation,{'degrees': 15},True,0.947917,0.4375,dd163bbf,True,False,37.2883,0.907776,10.6808,0.1.0,3bcc6070f94e514764d324e397d61505df92186c,3.12.10,macOS-26.6.2-arm64-arm-64bit,2.5.3,42,cpu,opencv_yunet,landmark,insightface,spectral,dct,0.16,2026-09-13T09:31:58.154024+00:00
watermark_robustness,thomas_fargo_1.png,rotate_2,rotation,{'degrees': 2},True,1.0,0.296875,dd163bbf,True,False,37.2883,0.907776,17.3794,0.1.0,3bcc6070f94e514764d324e397d61505df92186c,3.12.10,macOS-26.6.2-arm64-arm-64bit,2.5.3,42,cpu,opencv_yunet,landmark,insightface,spectral,dct,0.16,2026-09-13T09:31:58.154024+00:00
watermark_robustness,thomas_fargo_1.png,rotate_20,rotation,{'degrees': 20},True,0.919922,0.40625,dd163bbf,True,False,37.2883,0.907776,9.7739,0.1.0,3bcc6070f94e514764d324e397d61505df92186c,3.12.10,macOS-26.6.2-arm64-arm-64bit,2.5.3,42,cpu,opencv_yunet,landmark,insightface,spectral,dct,0.16,2026-09-13T09:31:58.154024+00:00
watermark_robustness,thomas_fargo_1.png,rotate_25,rotation,{'degrees': 25},True,0.902344,0.453125,dd163bbf,True,False,37.2883,0.907776,9.0713,0.1.0,3bcc6070f94e514764d324e397d61505df92186c,3.12.10,macOS-26.6.2-arm64-arm-64bit,2.5.3,42,cpu,opencv_yunet,landmark,insightface,spectral,dct,0.16,2026-09-13T09:31:58.154024+00:00
watermark_robustness,thomas_fargo_1.png,rotate_30,rotation,{'degrees': 30},True,0.871094,0.390625,dd163bbf,True,False,37.2883,0.907776,8.6149,0.1.0,3bcc6070f94e514764d324e397d61505df92186c,3.12.10,macOS-26.6.2-arm64-arm-64bit,2.5.3,42,cpu,opencv_yunet,landmark,insightface,spectral,dct,0.16,2026-09-13T09:31:58.154024+00:00
watermark_robustness,thomas_fargo_1.png,rotate_5,rotation,{'degrees': 5},True,0.986328,0.4375,dd163bbf,True,False,37.2883,0.907776,13.9989,0.1.0,3bcc6070f94e514764d324e397d61505df92186c,3.12.10,macOS-26.6.2-arm64-arm-64bit,2.5.3,42,cpu,opencv_yunet,landmark,insightface,spectral,dct,0.16,2026-09-13T09:31:58.154024+00:00
watermark_robustness,thomas_fargo_1.png,rotate_5_crop_10,rotate_crop,"{'degrees': 5, 'ratio': 0.1}",True,0.989583,0.53125,dd163bbf,True,False,37.2883,0.907776,12.3219,0.1.0,3bcc6070f94e514764d324e397d61505df92186c,3.12.10,macOS-26.6.2-arm64-arm-64bit,2.5.3,42,cpu,opencv_yunet,landmark,insightface,spectral,dct,0.16,2026-09-13T09:31:58.154024+00:00
watermark_robustness,thomas_fargo_1.png,rotate_5_crop_20,rotate_crop,"{'degrees': 5, 'ratio': 0.2}",True,1.0,0.53125,dd163bbf,True,False,37.2883,0.907776,8.7207,0.1.0,3bcc6070f94e514764d324e397d61505df92186c,3.12.10,macOS-26.6.2-arm64-arm-64bit,2.5.3,42,cpu,opencv_yunet,landmark,insightface,spectral,dct,0.16,2026-09-13T09:31:58.154024+00:00
watermark_robustness,thomas_fargo_2.png,rotate_10,rotation,{'degrees': 10},True,0.973958,0.5,8f8b5771,True,False,36.0375,0.900527,14.1733,0.1.0,3bcc6070f94e514764d324e397d61505df92186c,3.12.10,macOS-26.6.2-arm64-arm-64bit,2.5.3,42,cpu,opencv_yunet,landmark,insightface,spectral,dct,0.16,2026-09-13T09:31:58.154024+00:00
watermark_robustness,thomas_fargo_2.png,rotate_10_crop_10,rotate_crop,"{'degrees': 10, 'ratio': 0.1}",True,0.986111,0.46875,8f8b5771,True,False,36.0375,0.900527,12.3344,0.1.0,3bcc6070f94e514764d324e397d61505df92186c,3.12.10,macOS-26.6.2-arm64-arm-64bit,2.5.3,42,cpu,opencv_yunet,landmark,insightface,spectral,dct,0.16,2026-09-13T09:31:58.154024+00:00
watermark_robustness,thomas_fargo_2.png,rotate_15,rotation,{'degrees': 15},True,0.94401,0.453125,8f8b5771,True,False,36.0375,0.900527,13.5239,0.1.0,3bcc6070f94e514764d324e397d61505df92186c,3.12.10,macOS-26.6.2-arm64-arm-64bit,2.5.3,42,cpu,opencv_yunet,landmark,insightface,spectral,dct,0.16,2026-09-13T09:31:58.154024+00:00
watermark_robustness,thomas_fargo_2.png,rotate_2,rotation,{'degrees': 2},True,1.0,0.453125,8f8b5771,True,False,36.0375,0.900527,21.9076,0.1.0,3bcc6070f94e514764d324e397d61505df92186c,3.12.10,macOS-26.6.2-arm64-arm-64bit,2.5.3,42,cpu,opencv_yunet,landmark,insightface,spectral,dct,0.16,2026-09-13T09:31:58.154024+00:00
watermark_robustness,thomas_fargo_2.png,rotate_20,rotation,{'degrees': 20},True,0.91862,0.40625,8f8b5771,True,False,36.0375,0.900527,13.0448,0.1.0,3bcc6070f94e514764d324e397d61505df92186c,3.12.10,macOS-26.6.2-arm64-arm-64bit,2.5.3,42,cpu,opencv_yunet,landmark,insightface,spectral,dct,0.16,2026-09-13T09:31:58.154024+00:00
watermark_robustness,thomas_fargo_2.png,rotate_25,rotation,{'degrees': 25},True,0.902995,0.515625,8f8b5771,True,False,36.0375,0.900527,12.2855,0.1.0,3bcc6070f94e514764d324e397d61505df92186c,3.12.10,macOS-26.6.2-arm64-arm-64bit,2.5.3,42,cpu,opencv_yunet,landmark,insightface,spectral,dct,0.16,2026-09-13T09:31:58.154024+00:00
watermark_robustness,thomas_fargo_2.png,rotate_30,rotation,{'degrees': 30},True,0.897135,0.390625,8f8b5771,True,False,36.0375,0.900527,11.6549,0.1.0,3bcc6070f94e514764d324e397d61505df92186c,3.12.10,macOS-26.6.2-arm64-arm-64bit,2.5.3,42,cpu,opencv_yunet,landmark,insightface,spectral,dct,0.16,2026-09-13T09:31:58.154024+00:00
watermark_robustness,thomas_fargo_2.png,rotate_5,rotation,{'degrees': 5},True,0.998047,0.515625,8f8b5771,True,False,36.0375,0.900527,16.8501,0.1.0,3bcc6070f94e514764d324e397d61505df92186c,3.12.10,macOS-26.6.2-arm64-arm-64bit,2.5.3,42,cpu,opencv_yunet,landmark,insightface,spectral,dct,0.16,2026-09-13T09:31:58.154024+00:00
watermark_robustness,thomas_fargo_2.png,rotate_5_crop_10,rotate_crop,"{'degrees': 5, 'ratio': 0.1}",True,1.0,0.5,8f8b5771,True,False,36.0375,0.900527,12.8539,0.1.0,3bcc6070f94e514764d324e397d61505df92186c,3.12.10,macOS-26.6.2-arm64-arm-64bit,2.5.3,42,cpu,opencv_yunet,landmark,insightface,spectral,dct,0.16,2026-09-13T09:31:58.154024+00:00
watermark_robustness,thomas_fargo_2.png,rotate_5_crop_20,rotate_crop,"{'degrees': 5, 'ratio': 0.2}",True,1.0,0.4375,8f8b5771,True,False,36.0375,0.900527,9.9325,0.1.0,3bcc6070f94e514764d324e397d61505df92186c,3.12.10,macOS-26.6.2-arm64-arm-64bit,2.5.3,42,cpu,opencv_yunet,landmark,insightface,spectral,dct,0.16,2026-09-13T09:31:58.154024+00:00
watermark_robustness,thomas_fargo_3.png,rotate_10,rotation,{'degrees': 10},False,0.976562,0.453125,,False,False,36.7976,0.894118,14.7854,0.1.0,3bcc6070f94e514764d324e397d61505df92186c,3.12.10,macOS-26.6.2-arm64-arm-64bit,2.5.3,42,cpu,opencv_yunet,landmark,insightface,spectral,dct,0.16,2026-09-13T09:31:58.154024+00:00
watermark_robustness,thomas_fargo_3.png,rotate_10_crop_10,rotate_crop,"{'degrees': 10, 'ratio': 0.1}",True,0.989583,0.578125,e72bcc8a,True,False,36.7976,0.894118,12.4433,0.1.0,3bcc6070f94e514764d324e397d61505df92186c,3.12.10,macOS-26.6.2-arm64-arm-64bit,2.5.3,42,cpu,opencv_yunet,landmark,insightface,spectral,dct,0.16,2026-09-13T09:31:58.154024+00:00
watermark_robustness,thomas_fargo_3.png,rotate_15,rotation,{'degrees': 15},False,0.960286,0.46875,,False,False,36.7976,0.894118,13.9623,0.1.0,3bcc6070f94e514764d324e397d61505df92186c,3.12.10,macOS-26.6.2-arm64-arm-64bit,2.5.3,42,cpu,opencv_yunet,landmark,insightface,spectral,dct,0.16,2026-09-13T09:31:58.154024+00:00
watermark_robustness,thomas_fargo_3.png,rotate_2,rotation,{'degrees': 2},True,1.0,0.453125,e72bcc8a,True,False,36.7976,0.894118,22.2563,0.1.0,3bcc6070f94e514764d324e397d61505df92186c,3.12.10,macOS-26.6.2-arm64-arm-64bit,2.5.3,42,cpu,opencv_yunet,landmark,insightface,spectral,dct,0.16,2026-09-13T09:31:58.154024+00:00
watermark_robustness,thomas_fargo_3.png,rotate_20,rotation,{'degrees': 20},False,0.938151,0.453125,,False,False,36.7976,0.894118,13.2933,0.1.0,3bcc6070f94e514764d324e397d61505df92186c,3.12.10,macOS-26.6.2-arm64-arm-64bit,2.5.3,42,cpu,opencv_yunet,landmark,insightface,spectral,dct,0.16,2026-09-13T09:31:58.154024+00:00
watermark_robustness,thomas_fargo_3.png,rotate_25,rotation,{'degrees': 25},False,0.919271,0.546875,,False,False,36.7976,0.894118,12.5708,0.1.0,3bcc6070f94e514764d324e397d61505df92186c,3.12.10,macOS-26.6.2-arm64-arm-64bit,2.5.3,42,cpu,opencv_yunet,landmark,insightface,spectral,dct,0.16,2026-09-13T09:31:58.154024+00:00
watermark_robustness,thomas_fargo_3.png,rotate_30,rotation,{'degrees': 30},False,0.914714,0.40625,,False,False,36.7976,0.894118,12.1282,0.1.0,3bcc6070f94e514764d324e397d61505df92186c,3.12.10,macOS-26.6.2-arm64-arm-64bit,2.5.3,42,cpu,opencv_yunet,landmark,insightface,spectral,dct,0.16,2026-09-13T09:31:58.154024+00:00
watermark_robustness,thomas_fargo_3.png,rotate_5,rotation,{'degrees': 5},False,0.996094,0.59375,,False,False,36.7976,0.894118,17.4252,0.1.0,3bcc6070f94e514764d324e397d61505df92186c,3.12.10,macOS-26.6.2-arm64-arm-64bit,2.5.3,42,cpu,opencv_yunet,landmark,insightface,spectral,dct,0.16,2026-09-13T09:31:58.154024+00:00
watermark_robustness,thomas_fargo_3.png,rotate_5_crop_10,rotate_crop,"{'degrees': 5, 'ratio': 0.1}",True,1.0,0.546875,e72bcc8a,True,False,36.7976,0.894118,13.0237,0.1.0,3bcc6070f94e514764d324e397d61505df92186c,3.12.10,macOS-26.6.2-arm64-arm-64bit,2.5.3,42,cpu,opencv_yunet,landmark,insightface,spectral,dct,0.16,2026-09-13T09:31:58.154024+00:00
watermark_robustness,thomas_fargo_3.png,rotate_5_crop_20,rotate_crop,"{'degrees': 5, 'ratio': 0.2}",True,1.0,0.515625,e72bcc8a,True,False,36.7976,0.894118,10.6857,0.1.0,3bcc6070f94e514764d324e397d61505df92186c,3.12.10,macOS-26.6.2-arm64-arm-64bit,2.5.3,42,cpu,opencv_yunet,landmark,insightface,spectral,dct,0.16,2026-09-13T09:31:58.154024+00:00
watermark_robustness,tim_duncan_0.png,rotate_10,rotation,{'degrees': 10},True,0.958984,0.484375,35f792be,True,False,36.4282,0.890906,13.8939,0.1.0,3bcc6070f94e514764d324e397d61505df92186c,3.12.10,macOS-26.6.2-arm64-arm-64bit,2.5.3,42,cpu,opencv_yunet,landmark,insightface,spectral,dct,0.16,2026-09-13T09:31:58.154024+00:00
watermark_robustness,tim_duncan_0.png,rotate_10_crop_10,rotate_crop,"{'degrees': 10, 'ratio': 0.1}",False,0.986111,0.46875,,False,False,36.4282,0.890906,13.0516,0.1.0,3bcc6070f94e514764d324e397d61505df92186c,3.12.10,macOS-26.6.2-arm64-arm-64bit,2.5.3,42,cpu,opencv_yunet,landmark,insightface,spectral,dct,0.16,2026-09-13T09:31:58.154024+00:00
watermark_robustness,tim_duncan_0.png,rotate_15,rotation,{'degrees': 15},True,0.926866,0.53125,35f792be,True,False,36.4282,0.890906,12.5207,0.1.0,3bcc6070f94e514764d324e397d61505df92186c,3.12.10,macOS-26.6.2-arm64-arm-64bit,2.5.3,42,cpu,opencv_yunet,landmark,insightface,spectral,dct,0.16,2026-09-13T09:31:58.154024+00:00
watermark_robustness,tim_duncan_0.png,rotate_2,rotation,{'degrees': 2},True,1.0,0.390625,35f792be,True,False,36.4282,0.890906,18.9836,0.1.0,3bcc6070f94e514764d324e397d61505df92186c,3.12.10,macOS-26.6.2-arm64-arm-64bit,2.5.3,42,cpu,opencv_yunet,landmark,insightface,spectral,dct,0.16,2026-09-13T09:31:58.154024+00:00
watermark_robustness,tim_duncan_0.png,rotate_20,rotation,{'degrees': 20},True,0.904297,0.625,35f792be,True,False,36.4282,0.890906,11.6505,0.1.0,3bcc6070f94e514764d324e397d61505df92186c,3.12.10,macOS-26.6.2-arm64-arm-64bit,2.5.3,42,cpu,opencv_yunet,landmark,insightface,spectral,dct,0.16,2026-09-13T09:31:58.154024+00:00
watermark_robustness,tim_duncan_0.png,rotate_25,rotation,{'degrees': 25},False,0.894531,0.390625,,False,False,36.4282,0.890906,11.1772,0.1.0,3bcc6070f94e514764d324e397d61505df92186c,3.12.10,macOS-26.6.2-arm64-arm-64bit,2.5.3,42,cpu,opencv_yunet,landmark,insightface,spectral,dct,0.16,2026-09-13T09:31:58.154024+00:00
watermark_robustness,tim_duncan_0.png,rotate_30,rotation,{'degrees': 30},True,0.883898,0.4375,35f792be,True,False,36.4282,0.890906,11.0262,0.1.0,3bcc6070f94e514764d324e397d61505df92186c,3.12.10,macOS-26.6.2-arm64-arm-64bit,2.5.3,42,cpu,opencv_yunet,landmark,insightface,spectral,dct,0.16,2026-09-13T09:31:58.154024+00:00
watermark_robustness,tim_duncan_0.png,rotate_5,rotation,{'degrees': 5},True,0.976562,0.484375,35f792be,True,False,36.4282,0.890906,16.0029,0.1.0,3bcc6070f94e514764d324e397d61505df92186c,3.12.10,macOS-26.6.2-arm64-arm-64bit,2.5.3,42,cpu,opencv_yunet,landmark,insightface,spectral,dct,0.16,2026-09-13T09:31:58.154024+00:00
watermark_robustness,tim_duncan_0.png,rotate_5_crop_10,rotate_crop,"{'degrees': 5, 'ratio': 0.1}",True,0.986111,0.46875,35f792be,True,False,36.4282,0.890906,13.6776,0.1.0,3bcc6070f94e514764d324e397d61505df92186c,3.12.10,macOS-26.6.2-arm64-arm-64bit,2.5.3,42,cpu,opencv_yunet,landmark,insightface,spectral,dct,0.16,2026-09-13T09:31:58.154024+00:00
watermark_robustness,tim_duncan_0.png,rotate_5_crop_20,rotate_crop,"{'degrees': 5, 'ratio': 0.2}",True,1.0,0.515625,35f792be,True,False,36.4282,0.890906,11.7691,0.1.0,3bcc6070f94e514764d324e397d61505df92186c,3.12.10,macOS-26.6.2-arm64-arm-64bit,2.5.3,42,cpu,opencv_yunet,landmark,insightface,spectral,dct,0.16,2026-09-13T09:31:58.154024+00:00
watermark_robustness,tim_duncan_1.png,rotate_10,rotation,{'degrees': 10},True,0.964844,0.390625,d7499d62,True,False,36.2548,0.919547,13.1161,0.1.0,3bcc6070f94e514764d324e397d61505df92186c,3.12.10,macOS-26.6.2-arm64-arm-64bit,2.5.3,42,cpu,opencv_yunet,landmark,insightface,spectral,dct,0.16,2026-09-13T09:31:58.154024+00:00
watermark_robustness,tim_duncan_1.png,rotate_10_crop_10,rotate_crop,"{'degrees': 10, 'ratio': 0.1}",True,0.975694,0.5,d7499d62,True,False,36.2548,0.919547,12.5017,0.1.0,3bcc6070f94e514764d324e397d61505df92186c,3.12.10,macOS-26.6.2-arm64-arm-64bit,2.5.3,42,cpu,opencv_yunet,landmark,insightface,spectral,dct,0.16,2026-09-13T09:31:58.154024+00:00
watermark_robustness,tim_duncan_1.png,rotate_15,rotation,{'degrees': 15},True,0.938151,0.40625,d7499d62,True,False,36.2548,0.919547,12.329,0.1.0,3bcc6070f94e514764d324e397d61505df92186c,3.12.10,macOS-26.6.2-arm64-arm-64bit,2.5.3,42,cpu,opencv_yunet,landmark,insightface,spectral,dct,0.16,2026-09-13T09:31:58.154024+00:00
watermark_robustness,tim_duncan_1.png,rotate_2,rotation,{'degrees': 2},True,1.0,0.5,d7499d62,True,False,36.2548,0.919547,17.8996,0.1.0,3bcc6070f94e514764d324e397d61505df92186c,3.12.10,macOS-26.6.2-arm64-arm-64bit,2.5.3,42,cpu,opencv_yunet,landmark,insightface,spectral,dct,0.16,2026-09-13T09:31:58.154024+00:00
watermark_robustness,tim_duncan_1.png,rotate_20,rotation,{'degrees': 20},True,0.928385,0.46875,d7499d62,True,False,36.2548,0.919547,11.9705,0.1.0,3bcc6070f94e514764d324e397d61505df92186c,3.12.10,macOS-26.6.2-arm64-arm-64bit,2.5.3,42,cpu,opencv_yunet,landmark,insightface,spectral,dct,0.16,2026-09-13T09:31:58.154024+00:00
watermark_robustness,tim_duncan_1.png,rotate_25,rotation,{'degrees': 25},True,0.902995,0.5625,d7499d62,True,False,36.2548,0.919547,11.8673,0.1.0,3bcc6070f94e514764d324e397d61505df92186c,3.12.10,macOS-26.6.2-arm64-arm-64bit,2.5.3,42,cpu,opencv_yunet,landmark,insightface,spectral,dct,0.16,2026-09-13T09:31:58.154024+00:00
watermark_robustness,tim_duncan_1.png,rotate_30,rotation,{'degrees': 30},True,0.896484,0.4375,d7499d62,True,False,36.2548,0.919547,11.781,0.1.0,3bcc6070f94e514764d324e397d61505df92186c,3.12.10,macOS-26.6.2-arm64-arm-64bit,2.5.3,42,cpu,opencv_yunet,landmark,insightface,spectral,dct,0.16,2026-09-13T09:31:58.154024+00:00
watermark_robustness,tim_duncan_1.png,rotate_5,rotation,{'degrees': 5},True,0.98763,0.4375,d7499d62,True,False,36.2548,0.919547,14.5869,0.1.0,3bcc6070f94e514764d324e397d61505df92186c,3.12.10,macOS-26.6.2-arm64-arm-64bit,2.5.3,42,cpu,opencv_yunet,landmark,insightface,spectral,dct,0.16,2026-09-13T09:31:58.154024+00:00
watermark_robustness,tim_duncan_1.png,rotate_5_crop_10,rotate_crop,"{'degrees': 5, 'ratio': 0.1}",True,0.993056,0.453125,d7499d62,True,False,36.2548,0.919547,12.6197,0.1.0,3bcc6070f94e514764d324e397d61505df92186c,3.12.10,macOS-26.6.2-arm64-arm-64bit,2.5.3,42,cpu,opencv_yunet,landmark,insightface,spectral,dct,0.16,2026-09-13T09:31:58.154024+00:00
watermark_robustness,tim_duncan_1.png,rotate_5_crop_20,rotate_crop,"{'degrees': 5, 'ratio': 0.2}",True,1.0,0.515625,d7499d62,True,False,36.2548,0.919547,11.7303,0.1.0,3bcc6070f94e514764d324e397d61505df92186c,3.12.10,macOS-26.6.2-arm64-arm-64bit,2.5.3,42,cpu,opencv_yunet,landmark,insightface,spectral,dct,0.16,2026-09-13T09:31:58.154024+00:00
watermark_robustness,tim_duncan_2.png,rotate_10,rotation,{'degrees': 10},True,0.962891,0.546875,807b076c,True,False,36.6147,0.886108,14.2052,0.1.0,3bcc6070f94e514764d324e397d61505df92186c,3.12.10,macOS-26.6.2-arm64-arm-64bit,2.5.3,42,cpu,opencv_yunet,landmark,insightface,spectral,dct,0.16,2026-09-13T09:31:58.154024+00:00
watermark_robustness,tim_duncan_2.png,rotate_10_crop_10,rotate_crop,"{'degrees': 10, 'ratio': 0.1}",True,0.965278,0.40625,807b076c,True,False,36.6147,0.886108,13.7826,0.1.0,3bcc6070f94e514764d324e397d61505df92186c,3.12.10,macOS-26.6.2-arm64-arm-64bit,2.5.3,42,cpu,opencv_yunet,landmark,insightface,spectral,dct,0.16,2026-09-13T09:31:58.154024+00:00
watermark_robustness,tim_duncan_2.png,rotate_15,rotation,{'degrees': 15},True,0.927734,0.5,807b076c,True,False,36.6147,0.886108,12.7978,0.1.0,3bcc6070f94e514764d324e397d61505df92186c,3.12.10,macOS-26.6.2-arm64-arm-64bit,2.5.3,42,cpu,opencv_yunet,landmark,insightface,spectral,dct,0.16,2026-09-13T09:31:58.154024+00:00
watermark_robustness,tim_duncan_2.png,rotate_2,rotation,{'degrees': 2},True,1.0,0.46875,807b076c,True,False,36.6147,0.886108,20.9132,0.1.0,3bcc6070f94e514764d324e397d61505df92186c,3.12.10,macOS-26.6.2-arm64-arm-64bit,2.5.3,42,cpu,opencv_yunet,landmark,insightface,spectral,dct,0.16,2026-09-13T09:31:58.154024+00:00
watermark_robustness,tim_duncan_2.png,rotate_20,rotation,{'degrees': 20},False,0.91862,0.515625,,False,False,36.6147,0.886108,12.0201,0.1.0,3bcc6070f94e514764d324e397d61505df92186c,3.12.10,macOS-26.6.2-arm64-arm-64bit,2.5.3,42,cpu,opencv_yunet,landmark,insightface,spectral,dct,0.16,2026-09-13T09:31:58.154024+00:00
watermark_robustness,tim_duncan_2.png,rotate_25,rotation,{'degrees': 25},True,0.891276,0.5,807b076c,True,False,36.6147,0.886108,11.4759,0.1.0,3bcc6070f94e514764d324e397d61505df92186c,3.12.10,macOS-26.6.2-arm64-arm-64bit,2.5.3,42,cpu,opencv_yunet,landmark,insightface,spectral,dct,0.16,2026-09-13T09:31:58.154024+00:00
watermark_robustness,tim_duncan_2.png,rotate_30,rotation,{'degrees': 30},True,0.876302,0.5,807b076c,True,False,36.6147,0.886108,11.1994,0.1.0,3bcc6070f94e514764d324e397d61505df92186c,3.12.10,macOS-26.6.2-arm64-arm-64bit,2.5.3,42,cpu,opencv_yunet,landmark,insightface,spectral,dct,0.16,2026-09-13T09:31:58.154024+00:00
watermark_robustness,tim_duncan_2.png,rotate_5,rotation,{'degrees': 5},True,0.994141,0.640625,807b076c,True,False,36.6147,0.886108,16.9908,0.1.0,3bcc6070f94e514764d324e397d61505df92186c,3.12.10,macOS-26.6.2-arm64-arm-64bit,2.5.3,42,cpu,opencv_yunet,landmark,insightface,spectral,dct,0.16,2026-09-13T09:31:58.154024+00:00
watermark_robustness,tim_duncan_2.png,rotate_5_crop_10,rotate_crop,"{'degrees': 5, 'ratio': 0.1}",True,0.989583,0.546875,807b076c,True,False,36.6147,0.886108,14.2936,0.1.0,3bcc6070f94e514764d324e397d61505df92186c,3.12.10,macOS-26.6.2-arm64-arm-64bit,2.5.3,42,cpu,opencv_yunet,landmark,insightface,spectral,dct,0.16,2026-09-13T09:31:58.154024+00:00
watermark_robustness,tim_duncan_2.png,rotate_5_crop_20,rotate_crop,"{'degrees': 5, 'ratio': 0.2}",True,1.0,0.609375,807b076c,True,False,36.6147,0.886108,11.433,0.1.0,3bcc6070f94e514764d324e397d61505df92186c,3.12.10,macOS-26.6.2-arm64-arm-64bit,2.5.3,42,cpu,opencv_yunet,landmark,insightface,spectral,dct,0.16,2026-09-13T09:31:58.154024+00:00
watermark_robustness,tim_duncan_3.png,rotate_10,rotation,{'degrees': 10},True,0.960938,0.484375,5fcefdfd,True,False,36.0066,0.894752,13.355,0.1.0,3bcc6070f94e514764d324e397d61505df92186c,3.12.10,macOS-26.6.2-arm64-arm-64bit,2.5.3,42,cpu,opencv_yunet,landmark,insightface,spectral,dct,0.16,2026-09-13T09:31:58.154024+00:00
watermark_robustness,tim_duncan_3.png,rotate_10_crop_10,rotate_crop,"{'degrees': 10, 'ratio': 0.1}",True,0.96875,0.59375,5fcefdfd,True,False,36.0066,0.894752,13.7654,0.1.0,3bcc6070f94e514764d324e397d61505df92186c,3.12.10,macOS-26.6.2-arm64-arm-64bit,2.5.3,42,cpu,opencv_yunet,landmark,insightface,spectral,dct,0.16,2026-09-13T09:31:58.154024+00:00
watermark_robustness,tim_duncan_3.png,rotate_15,rotation,{'degrees': 15},True,0.936849,0.40625,5fcefdfd,True,False,36.0066,0.894752,12.205,0.1.0,3bcc6070f94e514764d324e397d61505df92186c,3.12.10,macOS-26.6.2-arm64-arm-64bit,2.5.3,42,cpu,opencv_yunet,landmark,insightface,spectral,dct,0.16,2026-09-13T09:31:58.154024+00:00
watermark_robustness,tim_duncan_3.png,rotate_2,rotation,{'degrees': 2},True,1.0,0.328125,5fcefdfd,True,False,36.0066,0.894752,20.4589,0.1.0,3bcc6070f94e514764d324e397d61505df92186c,3.12.10,macOS-26.6.2-arm64-arm-64bit,2.5.3,42,cpu,opencv_yunet,landmark,insightface,spectral,dct,0.16,2026-09-13T09:31:58.154024+00:00
watermark_robustness,tim_duncan_3.png,rotate_20,rotation,{'degrees': 20},True,0.921224,0.421875,5fcefdfd,True,False,36.0066,0.894752,11.6309,0.1.0,3bcc6070f94e514764d324e397d61505df92186c,3.12.10,macOS-26.6.2-arm64-arm-64bit,2.5.3,42,cpu,opencv_yunet,landmark,insightface,spectral,dct,0.16,2026-09-13T09:31:58.154024+00:00
watermark_robustness,tim_duncan_3.png,rotate_25,rotation,{'degrees': 25},False,0.914062,0.390625,,False,False,36.0066,0.894752,11.3588,0.1.0,3bcc6070f94e514764d324e397d61505df92186c,3.12.10,macOS-26.6.2-arm64-arm-64bit,2.5.3,42,cpu,opencv_yunet,landmark,insightface,spectral,dct,0.16,2026-09-13T09:31:58.154024+00:00
watermark_robustness,tim_duncan_3.png,rotate_30,rotation,{'degrees': 30},False,0.895833,0.390625,,False,False,36.0066,0.894752,11.2622,0.1.0,3bcc6070f94e514764d324e397d61505df92186c,3.12.10,macOS-26.6.2-arm64-arm-64bit,2.5.3,42,cpu,opencv_yunet,landmark,insightface,spectral,dct,0.16,2026-09-13T09:31:58.154024+00:00
watermark_robustness,tim_duncan_3.png,rotate_5,rotation,{'degrees': 5},True,0.996094,0.390625,5fcefdfd,True,False,36.0066,0.894752,16.0997,0.1.0,3bcc6070f94e514764d324e397d61505df92186c,3.12.10,macOS-26.6.2-arm64-arm-64bit,2.5.3,42,cpu,opencv_yunet,landmark,insightface,spectral,dct,0.16,2026-09-13T09:31:58.154024+00:00
watermark_robustness,tim_duncan_3.png,rotate_5_crop_10,rotate_crop,"{'degrees': 5, 'ratio': 0.1}",True,1.0,0.46875,5fcefdfd,True,False,36.0066,0.894752,14.0097,0.1.0,3bcc6070f94e514764d324e397d61505df92186c,3.12.10,macOS-26.6.2-arm64-arm-64bit,2.5.3,42,cpu,opencv_yunet,landmark,insightface,spectral,dct,0.16,2026-09-13T09:31:58.154024+00:00
watermark_robustness,tim_duncan_3.png,rotate_5_crop_20,rotate_crop,"{'degrees': 5, 'ratio': 0.2}",True,1.0,0.484375,5fcefdfd,True,False,36.0066,0.894752,13.5547,0.1.0,3bcc6070f94e514764d324e397d61505df92186c,3.12.10,macOS-26.6.2-arm64-arm-64bit,2.5.3,42,cpu,opencv_yunet,landmark,insightface,spectral,dct,0.16,2026-09-13T09:31:58.154024+00:00
watermark_robustness,tom_hanks_0.png,rotate_10,rotation,{'degrees': 10},True,0.945312,0.421875,bd6cfdb8,True,False,36.0667,0.907838,14.0813,0.1.0,3bcc6070f94e514764d324e397d61505df92186c,3.12.10,macOS-26.6.2-arm64-arm-64bit,2.5.3,42,cpu,opencv_yunet,landmark,insightface,spectral,dct,0.16,2026-09-13T09:31:58.154024+00:00
watermark_robustness,tom_hanks_0.png,rotate_10_crop_10,rotate_crop,"{'degrees': 10, 'ratio': 0.1}",True,0.958333,0.40625,bd6cfdb8,True,False,36.0667,0.907838,12.0494,0.1.0,3bcc6070f94e514764d324e397d61505df92186c,3.12.10,macOS-26.6.2-arm64-arm-64bit,2.5.3,42,cpu,opencv_yunet,landmark,insightface,spectral,dct,0.16,2026-09-13T09:31:58.154024+00:00
watermark_robustness,tom_hanks_0.png,rotate_15,rotation,{'degrees': 15},True,0.925781,0.390625,bd6cfdb8,True,False,36.0667,0.907838,12.9998,0.1.0,3bcc6070f94e514764d324e397d61505df92186c,3.12.10,macOS-26.6.2-arm64-arm-64bit,2.5.3,42,cpu,opencv_yunet,landmark,insightface,spectral,dct,0.16,2026-09-13T09:31:58.154024+00:00
watermark_robustness,tom_hanks_0.png,rotate_2,rotation,{'degrees': 2},True,1.0,0.28125,bd6cfdb8,True,False,36.0667,0.907838,20.7377,0.1.0,3bcc6070f94e514764d324e397d61505df92186c,3.12.10,macOS-26.6.2-arm64-arm-64bit,2.5.3,42,cpu,opencv_yunet,landmark,insightface,spectral,dct,0.16,2026-09-13T09:31:58.154024+00:00
watermark_robustness,tom_hanks_0.png,rotate_20,rotation,{'degrees': 20},False,0.930339,0.4375,,False,False,36.0667,0.907838,12.3619,0.1.0,3bcc6070f94e514764d324e397d61505df92186c,3.12.10,macOS-26.6.2-arm64-arm-64bit,2.5.3,42,cpu,opencv_yunet,landmark,insightface,spectral,dct,0.16,2026-09-13T09:31:58.154024+00:00
watermark_robustness,tom_hanks_0.png,rotate_25,rotation,{'degrees': 25},False,0.915365,0.40625,,False,False,36.0667,0.907838,11.9869,0.1.0,3bcc6070f94e514764d324e397d61505df92186c,3.12.10,macOS-26.6.2-arm64-arm-64bit,2.5.3,42,cpu,opencv_yunet,landmark,insightface,spectral,dct,0.16,2026-09-13T09:31:58.154024+00:00
watermark_robustness,tom_hanks_0.png,rotate_30,rotation,{'degrees': 30},False,0.900391,0.53125,,False,False,36.0667,0.907838,11.7127,0.1.0,3bcc6070f94e514764d324e397d61505df92186c,3.12.10,macOS-26.6.2-arm64-arm-64bit,2.5.3,42,cpu,opencv_yunet,landmark,insightface,spectral,dct,0.16,2026-09-13T09:31:58.154024+00:00
watermark_robustness,tom_hanks_0.png,rotate_5,rotation,{'degrees': 5},True,0.991536,0.390625,bd6cfdb8,True,False,36.0667,0.907838,16.6389,0.1.0,3bcc6070f94e514764d324e397d61505df92186c,3.12.10,macOS-26.6.2-arm64-arm-64bit,2.5.3,42,cpu,opencv_yunet,landmark,insightface,spectral,dct,0.16,2026-09-13T09:31:58.154024+00:00
watermark_robustness,tom_hanks_0.png,rotate_5_crop_10,rotate_crop,"{'degrees': 5, 'ratio': 0.1}",True,0.996528,0.375,bd6cfdb8,True,False,36.0667,0.907838,12.512,0.1.0,3bcc6070f94e514764d324e397d61505df92186c,3.12.10,macOS-26.6.2-arm64-arm-64bit,2.5.3,42,cpu,opencv_yunet,landmark,insightface,spectral,dct,0.16,2026-09-13T09:31:58.154024+00:00
watermark_robustness,tom_hanks_0.png,rotate_5_crop_20,rotate_crop,"{'degrees': 5, 'ratio': 0.2}",True,0.994792,0.4375,bd6cfdb8,True,False,36.0667,0.907838,10.3525,0.1.0,3bcc6070f94e514764d324e397d61505df92186c,3.12.10,macOS-26.6.2-arm64-arm-64bit,2.5.3,42,cpu,opencv_yunet,landmark,insightface,spectral,dct,0.16,2026-09-13T09:31:58.154024+00:00
watermark_robustness,tom_hanks_1.png,rotate_10,rotation,{'degrees': 10},True,0.978516,0.53125,b9299d1a,True,False,35.9198,0.877954,15.262,0.1.0,3bcc6070f94e514764d324e397d61505df92186c,3.12.10,macOS-26.6.2-arm64-arm-64bit,2.5.3,42,cpu,opencv_yunet,landmark,insightface,spectral,dct,0.16,2026-09-13T09:31:58.154024+00:00
watermark_robustness,tom_hanks_1.png,rotate_10_crop_10,rotate_crop,"{'degrees': 10, 'ratio': 0.1}",True,0.982639,0.40625,b9299d1a,True,False,35.9198,0.877954,13.3461,0.1.0,3bcc6070f94e514764d324e397d61505df92186c,3.12.10,macOS-26.6.2-arm64-arm-64bit,2.5.3,42,cpu,opencv_yunet,landmark,insightface,spectral,dct,0.16,2026-09-13T09:31:58.154024+00:00
watermark_robustness,tom_hanks_1.png,rotate_15,rotation,{'degrees': 15},True,0.944661,0.53125,b9299d1a,True,False,35.9198,0.877954,14.1146,0.1.0,3bcc6070f94e514764d324e397d61505df92186c,3.12.10,macOS-26.6.2-arm64-arm-64bit,2.5.3,42,cpu,opencv_yunet,landmark,insightface,spectral,dct,0.16,2026-09-13T09:31:58.154024+00:00
watermark_robustness,tom_hanks_1.png,rotate_2,rotation,{'degrees': 2},True,1.0,0.515625,b9299d1a,True,False,35.9198,0.877954,22.1645,0.1.0,3bcc6070f94e514764d324e397d61505df92186c,3.12.10,macOS-26.6.2-arm64-arm-64bit,2.5.3,42,cpu,opencv_yunet,landmark,insightface,spectral,dct,0.16,2026-09-13T09:31:58.154024+00:00
watermark_robustness,tom_hanks_1.png,rotate_20,rotation,{'degrees': 20},True,0.914062,0.40625,b9299d1a,True,False,35.9198,0.877954,13.5111,0.1.0,3bcc6070f94e514764d324e397d61505df92186c,3.12.10,macOS-26.6.2-arm64-arm-64bit,2.5.3,42,cpu,opencv_yunet,landmark,insightface,spectral,dct,0.16,2026-09-13T09:31:58.154024+00:00
watermark_robustness,tom_hanks_1.png,rotate_25,rotation,{'degrees': 25},True,0.904297,0.484375,b9299d1a,True,False,35.9198,0.877954,12.955,0.1.0,3bcc6070f94e514764d324e397d61505df92186c,3.12.10,macOS-26.6.2-arm64-arm-64bit,2.5.3,42,cpu,opencv_yunet,landmark,insightface,spectral,dct,0.16,2026-09-13T09:31:58.154024+00:00
watermark_robustness,tom_hanks_1.png,rotate_30,rotation,{'degrees': 30},False,0.88737,0.484375,,False,False,35.9198,0.877954,12.3205,0.1.0,3bcc6070f94e514764d324e397d61505df92186c,3.12.10,macOS-26.6.2-arm64-arm-64bit,2.5.3,42,cpu,opencv_yunet,landmark,insightface,spectral,dct,0.16,2026-09-13T09:31:58.154024+00:00
watermark_robustness,tom_hanks_1.png,rotate_5,rotation,{'degrees': 5},True,0.998047,0.59375,b9299d1a,True,False,35.9198,0.877954,17.9924,0.1.0,3bcc6070f94e514764d324e397d61505df92186c,3.12.10,macOS-26.6.2-arm64-arm-64bit,2.5.3,42,cpu,opencv_yunet,landmark,insightface,spectral,dct,0.16,2026-09-13T09:31:58.154024+00:00
watermark_robustness,tom_hanks_1.png,rotate_5_crop_10,rotate_crop,"{'degrees': 5, 'ratio': 0.1}",True,1.0,0.484375,b9299d1a,True,False,35.9198,0.877954,14.2601,0.1.0,3bcc6070f94e514764d324e397d61505df92186c,3.12.10,macOS-26.6.2-arm64-arm-64bit,2.5.3,42,cpu,opencv_yunet,landmark,insightface,spectral,dct,0.16,2026-09-13T09:31:58.154024+00:00
watermark_robustness,tom_hanks_1.png,rotate_5_crop_20,rotate_crop,"{'degrees': 5, 'ratio': 0.2}",True,1.0,0.515625,b9299d1a,True,False,35.9198,0.877954,12.1877,0.1.0,3bcc6070f94e514764d324e397d61505df92186c,3.12.10,macOS-26.6.2-arm64-arm-64bit,2.5.3,42,cpu,opencv_yunet,landmark,insightface,spectral,dct,0.16,2026-09-13T09:31:58.154024+00:00
watermark_robustness,tom_hanks_2.png,rotate_10,rotation,{'degrees': 10},True,0.948568,0.421875,fc74205c,True,False,37.0022,0.904243,13.9619,0.1.0,3bcc6070f94e514764d324e397d61505df92186c,3.12.10,macOS-26.6.2-arm64-arm-64bit,2.5.3,42,cpu,opencv_yunet,landmark,insightface,spectral,dct,0.16,2026-09-13T09:31:58.154024+00:00
watermark_robustness,tom_hanks_2.png,rotate_10_crop_10,rotate_crop,"{'degrees': 10, 'ratio': 0.1}",False,0.972222,0.46875,,False,False,37.0022,0.904243,10.6933,0.1.0,3bcc6070f94e514764d324e397d61505df92186c,3.12.10,macOS-26.6.2-arm64-arm-64bit,2.5.3,42,cpu,opencv_yunet,landmark,insightface,spectral,dct,0.16,2026-09-13T09:31:58.154024+00:00
watermark_robustness,tom_hanks_2.png,rotate_15,rotation,{'degrees': 15},True,0.929688,0.453125,fc74205c,True,False,37.0022,0.904243,12.53,0.1.0,3bcc6070f94e514764d324e397d61505df92186c,3.12.10,macOS-26.6.2-arm64-arm-64bit,2.5.3,42,cpu,opencv_yunet,landmark,insightface,spectral,dct,0.16,2026-09-13T09:31:58.154024+00:00
watermark_robustness,tom_hanks_2.png,rotate_2,rotation,{'degrees': 2},True,0.996094,0.40625,fc74205c,True,False,37.0022,0.904243,20.6258,0.1.0,3bcc6070f94e514764d324e397d61505df92186c,3.12.10,macOS-26.6.2-arm64-arm-64bit,2.5.3,42,cpu,opencv_yunet,landmark,insightface,spectral,dct,0.16,2026-09-13T09:31:58.154024+00:00
watermark_robustness,tom_hanks_2.png,rotate_20,rotation,{'degrees': 20},True,0.917969,0.515625,fc74205c,True,False,37.0022,0.904243,11.6302,0.1.0,3bcc6070f94e514764d324e397d61505df92186c,3.12.10,macOS-26.6.2-arm64-arm-64bit,2.5.3,42,cpu,opencv_yunet,landmark,insightface,spectral,dct,0.16,2026-09-13T09:31:58.154024+00:00
watermark_robustness,tom_hanks_2.png,rotate_25,rotation,{'degrees': 25},True,0.895833,0.546875,fc74205c,True,False,37.0022,0.904243,11.0447,0.1.0,3bcc6070f94e514764d324e397d61505df92186c,3.12.10,macOS-26.6.2-arm64-arm-64bit,2.5.3,42,cpu,opencv_yunet,landmark,insightface,spectral,dct,0.16,2026-09-13T09:31:58.154024+00:00
watermark_robustness,tom_hanks_2.png,rotate_30,rotation,{'degrees': 30},True,0.888021,0.4375,fc74205c,True,False,37.0022,0.904243,10.7159,0.1.0,3bcc6070f94e514764d324e397d61505df92186c,3.12.10,macOS-26.6.2-arm64-arm-64bit,2.5.3,42,cpu,opencv_yunet,landmark,insightface,spectral,dct,0.16,2026-09-13T09:31:58.154024+00:00
watermark_robustness,tom_hanks_2.png,rotate_5,rotation,{'degrees': 5},True,0.985677,0.421875,fc74205c,True,False,37.0022,0.904243,16.4279,0.1.0,3bcc6070f94e514764d324e397d61505df92186c,3.12.10,macOS-26.6.2-arm64-arm-64bit,2.5.3,42,cpu,opencv_yunet,landmark,insightface,spectral,dct,0.16,2026-09-13T09:31:58.154024+00:00
watermark_robustness,tom_hanks_2.png,rotate_5_crop_10,rotate_crop,"{'degrees': 5, 'ratio': 0.1}",True,0.996528,0.546875,fc74205c,True,False,37.0022,0.904243,10.8825,0.1.0,3bcc6070f94e514764d324e397d61505df92186c,3.12.10,macOS-26.6.2-arm64-arm-64bit,2.5.3,42,cpu,opencv_yunet,landmark,insightface,spectral,dct,0.16,2026-09-13T09:31:58.154024+00:00
watermark_robustness,tom_hanks_2.png,rotate_5_crop_20,rotate_crop,"{'degrees': 5, 'ratio': 0.2}",False,1.0,0.59375,,False,False,37.0022,0.904243,10.0364,0.1.0,3bcc6070f94e514764d324e397d61505df92186c,3.12.10,macOS-26.6.2-arm64-arm-64bit,2.5.3,42,cpu,opencv_yunet,landmark,insightface,spectral,dct,0.16,2026-09-13T09:31:58.154024+00:00
watermark_robustness,tom_hanks_3.png,rotate_10,rotation,{'degrees': 10},True,0.955078,0.5,69bb8d0c,True,False,36.0999,0.909876,11.8531,0.1.0,3bcc6070f94e514764d324e397d61505df92186c,3.12.10,macOS-26.6.2-arm64-arm-64bit,2.5.3,42,cpu,opencv_yunet,landmark,insightface,spectral,dct,0.16,2026-09-13T09:31:58.154024+00:00
watermark_robustness,tom_hanks_3.png,rotate_10_crop_10,rotate_crop,"{'degrees': 10, 'ratio': 0.1}",True,0.965278,0.5,69bb8d0c,True,False,36.0999,0.909876,11.169,0.1.0,3bcc6070f94e514764d324e397d61505df92186c,3.12.10,macOS-26.6.2-arm64-arm-64bit,2.5.3,42,cpu,opencv_yunet,landmark,insightface,spectral,dct,0.16,2026-09-13T09:31:58.154024+00:00
watermark_robustness,tom_hanks_3.png,rotate_15,rotation,{'degrees': 15},True,0.921875,0.40625,69bb8d0c,True,False,36.0999,0.909876,10.7705,0.1.0,3bcc6070f94e514764d324e397d61505df92186c,3.12.10,macOS-26.6.2-arm64-arm-64bit,2.5.3,42,cpu,opencv_yunet,landmark,insightface,spectral,dct,0.16,2026-09-13T09:31:58.154024+00:00
watermark_robustness,tom_hanks_3.png,rotate_2,rotation,{'degrees': 2},True,1.0,0.453125,69bb8d0c,True,False,36.0999,0.909876,17.3641,0.1.0,3bcc6070f94e514764d324e397d61505df92186c,3.12.10,macOS-26.6.2-arm64-arm-64bit,2.5.3,42,cpu,opencv_yunet,landmark,insightface,spectral,dct,0.16,2026-09-13T09:31:58.154024+00:00
watermark_robustness,tom_hanks_3.png,rotate_20,rotation,{'degrees': 20},True,0.904297,0.421875,69bb8d0c,True,False,36.0999,0.909876,10.0355,0.1.0,3bcc6070f94e514764d324e397d61505df92186c,3.12.10,macOS-26.6.2-arm64-arm-64bit,2.5.3,42,cpu,opencv_yunet,landmark,insightface,spectral,dct,0.16,2026-09-13T09:31:58.154024+00:00
watermark_robustness,tom_hanks_3.png,rotate_25,rotation,{'degrees': 25},True,0.875651,0.46875,69bb8d0c,True,False,36.0999,0.909876,9.4161,0.1.0,3bcc6070f94e514764d324e397d61505df92186c,3.12.10,macOS-26.6.2-arm64-arm-64bit,2.5.3,42,cpu,opencv_yunet,landmark,insightface,spectral,dct,0.16,2026-09-13T09:31:58.154024+00:00
watermark_robustness,tom_hanks_3.png,rotate_30,rotation,{'degrees': 30},True,0.861979,0.453125,69bb8d0c,True,False,36.0999,0.909876,8.9235,0.1.0,3bcc6070f94e514764d324e397d61505df92186c,3.12.10,macOS-26.6.2-arm64-arm-64bit,2.5.3,42,cpu,opencv_yunet,landmark,insightface,spectral,dct,0.16,2026-09-13T09:31:58.154024+00:00
watermark_robustness,tom_hanks_3.png,rotate_5,rotation,{'degrees': 5},True,0.982422,0.484375,69bb8d0c,True,False,36.0999,0.909876,13.94,0.1.0,3bcc6070f94e514764d324e397d61505df92186c,3.12.10,macOS-26.6.2-arm64-arm-64bit,2.5.3,42,cpu,opencv_yunet,landmark,insightface,spectral,dct,0.16,2026-09-13T09:31:58.154024+00:00
watermark_robustness,tom_hanks_3.png,rotate_5_crop_10,rotate_crop,"{'degrees': 5, 'ratio': 0.1}",True,0.989583,0.40625,69bb8d0c,True,False,36.0999,0.909876,11.022,0.1.0,3bcc6070f94e514764d324e397d61505df92186c,3.12.10,macOS-26.6.2-arm64-arm-64bit,2.5.3,42,cpu,opencv_yunet,landmark,insightface,spectral,dct,0.16,2026-09-13T09:31:58.154024+00:00
watermark_robustness,tom_hanks_3.png,rotate_5_crop_20,rotate_crop,"{'degrees': 5, 'ratio': 0.2}",True,1.0,0.65625,69bb8d0c,True,False,36.0999,0.909876,8.9971,0.1.0,3bcc6070f94e514764d324e397d61505df92186c,3.12.10,macOS-26.6.2-arm64-arm-64bit,2.5.3,42,cpu,opencv_yunet,landmark,insightface,spectral,dct,0.16,2026-09-13T09:31:58.154024+00:00
watermark_robustness,tom_hanks_4.png,rotate_10,rotation,{'degrees': 10},True,0.95638,0.484375,1f6ac5b8,True,False,36.2044,0.901462,10.8356,0.1.0,3bcc6070f94e514764d324e397d61505df92186c,3.12.10,macOS-26.6.2-arm64-arm-64bit,2.5.3,42,cpu,opencv_yunet,landmark,insightface,spectral,dct,0.16,2026-09-13T09:31:58.154024+00:00
watermark_robustness,tom_hanks_4.png,rotate_10_crop_10,rotate_crop,"{'degrees': 10, 'ratio': 0.1}",True,0.958333,0.515625,1f6ac5b8,True,False,36.2044,0.901462,8.6281,0.1.0,3bcc6070f94e514764d324e397d61505df92186c,3.12.10,macOS-26.6.2-arm64-arm-64bit,2.5.3,42,cpu,opencv_yunet,landmark,insightface,spectral,dct,0.16,2026-09-13T09:31:58.154024+00:00
watermark_robustness,tom_hanks_4.png,rotate_15,rotation,{'degrees': 15},True,0.930339,0.5,1f6ac5b8,True,False,36.2044,0.901462,9.5714,0.1.0,3bcc6070f94e514764d324e397d61505df92186c,3.12.10,macOS-26.6.2-arm64-arm-64bit,2.5.3,42,cpu,opencv_yunet,landmark,insightface,spectral,dct,0.16,2026-09-13T09:31:58.154024+00:00
watermark_robustness,tom_hanks_4.png,rotate_2,rotation,{'degrees': 2},True,1.0,0.40625,1f6ac5b8,True,False,36.2044,0.901462,17.5707,0.1.0,3bcc6070f94e514764d324e397d61505df92186c,3.12.10,macOS-26.6.2-arm64-arm-64bit,2.5.3,42,cpu,opencv_yunet,landmark,insightface,spectral,dct,0.16,2026-09-13T09:31:58.154024+00:00
watermark_robustness,tom_hanks_4.png,rotate_20,rotation,{'degrees': 20},True,0.908854,0.515625,1f6ac5b8,True,False,36.2044,0.901462,8.7957,0.1.0,3bcc6070f94e514764d324e397d61505df92186c,3.12.10,macOS-26.6.2-arm64-arm-64bit,2.5.3,42,cpu,opencv_yunet,landmark,insightface,spectral,dct,0.16,2026-09-13T09:31:58.154024+00:00
watermark_robustness,tom_hanks_4.png,rotate_25,rotation,{'degrees': 25},True,0.88151,0.453125,1f6ac5b8,True,False,36.2044,0.901462,8.3266,0.1.0,3bcc6070f94e514764d324e397d61505df92186c,3.12.10,macOS-26.6.2-arm64-arm-64bit,2.5.3,42,cpu,opencv_yunet,landmark,insightface,spectral,dct,0.16,2026-09-13T09:31:58.154024+00:00
watermark_robustness,tom_hanks_4.png,rotate_30,rotation,{'degrees': 30},True,0.866536,0.359375,1f6ac5b8,True,False,36.2044,0.901462,8.0439,0.1.0,3bcc6070f94e514764d324e397d61505df92186c,3.12.10,macOS-26.6.2-arm64-arm-64bit,2.5.3,42,cpu,opencv_yunet,landmark,insightface,spectral,dct,0.16,2026-09-13T09:31:58.154024+00:00
watermark_robustness,tom_hanks_4.png,rotate_5,rotation,{'degrees': 5},True,0.985677,0.625,1f6ac5b8,True,False,36.2044,0.901462,13.3681,0.1.0,3bcc6070f94e514764d324e397d61505df92186c,3.12.10,macOS-26.6.2-arm64-arm-64bit,2.5.3,42,cpu,opencv_yunet,landmark,insightface,spectral,dct,0.16,2026-09-13T09:31:58.154024+00:00
watermark_robustness,tom_hanks_4.png,rotate_5_crop_10,rotate_crop,"{'degrees': 5, 'ratio': 0.1}",True,1.0,0.5,1f6ac5b8,True,False,36.2044,0.901462,8.7073,0.1.0,3bcc6070f94e514764d324e397d61505df92186c,3.12.10,macOS-26.6.2-arm64-arm-64bit,2.5.3,42,cpu,opencv_yunet,landmark,insightface,spectral,dct,0.16,2026-09-13T09:31:58.154024+00:00
watermark_robustness,tom_hanks_4.png,rotate_5_crop_20,rotate_crop,"{'degrees': 5, 'ratio': 0.2}",True,0.994792,0.53125,1f6ac5b8,True,False,36.2044,0.901462,8.574,0.1.0,3bcc6070f94e514764d324e397d61505df92186c,3.12.10,macOS-26.6.2-arm64-arm-64bit,2.5.3,42,cpu,opencv_yunet,landmark,insightface,spectral,dct,0.16,2026-09-13T09:31:58.154024+00:00
watermark_robustness,tom_hanks_5.png,rotate_10,rotation,{'degrees': 10},True,0.973958,0.46875,2558f748,True,False,37.4707,0.908118,18.6066,0.1.0,3bcc6070f94e514764d324e397d61505df92186c,3.12.10,macOS-26.6.2-arm64-arm-64bit,2.5.3,42,cpu,opencv_yunet,landmark,insightface,spectral,dct,0.16,2026-09-13T09:31:58.154024+00:00
watermark_robustness,tom_hanks_5.png,rotate_10_crop_10,rotate_crop,"{'degrees': 10, 'ratio': 0.1}",True,0.982639,0.578125,2558f748,True,False,37.4707,0.908118,14.5518,0.1.0,3bcc6070f94e514764d324e397d61505df92186c,3.12.10,macOS-26.6.2-arm64-arm-64bit,2.5.3,42,cpu,opencv_yunet,landmark,insightface,spectral,dct,0.16,2026-09-13T09:31:58.154024+00:00
watermark_robustness,tom_hanks_5.png,rotate_15,rotation,{'degrees': 15},True,0.94987,0.5625,2558f748,True,False,37.4707,0.908118,17.3299,0.1.0,3bcc6070f94e514764d324e397d61505df92186c,3.12.10,macOS-26.6.2-arm64-arm-64bit,2.5.3,42,cpu,opencv_yunet,landmark,insightface,spectral,dct,0.16,2026-09-13T09:31:58.154024+00:00
watermark_robustness,tom_hanks_5.png,rotate_2,rotation,{'degrees': 2},True,1.0,0.40625,2558f748,True,False,37.4707,0.908118,25.9686,0.1.0,3bcc6070f94e514764d324e397d61505df92186c,3.12.10,macOS-26.6.2-arm64-arm-64bit,2.5.3,42,cpu,opencv_yunet,landmark,insightface,spectral,dct,0.16,2026-09-13T09:31:58.154024+00:00
watermark_robustness,tom_hanks_5.png,rotate_20,rotation,{'degrees': 20},True,0.912109,0.484375,2558f748,True,False,37.4707,0.908118,16.4051,0.1.0,3bcc6070f94e514764d324e397d61505df92186c,3.12.10,macOS-26.6.2-arm64-arm-64bit,2.5.3,42,cpu,opencv_yunet,landmark,insightface,spectral,dct,0.16,2026-09-13T09:31:58.154024+00:00
watermark_robustness,tom_hanks_5.png,rotate_25,rotation,{'degrees': 25},True,0.900391,0.515625,2558f748,True,False,37.4707,0.908118,15.7046,0.1.0,3bcc6070f94e514764d324e397d61505df92186c,3.12.10,macOS-26.6.2-arm64-arm-64bit,2.5.3,42,cpu,opencv_yunet,landmark,insightface,spectral,dct,0.16,2026-09-13T09:31:58.154024+00:00
watermark_robustness,tom_hanks_5.png,rotate_30,rotation,{'degrees': 30},True,0.894531,0.390625,2558f748,True,False,37.4707,0.908118,15.1702,0.1.0,3bcc6070f94e514764d324e397d61505df92186c,3.12.10,macOS-26.6.2-arm64-arm-64bit,2.5.3,42,cpu,opencv_yunet,landmark,insightface,spectral,dct,0.16,2026-09-13T09:31:58.154024+00:00
watermark_robustness,tom_hanks_5.png,rotate_5,rotation,{'degrees': 5},True,1.0,0.625,2558f748,True,False,37.4707,0.908118,21.3786,0.1.0,3bcc6070f94e514764d324e397d61505df92186c,3.12.10,macOS-26.6.2-arm64-arm-64bit,2.5.3,42,cpu,opencv_yunet,landmark,insightface,spectral,dct,0.16,2026-09-13T09:31:58.154024+00:00
watermark_robustness,tom_hanks_5.png,rotate_5_crop_10,rotate_crop,"{'degrees': 5, 'ratio': 0.1}",True,0.996528,0.328125,2558f748,True,False,37.4707,0.908118,14.8955,0.1.0,3bcc6070f94e514764d324e397d61505df92186c,3.12.10,macOS-26.6.2-arm64-arm-64bit,2.5.3,42,cpu,opencv_yunet,landmark,insightface,spectral,dct,0.16,2026-09-13T09:31:58.154024+00:00
watermark_robustness,tom_hanks_5.png,rotate_5_crop_20,rotate_crop,"{'degrees': 5, 'ratio': 0.2}",True,1.0,0.515625,2558f748,True,False,37.4707,0.908118,11.0751,0.1.0,3bcc6070f94e514764d324e397d61505df92186c,3.12.10,macOS-26.6.2-arm64-arm-64bit,2.5.3,42,cpu,opencv_yunet,landmark,insightface,spectral,dct,0.16,2026-09-13T09:31:58.154024+00:00
watermark_robustness,tom_hanks_6.png,rotate_10,rotation,{'degrees': 10},True,0.967448,0.484375,43979206,True,False,37.6076,0.89821,14.9354,0.1.0,3bcc6070f94e514764d324e397d61505df92186c,3.12.10,macOS-26.6.2-arm64-arm-64bit,2.5.3,42,cpu,opencv_yunet,landmark,insightface,spectral,dct,0.16,2026-09-13T09:31:58.154024+00:00
watermark_robustness,tom_hanks_6.png,rotate_10_crop_10,rotate_crop,"{'degrees': 10, 'ratio': 0.1}",True,0.975694,0.515625,43979206,True,False,37.6076,0.89821,12.6972,0.1.0,3bcc6070f94e514764d324e397d61505df92186c,3.12.10,macOS-26.6.2-arm64-arm-64bit,2.5.3,42,cpu,opencv_yunet,landmark,insightface,spectral,dct,0.16,2026-09-13T09:31:58.154024+00:00
watermark_robustness,tom_hanks_6.png,rotate_15,rotation,{'degrees': 15},True,0.94987,0.546875,43979206,True,False,37.6076,0.89821,13.7805,0.1.0,3bcc6070f94e514764d324e397d61505df92186c,3.12.10,macOS-26.6.2-arm64-arm-64bit,2.5.3,42,cpu,opencv_yunet,landmark,insightface,spectral,dct,0.16,2026-09-13T09:31:58.154024+00:00
watermark_robustness,tom_hanks_6.png,rotate_2,rotation,{'degrees': 2},True,1.0,0.40625,43979206,True,False,37.6076,0.89821,21.123,0.1.0,3bcc6070f94e514764d324e397d61505df92186c,3.12.10,macOS-26.6.2-arm64-arm-64bit,2.5.3,42,cpu,opencv_yunet,landmark,insightface,spectral,dct,0.16,2026-09-13T09:31:58.154024+00:00
watermark_robustness,tom_hanks_6.png,rotate_20,rotation,{'degrees': 20},True,0.901476,0.46875,43979206,True,False,37.6076,0.89821,12.9557,0.1.0,3bcc6070f94e514764d324e397d61505df92186c,3.12.10,macOS-26.6.2-arm64-arm-64bit,2.5.3,42,cpu,opencv_yunet,landmark,insightface,spectral,dct,0.16,2026-09-13T09:31:58.154024+00:00
watermark_robustness,tom_hanks_6.png,rotate_25,rotation,{'degrees': 25},False,0.906901,0.53125,,False,False,37.6076,0.89821,12.3215,0.1.0,3bcc6070f94e514764d324e397d61505df92186c,3.12.10,macOS-26.6.2-arm64-arm-64bit,2.5.3,42,cpu,opencv_yunet,landmark,insightface,spectral,dct,0.16,2026-09-13T09:31:58.154024+00:00
watermark_robustness,tom_hanks_6.png,rotate_30,rotation,{'degrees': 30},True,0.886068,0.390625,43979206,True,False,37.6076,0.89821,11.8435,0.1.0,3bcc6070f94e514764d324e397d61505df92186c,3.12.10,macOS-26.6.2-arm64-arm-64bit,2.5.3,42,cpu,opencv_yunet,landmark,insightface,spectral,dct,0.16,2026-09-13T09:31:58.154024+00:00
watermark_robustness,tom_hanks_6.png,rotate_5,rotation,{'degrees': 5},True,1.0,0.453125,43979206,True,False,37.6076,0.89821,17.0854,0.1.0,3bcc6070f94e514764d324e397d61505df92186c,3.12.10,macOS-26.6.2-arm64-arm-64bit,2.5.3,42,cpu,opencv_yunet,landmark,insightface,spectral,dct,0.16,2026-09-13T09:31:58.154024+00:00
watermark_robustness,tom_hanks_6.png,rotate_5_crop_10,rotate_crop,"{'degrees': 5, 'ratio': 0.1}",True,1.0,0.546875,43979206,True,False,37.6076,0.89821,12.9628,0.1.0,3bcc6070f94e514764d324e397d61505df92186c,3.12.10,macOS-26.6.2-arm64-arm-64bit,2.5.3,42,cpu,opencv_yunet,landmark,insightface,spectral,dct,0.16,2026-09-13T09:31:58.154024+00:00
watermark_robustness,tom_hanks_6.png,rotate_5_crop_20,rotate_crop,"{'degrees': 5, 'ratio': 0.2}",True,0.996528,0.375,43979206,True,False,37.6076,0.89821,9.8646,0.1.0,3bcc6070f94e514764d324e397d61505df92186c,3.12.10,macOS-26.6.2-arm64-arm-64bit,2.5.3,42,cpu,opencv_yunet,landmark,insightface,spectral,dct,0.16,2026-09-13T09:31:58.154024+00:00
watermark_robustness,tom_hanks_7.png,rotate_10,rotation,{'degrees': 10},True,0.974609,0.546875,36baae1c,True,False,36.3178,0.90027,11.1239,0.1.0,3bcc6070f94e514764d324e397d61505df92186c,3.12.10,macOS-26.6.2-arm64-arm-64bit,2.5.3,42,cpu,opencv_yunet,landmark,insightface,spectral,dct,0.16,2026-09-13T09:31:58.154024+00:00
watermark_robustness,tom_hanks_7.png,rotate_10_crop_10,rotate_crop,"{'degrees': 10, 'ratio': 0.1}",True,0.958333,0.515625,36baae1c,True,False,36.3178,0.90027,9.2773,0.1.0,3bcc6070f94e514764d324e397d61505df92186c,3.12.10,macOS-26.6.2-arm64-arm-64bit,2.5.3,42,cpu,opencv_yunet,landmark,insightface,spectral,dct,0.16,2026-09-13T09:31:58.154024+00:00
watermark_robustness,tom_hanks_7.png,rotate_15,rotation,{'degrees': 15},True,0.93099,0.421875,36baae1c,True,False,36.3178,0.90027,9.8571,0.1.0,3bcc6070f94e514764d324e397d61505df92186c,3.12.10,macOS-26.6.2-arm64-arm-64bit,2.5.3,42,cpu,opencv_yunet,landmark,insightface,spectral,dct,0.16,2026-09-13T09:31:58.154024+00:00
watermark_robustness,tom_hanks_7.png,rotate_2,rotation,{'degrees': 2},True,1.0,0.5625,36baae1c,True,False,36.3178,0.90027,17.6795,0.1.0,3bcc6070f94e514764d324e397d61505df92186c,3.12.10,macOS-26.6.2-arm64-arm-64bit,2.5.3,42,cpu,opencv_yunet,landmark,insightface,spectral,dct,0.16,2026-09-13T09:31:58.154024+00:00
watermark_robustness,tom_hanks_7.png,rotate_20,rotation,{'degrees': 20},True,0.910807,0.515625,36baae1c,True,False,36.3178,0.90027,9.0869,0.1.0,3bcc6070f94e514764d324e397d61505df92186c,3.12.10,macOS-26.6.2-arm64-arm-64bit,2.5.3,42,cpu,opencv_yunet,landmark,insightface,spectral,dct,0.16,2026-09-13T09:31:58.154024+00:00
watermark_robustness,tom_hanks_7.png,rotate_25,rotation,{'degrees': 25},True,0.882812,0.53125,36baae1c,True,False,36.3178,0.90027,8.5615,0.1.0,3bcc6070f94e514764d324e397d61505df92186c,3.12.10,macOS-26.6.2-arm64-arm-64bit,2.5.3,42,cpu,opencv_yunet,landmark,insightface,spectral,dct,0.16,2026-09-13T09:31:58.154024+00:00
watermark_robustness,tom_hanks_7.png,rotate_30,rotation,{'degrees': 30},True,0.882812,0.515625,36baae1c,True,False,36.3178,0.90027,8.2508,0.1.0,3bcc6070f94e514764d324e397d61505df92186c,3.12.10,macOS-26.6.2-arm64-arm-64bit,2.5.3,42,cpu,opencv_yunet,landmark,insightface,spectral,dct,0.16,2026-09-13T09:31:58.154024+00:00
watermark_robustness,tom_hanks_7.png,rotate_5,rotation,{'degrees': 5},True,0.994141,0.53125,36baae1c,True,False,36.3178,0.90027,13.6504,0.1.0,3bcc6070f94e514764d324e397d61505df92186c,3.12.10,macOS-26.6.2-arm64-arm-64bit,2.5.3,42,cpu,opencv_yunet,landmark,insightface,spectral,dct,0.16,2026-09-13T09:31:58.154024+00:00
watermark_robustness,tom_hanks_7.png,rotate_5_crop_10,rotate_crop,"{'degrees': 5, 'ratio': 0.1}",True,1.0,0.5625,36baae1c,True,False,36.3178,0.90027,9.5559,0.1.0,3bcc6070f94e514764d324e397d61505df92186c,3.12.10,macOS-26.6.2-arm64-arm-64bit,2.5.3,42,cpu,opencv_yunet,landmark,insightface,spectral,dct,0.16,2026-09-13T09:31:58.154024+00:00
watermark_robustness,tom_hanks_7.png,rotate_5_crop_20,rotate_crop,"{'degrees': 5, 'ratio': 0.2}",True,1.0,0.53125,36baae1c,True,False,36.3178,0.90027,8.3127,0.1.0,3bcc6070f94e514764d324e397d61505df92186c,3.12.10,macOS-26.6.2-arm64-arm-64bit,2.5.3,42,cpu,opencv_yunet,landmark,insightface,spectral,dct,0.16,2026-09-13T09:31:58.154024+00:00
watermark_robustness,tommy_haas_0.png,rotate_10,rotation,{'degrees': 10},True,0.967448,0.53125,44607595,True,False,36.0047,0.8842,12.4433,0.1.0,3bcc6070f94e514764d324e397d61505df92186c,3.12.10,macOS-26.6.2-arm64-arm-64bit,2.5.3,42,cpu,opencv_yunet,landmark,insightface,spectral,dct,0.16,2026-09-13T09:31:58.154024+00:00
watermark_robustness,tommy_haas_0.png,rotate_10_crop_10,rotate_crop,"{'degrees': 10, 'ratio': 0.1}",True,0.972222,0.484375,44607595,True,False,36.0047,0.8842,10.1619,0.1.0,3bcc6070f94e514764d324e397d61505df92186c,3.12.10,macOS-26.6.2-arm64-arm-64bit,2.5.3,42,cpu,opencv_yunet,landmark,insightface,spectral,dct,0.16,2026-09-13T09:31:58.154024+00:00
watermark_robustness,tommy_haas_0.png,rotate_15,rotation,{'degrees': 15},True,0.950521,0.609375,44607595,True,False,36.0047,0.8842,10.6912,0.1.0,3bcc6070f94e514764d324e397d61505df92186c,3.12.10,macOS-26.6.2-arm64-arm-64bit,2.5.3,42,cpu,opencv_yunet,landmark,insightface,spectral,dct,0.16,2026-09-13T09:31:58.154024+00:00
watermark_robustness,tommy_haas_0.png,rotate_2,rotation,{'degrees': 2},True,1.0,0.46875,44607595,True,False,36.0047,0.8842,20.3565,0.1.0,3bcc6070f94e514764d324e397d61505df92186c,3.12.10,macOS-26.6.2-arm64-arm-64bit,2.5.3,42,cpu,opencv_yunet,landmark,insightface,spectral,dct,0.16,2026-09-13T09:31:58.154024+00:00
watermark_robustness,tommy_haas_0.png,rotate_20,rotation,{'degrees': 20},True,0.939453,0.53125,44607595,True,False,36.0047,0.8842,9.5815,0.1.0,3bcc6070f94e514764d324e397d61505df92186c,3.12.10,macOS-26.6.2-arm64-arm-64bit,2.5.3,42,cpu,opencv_yunet,landmark,insightface,spectral,dct,0.16,2026-09-13T09:31:58.154024+00:00
watermark_robustness,tommy_haas_0.png,rotate_25,rotation,{'degrees': 25},True,0.917318,0.5,44607595,True,False,36.0047,0.8842,8.8696,0.1.0,3bcc6070f94e514764d324e397d61505df92186c,3.12.10,macOS-26.6.2-arm64-arm-64bit,2.5.3,42,cpu,opencv_yunet,landmark,insightface,spectral,dct,0.16,2026-09-13T09:31:58.154024+00:00
watermark_robustness,tommy_haas_0.png,rotate_30,rotation,{'degrees': 30},True,0.909505,0.5,44607595,True,False,36.0047,0.8842,8.3933,0.1.0,3bcc6070f94e514764d324e397d61505df92186c,3.12.10,macOS-26.6.2-arm64-arm-64bit,2.5.3,42,cpu,opencv_yunet,landmark,insightface,spectral,dct,0.16,2026-09-13T09:31:58.154024+00:00
watermark_robustness,tommy_haas_0.png,rotate_5,rotation,{'degrees': 5},True,0.991536,0.578125,44607595,True,False,36.0047,0.8842,15.6659,0.1.0,3bcc6070f94e514764d324e397d61505df92186c,3.12.10,macOS-26.6.2-arm64-arm-64bit,2.5.3,42,cpu,opencv_yunet,landmark,insightface,spectral,dct,0.16,2026-09-13T09:31:58.154024+00:00
watermark_robustness,tommy_haas_0.png,rotate_5_crop_10,rotate_crop,"{'degrees': 5, 'ratio': 0.1}",True,1.0,0.515625,44607595,True,False,36.0047,0.8842,10.6655,0.1.0,3bcc6070f94e514764d324e397d61505df92186c,3.12.10,macOS-26.6.2-arm64-arm-64bit,2.5.3,42,cpu,opencv_yunet,landmark,insightface,spectral,dct,0.16,2026-09-13T09:31:58.154024+00:00
watermark_robustness,tommy_haas_0.png,rotate_5_crop_20,rotate_crop,"{'degrees': 5, 'ratio': 0.2}",True,1.0,0.515625,44607595,True,False,36.0047,0.8842,8.8553,0.1.0,3bcc6070f94e514764d324e397d61505df92186c,3.12.10,macOS-26.6.2-arm64-arm-64bit,2.5.3,42,cpu,opencv_yunet,landmark,insightface,spectral,dct,0.16,2026-09-13T09:31:58.154024+00:00
watermark_robustness,tommy_haas_1.png,rotate_10,rotation,{'degrees': 10},True,0.963542,0.46875,6545f49d,True,False,36.1335,0.922068,11.9182,0.1.0,3bcc6070f94e514764d324e397d61505df92186c,3.12.10,macOS-26.6.2-arm64-arm-64bit,2.5.3,42,cpu,opencv_yunet,landmark,insightface,spectral,dct,0.16,2026-09-13T09:31:58.154024+00:00
watermark_robustness,tommy_haas_1.png,rotate_10_crop_10,rotate_crop,"{'degrees': 10, 'ratio': 0.1}",True,0.961806,0.484375,6545f49d,True,False,36.1335,0.922068,10.9078,0.1.0,3bcc6070f94e514764d324e397d61505df92186c,3.12.10,macOS-26.6.2-arm64-arm-64bit,2.5.3,42,cpu,opencv_yunet,landmark,insightface,spectral,dct,0.16,2026-09-13T09:31:58.154024+00:00
watermark_robustness,tommy_haas_1.png,rotate_15,rotation,{'degrees': 15},True,0.947917,0.53125,6545f49d,True,False,36.1335,0.922068,10.8781,0.1.0,3bcc6070f94e514764d324e397d61505df92186c,3.12.10,macOS-26.6.2-arm64-arm-64bit,2.5.3,42,cpu,opencv_yunet,landmark,insightface,spectral,dct,0.16,2026-09-13T09:31:58.154024+00:00
watermark_robustness,tommy_haas_1.png,rotate_2,rotation,{'degrees': 2},True,0.998047,0.421875,6545f49d,True,False,36.1335,0.922068,18.9957,0.1.0,3bcc6070f94e514764d324e397d61505df92186c,3.12.10,macOS-26.6.2-arm64-arm-64bit,2.5.3,42,cpu,opencv_yunet,landmark,insightface,spectral,dct,0.16,2026-09-13T09:31:58.154024+00:00
watermark_robustness,tommy_haas_1.png,rotate_20,rotation,{'degrees': 20},True,0.924479,0.4375,6545f49d,True,False,36.1335,0.922068,10.1836,0.1.0,3bcc6070f94e514764d324e397d61505df92186c,3.12.10,macOS-26.6.2-arm64-arm-64bit,2.5.3,42,cpu,opencv_yunet,landmark,insightface,spectral,dct,0.16,2026-09-13T09:31:58.154024+00:00
watermark_robustness,tommy_haas_1.png,rotate_25,rotation,{'degrees': 25},True,0.898438,0.578125,6545f49d,True,False,36.1335,0.922068,9.7084,0.1.0,3bcc6070f94e514764d324e397d61505df92186c,3.12.10,macOS-26.6.2-arm64-arm-64bit,2.5.3,42,cpu,opencv_yunet,landmark,insightface,spectral,dct,0.16,2026-09-13T09:31:58.154024+00:00
watermark_robustness,tommy_haas_1.png,rotate_30,rotation,{'degrees': 30},True,0.891927,0.390625,6545f49d,True,False,36.1335,0.922068,9.4053,0.1.0,3bcc6070f94e514764d324e397d61505df92186c,3.12.10,macOS-26.6.2-arm64-arm-64bit,2.5.3,42,cpu,opencv_yunet,landmark,insightface,spectral,dct,0.16,2026-09-13T09:31:58.154024+00:00
watermark_robustness,tommy_haas_1.png,rotate_5,rotation,{'degrees': 5},True,0.985677,0.421875,6545f49d,True,False,36.1335,0.922068,14.65,0.1.0,3bcc6070f94e514764d324e397d61505df92186c,3.12.10,macOS-26.6.2-arm64-arm-64bit,2.5.3,42,cpu,opencv_yunet,landmark,insightface,spectral,dct,0.16,2026-09-13T09:31:58.154024+00:00
watermark_robustness,tommy_haas_1.png,rotate_5_crop_10,rotate_crop,"{'degrees': 5, 'ratio': 0.1}",True,0.996528,0.515625,6545f49d,True,False,36.1335,0.922068,11.2088,0.1.0,3bcc6070f94e514764d324e397d61505df92186c,3.12.10,macOS-26.6.2-arm64-arm-64bit,2.5.3,42,cpu,opencv_yunet,landmark,insightface,spectral,dct,0.16,2026-09-13T09:31:58.154024+00:00
watermark_robustness,tommy_haas_1.png,rotate_5_crop_20,rotate_crop,"{'degrees': 5, 'ratio': 0.2}",True,1.0,0.515625,6545f49d,True,False,36.1335,0.922068,10.1821,0.1.0,3bcc6070f94e514764d324e397d61505df92186c,3.12.10,macOS-26.6.2-arm64-arm-64bit,2.5.3,42,cpu,opencv_yunet,landmark,insightface,spectral,dct,0.16,2026-09-13T09:31:58.154024+00:00
watermark_robustness,tommy_haas_2.png,rotate_10,rotation,{'degrees': 10},True,0.958333,0.625,82c218fd,True,False,35.9568,0.91107,14.053,0.1.0,3bcc6070f94e514764d324e397d61505df92186c,3.12.10,macOS-26.6.2-arm64-arm-64bit,2.5.3,42,cpu,opencv_yunet,landmark,insightface,spectral,dct,0.16,2026-09-13T09:31:58.154024+00:00
watermark_robustness,tommy_haas_2.png,rotate_10_crop_10,rotate_crop,"{'degrees': 10, 'ratio': 0.1}",True,0.951389,0.40625,82c218fd,True,False,35.9568,0.91107,11.6079,0.1.0,3bcc6070f94e514764d324e397d61505df92186c,3.12.10,macOS-26.6.2-arm64-arm-64bit,2.5.3,42,cpu,opencv_yunet,landmark,insightface,spectral,dct,0.16,2026-09-13T09:31:58.154024+00:00
watermark_robustness,tommy_haas_2.png,rotate_15,rotation,{'degrees': 15},True,0.936198,0.4375,82c218fd,True,False,35.9568,0.91107,12.3995,0.1.0,3bcc6070f94e514764d324e397d61505df92186c,3.12.10,macOS-26.6.2-arm64-arm-64bit,2.5.3,42,cpu,opencv_yunet,landmark,insightface,spectral,dct,0.16,2026-09-13T09:31:58.154024+00:00
watermark_robustness,tommy_haas_2.png,rotate_2,rotation,{'degrees': 2},True,1.0,0.4375,82c218fd,True,False,35.9568,0.91107,21.9614,0.1.0,3bcc6070f94e514764d324e397d61505df92186c,3.12.10,macOS-26.6.2-arm64-arm-64bit,2.5.3,42,cpu,opencv_yunet,landmark,insightface,spectral,dct,0.16,2026-09-13T09:31:58.154024+00:00
watermark_robustness,tommy_haas_2.png,rotate_20,rotation,{'degrees': 20},True,0.908854,0.515625,82c218fd,True,False,35.9568,0.91107,11.3586,0.1.0,3bcc6070f94e514764d324e397d61505df92186c,3.12.10,macOS-26.6.2-arm64-arm-64bit,2.5.3,42,cpu,opencv_yunet,landmark,insightface,spectral,dct,0.16,2026-09-13T09:31:58.154024+00:00
watermark_robustness,tommy_haas_2.png,rotate_25,rotation,{'degrees': 25},True,0.89974,0.453125,82c218fd,True,False,35.9568,0.91107,10.5946,0.1.0,3bcc6070f94e514764d324e397d61505df92186c,3.12.10,macOS-26.6.2-arm64-arm-64bit,2.5.3,42,cpu,opencv_yunet,landmark,insightface,spectral,dct,0.16,2026-09-13T09:31:58.154024+00:00
watermark_robustness,tommy_haas_2.png,rotate_30,rotation,{'degrees': 30},True,0.882812,0.5,82c218fd,True,False,35.9568,0.91107,10.0222,0.1.0,3bcc6070f94e514764d324e397d61505df92186c,3.12.10,macOS-26.6.2-arm64-arm-64bit,2.5.3,42,cpu,opencv_yunet,landmark,insightface,spectral,dct,0.16,2026-09-13T09:31:58.154024+00:00
watermark_robustness,tommy_haas_2.png,rotate_5,rotation,{'degrees': 5},True,0.990234,0.5,82c218fd,True,False,35.9568,0.91107,17.266,0.1.0,3bcc6070f94e514764d324e397d61505df92186c,3.12.10,macOS-26.6.2-arm64-arm-64bit,2.5.3,42,cpu,opencv_yunet,landmark,insightface,spectral,dct,0.16,2026-09-13T09:31:58.154024+00:00
watermark_robustness,tommy_haas_2.png,rotate_5_crop_10,rotate_crop,"{'degrees': 5, 'ratio': 0.1}",True,0.996528,0.546875,82c218fd,True,False,35.9568,0.91107,11.7467,0.1.0,3bcc6070f94e514764d324e397d61505df92186c,3.12.10,macOS-26.6.2-arm64-arm-64bit,2.5.3,42,cpu,opencv_yunet,landmark,insightface,spectral,dct,0.16,2026-09-13T09:31:58.154024+00:00
watermark_robustness,tommy_haas_2.png,rotate_5_crop_20,rotate_crop,"{'degrees': 5, 'ratio': 0.2}",True,1.0,0.4375,82c218fd,True,False,35.9568,0.91107,11.9529,0.1.0,3bcc6070f94e514764d324e397d61505df92186c,3.12.10,macOS-26.6.2-arm64-arm-64bit,2.5.3,42,cpu,opencv_yunet,landmark,insightface,spectral,dct,0.16,2026-09-13T09:31:58.154024+00:00
watermark_robustness,tommy_haas_3.png,rotate_10,rotation,{'degrees': 10},True,0.950521,0.640625,5291265e,True,False,36.0347,0.924584,11.0997,0.1.0,3bcc6070f94e514764d324e397d61505df92186c,3.12.10,macOS-26.6.2-arm64-arm-64bit,2.5.3,42,cpu,opencv_yunet,landmark,insightface,spectral,dct,0.16,2026-09-13T09:31:58.154024+00:00
watermark_robustness,tommy_haas_3.png,rotate_10_crop_10,rotate_crop,"{'degrees': 10, 'ratio': 0.1}",True,0.965278,0.5625,5291265e,True,False,36.0347,0.924584,9.7508,0.1.0,3bcc6070f94e514764d324e397d61505df92186c,3.12.10,macOS-26.6.2-arm64-arm-64bit,2.5.3,42,cpu,opencv_yunet,landmark,insightface,spectral,dct,0.16,2026-09-13T09:31:58.154024+00:00
watermark_robustness,tommy_haas_3.png,rotate_15,rotation,{'degrees': 15},True,0.913411,0.578125,5291265e,True,False,36.0347,0.924584,9.6365,0.1.0,3bcc6070f94e514764d324e397d61505df92186c,3.12.10,macOS-26.6.2-arm64-arm-64bit,2.5.3,42,cpu,opencv_yunet,landmark,insightface,spectral,dct,0.16,2026-09-13T09:31:58.154024+00:00
watermark_robustness,tommy_haas_3.png,rotate_2,rotation,{'degrees': 2},True,1.0,0.421875,5291265e,True,False,36.0347,0.924584,18.4513,0.1.0,3bcc6070f94e514764d324e397d61505df92186c,3.12.10,macOS-26.6.2-arm64-arm-64bit,2.5.3,42,cpu,opencv_yunet,landmark,insightface,spectral,dct,0.16,2026-09-13T09:31:58.154024+00:00
watermark_robustness,tommy_haas_3.png,rotate_20,rotation,{'degrees': 20},True,0.890625,0.578125,5291265e,True,False,36.0347,0.924584,8.8721,0.1.0,3bcc6070f94e514764d324e397d61505df92186c,3.12.10,macOS-26.6.2-arm64-arm-64bit,2.5.3,42,cpu,opencv_yunet,landmark,insightface,spectral,dct,0.16,2026-09-13T09:31:58.154024+00:00
watermark_robustness,tommy_haas_3.png,rotate_25,rotation,{'degrees': 25},True,0.880859,0.46875,5291265e,True,False,36.0347,0.924584,8.4174,0.1.0,3bcc6070f94e514764d324e397d61505df92186c,3.12.10,macOS-26.6.2-arm64-arm-64bit,2.5.3,42,cpu,opencv_yunet,landmark,insightface,spectral,dct,0.16,2026-09-13T09:31:58.154024+00:00
watermark_robustness,tommy_haas_3.png,rotate_30,rotation,{'degrees': 30},True,0.866319,0.484375,5291265e,True,False,36.0347,0.924584,8.078,0.1.0,3bcc6070f94e514764d324e397d61505df92186c,3.12.10,macOS-26.6.2-arm64-arm-64bit,2.5.3,42,cpu,opencv_yunet,landmark,insightface,spectral,dct,0.16,2026-09-13T09:31:58.154024+00:00
watermark_robustness,tommy_haas_3.png,rotate_5,rotation,{'degrees': 5},True,0.982422,0.5625,5291265e,True,False,36.0347,0.924584,13.9553,0.1.0,3bcc6070f94e514764d324e397d61505df92186c,3.12.10,macOS-26.6.2-arm64-arm-64bit,2.5.3,42,cpu,opencv_yunet,landmark,insightface,spectral,dct,0.16,2026-09-13T09:31:58.154024+00:00
watermark_robustness,tommy_haas_3.png,rotate_5_crop_10,rotate_crop,"{'degrees': 5, 'ratio': 0.1}",True,0.993056,0.515625,5291265e,True,False,36.0347,0.924584,10.2902,0.1.0,3bcc6070f94e514764d324e397d61505df92186c,3.12.10,macOS-26.6.2-arm64-arm-64bit,2.5.3,42,cpu,opencv_yunet,landmark,insightface,spectral,dct,0.16,2026-09-13T09:31:58.154024+00:00
watermark_robustness,tommy_haas_3.png,rotate_5_crop_20,rotate_crop,"{'degrees': 5, 'ratio': 0.2}",True,0.996528,0.40625,5291265e,True,False,36.0347,0.924584,9.4155,0.1.0,3bcc6070f94e514764d324e397d61505df92186c,3.12.10,macOS-26.6.2-arm64-arm-64bit,2.5.3,42,cpu,opencv_yunet,landmark,insightface,spectral,dct,0.16,2026-09-13T09:31:58.154024+00:00
watermark_robustness,tommy_haas_4.png,rotate_10,rotation,{'degrees': 10},True,0.957031,0.5,c7f7a324,True,False,35.9497,0.92775,12.6292,0.1.0,3bcc6070f94e514764d324e397d61505df92186c,3.12.10,macOS-26.6.2-arm64-arm-64bit,2.5.3,42,cpu,opencv_yunet,landmark,insightface,spectral,dct,0.16,2026-09-13T09:31:58.154024+00:00
watermark_robustness,tommy_haas_4.png,rotate_10_crop_10,rotate_crop,"{'degrees': 10, 'ratio': 0.1}",True,0.975694,0.5,c7f7a324,True,False,35.9497,0.92775,10.6222,0.1.0,3bcc6070f94e514764d324e397d61505df92186c,3.12.10,macOS-26.6.2-arm64-arm-64bit,2.5.3,42,cpu,opencv_yunet,landmark,insightface,spectral,dct,0.16,2026-09-13T09:31:58.154024+00:00
watermark_robustness,tommy_haas_4.png,rotate_15,rotation,{'degrees': 15},False,0.948351,0.46875,,False,False,35.9497,0.92775,11.343,0.1.0,3bcc6070f94e514764d324e397d61505df92186c,3.12.10,macOS-26.6.2-arm64-arm-64bit,2.5.3,42,cpu,opencv_yunet,landmark,insightface,spectral,dct,0.16,2026-09-13T09:31:58.154024+00:00
watermark_robustness,tommy_haas_4.png,rotate_2,rotation,{'degrees': 2},True,0.998047,0.34375,c7f7a324,True,False,35.9497,0.92775,19.6741,0.1.0,3bcc6070f94e514764d324e397d61505df92186c,3.12.10,macOS-26.6.2-arm64-arm-64bit,2.5.3,42,cpu,opencv_yunet,landmark,insightface,spectral,dct,0.16,2026-09-13T09:31:58.154024+00:00
watermark_robustness,tommy_haas_4.png,rotate_20,rotation,{'degrees': 20},False,0.915365,0.484375,,False,False,35.9497,0.92775,10.5645,0.1.0,3bcc6070f94e514764d324e397d61505df92186c,3.12.10,macOS-26.6.2-arm64-arm-64bit,2.5.3,42,cpu,opencv_yunet,landmark,insightface,spectral,dct,0.16,2026-09-13T09:31:58.154024+00:00
watermark_robustness,tommy_haas_4.png,rotate_25,rotation,{'degrees': 25},False,0.895182,0.515625,,False,False,35.9497,0.92775,10.0678,0.1.0,3bcc6070f94e514764d324e397d61505df92186c,3.12.10,macOS-26.6.2-arm64-arm-64bit,2.5.3,42,cpu,opencv_yunet,landmark,insightface,spectral,dct,0.16,2026-09-13T09:31:58.154024+00:00
watermark_robustness,tommy_haas_4.png,rotate_30,rotation,{'degrees': 30},False,0.864583,0.53125,,False,False,35.9497,0.92775,9.6271,0.1.0,3bcc6070f94e514764d324e397d61505df92186c,3.12.10,macOS-26.6.2-arm64-arm-64bit,2.5.3,42,cpu,opencv_yunet,landmark,insightface,spectral,dct,0.16,2026-09-13T09:31:58.154024+00:00
watermark_robustness,tommy_haas_4.png,rotate_5,rotation,{'degrees': 5},True,0.995443,0.4375,c7f7a324,True,False,35.9497,0.92775,15.2851,0.1.0,3bcc6070f94e514764d324e397d61505df92186c,3.12.10,macOS-26.6.2-arm64-arm-64bit,2.5.3,42,cpu,opencv_yunet,landmark,insightface,spectral,dct,0.16,2026-09-13T09:31:58.154024+00:00
watermark_robustness,tommy_haas_4.png,rotate_5_crop_10,rotate_crop,"{'degrees': 5, 'ratio': 0.1}",True,0.993056,0.40625,c7f7a324,True,False,35.9497,0.92775,10.6321,0.1.0,3bcc6070f94e514764d324e397d61505df92186c,3.12.10,macOS-26.6.2-arm64-arm-64bit,2.5.3,42,cpu,opencv_yunet,landmark,insightface,spectral,dct,0.16,2026-09-13T09:31:58.154024+00:00
watermark_robustness,tommy_haas_4.png,rotate_5_crop_20,rotate_crop,"{'degrees': 5, 'ratio': 0.2}",True,1.0,0.421875,c7f7a324,True,False,35.9497,0.92775,10.9591,0.1.0,3bcc6070f94e514764d324e397d61505df92186c,3.12.10,macOS-26.6.2-arm64-arm-64bit,2.5.3,42,cpu,opencv_yunet,landmark,insightface,spectral,dct,0.16,2026-09-13T09:31:58.154024+00:00
watermark_robustness,tommy_haas_5.png,rotate_10,rotation,{'degrees': 10},True,0.953125,0.484375,453cd28c,True,False,35.852,0.913932,13.9819,0.1.0,3bcc6070f94e514764d324e397d61505df92186c,3.12.10,macOS-26.6.2-arm64-arm-64bit,2.5.3,42,cpu,opencv_yunet,landmark,insightface,spectral,dct,0.16,2026-09-13T09:31:58.154024+00:00
watermark_robustness,tommy_haas_5.png,rotate_10_crop_10,rotate_crop,"{'degrees': 10, 'ratio': 0.1}",True,0.96875,0.625,453cd28c,True,False,35.852,0.913932,13.5689,0.1.0,3bcc6070f94e514764d324e397d61505df92186c,3.12.10,macOS-26.6.2-arm64-arm-64bit,2.5.3,42,cpu,opencv_yunet,landmark,insightface,spectral,dct,0.16,2026-09-13T09:31:58.154024+00:00
watermark_robustness,tommy_haas_5.png,rotate_15,rotation,{'degrees': 15},True,0.932292,0.515625,453cd28c,True,False,35.852,0.913932,12.9715,0.1.0,3bcc6070f94e514764d324e397d61505df92186c,3.12.10,macOS-26.6.2-arm64-arm-64bit,2.5.3,42,cpu,opencv_yunet,landmark,insightface,spectral,dct,0.16,2026-09-13T09:31:58.154024+00:00
watermark_robustness,tommy_haas_5.png,rotate_2,rotation,{'degrees': 2},True,1.0,0.4375,453cd28c,True,False,35.852,0.913932,20.3086,0.1.0,3bcc6070f94e514764d324e397d61505df92186c,3.12.10,macOS-26.6.2-arm64-arm-64bit,2.5.3,42,cpu,opencv_yunet,landmark,insightface,spectral,dct,0.16,2026-09-13T09:31:58.154024+00:00
watermark_robustness,tommy_haas_5.png,rotate_20,rotation,{'degrees': 20},True,0.900391,0.515625,453cd28c,True,False,35.852,0.913932,12.4181,0.1.0,3bcc6070f94e514764d324e397d61505df92186c,3.12.10,macOS-26.6.2-arm64-arm-64bit,2.5.3,42,cpu,opencv_yunet,landmark,insightface,spectral,dct,0.16,2026-09-13T09:31:58.154024+00:00
watermark_robustness,tommy_haas_5.png,rotate_25,rotation,{'degrees': 25},True,0.882161,0.53125,453cd28c,True,False,35.852,0.913932,11.8688,0.1.0,3bcc6070f94e514764d324e397d61505df92186c,3.12.10,macOS-26.6.2-arm64-arm-64bit,2.5.3,42,cpu,opencv_yunet,landmark,insightface,spectral,dct,0.16,2026-09-13T09:31:58.154024+00:00
watermark_robustness,tommy_haas_5.png,rotate_30,rotation,{'degrees': 30},False,0.876302,0.4375,,False,False,35.852,0.913932,11.4295,0.1.0,3bcc6070f94e514764d324e397d61505df92186c,3.12.10,macOS-26.6.2-arm64-arm-64bit,2.5.3,42,cpu,opencv_yunet,landmark,insightface,spectral,dct,0.16,2026-09-13T09:31:58.154024+00:00
watermark_robustness,tommy_haas_5.png,rotate_5,rotation,{'degrees': 5},True,0.998047,0.40625,453cd28c,True,False,35.852,0.913932,16.2479,0.1.0,3bcc6070f94e514764d324e397d61505df92186c,3.12.10,macOS-26.6.2-arm64-arm-64bit,2.5.3,42,cpu,opencv_yunet,landmark,insightface,spectral,dct,0.16,2026-09-13T09:31:58.154024+00:00
watermark_robustness,tommy_haas_5.png,rotate_5_crop_10,rotate_crop,"{'degrees': 5, 'ratio': 0.1}",True,0.993056,0.453125,453cd28c,True,False,35.852,0.913932,13.7884,0.1.0,3bcc6070f94e514764d324e397d61505df92186c,3.12.10,macOS-26.6.2-arm64-arm-64bit,2.5.3,42,cpu,opencv_yunet,landmark,insightface,spectral,dct,0.16,2026-09-13T09:31:58.154024+00:00
watermark_robustness,tommy_haas_5.png,rotate_5_crop_20,rotate_crop,"{'degrees': 5, 'ratio': 0.2}",True,1.0,0.40625,453cd28c,True,False,35.852,0.913932,11.9426,0.1.0,3bcc6070f94e514764d324e397d61505df92186c,3.12.10,macOS-26.6.2-arm64-arm-64bit,2.5.3,42,cpu,opencv_yunet,landmark,insightface,spectral,dct,0.16,2026-09-13T09:31:58.154024+00:00
watermark_robustness,tony_shalhoub_0.png,rotate_10,rotation,{'degrees': 10},True,0.982422,0.453125,3bafbe99,True,False,36.1712,0.909856,15.9101,0.1.0,3bcc6070f94e514764d324e397d61505df92186c,3.12.10,macOS-26.6.2-arm64-arm-64bit,2.5.3,42,cpu,opencv_yunet,landmark,insightface,spectral,dct,0.16,2026-09-13T09:31:58.154024+00:00
watermark_robustness,tony_shalhoub_0.png,rotate_10_crop_10,rotate_crop,"{'degrees': 10, 'ratio': 0.1}",True,0.979167,0.46875,3bafbe99,True,False,36.1712,0.909856,12.7687,0.1.0,3bcc6070f94e514764d324e397d61505df92186c,3.12.10,macOS-26.6.2-arm64-arm-64bit,2.5.3,42,cpu,opencv_yunet,landmark,insightface,spectral,dct,0.16,2026-09-13T09:31:58.154024+00:00
watermark_robustness,tony_shalhoub_0.png,rotate_15,rotation,{'degrees': 15},True,0.941406,0.59375,3bafbe99,True,False,36.1712,0.909856,14.2488,0.1.0,3bcc6070f94e514764d324e397d61505df92186c,3.12.10,macOS-26.6.2-arm64-arm-64bit,2.5.3,42,cpu,opencv_yunet,landmark,insightface,spectral,dct,0.16,2026-09-13T09:31:58.154024+00:00
watermark_robustness,tony_shalhoub_0.png,rotate_2,rotation,{'degrees': 2},True,1.0,0.3125,3bafbe99,True,False,36.1712,0.909856,23.6982,0.1.0,3bcc6070f94e514764d324e397d61505df92186c,3.12.10,macOS-26.6.2-arm64-arm-64bit,2.5.3,42,cpu,opencv_yunet,landmark,insightface,spectral,dct,0.16,2026-09-13T09:31:58.154024+00:00
watermark_robustness,tony_shalhoub_0.png,rotate_20,rotation,{'degrees': 20},False,0.929036,0.421875,,False,False,36.1712,0.909856,13.2689,0.1.0,3bcc6070f94e514764d324e397d61505df92186c,3.12.10,macOS-26.6.2-arm64-arm-64bit,2.5.3,42,cpu,opencv_yunet,landmark,insightface,spectral,dct,0.16,2026-09-13T09:31:58.154024+00:00
watermark_robustness,tony_shalhoub_0.png,rotate_25,rotation,{'degrees': 25},True,0.903646,0.40625,3bafbe99,True,False,36.1712,0.909856,12.6275,0.1.0,3bcc6070f94e514764d324e397d61505df92186c,3.12.10,macOS-26.6.2-arm64-arm-64bit,2.5.3,42,cpu,opencv_yunet,landmark,insightface,spectral,dct,0.16,2026-09-13T09:31:58.154024+00:00
watermark_robustness,tony_shalhoub_0.png,rotate_30,rotation,{'degrees': 30},False,0.894531,0.484375,,False,False,36.1712,0.909856,12.1847,0.1.0,3bcc6070f94e514764d324e397d61505df92186c,3.12.10,macOS-26.6.2-arm64-arm-64bit,2.5.3,42,cpu,opencv_yunet,landmark,insightface,spectral,dct,0.16,2026-09-13T09:31:58.154024+00:00
watermark_robustness,tony_shalhoub_0.png,rotate_5,rotation,{'degrees': 5},True,1.0,0.484375,3bafbe99,True,False,36.1712,0.909856,19.2133,0.1.0,3bcc6070f94e514764d324e397d61505df92186c,3.12.10,macOS-26.6.2-arm64-arm-64bit,2.5.3,42,cpu,opencv_yunet,landmark,insightface,spectral,dct,0.16,2026-09-13T09:31:58.154024+00:00
watermark_robustness,tony_shalhoub_0.png,rotate_5_crop_10,rotate_crop,"{'degrees': 5, 'ratio': 0.1}",True,1.0,0.46875,3bafbe99,True,False,36.1712,0.909856,12.8246,0.1.0,3bcc6070f94e514764d324e397d61505df92186c,3.12.10,macOS-26.6.2-arm64-arm-64bit,2.5.3,42,cpu,opencv_yunet,landmark,insightface,spectral,dct,0.16,2026-09-13T09:31:58.154024+00:00
watermark_robustness,tony_shalhoub_0.png,rotate_5_crop_20,rotate_crop,"{'degrees': 5, 'ratio': 0.2}",True,1.0,0.484375,3bafbe99,True,False,36.1712,0.909856,9.8074,0.1.0,3bcc6070f94e514764d324e397d61505df92186c,3.12.10,macOS-26.6.2-arm64-arm-64bit,2.5.3,42,cpu,opencv_yunet,landmark,insightface,spectral,dct,0.16,2026-09-13T09:31:58.154024+00:00
watermark_robustness,tony_shalhoub_1.png,rotate_10,rotation,{'degrees': 10},True,0.964193,0.671875,3097c07f,True,False,36.0226,0.900143,12.3898,0.1.0,3bcc6070f94e514764d324e397d61505df92186c,3.12.10,macOS-26.6.2-arm64-arm-64bit,2.5.3,42,cpu,opencv_yunet,landmark,insightface,spectral,dct,0.16,2026-09-13T09:31:58.154024+00:00
watermark_robustness,tony_shalhoub_1.png,rotate_10_crop_10,rotate_crop,"{'degrees': 10, 'ratio': 0.1}",False,0.979167,0.4375,,False,False,36.0226,0.900143,11.5762,0.1.0,3bcc6070f94e514764d324e397d61505df92186c,3.12.10,macOS-26.6.2-arm64-arm-64bit,2.5.3,42,cpu,opencv_yunet,landmark,insightface,spectral,dct,0.16,2026-09-13T09:31:58.154024+00:00
watermark_robustness,tony_shalhoub_1.png,rotate_15,rotation,{'degrees': 15},True,0.940104,0.4375,3097c07f,True,False,36.0226,0.900143,11.5198,0.1.0,3bcc6070f94e514764d324e397d61505df92186c,3.12.10,macOS-26.6.2-arm64-arm-64bit,2.5.3,42,cpu,opencv_yunet,landmark,insightface,spectral,dct,0.16,2026-09-13T09:31:58.154024+00:00
watermark_robustness,tony_shalhoub_1.png,rotate_2,rotation,{'degrees': 2},True,0.998047,0.375,3097c07f,True,False,36.0226,0.900143,19.2977,0.1.0,3bcc6070f94e514764d324e397d61505df92186c,3.12.10,macOS-26.6.2-arm64-arm-64bit,2.5.3,42,cpu,opencv_yunet,landmark,insightface,spectral,dct,0.16,2026-09-13T09:31:58.154024+00:00
watermark_robustness,tony_shalhoub_1.png,rotate_20,rotation,{'degrees': 20},True,0.905599,0.515625,3097c07f,True,False,36.0226,0.900143,10.8127,0.1.0,3bcc6070f94e514764d324e397d61505df92186c,3.12.10,macOS-26.6.2-arm64-arm-64bit,2.5.3,42,cpu,opencv_yunet,landmark,insightface,spectral,dct,0.16,2026-09-13T09:31:58.154024+00:00
watermark_robustness,tony_shalhoub_1.png,rotate_25,rotation,{'degrees': 25},True,0.888672,0.5,3097c07f,True,False,36.0226,0.900143,10.2986,0.1.0,3bcc6070f94e514764d324e397d61505df92186c,3.12.10,macOS-26.6.2-arm64-arm-64bit,2.5.3,42,cpu,opencv_yunet,landmark,insightface,spectral,dct,0.16,2026-09-13T09:31:58.154024+00:00
watermark_robustness,tony_shalhoub_1.png,rotate_30,rotation,{'degrees': 30},True,0.869141,0.515625,3097c07f,True,False,36.0226,0.900143,9.9523,0.1.0,3bcc6070f94e514764d324e397d61505df92186c,3.12.10,macOS-26.6.2-arm64-arm-64bit,2.5.3,42,cpu,opencv_yunet,landmark,insightface,spectral,dct,0.16,2026-09-13T09:31:58.154024+00:00
watermark_robustness,tony_shalhoub_1.png,rotate_5,rotation,{'degrees': 5},True,0.994141,0.46875,3097c07f,True,False,36.0226,0.900143,14.9948,0.1.0,3bcc6070f94e514764d324e397d61505df92186c,3.12.10,macOS-26.6.2-arm64-arm-64bit,2.5.3,42,cpu,opencv_yunet,landmark,insightface,spectral,dct,0.16,2026-09-13T09:31:58.154024+00:00
watermark_robustness,tony_shalhoub_1.png,rotate_5_crop_10,rotate_crop,"{'degrees': 5, 'ratio': 0.1}",True,0.996528,0.53125,3097c07f,True,False,36.0226,0.900143,12.0369,0.1.0,3bcc6070f94e514764d324e397d61505df92186c,3.12.10,macOS-26.6.2-arm64-arm-64bit,2.5.3,42,cpu,opencv_yunet,landmark,insightface,spectral,dct,0.16,2026-09-13T09:31:58.154024+00:00
watermark_robustness,tony_shalhoub_1.png,rotate_5_crop_20,rotate_crop,"{'degrees': 5, 'ratio': 0.2}",True,1.0,0.625,3097c07f,True,False,36.0226,0.900143,11.1327,0.1.0,3bcc6070f94e514764d324e397d61505df92186c,3.12.10,macOS-26.6.2-arm64-arm-64bit,2.5.3,42,cpu,opencv_yunet,landmark,insightface,spectral,dct,0.16,2026-09-13T09:31:58.154024+00:00
watermark_robustness,tony_shalhoub_2.png,rotate_10,rotation,{'degrees': 10},True,0.950521,0.46875,087b8828,True,False,36.1165,0.908415,11.2539,0.1.0,3bcc6070f94e514764d324e397d61505df92186c,3.12.10,macOS-26.6.2-arm64-arm-64bit,2.5.3,42,cpu,opencv_yunet,landmark,insightface,spectral,dct,0.16,2026-09-13T09:31:58.154024+00:00
watermark_robustness,tony_shalhoub_2.png,rotate_10_crop_10,rotate_crop,"{'degrees': 10, 'ratio': 0.1}",True,0.96875,0.484375,087b8828,True,False,36.1165,0.908415,10.042,0.1.0,3bcc6070f94e514764d324e397d61505df92186c,3.12.10,macOS-26.6.2-arm64-arm-64bit,2.5.3,42,cpu,opencv_yunet,landmark,insightface,spectral,dct,0.16,2026-09-13T09:31:58.154024+00:00
watermark_robustness,tony_shalhoub_2.png,rotate_15,rotation,{'degrees': 15},True,0.938151,0.421875,087b8828,True,False,36.1165,0.908415,10.2858,0.1.0,3bcc6070f94e514764d324e397d61505df92186c,3.12.10,macOS-26.6.2-arm64-arm-64bit,2.5.3,42,cpu,opencv_yunet,landmark,insightface,spectral,dct,0.16,2026-09-13T09:31:58.154024+00:00
watermark_robustness,tony_shalhoub_2.png,rotate_2,rotation,{'degrees': 2},True,1.0,0.328125,087b8828,True,False,36.1165,0.908415,18.0326,0.1.0,3bcc6070f94e514764d324e397d61505df92186c,3.12.10,macOS-26.6.2-arm64-arm-64bit,2.5.3,42,cpu,opencv_yunet,landmark,insightface,spectral,dct,0.16,2026-09-13T09:31:58.154024+00:00
watermark_robustness,tony_shalhoub_2.png,rotate_20,rotation,{'degrees': 20},True,0.908203,0.5,087b8828,True,False,36.1165,0.908415,9.7161,0.1.0,3bcc6070f94e514764d324e397d61505df92186c,3.12.10,macOS-26.6.2-arm64-arm-64bit,2.5.3,42,cpu,opencv_yunet,landmark,insightface,spectral,dct,0.16,2026-09-13T09:31:58.154024+00:00
watermark_robustness,tony_shalhoub_2.png,rotate_25,rotation,{'degrees': 25},True,0.88737,0.53125,087b8828,True,False,36.1165,0.908415,9.403,0.1.0,3bcc6070f94e514764d324e397d61505df92186c,3.12.10,macOS-26.6.2-arm64-arm-64bit,2.5.3,42,cpu,opencv_yunet,landmark,insightface,spectral,dct,0.16,2026-09-13T09:31:58.154024+00:00
watermark_robustness,tony_shalhoub_2.png,rotate_30,rotation,{'degrees': 30},True,0.861979,0.5,087b8828,True,False,36.1165,0.908415,9.247,0.1.0,3bcc6070f94e514764d324e397d61505df92186c,3.12.10,macOS-26.6.2-arm64-arm-64bit,2.5.3,42,cpu,opencv_yunet,landmark,insightface,spectral,dct,0.16,2026-09-13T09:31:58.154024+00:00
watermark_robustness,tony_shalhoub_2.png,rotate_5,rotation,{'degrees': 5},True,0.992188,0.546875,087b8828,True,False,36.1165,0.908415,13.5751,0.1.0,3bcc6070f94e514764d324e397d61505df92186c,3.12.10,macOS-26.6.2-arm64-arm-64bit,2.5.3,42,cpu,opencv_yunet,landmark,insightface,spectral,dct,0.16,2026-09-13T09:31:58.154024+00:00
watermark_robustness,tony_shalhoub_2.png,rotate_5_crop_10,rotate_crop,"{'degrees': 5, 'ratio': 0.1}",True,0.989583,0.46875,087b8828,True,False,36.1165,0.908415,10.4083,0.1.0,3bcc6070f94e514764d324e397d61505df92186c,3.12.10,macOS-26.6.2-arm64-arm-64bit,2.5.3,42,cpu,opencv_yunet,landmark,insightface,spectral,dct,0.16,2026-09-13T09:31:58.154024+00:00
watermark_robustness,tony_shalhoub_2.png,rotate_5_crop_20,rotate_crop,"{'degrees': 5, 'ratio': 0.2}",True,1.0,0.40625,087b8828,True,False,36.1165,0.908415,9.3906,0.1.0,3bcc6070f94e514764d324e397d61505df92186c,3.12.10,macOS-26.6.2-arm64-arm-64bit,2.5.3,42,cpu,opencv_yunet,landmark,insightface,spectral,dct,0.16,2026-09-13T09:31:58.154024+00:00
watermark_robustness,tony_shalhoub_3.png,rotate_10,rotation,{'degrees': 10},True,0.95638,0.53125,6106c50d,True,False,35.9993,0.921217,9.5311,0.1.0,3bcc6070f94e514764d324e397d61505df92186c,3.12.10,macOS-26.6.2-arm64-arm-64bit,2.5.3,42,cpu,opencv_yunet,landmark,insightface,spectral,dct,0.16,2026-09-13T09:31:58.154024+00:00
watermark_robustness,tony_shalhoub_3.png,rotate_10_crop_10,rotate_crop,"{'degrees': 10, 'ratio': 0.1}",True,0.975694,0.5625,6106c50d,True,False,35.9993,0.921217,9.2443,0.1.0,3bcc6070f94e514764d324e397d61505df92186c,3.12.10,macOS-26.6.2-arm64-arm-64bit,2.5.3,42,cpu,opencv_yunet,landmark,insightface,spectral,dct,0.16,2026-09-13T09:31:58.154024+00:00
watermark_robustness,tony_shalhoub_3.png,rotate_15,rotation,{'degrees': 15},True,0.925781,0.546875,6106c50d,True,False,35.9993,0.921217,8.5164,0.1.0,3bcc6070f94e514764d324e397d61505df92186c,3.12.10,macOS-26.6.2-arm64-arm-64bit,2.5.3,42,cpu,opencv_yunet,landmark,insightface,spectral,dct,0.16,2026-09-13T09:31:58.154024+00:00
watermark_robustness,tony_shalhoub_3.png,rotate_2,rotation,{'degrees': 2},True,0.996094,0.515625,6106c50d,True,False,35.9993,0.921217,16.2401,0.1.0,3bcc6070f94e514764d324e397d61505df92186c,3.12.10,macOS-26.6.2-arm64-arm-64bit,2.5.3,42,cpu,opencv_yunet,landmark,insightface,spectral,dct,0.16,2026-09-13T09:31:58.154024+00:00
watermark_robustness,tony_shalhoub_3.png,rotate_20,rotation,{'degrees': 20},True,0.892578,0.484375,6106c50d,True,False,35.9993,0.921217,7.9787,0.1.0,3bcc6070f94e514764d324e397d61505df92186c,3.12.10,macOS-26.6.2-arm64-arm-64bit,2.5.3,42,cpu,opencv_yunet,landmark,insightface,spectral,dct,0.16,2026-09-13T09:31:58.154024+00:00
watermark_robustness,tony_shalhoub_3.png,rotate_25,rotation,{'degrees': 25},True,0.878906,0.453125,6106c50d,True,False,35.9993,0.921217,7.4784,0.1.0,3bcc6070f94e514764d324e397d61505df92186c,3.12.10,macOS-26.6.2-arm64-arm-64bit,2.5.3,42,cpu,opencv_yunet,landmark,insightface,spectral,dct,0.16,2026-09-13T09:31:58.154024+00:00
watermark_robustness,tony_shalhoub_3.png,rotate_30,rotation,{'degrees': 30},True,0.870443,0.5,6106c50d,True,False,35.9993,0.921217,7.109,0.1.0,3bcc6070f94e514764d324e397d61505df92186c,3.12.10,macOS-26.6.2-arm64-arm-64bit,2.5.3,42,cpu,opencv_yunet,landmark,insightface,spectral,dct,0.16,2026-09-13T09:31:58.154024+00:00
watermark_robustness,tony_shalhoub_3.png,rotate_5,rotation,{'degrees': 5},True,0.983724,0.53125,6106c50d,True,False,35.9993,0.921217,12.1262,0.1.0,3bcc6070f94e514764d324e397d61505df92186c,3.12.10,macOS-26.6.2-arm64-arm-64bit,2.5.3,42,cpu,opencv_yunet,landmark,insightface,spectral,dct,0.16,2026-09-13T09:31:58.154024+00:00
watermark_robustness,tony_shalhoub_3.png,rotate_5_crop_10,rotate_crop,"{'degrees': 5, 'ratio': 0.1}",True,0.993056,0.5,6106c50d,True,False,35.9993,0.921217,9.7353,0.1.0,3bcc6070f94e514764d324e397d61505df92186c,3.12.10,macOS-26.6.2-arm64-arm-64bit,2.5.3,42,cpu,opencv_yunet,landmark,insightface,spectral,dct,0.16,2026-09-13T09:31:58.154024+00:00
watermark_robustness,tony_shalhoub_3.png,rotate_5_crop_20,rotate_crop,"{'degrees': 5, 'ratio': 0.2}",True,0.994792,0.46875,6106c50d,True,False,35.9993,0.921217,8.2102,0.1.0,3bcc6070f94e514764d324e397d61505df92186c,3.12.10,macOS-26.6.2-arm64-arm-64bit,2.5.3,42,cpu,opencv_yunet,landmark,insightface,spectral,dct,0.16,2026-09-13T09:31:58.154024+00:00
watermark_robustness,vincent_brooks_0.png,rotate_10,rotation,{'degrees': 10},True,0.967448,0.484375,c7dc630d,True,False,36.02,0.883559,13.9549,0.1.0,3bcc6070f94e514764d324e397d61505df92186c,3.12.10,macOS-26.6.2-arm64-arm-64bit,2.5.3,42,cpu,opencv_yunet,landmark,insightface,spectral,dct,0.16,2026-09-13T09:31:58.154024+00:00
watermark_robustness,vincent_brooks_0.png,rotate_10_crop_10,rotate_crop,"{'degrees': 10, 'ratio': 0.1}",True,0.989583,0.53125,c7dc630d,True,False,36.02,0.883559,13.9541,0.1.0,3bcc6070f94e514764d324e397d61505df92186c,3.12.10,macOS-26.6.2-arm64-arm-64bit,2.5.3,42,cpu,opencv_yunet,landmark,insightface,spectral,dct,0.16,2026-09-13T09:31:58.154024+00:00
watermark_robustness,vincent_brooks_0.png,rotate_15,rotation,{'degrees': 15},True,0.944661,0.53125,c7dc630d,True,False,36.02,0.883559,12.7486,0.1.0,3bcc6070f94e514764d324e397d61505df92186c,3.12.10,macOS-26.6.2-arm64-arm-64bit,2.5.3,42,cpu,opencv_yunet,landmark,insightface,spectral,dct,0.16,2026-09-13T09:31:58.154024+00:00
watermark_robustness,vincent_brooks_0.png,rotate_2,rotation,{'degrees': 2},True,1.0,0.46875,c7dc630d,True,False,36.02,0.883559,20.9661,0.1.0,3bcc6070f94e514764d324e397d61505df92186c,3.12.10,macOS-26.6.2-arm64-arm-64bit,2.5.3,42,cpu,opencv_yunet,landmark,insightface,spectral,dct,0.16,2026-09-13T09:31:58.154024+00:00
watermark_robustness,vincent_brooks_0.png,rotate_20,rotation,{'degrees': 20},True,0.924479,0.515625,c7dc630d,True,False,36.02,0.883559,12.085,0.1.0,3bcc6070f94e514764d324e397d61505df92186c,3.12.10,macOS-26.6.2-arm64-arm-64bit,2.5.3,42,cpu,opencv_yunet,landmark,insightface,spectral,dct,0.16,2026-09-13T09:31:58.154024+00:00
watermark_robustness,vincent_brooks_0.png,rotate_25,rotation,{'degrees': 25},True,0.900391,0.453125,c7dc630d,True,False,36.02,0.883559,11.5856,0.1.0,3bcc6070f94e514764d324e397d61505df92186c,3.12.10,macOS-26.6.2-arm64-arm-64bit,2.5.3,42,cpu,opencv_yunet,landmark,insightface,spectral,dct,0.16,2026-09-13T09:31:58.154024+00:00
watermark_robustness,vincent_brooks_0.png,rotate_30,rotation,{'degrees': 30},True,0.882161,0.5,c7dc630d,True,False,36.02,0.883559,11.2764,0.1.0,3bcc6070f94e514764d324e397d61505df92186c,3.12.10,macOS-26.6.2-arm64-arm-64bit,2.5.3,42,cpu,opencv_yunet,landmark,insightface,spectral,dct,0.16,2026-09-13T09:31:58.154024+00:00
watermark_robustness,vincent_brooks_0.png,rotate_5,rotation,{'degrees': 5},True,0.996094,0.53125,c7dc630d,True,False,36.02,0.883559,16.4928,0.1.0,3bcc6070f94e514764d324e397d61505df92186c,3.12.10,macOS-26.6.2-arm64-arm-64bit,2.5.3,42,cpu,opencv_yunet,landmark,insightface,spectral,dct,0.16,2026-09-13T09:31:58.154024+00:00
watermark_robustness,vincent_brooks_0.png,rotate_5_crop_10,rotate_crop,"{'degrees': 5, 'ratio': 0.1}",True,0.996528,0.53125,c7dc630d,True,False,36.02,0.883559,14.8693,0.1.0,3bcc6070f94e514764d324e397d61505df92186c,3.12.10,macOS-26.6.2-arm64-arm-64bit,2.5.3,42,cpu,opencv_yunet,landmark,insightface,spectral,dct,0.16,2026-09-13T09:31:58.154024+00:00
watermark_robustness,vincent_brooks_0.png,rotate_5_crop_20,rotate_crop,"{'degrees': 5, 'ratio': 0.2}",True,1.0,0.4375,c7dc630d,True,False,36.02,0.883559,12.4285,0.1.0,3bcc6070f94e514764d324e397d61505df92186c,3.12.10,macOS-26.6.2-arm64-arm-64bit,2.5.3,42,cpu,opencv_yunet,landmark,insightface,spectral,dct,0.16,2026-09-13T09:31:58.154024+00:00
watermark_robustness,vincent_brooks_1.png,rotate_10,rotation,{'degrees': 10},True,0.964193,0.53125,be1d03fb,True,False,35.9449,0.904849,13.0276,0.1.0,3bcc6070f94e514764d324e397d61505df92186c,3.12.10,macOS-26.6.2-arm64-arm-64bit,2.5.3,42,cpu,opencv_yunet,landmark,insightface,spectral,dct,0.16,2026-09-13T09:31:58.154024+00:00
watermark_robustness,vincent_brooks_1.png,rotate_10_crop_10,rotate_crop,"{'degrees': 10, 'ratio': 0.1}",True,0.972222,0.4375,be1d03fb,True,False,35.9449,0.904849,13.0418,0.1.0,3bcc6070f94e514764d324e397d61505df92186c,3.12.10,macOS-26.6.2-arm64-arm-64bit,2.5.3,42,cpu,opencv_yunet,landmark,insightface,spectral,dct,0.16,2026-09-13T09:31:58.154024+00:00
watermark_robustness,vincent_brooks_1.png,rotate_15,rotation,{'degrees': 15},True,0.9375,0.46875,be1d03fb,True,False,35.9449,0.904849,12.0308,0.1.0,3bcc6070f94e514764d324e397d61505df92186c,3.12.10,macOS-26.6.2-arm64-arm-64bit,2.5.3,42,cpu,opencv_yunet,landmark,insightface,spectral,dct,0.16,2026-09-13T09:31:58.154024+00:00
watermark_robustness,vincent_brooks_1.png,rotate_2,rotation,{'degrees': 2},True,1.0,0.46875,be1d03fb,True,False,35.9449,0.904849,18.5176,0.1.0,3bcc6070f94e514764d324e397d61505df92186c,3.12.10,macOS-26.6.2-arm64-arm-64bit,2.5.3,42,cpu,opencv_yunet,landmark,insightface,spectral,dct,0.16,2026-09-13T09:31:58.154024+00:00
watermark_robustness,vincent_brooks_1.png,rotate_20,rotation,{'degrees': 20},True,0.929036,0.390625,be1d03fb,True,False,35.9449,0.904849,11.3666,0.1.0,3bcc6070f94e514764d324e397d61505df92186c,3.12.10,macOS-26.6.2-arm64-arm-64bit,2.5.3,42,cpu,opencv_yunet,landmark,insightface,spectral,dct,0.16,2026-09-13T09:31:58.154024+00:00
watermark_robustness,vincent_brooks_1.png,rotate_25,rotation,{'degrees': 25},True,0.896484,0.40625,be1d03fb,True,False,35.9449,0.904849,10.9135,0.1.0,3bcc6070f94e514764d324e397d61505df92186c,3.12.10,macOS-26.6.2-arm64-arm-64bit,2.5.3,42,cpu,opencv_yunet,landmark,insightface,spectral,dct,0.16,2026-09-13T09:31:58.154024+00:00
watermark_robustness,vincent_brooks_1.png,rotate_30,rotation,{'degrees': 30},True,0.888021,0.375,be1d03fb,True,False,35.9449,0.904849,10.5882,0.1.0,3bcc6070f94e514764d324e397d61505df92186c,3.12.10,macOS-26.6.2-arm64-arm-64bit,2.5.3,42,cpu,opencv_yunet,landmark,insightface,spectral,dct,0.16,2026-09-13T09:31:58.154024+00:00
watermark_robustness,vincent_brooks_1.png,rotate_5,rotation,{'degrees': 5},True,0.989583,0.546875,be1d03fb,True,False,35.9449,0.904849,15.0963,0.1.0,3bcc6070f94e514764d324e397d61505df92186c,3.12.10,macOS-26.6.2-arm64-arm-64bit,2.5.3,42,cpu,opencv_yunet,landmark,insightface,spectral,dct,0.16,2026-09-13T09:31:58.154024+00:00
watermark_robustness,vincent_brooks_1.png,rotate_5_crop_10,rotate_crop,"{'degrees': 5, 'ratio': 0.1}",True,0.996528,0.578125,be1d03fb,True,False,35.9449,0.904849,13.7373,0.1.0,3bcc6070f94e514764d324e397d61505df92186c,3.12.10,macOS-26.6.2-arm64-arm-64bit,2.5.3,42,cpu,opencv_yunet,landmark,insightface,spectral,dct,0.16,2026-09-13T09:31:58.154024+00:00
watermark_robustness,vincent_brooks_1.png,rotate_5_crop_20,rotate_crop,"{'degrees': 5, 'ratio': 0.2}",True,1.0,0.390625,be1d03fb,True,False,35.9449,0.904849,11.111,0.1.0,3bcc6070f94e514764d324e397d61505df92186c,3.12.10,macOS-26.6.2-arm64-arm-64bit,2.5.3,42,cpu,opencv_yunet,landmark,insightface,spectral,dct,0.16,2026-09-13T09:31:58.154024+00:00
watermark_robustness,vincent_brooks_2.png,rotate_10,rotation,{'degrees': 10},False,0.960286,0.46875,,False,False,36.3392,0.910076,13.7273,0.1.0,3bcc6070f94e514764d324e397d61505df92186c,3.12.10,macOS-26.6.2-arm64-arm-64bit,2.5.3,42,cpu,opencv_yunet,landmark,insightface,spectral,dct,0.16,2026-09-13T09:31:58.154024+00:00
watermark_robustness,vincent_brooks_2.png,rotate_10_crop_10,rotate_crop,"{'degrees': 10, 'ratio': 0.1}",True,0.972222,0.453125,f8d137c0,True,False,36.3392,0.910076,12.1859,0.1.0,3bcc6070f94e514764d324e397d61505df92186c,3.12.10,macOS-26.6.2-arm64-arm-64bit,2.5.3,42,cpu,opencv_yunet,landmark,insightface,spectral,dct,0.16,2026-09-13T09:31:58.154024+00:00
watermark_robustness,vincent_brooks_2.png,rotate_15,rotation,{'degrees': 15},True,0.934245,0.46875,f8d137c0,True,False,36.3392,0.910076,12.7199,0.1.0,3bcc6070f94e514764d324e397d61505df92186c,3.12.10,macOS-26.6.2-arm64-arm-64bit,2.5.3,42,cpu,opencv_yunet,landmark,insightface,spectral,dct,0.16,2026-09-13T09:31:58.154024+00:00
watermark_robustness,vincent_brooks_2.png,rotate_2,rotation,{'degrees': 2},True,1.0,0.375,f8d137c0,True,False,36.3392,0.910076,20.1632,0.1.0,3bcc6070f94e514764d324e397d61505df92186c,3.12.10,macOS-26.6.2-arm64-arm-64bit,2.5.3,42,cpu,opencv_yunet,landmark,insightface,spectral,dct,0.16,2026-09-13T09:31:58.154024+00:00
watermark_robustness,vincent_brooks_2.png,rotate_20,rotation,{'degrees': 20},False,0.929036,0.515625,,False,False,36.3392,0.910076,12.3046,0.1.0,3bcc6070f94e514764d324e397d61505df92186c,3.12.10,macOS-26.6.2-arm64-arm-64bit,2.5.3,42,cpu,opencv_yunet,landmark,insightface,spectral,dct,0.16,2026-09-13T09:31:58.154024+00:00
watermark_robustness,vincent_brooks_2.png,rotate_25,rotation,{'degrees': 25},False,0.897135,0.515625,,False,False,36.3392,0.910076,12.0425,0.1.0,3bcc6070f94e514764d324e397d61505df92186c,3.12.10,macOS-26.6.2-arm64-arm-64bit,2.5.3,42,cpu,opencv_yunet,landmark,insightface,spectral,dct,0.16,2026-09-13T09:31:58.154024+00:00
watermark_robustness,vincent_brooks_2.png,rotate_30,rotation,{'degrees': 30},True,0.871094,0.5,f8d137c0,True,False,36.3392,0.910076,11.7076,0.1.0,3bcc6070f94e514764d324e397d61505df92186c,3.12.10,macOS-26.6.2-arm64-arm-64bit,2.5.3,42,cpu,opencv_yunet,landmark,insightface,spectral,dct,0.16,2026-09-13T09:31:58.154024+00:00
watermark_robustness,vincent_brooks_2.png,rotate_5,rotation,{'degrees': 5},True,0.986328,0.390625,f8d137c0,True,False,36.3392,0.910076,15.9989,0.1.0,3bcc6070f94e514764d324e397d61505df92186c,3.12.10,macOS-26.6.2-arm64-arm-64bit,2.5.3,42,cpu,opencv_yunet,landmark,insightface,spectral,dct,0.16,2026-09-13T09:31:58.154024+00:00
watermark_robustness,vincent_brooks_2.png,rotate_5_crop_10,rotate_crop,"{'degrees': 5, 'ratio': 0.1}",True,0.996528,0.375,f8d137c0,True,False,36.3392,0.910076,12.0989,0.1.0,3bcc6070f94e514764d324e397d61505df92186c,3.12.10,macOS-26.6.2-arm64-arm-64bit,2.5.3,42,cpu,opencv_yunet,landmark,insightface,spectral,dct,0.16,2026-09-13T09:31:58.154024+00:00
watermark_robustness,vincent_brooks_2.png,rotate_5_crop_20,rotate_crop,"{'degrees': 5, 'ratio': 0.2}",True,0.996528,0.375,f8d137c0,True,False,36.3392,0.910076,11.0254,0.1.0,3bcc6070f94e514764d324e397d61505df92186c,3.12.10,macOS-26.6.2-arm64-arm-64bit,2.5.3,42,cpu,opencv_yunet,landmark,insightface,spectral,dct,0.16,2026-09-13T09:31:58.154024+00:00
watermark_robustness,vincent_brooks_3.png,rotate_10,rotation,{'degrees': 10},True,0.961589,0.5,ed97ca69,True,False,35.8425,0.930574,12.7124,0.1.0,3bcc6070f94e514764d324e397d61505df92186c,3.12.10,macOS-26.6.2-arm64-arm-64bit,2.5.3,42,cpu,opencv_yunet,landmark,insightface,spectral,dct,0.16,2026-09-13T09:31:58.154024+00:00
watermark_robustness,vincent_brooks_3.png,rotate_10_crop_10,rotate_crop,"{'degrees': 10, 'ratio': 0.1}",True,0.958333,0.46875,ed97ca69,True,False,35.8425,0.930574,13.2024,0.1.0,3bcc6070f94e514764d324e397d61505df92186c,3.12.10,macOS-26.6.2-arm64-arm-64bit,2.5.3,42,cpu,opencv_yunet,landmark,insightface,spectral,dct,0.16,2026-09-13T09:31:58.154024+00:00
watermark_robustness,vincent_brooks_3.png,rotate_15,rotation,{'degrees': 15},True,0.928385,0.390625,ed97ca69,True,False,35.8425,0.930574,11.8273,0.1.0,3bcc6070f94e514764d324e397d61505df92186c,3.12.10,macOS-26.6.2-arm64-arm-64bit,2.5.3,42,cpu,opencv_yunet,landmark,insightface,spectral,dct,0.16,2026-09-13T09:31:58.154024+00:00
watermark_robustness,vincent_brooks_3.png,rotate_2,rotation,{'degrees': 2},True,0.998047,0.390625,ed97ca69,True,False,35.8425,0.930574,18.821,0.1.0,3bcc6070f94e514764d324e397d61505df92186c,3.12.10,macOS-26.6.2-arm64-arm-64bit,2.5.3,42,cpu,opencv_yunet,landmark,insightface,spectral,dct,0.16,2026-09-13T09:31:58.154024+00:00
watermark_robustness,vincent_brooks_3.png,rotate_20,rotation,{'degrees': 20},True,0.905599,0.578125,ed97ca69,True,False,35.8425,0.930574,11.2926,0.1.0,3bcc6070f94e514764d324e397d61505df92186c,3.12.10,macOS-26.6.2-arm64-arm-64bit,2.5.3,42,cpu,opencv_yunet,landmark,insightface,spectral,dct,0.16,2026-09-13T09:31:58.154024+00:00
watermark_robustness,vincent_brooks_3.png,rotate_25,rotation,{'degrees': 25},False,0.895182,0.5625,,False,False,35.8425,0.930574,10.9685,0.1.0,3bcc6070f94e514764d324e397d61505df92186c,3.12.10,macOS-26.6.2-arm64-arm-64bit,2.5.3,42,cpu,opencv_yunet,landmark,insightface,spectral,dct,0.16,2026-09-13T09:31:58.154024+00:00
watermark_robustness,vincent_brooks_3.png,rotate_30,rotation,{'degrees': 30},False,0.88151,0.40625,,False,False,35.8425,0.930574,10.7793,0.1.0,3bcc6070f94e514764d324e397d61505df92186c,3.12.10,macOS-26.6.2-arm64-arm-64bit,2.5.3,42,cpu,opencv_yunet,landmark,insightface,spectral,dct,0.16,2026-09-13T09:31:58.154024+00:00
watermark_robustness,vincent_brooks_3.png,rotate_5,rotation,{'degrees': 5},True,0.98763,0.3125,ed97ca69,True,False,35.8425,0.930574,14.5158,0.1.0,3bcc6070f94e514764d324e397d61505df92186c,3.12.10,macOS-26.6.2-arm64-arm-64bit,2.5.3,42,cpu,opencv_yunet,landmark,insightface,spectral,dct,0.16,2026-09-13T09:31:58.154024+00:00
watermark_robustness,vincent_brooks_3.png,rotate_5_crop_10,rotate_crop,"{'degrees': 5, 'ratio': 0.1}",True,0.989583,0.5,ed97ca69,True,False,35.8425,0.930574,13.7279,0.1.0,3bcc6070f94e514764d324e397d61505df92186c,3.12.10,macOS-26.6.2-arm64-arm-64bit,2.5.3,42,cpu,opencv_yunet,landmark,insightface,spectral,dct,0.16,2026-09-13T09:31:58.154024+00:00
watermark_robustness,vincent_brooks_3.png,rotate_5_crop_20,rotate_crop,"{'degrees': 5, 'ratio': 0.2}",True,1.0,0.4375,ed97ca69,True,False,35.8425,0.930574,12.1909,0.1.0,3bcc6070f94e514764d324e397d61505df92186c,3.12.10,macOS-26.6.2-arm64-arm-64bit,2.5.3,42,cpu,opencv_yunet,landmark,insightface,spectral,dct,0.16,2026-09-13T09:31:58.154024+00:00
watermark_robustness,vincent_brooks_4.png,rotate_10,rotation,{'degrees': 10},True,0.962891,0.4375,e4a278ff,True,False,36.0057,0.914439,12.2334,0.1.0,3bcc6070f94e514764d324e397d61505df92186c,3.12.10,macOS-26.6.2-arm64-arm-64bit,2.5.3,42,cpu,opencv_yunet,landmark,insightface,spectral,dct,0.16,2026-09-13T09:31:58.154024+00:00
watermark_robustness,vincent_brooks_4.png,rotate_10_crop_10,rotate_crop,"{'degrees': 10, 'ratio': 0.1}",False,0.975694,0.453125,,False,False,36.0057,0.914439,11.6806,0.1.0,3bcc6070f94e514764d324e397d61505df92186c,3.12.10,macOS-26.6.2-arm64-arm-64bit,2.5.3,42,cpu,opencv_yunet,landmark,insightface,spectral,dct,0.16,2026-09-13T09:31:58.154024+00:00
watermark_robustness,vincent_brooks_4.png,rotate_15,rotation,{'degrees': 15},True,0.935547,0.390625,e4a278ff,True,False,36.0057,0.914439,11.2615,0.1.0,3bcc6070f94e514764d324e397d61505df92186c,3.12.10,macOS-26.6.2-arm64-arm-64bit,2.5.3,42,cpu,opencv_yunet,landmark,insightface,spectral,dct,0.16,2026-09-13T09:31:58.154024+00:00
watermark_robustness,vincent_brooks_4.png,rotate_2,rotation,{'degrees': 2},True,1.0,0.46875,e4a278ff,True,False,36.0057,0.914439,18.3411,0.1.0,3bcc6070f94e514764d324e397d61505df92186c,3.12.10,macOS-26.6.2-arm64-arm-64bit,2.5.3,42,cpu,opencv_yunet,landmark,insightface,spectral,dct,0.16,2026-09-13T09:31:58.154024+00:00
watermark_robustness,vincent_brooks_4.png,rotate_20,rotation,{'degrees': 20},True,0.916667,0.46875,e4a278ff,True,False,36.0057,0.914439,10.7689,0.1.0,3bcc6070f94e514764d324e397d61505df92186c,3.12.10,macOS-26.6.2-arm64-arm-64bit,2.5.3,42,cpu,opencv_yunet,landmark,insightface,spectral,dct,0.16,2026-09-13T09:31:58.154024+00:00
watermark_robustness,vincent_brooks_4.png,rotate_25,rotation,{'degrees': 25},True,0.889323,0.484375,e4a278ff,True,False,36.0057,0.914439,10.3211,0.1.0,3bcc6070f94e514764d324e397d61505df92186c,3.12.10,macOS-26.6.2-arm64-arm-64bit,2.5.3,42,cpu,opencv_yunet,landmark,insightface,spectral,dct,0.16,2026-09-13T09:31:58.154024+00:00
watermark_robustness,vincent_brooks_4.png,rotate_30,rotation,{'degrees': 30},True,0.877604,0.5625,e4a278ff,True,False,36.0057,0.914439,10.1085,0.1.0,3bcc6070f94e514764d324e397d61505df92186c,3.12.10,macOS-26.6.2-arm64-arm-64bit,2.5.3,42,cpu,opencv_yunet,landmark,insightface,spectral,dct,0.16,2026-09-13T09:31:58.154024+00:00
watermark_robustness,vincent_brooks_4.png,rotate_5,rotation,{'degrees': 5},True,0.988281,0.609375,e4a278ff,True,False,36.0057,0.914439,14.2962,0.1.0,3bcc6070f94e514764d324e397d61505df92186c,3.12.10,macOS-26.6.2-arm64-arm-64bit,2.5.3,42,cpu,opencv_yunet,landmark,insightface,spectral,dct,0.16,2026-09-13T09:31:58.154024+00:00
watermark_robustness,vincent_brooks_4.png,rotate_5_crop_10,rotate_crop,"{'degrees': 5, 'ratio': 0.1}",True,1.0,0.578125,e4a278ff,True,False,36.0057,0.914439,12.378,0.1.0,3bcc6070f94e514764d324e397d61505df92186c,3.12.10,macOS-26.6.2-arm64-arm-64bit,2.5.3,42,cpu,opencv_yunet,landmark,insightface,spectral,dct,0.16,2026-09-13T09:31:58.154024+00:00
watermark_robustness,vincent_brooks_4.png,rotate_5_crop_20,rotate_crop,"{'degrees': 5, 'ratio': 0.2}",True,1.0,0.5,e4a278ff,True,False,36.0057,0.914439,10.7402,0.1.0,3bcc6070f94e514764d324e397d61505df92186c,3.12.10,macOS-26.6.2-arm64-arm-64bit,2.5.3,42,cpu,opencv_yunet,landmark,insightface,spectral,dct,0.16,2026-09-13T09:31:58.154024+00:00
watermark_robustness,vincent_brooks_5.png,rotate_10,rotation,{'degrees': 10},True,0.970703,0.484375,a2b9087c,True,False,35.8768,0.928869,13.5572,0.1.0,3bcc6070f94e514764d324e397d61505df92186c,3.12.10,macOS-26.6.2-arm64-arm-64bit,2.5.3,42,cpu,opencv_yunet,landmark,insightface,spectral,dct,0.16,2026-09-13T09:31:58.154024+00:00
watermark_robustness,vincent_brooks_5.png,rotate_10_crop_10,rotate_crop,"{'degrees': 10, 'ratio': 0.1}",True,0.954861,0.515625,a2b9087c,True,False,35.8768,0.928869,12.1888,0.1.0,3bcc6070f94e514764d324e397d61505df92186c,3.12.10,macOS-26.6.2-arm64-arm-64bit,2.5.3,42,cpu,opencv_yunet,landmark,insightface,spectral,dct,0.16,2026-09-13T09:31:58.154024+00:00
watermark_robustness,vincent_brooks_5.png,rotate_15,rotation,{'degrees': 15},True,0.935547,0.53125,a2b9087c,True,False,35.8768,0.928869,12.5874,0.1.0,3bcc6070f94e514764d324e397d61505df92186c,3.12.10,macOS-26.6.2-arm64-arm-64bit,2.5.3,42,cpu,opencv_yunet,landmark,insightface,spectral,dct,0.16,2026-09-13T09:31:58.154024+00:00
watermark_robustness,vincent_brooks_5.png,rotate_2,rotation,{'degrees': 2},True,1.0,0.421875,a2b9087c,True,False,35.8768,0.928869,18.713,0.1.0,3bcc6070f94e514764d324e397d61505df92186c,3.12.10,macOS-26.6.2-arm64-arm-64bit,2.5.3,42,cpu,opencv_yunet,landmark,insightface,spectral,dct,0.16,2026-09-13T09:31:58.154024+00:00
watermark_robustness,vincent_brooks_5.png,rotate_20,rotation,{'degrees': 20},True,0.910807,0.484375,a2b9087c,True,False,35.8768,0.928869,11.938,0.1.0,3bcc6070f94e514764d324e397d61505df92186c,3.12.10,macOS-26.6.2-arm64-arm-64bit,2.5.3,42,cpu,opencv_yunet,landmark,insightface,spectral,dct,0.16,2026-09-13T09:31:58.154024+00:00
watermark_robustness,vincent_brooks_5.png,rotate_25,rotation,{'degrees': 25},True,0.91276,0.546875,a2b9087c,True,False,35.8768,0.928869,11.5291,0.1.0,3bcc6070f94e514764d324e397d61505df92186c,3.12.10,macOS-26.6.2-arm64-arm-64bit,2.5.3,42,cpu,opencv_yunet,landmark,insightface,spectral,dct,0.16,2026-09-13T09:31:58.154024+00:00
watermark_robustness,vincent_brooks_5.png,rotate_30,rotation,{'degrees': 30},True,0.88151,0.484375,a2b9087c,True,False,35.8768,0.928869,11.2979,0.1.0,3bcc6070f94e514764d324e397d61505df92186c,3.12.10,macOS-26.6.2-arm64-arm-64bit,2.5.3,42,cpu,opencv_yunet,landmark,insightface,spectral,dct,0.16,2026-09-13T09:31:58.154024+00:00
watermark_robustness,vincent_brooks_5.png,rotate_5,rotation,{'degrees': 5},True,0.991536,0.453125,a2b9087c,True,False,35.8768,0.928869,15.6014,0.1.0,3bcc6070f94e514764d324e397d61505df92186c,3.12.10,macOS-26.6.2-arm64-arm-64bit,2.5.3,42,cpu,opencv_yunet,landmark,insightface,spectral,dct,0.16,2026-09-13T09:31:58.154024+00:00
watermark_robustness,vincent_brooks_5.png,rotate_5_crop_10,rotate_crop,"{'degrees': 5, 'ratio': 0.1}",True,1.0,0.5,a2b9087c,True,False,35.8768,0.928869,12.5211,0.1.0,3bcc6070f94e514764d324e397d61505df92186c,3.12.10,macOS-26.6.2-arm64-arm-64bit,2.5.3,42,cpu,opencv_yunet,landmark,insightface,spectral,dct,0.16,2026-09-13T09:31:58.154024+00:00
watermark_robustness,vincent_brooks_5.png,rotate_5_crop_20,rotate_crop,"{'degrees': 5, 'ratio': 0.2}",True,1.0,0.515625,a2b9087c,True,False,35.8768,0.928869,11.5581,0.1.0,3bcc6070f94e514764d324e397d61505df92186c,3.12.10,macOS-26.6.2-arm64-arm-64bit,2.5.3,42,cpu,opencv_yunet,landmark,insightface,spectral,dct,0.16,2026-09-13T09:31:58.154024+00:00
watermark_robustness,vincent_brooks_6.png,rotate_10,rotation,{'degrees': 10},True,0.959635,0.515625,eff3a215,True,False,36.1881,0.901081,13.5771,0.1.0,3bcc6070f94e514764d324e397d61505df92186c,3.12.10,macOS-26.6.2-arm64-arm-64bit,2.5.3,42,cpu,opencv_yunet,landmark,insightface,spectral,dct,0.16,2026-09-13T09:31:58.154024+00:00
watermark_robustness,vincent_brooks_6.png,rotate_10_crop_10,rotate_crop,"{'degrees': 10, 'ratio': 0.1}",True,0.972222,0.484375,eff3a215,True,False,36.1881,0.901081,13.5629,0.1.0,3bcc6070f94e514764d324e397d61505df92186c,3.12.10,macOS-26.6.2-arm64-arm-64bit,2.5.3,42,cpu,opencv_yunet,landmark,insightface,spectral,dct,0.16,2026-09-13T09:31:58.154024+00:00
watermark_robustness,vincent_brooks_6.png,rotate_15,rotation,{'degrees': 15},False,0.955729,0.328125,,False,False,36.1881,0.901081,12.4048,0.1.0,3bcc6070f94e514764d324e397d61505df92186c,3.12.10,macOS-26.6.2-arm64-arm-64bit,2.5.3,42,cpu,opencv_yunet,landmark,insightface,spectral,dct,0.16,2026-09-13T09:31:58.154024+00:00
watermark_robustness,vincent_brooks_6.png,rotate_2,rotation,{'degrees': 2},True,1.0,0.421875,eff3a215,True,False,36.1881,0.901081,19.3755,0.1.0,3bcc6070f94e514764d324e397d61505df92186c,3.12.10,macOS-26.6.2-arm64-arm-64bit,2.5.3,42,cpu,opencv_yunet,landmark,insightface,spectral,dct,0.16,2026-09-13T09:31:58.154024+00:00
watermark_robustness,vincent_brooks_6.png,rotate_20,rotation,{'degrees': 20},False,0.923177,0.296875,,False,False,36.1881,0.901081,11.7606,0.1.0,3bcc6070f94e514764d324e397d61505df92186c,3.12.10,macOS-26.6.2-arm64-arm-64bit,2.5.3,42,cpu,opencv_yunet,landmark,insightface,spectral,dct,0.16,2026-09-13T09:31:58.154024+00:00
watermark_robustness,vincent_brooks_6.png,rotate_25,rotation,{'degrees': 25},False,0.898438,0.375,,False,False,36.1881,0.901081,11.299,0.1.0,3bcc6070f94e514764d324e397d61505df92186c,3.12.10,macOS-26.6.2-arm64-arm-64bit,2.5.3,42,cpu,opencv_yunet,landmark,insightface,spectral,dct,0.16,2026-09-13T09:31:58.154024+00:00
watermark_robustness,vincent_brooks_6.png,rotate_30,rotation,{'degrees': 30},False,0.880208,0.375,,False,False,36.1881,0.901081,11.01,0.1.0,3bcc6070f94e514764d324e397d61505df92186c,3.12.10,macOS-26.6.2-arm64-arm-64bit,2.5.3,42,cpu,opencv_yunet,landmark,insightface,spectral,dct,0.16,2026-09-13T09:31:58.154024+00:00
watermark_robustness,vincent_brooks_6.png,rotate_5,rotation,{'degrees': 5},True,0.990234,0.390625,eff3a215,True,False,36.1881,0.901081,15.7947,0.1.0,3bcc6070f94e514764d324e397d61505df92186c,3.12.10,macOS-26.6.2-arm64-arm-64bit,2.5.3,42,cpu,opencv_yunet,landmark,insightface,spectral,dct,0.16,2026-09-13T09:31:58.154024+00:00
watermark_robustness,vincent_brooks_6.png,rotate_5_crop_10,rotate_crop,"{'degrees': 5, 'ratio': 0.1}",True,0.993056,0.515625,eff3a215,True,False,36.1881,0.901081,14.0638,0.1.0,3bcc6070f94e514764d324e397d61505df92186c,3.12.10,macOS-26.6.2-arm64-arm-64bit,2.5.3,42,cpu,opencv_yunet,landmark,insightface,spectral,dct,0.16,2026-09-13T09:31:58.154024+00:00
watermark_robustness,vincent_brooks_6.png,rotate_5_crop_20,rotate_crop,"{'degrees': 5, 'ratio': 0.2}",True,0.996528,0.453125,eff3a215,True,False,36.1881,0.901081,11.9476,0.1.0,3bcc6070f94e514764d324e397d61505df92186c,3.12.10,macOS-26.6.2-arm64-arm-64bit,2.5.3,42,cpu,opencv_yunet,landmark,insightface,spectral,dct,0.16,2026-09-13T09:31:58.154024+00:00
